{"metadata":{"asset_id":"a811cec5-46ad-48c1-9cbc-12db130b74c0","asset_attributes":["data_asset"],"name":"plan_provider_address_par","asset_type":"data_asset","created_at":"2023-01-10T12:20:29Z","origin_country":"us","owner_id":"1000330999","project_id":"a737600d-b712-4364-822c-1a069ac8f6ee","size":0,"tags":["dbo"],"usage":{"last_update_time":1673353230010,"last_updated_at":"2023-01-10T12:20:30Z"}},"entity":{"data_asset":{"mime_type":"application/x-ibm-rel-table","dataset":true,"columns":[{"name":"provider_address_par_id","type":{"length":10,"nullable":false,"type":"integer","scale":0,"signed":true}},{"name":"orig_provider_par_id","type":{"length":255,"nullable":false,"type":"varchar","scale":0,"signed":false}},{"name":"provider_address_id","type":{"length":10,"nullable":false,"type":"integer","scale":0,"signed":true}},{"name":"orig_provider_address_id","type":{"length":255,"nullable":false,"type":"varchar","scale":0,"signed":false}},{"name":"provider_id","type":{"length":10,"nullable":false,"type":"integer","scale":0,"signed":true}},{"name":"orig_provider_id","type":{"length":255,"nullable":false,"type":"varchar","scale":0,"signed":false}},{"name":"participation_flag","type":{"length":1,"nullable":true,"type":"varchar","scale":0,"signed":false}},{"name":"eff_dt","type":{"length":10,"nullable":true,"type":"date","scale":0,"signed":false}},{"name":"term_dt","type":{"length":10,"nullable":true,"type":"date","scale":0,"signed":false}},{"name":"term_reason","type":{"length":15,"nullable":true,"type":"varchar","scale":0,"signed":false}},{"name":"inactive_ind","type":{"length":1,"nullable":true,"type":"varchar","scale":0,"signed":false}},{"name":"source_id","type":{"length":10,"nullable":false,"type":"integer","scale":0,"signed":true}},{"name":"orig_source_id","type":{"length":255,"nullable":false,"type":"varchar","scale":0,"signed":false}}]}},"attachments":[{"id":"1d1f181f-8601-47ad-a10c-e129acb576fd","version":2,"asset_type":"data_asset","name":"reference_data","connection_id":"6d3640e3-94a0-4b3a-b291-8a2532b022d1","connection_path":"/dbo/plan_provider_address_par","datasource_type":"48695e79-6279-474a-b539-342625d3dfc2","creator_id":"icp4d-dev","create_time":1673353229609,"size":0,"is_remote":true,"is_managed":false,"is_referenced":false,"is_object_key_read_only":false,"is_user_provided_path_key":true,"transfer_complete":true,"is_partitioned":false,"complete_time_ticks":1673353229609,"user_data":{},"test_doc":0,"usage":{"access_count":0,"last_accessor_id":"icp4d-dev","last_access_time":1673353229609}}]}