{"metadata":{"asset_id":"d8b8aad1-d0ef-410d-a504-67932f39d818","asset_attributes":["data_asset"],"name":"PROVIDERADDRESSLIMITATIONS","asset_type":"data_asset","created_at":"2023-01-10T12:20:33Z","origin_country":"us","owner_id":"1000330999","project_id":"a737600d-b712-4364-822c-1a069ac8f6ee","size":0,"tags":["cactus"],"usage":{"last_update_time":1673353234922,"last_updated_at":"2023-01-10T12:20:34Z"}},"entity":{"data_asset":{"mime_type":"application/x-ibm-rel-table","dataset":true,"columns":[{"name":"ADDRESSLIMITATION_K","type":{"length":10,"nullable":false,"type":"varchar","scale":0,"signed":false}},{"name":"PROVIDERADDRESS_K","type":{"length":10,"nullable":true,"type":"varchar","scale":0,"signed":false}},{"name":"LIMITATION_RTK","type":{"length":10,"nullable":true,"type":"varchar","scale":0,"signed":false}},{"name":"SILENT","type":{"length":1,"nullable":true,"type":"bit","scale":0,"signed":false}},{"name":"WEBPUBLISHSTATUS_RTK","type":{"length":10,"nullable":true,"type":"varchar","scale":0,"signed":false}},{"name":"INS_DT","type":{"length":23,"nullable":true,"type":"timestamp","scale":3,"signed":false}},{"name":"ROW_STATUS_CD","type":{"length":1,"nullable":true,"type":"varchar","scale":0,"signed":false}},{"name":"ETL_JOB_ID","type":{"length":5,"nullable":true,"type":"smallint","scale":0,"signed":true}}]}},"attachments":[{"id":"1831056c-13d0-4a75-91c5-c36fe9e36289","version":2,"asset_type":"data_asset","name":"reference_data","connection_id":"6d3640e3-94a0-4b3a-b291-8a2532b022d1","connection_path":"/cactus/PROVIDERADDRESSLIMITATIONS","datasource_type":"48695e79-6279-474a-b539-342625d3dfc2","creator_id":"icp4d-dev","create_time":1673353234582,"size":0,"is_remote":true,"is_managed":false,"is_referenced":false,"is_object_key_read_only":false,"is_user_provided_path_key":true,"transfer_complete":true,"is_partitioned":false,"complete_time_ticks":1673353234582,"user_data":{},"test_doc":0,"usage":{"access_count":0,"last_accessor_id":"icp4d-dev","last_access_time":1673353234582}}]}