{"metadata":{"asset_id":"4ed83825-4628-4c86-8a0a-e0d1a7be73a8","asset_attributes":["data_asset"],"name":"PROVIDERLICENSES","asset_type":"data_asset","created_at":"2023-01-10T12:20:34Z","origin_country":"us","owner_id":"1000330999","project_id":"a737600d-b712-4364-822c-1a069ac8f6ee","size":0,"tags":["cactus"],"usage":{"last_update_time":1673353237588,"last_updated_at":"2023-01-10T12:20:37Z"}},"entity":{"data_asset":{"mime_type":"application/x-ibm-rel-table","dataset":true,"columns":[{"name":"PROVIDERLICENSE_K","type":{"length":10,"nullable":false,"type":"varchar","scale":0,"signed":false}},{"name":"PROVIDER_K","type":{"length":10,"nullable":false,"type":"varchar","scale":0,"signed":false}},{"name":"ENTITY_K","type":{"length":10,"nullable":false,"type":"varchar","scale":0,"signed":false}},{"name":"LICENSE_RTK","type":{"length":10,"nullable":false,"type":"varchar","scale":0,"signed":false}},{"name":"STATE","type":{"length":2,"nullable":false,"type":"varchar","scale":0,"signed":false}},{"name":"STATUS_RTK","type":{"length":10,"nullable":false,"type":"varchar","scale":0,"signed":false}},{"name":"LICENSENUMBER","type":{"length":20,"nullable":false,"type":"varchar","scale":0,"signed":false}},{"name":"INSTITUTION_K","type":{"length":10,"nullable":false,"type":"varchar","scale":0,"signed":false}},{"name":"CONTACT_NAME","type":{"length":40,"nullable":false,"type":"varchar","scale":0,"signed":false}},{"name":"CONTACT_PHONE","type":{"length":10,"nullable":false,"type":"varchar","scale":0,"signed":false}},{"name":"CONTACT_FAX","type":{"length":10,"nullable":false,"type":"varchar","scale":0,"signed":false}},{"name":"CONTACT_EMAIL","type":{"length":50,"nullable":false,"type":"varchar","scale":0,"signed":false}},{"name":"LICENSUREFIELD_RTK","type":{"length":10,"nullable":false,"type":"varchar","scale":0,"signed":false}},{"name":"EXPIRATIONDATE","type":{"length":16,"nullable":true,"type":"timestamp","scale":0,"signed":false}},{"name":"AWARDEDDATE","type":{"length":16,"nullable":true,"type":"timestamp","scale":0,"signed":false}},{"name":"SCHEDULE1","type":{"length":1,"nullable":false,"type":"bit","scale":0,"signed":false}},{"name":"SCHEDULE2","type":{"length":1,"nullable":false,"type":"bit","scale":0,"signed":false}},{"name":"SCHEDULE2N","type":{"length":1,"nullable":false,"type":"bit","scale":0,"signed":false}},{"name":"SCHEDULE3","type":{"length":1,"nullable":false,"type":"bit","scale":0,"signed":false}},{"name":"SCHEDULE3N","type":{"length":1,"nullable":false,"type":"bit","scale":0,"signed":false}},{"name":"SCHEDULE4","type":{"length":1,"nullable":false,"type":"bit","scale":0,"signed":false}},{"name":"SCHEDULE5","type":{"length":1,"nullable":false,"type":"bit","scale":0,"signed":false}},{"name":"SCHEDULEL1","type":{"length":1,"nullable":false,"type":"bit","scale":0,"signed":false}},{"name":"NPDBPRIMARYLICENSE","type":{"length":1,"nullable":false,"type":"bit","scale":0,"signed":false}},{"name":"PERSISTENTVERIFICATIONS","type":{"length":1,"nullable":false,"type":"bit","scale":0,"signed":false}},{"name":"VALIDATEDBY_RTK","type":{"length":10,"nullable":false,"type":"varchar","scale":0,"signed":false}},{"name":"ACTIVE","type":{"length":1,"nullable":false,"type":"bit","scale":0,"signed":false}},{"name":"WEBPUBLISHSTATUS_RTK","type":{"length":10,"nullable":false,"type":"varchar","scale":0,"signed":false}},{"name":"USERDEF_RTK1","type":{"length":10,"nullable":false,"type":"varchar","scale":0,"signed":false}},{"name":"USERDEF_RTK2","type":{"length":10,"nullable":false,"type":"varchar","scale":0,"signed":false}},{"name":"USERDEF_RTK3","type":{"length":10,"nullable":false,"type":"varchar","scale":0,"signed":false}},{"name":"USERDEF_M1","type":{"length":8000,"nullable":true,"type":"varchar","scale":0,"signed":false}},{"name":"USERDEF_M2","type":{"length":8000,"nullable":true,"type":"varchar","scale":0,"signed":false}},{"name":"USERDEF_M3","type":{"length":8000,"nullable":true,"type":"varchar","scale":0,"signed":false}},{"name":"USERDEF_C1","type":{"length":30,"nullable":false,"type":"varchar","scale":0,"signed":false}},{"name":"USERDEF_C2","type":{"length":30,"nullable":false,"type":"varchar","scale":0,"signed":false}},{"name":"USERDEF_C3","type":{"length":30,"nullable":false,"type":"varchar","scale":0,"signed":false}},{"name":"USERDEF_D1","type":{"length":16,"nullable":true,"type":"timestamp","scale":0,"signed":false}},{"name":"USERDEF_D2","type":{"length":16,"nullable":true,"type":"timestamp","scale":0,"signed":false}},{"name":"USERDEF_D3","type":{"length":16,"nullable":true,"type":"timestamp","scale":0,"signed":false}},{"name":"USERDEF_L1","type":{"length":1,"nullable":false,"type":"bit","scale":0,"signed":false}},{"name":"USERDEF_L2","type":{"length":1,"nullable":false,"type":"bit","scale":0,"signed":false}},{"name":"USERDEF_L3","type":{"length":1,"nullable":false,"type":"bit","scale":0,"signed":false}},{"name":"USERDEF_N1","type":{"length":15,"nullable":false,"type":"float","scale":0,"signed":true}},{"name":"USERDEF_N2","type":{"length":15,"nullable":false,"type":"float","scale":0,"signed":true}},{"name":"USERDEF_N3","type":{"length":15,"nullable":false,"type":"float","scale":0,"signed":true}},{"name":"CAQHLICENSETYPE_RTK","type":{"length":10,"nullable":false,"type":"varchar","scale":0,"signed":false}},{"name":"INS_DT","type":{"length":23,"nullable":true,"type":"timestamp","scale":3,"signed":false}},{"name":"ROW_STATUS_CD","type":{"length":1,"nullable":true,"type":"varchar","scale":0,"signed":false}},{"name":"ETL_JOB_ID","type":{"length":5,"nullable":true,"type":"smallint","scale":0,"signed":true}}]}},"attachments":[{"id":"5dbec3a7-c265-4142-87a5-43ea42997d1c","version":2,"asset_type":"data_asset","name":"reference_data","connection_id":"6d3640e3-94a0-4b3a-b291-8a2532b022d1","connection_path":"/cactus/PROVIDERLICENSES","datasource_type":"48695e79-6279-474a-b539-342625d3dfc2","creator_id":"icp4d-dev","create_time":1673353235349,"size":0,"is_remote":true,"is_managed":false,"is_referenced":false,"is_object_key_read_only":false,"is_user_provided_path_key":true,"transfer_complete":true,"is_partitioned":false,"complete_time_ticks":1673353235349,"user_data":{},"test_doc":0,"usage":{"access_count":0,"last_accessor_id":"icp4d-dev","last_access_time":1673353235349}}]}