{"metadata":{"asset_id":"873b3209-76f9-4b82-9a75-748db62557e6","asset_attributes":["data_asset"],"name":"plan_provider_specialty","asset_type":"data_asset","created_at":"2023-01-10T12:20:28Z","origin_country":"us","owner_id":"1000330999","project_id":"a737600d-b712-4364-822c-1a069ac8f6ee","size":0,"tags":["dbo"],"usage":{"last_update_time":1673353229912,"last_updated_at":"2023-01-10T12:20:29Z"}},"entity":{"data_asset":{"mime_type":"application/x-ibm-rel-table","dataset":true,"columns":[{"name":"provider_specialty_id","type":{"length":10,"nullable":false,"type":"integer","scale":0,"signed":true}},{"name":"orig_provider_id","type":{"length":9,"nullable":false,"type":"numeric","scale":0,"signed":true}},{"name":"orig_specialty_code","type":{"length":6,"nullable":false,"type":"varchar","scale":0,"signed":false}},{"name":"orig_provider_specialty_id","type":{"length":20,"nullable":false,"type":"varchar","scale":0,"signed":false}},{"name":"specialty_unscrubbed","type":{"length":60,"nullable":false,"type":"varchar","scale":0,"signed":false}},{"name":"specialty","type":{"length":60,"nullable":false,"type":"varchar","scale":0,"signed":false}},{"name":"primary_specialty_flag","type":{"length":1,"nullable":false,"type":"char","scale":0,"signed":false}},{"name":"board_status","type":{"length":1,"nullable":true,"type":"char","scale":0,"signed":false}},{"name":"directory_include_flag","type":{"length":1,"nullable":true,"type":"char","scale":0,"signed":false}},{"name":"accepts_patients_flag","type":{"length":1,"nullable":true,"type":"char","scale":0,"signed":false}},{"name":"security_code","type":{"length":1,"nullable":true,"type":"char","scale":0,"signed":false}},{"name":"insert_timestamp","type":{"length":23,"nullable":true,"type":"timestamp","scale":3,"signed":false}},{"name":"update_timestamp","type":{"length":23,"nullable":true,"type":"timestamp","scale":3,"signed":false}},{"name":"create_timestamp","type":{"length":23,"nullable":true,"type":"timestamp","scale":3,"signed":false}},{"name":"created_by","type":{"length":8,"nullable":true,"type":"varchar","scale":0,"signed":false}},{"name":"create_process","type":{"length":8,"nullable":true,"type":"varchar","scale":0,"signed":false}},{"name":"modify_timestamp","type":{"length":23,"nullable":true,"type":"timestamp","scale":3,"signed":false}},{"name":"modified_by","type":{"length":8,"nullable":true,"type":"varchar","scale":0,"signed":false}},{"name":"modify_process","type":{"length":8,"nullable":true,"type":"varchar","scale":0,"signed":false}},{"name":"pspec_interface_key","type":{"length":10,"nullable":true,"type":"varchar","scale":0,"signed":false}},{"name":"orig_source_id","type":{"length":255,"nullable":false,"type":"varchar","scale":0,"signed":false}},{"name":"source_id","type":{"length":10,"nullable":false,"type":"integer","scale":0,"signed":true}},{"name":"loaded_from_file","type":{"length":255,"nullable":true,"type":"varchar","scale":0,"signed":false}},{"name":"delete_ind","type":{"length":1,"nullable":false,"type":"char","scale":0,"signed":false}}]}},"attachments":[{"id":"c5a7f6a0-3fba-498d-a785-bb9947ff2864","version":2,"asset_type":"data_asset","name":"reference_data","connection_id":"6d3640e3-94a0-4b3a-b291-8a2532b022d1","connection_path":"/dbo/plan_provider_specialty","datasource_type":"48695e79-6279-474a-b539-342625d3dfc2","creator_id":"icp4d-dev","create_time":1673353229316,"size":0,"is_remote":true,"is_managed":false,"is_referenced":false,"is_object_key_read_only":false,"is_user_provided_path_key":true,"transfer_complete":true,"is_partitioned":false,"complete_time_ticks":1673353229316,"user_data":{},"test_doc":0,"usage":{"access_count":0,"last_accessor_id":"icp4d-dev","last_access_time":1673353229316}}]}