{"metadata":{"asset_id":"a17775ff-19aa-4a35-9e56-f4bf20ed186e","asset_attributes":["data_asset"],"name":"PROVIDERADDRESSES","asset_type":"data_asset","created_at":"2023-01-10T12:20:11Z","origin_country":"us","owner_id":"1000330999","project_id":"a737600d-b712-4364-822c-1a069ac8f6ee","size":0,"tags":["cactus"],"usage":{"last_update_time":1673353212537,"last_updated_at":"2023-01-10T12:20:12Z"}},"entity":{"data_asset":{"mime_type":"application/x-ibm-rel-table","dataset":true,"columns":[{"name":"PROVIDERADDRESS_K","type":{"length":10,"nullable":false,"type":"varchar","scale":0,"signed":false}},{"name":"ADDRESS_K","type":{"length":10,"nullable":false,"type":"varchar","scale":0,"signed":false}},{"name":"PROVIDER_K","type":{"length":10,"nullable":false,"type":"varchar","scale":0,"signed":false}},{"name":"ENTITY_K","type":{"length":10,"nullable":false,"type":"varchar","scale":0,"signed":false}},{"name":"SALUTATION","type":{"length":50,"nullable":false,"type":"varchar","scale":0,"signed":false}},{"name":"ATTENTION","type":{"length":50,"nullable":false,"type":"varchar","scale":0,"signed":false}},{"name":"ADDRESSTYPE_RTK","type":{"length":10,"nullable":false,"type":"varchar","scale":0,"signed":false}},{"name":"DISPLAYORDER","type":{"length":10,"nullable":false,"type":"integer","scale":0,"signed":true}},{"name":"COSTCENTER_RTK","type":{"length":10,"nullable":false,"type":"varchar","scale":0,"signed":false}},{"name":"STATUS_RTK","type":{"length":10,"nullable":false,"type":"varchar","scale":0,"signed":false}},{"name":"SILENT","type":{"length":1,"nullable":false,"type":"bit","scale":0,"signed":false}},{"name":"SEEPATIENTS","type":{"length":1,"nullable":false,"type":"bit","scale":0,"signed":false}},{"name":"FROMDATE","type":{"length":16,"nullable":true,"type":"timestamp","scale":0,"signed":false}},{"name":"TODATE","type":{"length":16,"nullable":true,"type":"timestamp","scale":0,"signed":false}},{"name":"ACTIVE","type":{"length":1,"nullable":false,"type":"bit","scale":0,"signed":false}},{"name":"ONSITEREVIEW","type":{"length":1,"nullable":false,"type":"bit","scale":0,"signed":false}},{"name":"MONDAY_AMOPEN","type":{"length":4,"nullable":false,"type":"varchar","scale":0,"signed":false}},{"name":"MONDAY_AMCLOSE","type":{"length":4,"nullable":false,"type":"varchar","scale":0,"signed":false}},{"name":"MONDAY_PMOPEN","type":{"length":4,"nullable":false,"type":"varchar","scale":0,"signed":false}},{"name":"MONDAY_PMCLOSE","type":{"length":4,"nullable":false,"type":"varchar","scale":0,"signed":false}},{"name":"TUESDAY_AMOPEN","type":{"length":4,"nullable":false,"type":"varchar","scale":0,"signed":false}},{"name":"TUESDAY_AMCLOSE","type":{"length":4,"nullable":false,"type":"varchar","scale":0,"signed":false}},{"name":"TUESDAY_PMOPEN","type":{"length":4,"nullable":false,"type":"varchar","scale":0,"signed":false}},{"name":"TUESDAY_PMCLOSE","type":{"length":4,"nullable":false,"type":"varchar","scale":0,"signed":false}},{"name":"WEDNESDAY_AMOPEN","type":{"length":4,"nullable":false,"type":"varchar","scale":0,"signed":false}},{"name":"WEDNESDAY_AMCLOSE","type":{"length":4,"nullable":false,"type":"varchar","scale":0,"signed":false}},{"name":"WEDNESDAY_PMOPEN","type":{"length":4,"nullable":false,"type":"varchar","scale":0,"signed":false}},{"name":"WEDNESDAY_PMCLOSE","type":{"length":4,"nullable":false,"type":"varchar","scale":0,"signed":false}},{"name":"THURSDAY_AMOPEN","type":{"length":4,"nullable":false,"type":"varchar","scale":0,"signed":false}},{"name":"THURSDAY_AMCLOSE","type":{"length":4,"nullable":false,"type":"varchar","scale":0,"signed":false}},{"name":"THURSDAY_PMOPEN","type":{"length":4,"nullable":false,"type":"varchar","scale":0,"signed":false}},{"name":"THURSDAY_PMCLOSE","type":{"length":4,"nullable":false,"type":"varchar","scale":0,"signed":false}},{"name":"FRIDAY_AMOPEN","type":{"length":4,"nullable":false,"type":"varchar","scale":0,"signed":false}},{"name":"FRIDAY_AMCLOSE","type":{"length":4,"nullable":false,"type":"varchar","scale":0,"signed":false}},{"name":"FRIDAY_PMOPEN","type":{"length":4,"nullable":false,"type":"varchar","scale":0,"signed":false}},{"name":"FRIDAY_PMCLOSE","type":{"length":4,"nullable":false,"type":"varchar","scale":0,"signed":false}},{"name":"SATURDAY_AMOPEN","type":{"length":4,"nullable":false,"type":"varchar","scale":0,"signed":false}},{"name":"SATURDAY_AMCLOSE","type":{"length":4,"nullable":false,"type":"varchar","scale":0,"signed":false}},{"name":"SATURDAY_PMOPEN","type":{"length":4,"nullable":false,"type":"varchar","scale":0,"signed":false}},{"name":"SATURDAY_PMCLOSE","type":{"length":4,"nullable":false,"type":"varchar","scale":0,"signed":false}},{"name":"SUNDAY_AMOPEN","type":{"length":4,"nullable":false,"type":"varchar","scale":0,"signed":false}},{"name":"SUNDAY_AMCLOSE","type":{"length":4,"nullable":false,"type":"varchar","scale":0,"signed":false}},{"name":"SUNDAY_PMOPEN","type":{"length":4,"nullable":false,"type":"varchar","scale":0,"signed":false}},{"name":"SUNDAY_PMCLOSE","type":{"length":4,"nullable":false,"type":"varchar","scale":0,"signed":false}},{"name":"TAXIDNUMBER","type":{"length":15,"nullable":false,"type":"varchar","scale":0,"signed":false}},{"name":"MEDICARENUMBER","type":{"length":20,"nullable":false,"type":"varchar","scale":0,"signed":false}},{"name":"MEDICAIDNUMBER","type":{"length":20,"nullable":false,"type":"varchar","scale":0,"signed":false}},{"name":"SERVICEZONE_RTK","type":{"length":10,"nullable":false,"type":"varchar","scale":0,"signed":false}},{"name":"TRAVELTIP1","type":{"length":8000,"nullable":true,"type":"varchar","scale":0,"signed":false}},{"name":"TRAVELTIP2","type":{"length":8000,"nullable":true,"type":"varchar","scale":0,"signed":false}},{"name":"GENERALHOURS1","type":{"length":8000,"nullable":true,"type":"varchar","scale":0,"signed":false}},{"name":"GENERALHOURS2","type":{"length":8000,"nullable":true,"type":"varchar","scale":0,"signed":false}},{"name":"USERDEF_C1","type":{"length":50,"nullable":true,"type":"char","scale":0,"signed":false}},{"name":"USERDEF_C2","type":{"length":50,"nullable":true,"type":"char","scale":0,"signed":false}},{"name":"USERDEF_C3","type":{"length":50,"nullable":true,"type":"char","scale":0,"signed":false}},{"name":"USERDEF_D1","type":{"length":16,"nullable":true,"type":"timestamp","scale":0,"signed":false}},{"name":"USERDEF_D2","type":{"length":16,"nullable":true,"type":"timestamp","scale":0,"signed":false}},{"name":"USERDEF_D3","type":{"length":16,"nullable":true,"type":"timestamp","scale":0,"signed":false}},{"name":"USERDEF_N1","type":{"length":15,"nullable":false,"type":"float","scale":0,"signed":true}},{"name":"USERDEF_N2","type":{"length":15,"nullable":false,"type":"float","scale":0,"signed":true}},{"name":"USERDEF_N3","type":{"length":15,"nullable":false,"type":"float","scale":0,"signed":true}},{"name":"USERDEF_L1","type":{"length":1,"nullable":false,"type":"bit","scale":0,"signed":false}},{"name":"USERDEF_L2","type":{"length":1,"nullable":false,"type":"bit","scale":0,"signed":false}},{"name":"USERDEF_L3","type":{"length":1,"nullable":false,"type":"bit","scale":0,"signed":false}},{"name":"USERDEF_M1","type":{"length":8000,"nullable":true,"type":"varchar","scale":0,"signed":false}},{"name":"USERDEF_M2","type":{"length":8000,"nullable":true,"type":"varchar","scale":0,"signed":false}},{"name":"USERDEF_M3","type":{"length":8000,"nullable":true,"type":"varchar","scale":0,"signed":false}},{"name":"USERDEF_RTK1","type":{"length":10,"nullable":false,"type":"varchar","scale":0,"signed":false}},{"name":"USERDEF_RTK2","type":{"length":10,"nullable":false,"type":"varchar","scale":0,"signed":false}},{"name":"USERDEF_RTK3","type":{"length":10,"nullable":false,"type":"varchar","scale":0,"signed":false}},{"name":"PROVIDERSPECIFIC_TAXID","type":{"length":15,"nullable":false,"type":"varchar","scale":0,"signed":false}},{"name":"PROVIDERSPECIFIC_PHONE","type":{"length":10,"nullable":false,"type":"varchar","scale":0,"signed":false}},{"name":"PROVIDERSPECIFIC_OTHERPHONE","type":{"length":10,"nullable":false,"type":"varchar","scale":0,"signed":false}},{"name":"PROVIDERSPECIFIC_FAX","type":{"length":10,"nullable":false,"type":"varchar","scale":0,"signed":false}},{"name":"EMAILADDRESS","type":{"length":150,"nullable":false,"type":"varchar","scale":0,"signed":false}},{"name":"HOMEPAGEURL","type":{"length":150,"nullable":true,"type":"char","scale":0,"signed":false}},{"name":"WEBPUBLISHSTATUS_RTK","type":{"length":10,"nullable":false,"type":"varchar","scale":0,"signed":false}},{"name":"PROVIDERSPECIFIC_ALTEXT","type":{"length":10,"nullable":true,"type":"char","scale":0,"signed":false}},{"name":"PROVIDERSPECIFIC_CELL","type":{"length":10,"nullable":false,"type":"varchar","scale":0,"signed":false}},{"name":"PROVIDERSPECIFIC_EXTENSION","type":{"length":10,"nullable":true,"type":"char","scale":0,"signed":false}},{"name":"PROVIDERSPECIFIC_PAGER","type":{"length":10,"nullable":false,"type":"varchar","scale":0,"signed":false}},{"name":"ACCEPTNEWPATIENTS","type":{"length":1,"nullable":false,"type":"bit","scale":0,"signed":false}},{"name":"UNITNAME","type":{"length":60,"nullable":false,"type":"varchar","scale":0,"signed":false}},{"name":"NPI","type":{"length":10,"nullable":false,"type":"varchar","scale":0,"signed":false}},{"name":"NPIPROFILE_K","type":{"length":10,"nullable":false,"type":"varchar","scale":0,"signed":false}},{"name":"PROVIDERSPECIFIC_PAGEREXT","type":{"length":10,"nullable":true,"type":"char","scale":0,"signed":false}},{"name":"PROVIDERSPECIFIC_FAXEXT","type":{"length":10,"nullable":true,"type":"char","scale":0,"signed":false}},{"name":"INS_DT","type":{"length":23,"nullable":true,"type":"timestamp","scale":3,"signed":false}},{"name":"ROW_STATUS_CD","type":{"length":1,"nullable":true,"type":"varchar","scale":0,"signed":false}},{"name":"ETL_JOB_ID","type":{"length":5,"nullable":true,"type":"smallint","scale":0,"signed":true}}]}},"attachments":[{"id":"9ab15f25-64d0-4fb0-999e-6df1bdd51999","version":2,"asset_type":"data_asset","name":"reference_data","connection_id":"6d3640e3-94a0-4b3a-b291-8a2532b022d1","connection_path":"/cactus/PROVIDERADDRESSES","datasource_type":"48695e79-6279-474a-b539-342625d3dfc2","creator_id":"icp4d-dev","create_time":1673353212180,"size":0,"is_remote":true,"is_managed":false,"is_referenced":false,"is_object_key_read_only":false,"is_user_provided_path_key":true,"transfer_complete":true,"is_partitioned":false,"complete_time_ticks":1673353212180,"user_data":{},"test_doc":0,"usage":{"access_count":0,"last_accessor_id":"icp4d-dev","last_access_time":1673353212180}}]}