{"metadata":{"asset_id":"9857bb1a-fe6a-4124-a298-89f6d76bffae","asset_attributes":["data_asset"],"name":"plan_site_address","asset_type":"data_asset","created_at":"2023-01-10T12:20:31Z","origin_country":"us","owner_id":"1000330999","project_id":"a737600d-b712-4364-822c-1a069ac8f6ee","size":0,"tags":["dbo"],"usage":{"last_update_time":1673353232703,"last_updated_at":"2023-01-10T12:20:32Z"}},"entity":{"data_asset":{"mime_type":"application/x-ibm-rel-table","dataset":true,"columns":[{"name":"site_address_id","type":{"length":10,"nullable":false,"type":"integer","scale":0,"signed":true}},{"name":"site_id","type":{"length":10,"nullable":false,"type":"integer","scale":0,"signed":true}},{"name":"orig_site_id","type":{"length":255,"nullable":false,"type":"varchar","scale":0,"signed":false}},{"name":"attention","type":{"length":30,"nullable":true,"type":"varchar","scale":0,"signed":false}},{"name":"address_type_unscrubbed","type":{"length":30,"nullable":true,"type":"varchar","scale":0,"signed":false}},{"name":"address_type","type":{"length":30,"nullable":false,"type":"varchar","scale":0,"signed":false}},{"name":"address_line1","type":{"length":255,"nullable":true,"type":"varchar","scale":0,"signed":false}},{"name":"address_line2","type":{"length":255,"nullable":true,"type":"varchar","scale":0,"signed":false}},{"name":"city","type":{"length":50,"nullable":true,"type":"varchar","scale":0,"signed":false}},{"name":"state","type":{"length":50,"nullable":true,"type":"varchar","scale":0,"signed":false}},{"name":"zip","type":{"length":50,"nullable":true,"type":"varchar","scale":0,"signed":false}},{"name":"county_unscrubbed","type":{"length":255,"nullable":true,"type":"varchar","scale":0,"signed":false}},{"name":"county","type":{"length":255,"nullable":true,"type":"varchar","scale":0,"signed":false}},{"name":"country","type":{"length":255,"nullable":true,"type":"varchar","scale":0,"signed":false}},{"name":"longitude","type":{"length":15,"nullable":true,"type":"float","scale":0,"signed":true}},{"name":"latitude","type":{"length":15,"nullable":true,"type":"float","scale":0,"signed":true}},{"name":"start_date_unscrubbed","type":{"length":23,"nullable":true,"type":"timestamp","scale":3,"signed":false}},{"name":"start_date","type":{"length":23,"nullable":true,"type":"timestamp","scale":3,"signed":false}},{"name":"end_date_unscrubbed","type":{"length":23,"nullable":true,"type":"timestamp","scale":3,"signed":false}},{"name":"end_date","type":{"length":23,"nullable":true,"type":"timestamp","scale":3,"signed":false}},{"name":"orig_site_address_id","type":{"length":255,"nullable":false,"type":"varchar","scale":0,"signed":false}},{"name":"orig_source_id","type":{"length":255,"nullable":false,"type":"varchar","scale":0,"signed":false}},{"name":"source_id","type":{"length":10,"nullable":false,"type":"integer","scale":0,"signed":true}},{"name":"insert_timestamp","type":{"length":23,"nullable":false,"type":"timestamp","scale":3,"signed":false}},{"name":"update_timestamp","type":{"length":23,"nullable":false,"type":"timestamp","scale":3,"signed":false}},{"name":"create_timestamp","type":{"length":23,"nullable":true,"type":"timestamp","scale":3,"signed":false}},{"name":"modify_timestamp","type":{"length":23,"nullable":true,"type":"timestamp","scale":3,"signed":false}},{"name":"created_by","type":{"length":50,"nullable":true,"type":"varchar","scale":0,"signed":false}},{"name":"modified_by","type":{"length":50,"nullable":true,"type":"varchar","scale":0,"signed":false}},{"name":"delete_ind","type":{"length":1,"nullable":false,"type":"char","scale":0,"signed":false}},{"name":"loaded_from_file","type":{"length":255,"nullable":true,"type":"varchar","scale":0,"signed":false}}]}},"attachments":[{"id":"f3d7fd08-52cc-470e-8281-5e516a581ee0","version":2,"asset_type":"data_asset","name":"reference_data","connection_id":"6d3640e3-94a0-4b3a-b291-8a2532b022d1","connection_path":"/dbo/plan_site_address","datasource_type":"48695e79-6279-474a-b539-342625d3dfc2","creator_id":"icp4d-dev","create_time":1673353232276,"size":0,"is_remote":true,"is_managed":false,"is_referenced":false,"is_object_key_read_only":false,"is_user_provided_path_key":true,"transfer_complete":true,"is_partitioned":false,"complete_time_ticks":1673353232276,"user_data":{},"test_doc":0,"usage":{"access_count":0,"last_accessor_id":"icp4d-dev","last_access_time":1673353232276}}]}