{"metadata":{"asset_id":"887e1983-039a-4c94-8ba4-044d06f88ae9","asset_attributes":["data_asset"],"name":"ENTITYASSIGNMENTS","asset_type":"data_asset","created_at":"2023-01-10T12:20:33Z","origin_country":"us","owner_id":"1000330999","project_id":"a737600d-b712-4364-822c-1a069ac8f6ee","size":0,"tags":["cactus"],"usage":{"last_update_time":1673353234484,"last_updated_at":"2023-01-10T12:20:34Z"}},"entity":{"data_asset":{"mime_type":"application/x-ibm-rel-table","dataset":true,"columns":[{"name":"EA_K","type":{"length":10,"nullable":false,"type":"varchar","scale":0,"signed":false}},{"name":"INHERITFROM_EA_K","type":{"length":10,"nullable":true,"type":"varchar","scale":0,"signed":false}},{"name":"PROVIDER_K","type":{"length":10,"nullable":true,"type":"varchar","scale":0,"signed":false}},{"name":"PARENT_K","type":{"length":10,"nullable":true,"type":"varchar","scale":0,"signed":false}},{"name":"ENTITY_K","type":{"length":10,"nullable":true,"type":"varchar","scale":0,"signed":false}},{"name":"RECORDTYPE","type":{"length":1,"nullable":true,"type":"varchar","scale":0,"signed":false}},{"name":"ASSIGNMENT_RTK","type":{"length":10,"nullable":true,"type":"varchar","scale":0,"signed":false}},{"name":"ID","type":{"length":15,"nullable":true,"type":"varchar","scale":0,"signed":false}},{"name":"TITLE","type":{"length":60,"nullable":true,"type":"varchar","scale":0,"signed":false}},{"name":"STATUS_RTK","type":{"length":10,"nullable":true,"type":"varchar","scale":0,"signed":false}},{"name":"STATUSASOF","type":{"length":16,"nullable":true,"type":"timestamp","scale":0,"signed":false}},{"name":"CATEGORY_RTK","type":{"length":10,"nullable":true,"type":"varchar","scale":0,"signed":false}},{"name":"CATEGORYASOF","type":{"length":16,"nullable":true,"type":"timestamp","scale":0,"signed":false}},{"name":"TERMINATION_DATE","type":{"length":16,"nullable":true,"type":"timestamp","scale":0,"signed":false}},{"name":"TERMINATION_REASON_RTK","type":{"length":10,"nullable":true,"type":"varchar","scale":0,"signed":false}},{"name":"ORIGINALAPPOINTMENTDATE","type":{"length":16,"nullable":true,"type":"timestamp","scale":0,"signed":false}},{"name":"PRESENTDATE_FROM","type":{"length":16,"nullable":true,"type":"timestamp","scale":0,"signed":false}},{"name":"PRESENTDATE_TO","type":{"length":16,"nullable":true,"type":"timestamp","scale":0,"signed":false}},{"name":"PRESENTDATE_ASOF","type":{"length":16,"nullable":true,"type":"timestamp","scale":0,"signed":false}},{"name":"CREDENTIALINGCYCLE_RTK","type":{"length":10,"nullable":true,"type":"varchar","scale":0,"signed":false}},{"name":"NETWORK_RTK","type":{"length":10,"nullable":true,"type":"varchar","scale":0,"signed":false}},{"name":"DELEGATIONSTATUS_RTK","type":{"length":10,"nullable":true,"type":"varchar","scale":0,"signed":false}},{"name":"ACTIVE","type":{"length":1,"nullable":true,"type":"bit","scale":0,"signed":false}},{"name":"ARCHIVED","type":{"length":1,"nullable":true,"type":"bit","scale":0,"signed":false}},{"name":"USERDEF_RTK1","type":{"length":10,"nullable":true,"type":"varchar","scale":0,"signed":false}},{"name":"USERDEF_RTK2","type":{"length":10,"nullable":true,"type":"varchar","scale":0,"signed":false}},{"name":"USERDEF_RTK3","type":{"length":10,"nullable":true,"type":"varchar","scale":0,"signed":false}},{"name":"USERDEF_C1","type":{"length":50,"nullable":true,"type":"varchar","scale":0,"signed":false}},{"name":"USERDEF_C2","type":{"length":50,"nullable":true,"type":"varchar","scale":0,"signed":false}},{"name":"USERDEF_C3","type":{"length":50,"nullable":true,"type":"varchar","scale":0,"signed":false}},{"name":"USERDEF_RTK4","type":{"length":10,"nullable":true,"type":"varchar","scale":0,"signed":false}},{"name":"USERDEF_DATE4","type":{"length":16,"nullable":true,"type":"timestamp","scale":0,"signed":false}},{"name":"USERDEF_RTK5","type":{"length":10,"nullable":true,"type":"varchar","scale":0,"signed":false}},{"name":"USERDEF_RTK6","type":{"length":10,"nullable":true,"type":"varchar","scale":0,"signed":false}},{"name":"USERDEF_M1","type":{"length":8000,"nullable":true,"type":"varchar","scale":0,"signed":false}},{"name":"USERDEF_M2","type":{"length":8000,"nullable":true,"type":"varchar","scale":0,"signed":false}},{"name":"USERDEF_M3","type":{"length":8000,"nullable":true,"type":"varchar","scale":0,"signed":false}},{"name":"USERDEF_D1","type":{"length":16,"nullable":true,"type":"timestamp","scale":0,"signed":false}},{"name":"USERDEF_D2","type":{"length":16,"nullable":true,"type":"timestamp","scale":0,"signed":false}},{"name":"USERDEF_D3","type":{"length":16,"nullable":true,"type":"timestamp","scale":0,"signed":false}},{"name":"USERDEF_N1","type":{"length":15,"nullable":true,"type":"float","scale":0,"signed":true}},{"name":"USERDEF_N2","type":{"length":15,"nullable":true,"type":"float","scale":0,"signed":true}},{"name":"USERDEF_N3","type":{"length":15,"nullable":true,"type":"float","scale":0,"signed":true}},{"name":"USERDEF_L1","type":{"length":1,"nullable":true,"type":"bit","scale":0,"signed":false}},{"name":"USERDEF_L2","type":{"length":1,"nullable":true,"type":"bit","scale":0,"signed":false}},{"name":"USERDEF_L3","type":{"length":1,"nullable":true,"type":"bit","scale":0,"signed":false}},{"name":"MEDICARENUMBER","type":{"length":20,"nullable":true,"type":"varchar","scale":0,"signed":false}},{"name":"DATEENTERED","type":{"length":16,"nullable":true,"type":"timestamp","scale":0,"signed":false}},{"name":"PREAPP_SENT","type":{"length":16,"nullable":true,"type":"timestamp","scale":0,"signed":false}},{"name":"PREAPP_RECEIVED","type":{"length":16,"nullable":true,"type":"timestamp","scale":0,"signed":false}},{"name":"APP_SENT","type":{"length":16,"nullable":true,"type":"timestamp","scale":0,"signed":false}},{"name":"APP_RECEIVED","type":{"length":16,"nullable":true,"type":"timestamp","scale":0,"signed":false}},{"name":"LASTCREDENTIALINGDATE","type":{"length":16,"nullable":true,"type":"timestamp","scale":0,"signed":false}},{"name":"PRIMARYASSIGNMENT_EA_K","type":{"length":10,"nullable":true,"type":"varchar","scale":0,"signed":false}},{"name":"PRIMARYSPECIALTY_K","type":{"length":10,"nullable":true,"type":"varchar","scale":0,"signed":false}},{"name":"ENTITYINFOMATION","type":{"length":8000,"nullable":true,"type":"varchar","scale":0,"signed":false}},{"name":"INET_USERID","type":{"length":25,"nullable":true,"type":"varchar","scale":0,"signed":false}},{"name":"INET_PASSWORD","type":{"length":15,"nullable":true,"type":"varchar","scale":0,"signed":false}},{"name":"INET_PROPERTIES","type":{"length":8000,"nullable":true,"type":"varchar","scale":0,"signed":false}},{"name":"WEB_USERGROUP_K","type":{"length":10,"nullable":true,"type":"varchar","scale":0,"signed":false}},{"name":"WEB_ACTIVE","type":{"length":1,"nullable":true,"type":"bit","scale":0,"signed":false}},{"name":"WEB_ACCESSSTATUS_RTK","type":{"length":10,"nullable":true,"type":"varchar","scale":0,"signed":false}},{"name":"WEBPUBLISHSTATUS_RTK","type":{"length":10,"nullable":true,"type":"varchar","scale":0,"signed":false}},{"name":"RESPONSIBLE_WORKGROUP_RTK","type":{"length":10,"nullable":true,"type":"varchar","scale":0,"signed":false}},{"name":"INS_DT","type":{"length":16,"nullable":true,"type":"timestamp","scale":0,"signed":false}},{"name":"ROW_STATUS_CD","type":{"length":1,"nullable":true,"type":"varchar","scale":0,"signed":false}},{"name":"ETL_JOB_ID","type":{"length":5,"nullable":true,"type":"smallint","scale":0,"signed":true}}]}},"attachments":[{"id":"f14b0c9c-305a-48cd-8997-479bce08e16d","version":2,"asset_type":"data_asset","name":"reference_data","connection_id":"6d3640e3-94a0-4b3a-b291-8a2532b022d1","connection_path":"/cactus/ENTITYASSIGNMENTS","datasource_type":"48695e79-6279-474a-b539-342625d3dfc2","creator_id":"icp4d-dev","create_time":1673353234096,"size":0,"is_remote":true,"is_managed":false,"is_referenced":false,"is_object_key_read_only":false,"is_user_provided_path_key":true,"transfer_complete":true,"is_partitioned":false,"complete_time_ticks":1673353234096,"user_data":{},"test_doc":0,"usage":{"access_count":0,"last_accessor_id":"icp4d-dev","last_access_time":1673353234096}}]}