{"metadata":{"asset_id":"66620a0e-7dd2-4f57-84c7-bd49af34163e","asset_attributes":["data_asset"],"name":"plan_billing_provider_npi","asset_type":"data_asset","created_at":"2023-01-10T12:20:30Z","origin_country":"us","owner_id":"1000330999","project_id":"a737600d-b712-4364-822c-1a069ac8f6ee","size":0,"tags":["dbo"],"usage":{"last_update_time":1673353231590,"last_updated_at":"2023-01-10T12:20:31Z"}},"entity":{"data_asset":{"mime_type":"application/x-ibm-rel-table","dataset":true,"columns":[{"name":"billing_provider_npi_id","type":{"length":10,"nullable":false,"type":"integer","scale":0,"signed":true}},{"name":"orig_billing_provider_npi_id","type":{"length":255,"nullable":false,"type":"varchar","scale":0,"signed":false}},{"name":"billing_provider_id","type":{"length":10,"nullable":false,"type":"integer","scale":0,"signed":true}},{"name":"orig_billing_provider_id","type":{"length":255,"nullable":false,"type":"varchar","scale":0,"signed":false}},{"name":"npi","type":{"length":50,"nullable":false,"type":"varchar","scale":0,"signed":false}},{"name":"primary_npi_ind","type":{"length":1,"nullable":false,"type":"char","scale":0,"signed":false}},{"name":"start_date_unscrubbed","type":{"length":23,"nullable":true,"type":"timestamp","scale":3,"signed":false}},{"name":"start_date","type":{"length":23,"nullable":true,"type":"timestamp","scale":3,"signed":false}},{"name":"end_date_unscrubbed","type":{"length":23,"nullable":true,"type":"timestamp","scale":3,"signed":false}},{"name":"end_date","type":{"length":23,"nullable":true,"type":"timestamp","scale":3,"signed":false}},{"name":"term_reason","type":{"length":50,"nullable":true,"type":"varchar","scale":0,"signed":false}},{"name":"term_reason_unscrubbed","type":{"length":255,"nullable":true,"type":"varchar","scale":0,"signed":false}},{"name":"inactive_ind","type":{"length":1,"nullable":false,"type":"char","scale":0,"signed":false}},{"name":"source_id","type":{"length":10,"nullable":false,"type":"integer","scale":0,"signed":true}},{"name":"orig_source_id","type":{"length":255,"nullable":false,"type":"varchar","scale":0,"signed":false}},{"name":"insert_timestamp","type":{"length":23,"nullable":false,"type":"timestamp","scale":3,"signed":false}},{"name":"update_timestamp","type":{"length":23,"nullable":false,"type":"timestamp","scale":3,"signed":false}},{"name":"create_timestamp","type":{"length":23,"nullable":true,"type":"timestamp","scale":3,"signed":false}},{"name":"modify_timestamp","type":{"length":23,"nullable":true,"type":"timestamp","scale":3,"signed":false}},{"name":"created_by","type":{"length":50,"nullable":true,"type":"varchar","scale":0,"signed":false}},{"name":"modified_by","type":{"length":50,"nullable":true,"type":"varchar","scale":0,"signed":false}},{"name":"delete_ind","type":{"length":1,"nullable":false,"type":"char","scale":0,"signed":false}},{"name":"loaded_from_file","type":{"length":255,"nullable":true,"type":"varchar","scale":0,"signed":false}}]}},"attachments":[{"id":"9c1d06e7-4661-4553-a96b-b3e0a5fc8ec1","version":2,"asset_type":"data_asset","name":"reference_data","connection_id":"6d3640e3-94a0-4b3a-b291-8a2532b022d1","connection_path":"/dbo/plan_billing_provider_npi","datasource_type":"48695e79-6279-474a-b539-342625d3dfc2","creator_id":"icp4d-dev","create_time":1673353231071,"size":0,"is_remote":true,"is_managed":false,"is_referenced":false,"is_object_key_read_only":false,"is_user_provided_path_key":true,"transfer_complete":true,"is_partitioned":false,"complete_time_ticks":1673353231071,"user_data":{},"test_doc":0,"usage":{"access_count":0,"last_accessor_id":"icp4d-dev","last_access_time":1673353231071}}]}