{"metadata":{"asset_id":"b3f1218b-7fb9-4f6c-8675-93a4470a34b6","asset_attributes":["data_asset"],"name":"CLINIC_DIM","asset_type":"data_asset","created_at":"2023-01-10T12:20:24Z","origin_country":"us","owner_id":"1000330999","project_id":"a737600d-b712-4364-822c-1a069ac8f6ee","size":0,"tags":["pdi"],"usage":{"last_update_time":1673353225683,"last_updated_at":"2023-01-10T12:20:25Z"}},"entity":{"data_asset":{"mime_type":"application/x-ibm-rel-table","dataset":true,"columns":[{"name":"CLINIC_ID","type":{"length":5,"nullable":false,"type":"smallint","scale":0,"signed":true}},{"name":"EXT_CLINIC_ID","type":{"length":14,"nullable":true,"type":"varchar","scale":0,"signed":false}},{"name":"CLINIC_NAME","type":{"length":55,"nullable":true,"type":"varchar","scale":0,"signed":false}},{"name":"ACTIVE_IND","type":{"length":1,"nullable":true,"type":"bit","scale":0,"signed":false}},{"name":"INS_DT","type":{"length":16,"nullable":false,"type":"timestamp","scale":3,"signed":false}},{"name":"UPDT_DT","type":{"length":16,"nullable":true,"type":"timestamp","scale":0,"signed":false}},{"name":"ROW_SOURCE_ID","type":{"length":3,"nullable":false,"type":"tinyint","scale":0,"signed":false}},{"name":"ROW_STATUS_CD","type":{"length":1,"nullable":false,"type":"char","scale":0,"signed":false}},{"name":"INFERRED_IND","type":{"length":1,"nullable":false,"type":"bit","scale":0,"signed":false}},{"name":"ETL_JOB_ID","type":{"length":5,"nullable":false,"type":"smallint","scale":0,"signed":true}},{"name":"HANDICAP_ACCESS","type":{"length":1,"nullable":true,"type":"varchar","scale":0,"signed":false}},{"name":"TDD_HEARING","type":{"length":1,"nullable":true,"type":"varchar","scale":0,"signed":false}}]}},"attachments":[{"id":"7f4e2f9e-80e6-4850-9050-7fd3b8f876aa","version":2,"asset_type":"data_asset","name":"reference_data","connection_id":"6d3640e3-94a0-4b3a-b291-8a2532b022d1","connection_path":"/pdi/CLINIC_DIM","datasource_type":"48695e79-6279-474a-b539-342625d3dfc2","creator_id":"icp4d-dev","create_time":1673353225202,"size":0,"is_remote":true,"is_managed":false,"is_referenced":false,"is_object_key_read_only":false,"is_user_provided_path_key":true,"transfer_complete":true,"is_partitioned":false,"complete_time_ticks":1673353225202,"user_data":{},"test_doc":0,"usage":{"access_count":0,"last_accessor_id":"icp4d-dev","last_access_time":1673353225202}}]}