{"metadata":{"asset_id":"191dcb1e-75a0-484c-9b21-9c6ccec279ee","asset_attributes":["data_asset"],"name":"LANGUAGE_DIM","asset_type":"data_asset","created_at":"2023-01-10T12:20:21Z","origin_country":"us","owner_id":"1000330999","project_id":"a737600d-b712-4364-822c-1a069ac8f6ee","size":0,"tags":["pdi"],"usage":{"last_update_time":1673353222907,"last_updated_at":"2023-01-10T12:20:22Z"}},"entity":{"data_asset":{"mime_type":"application/x-ibm-rel-table","dataset":true,"columns":[{"name":"LANGUAGE_ID","type":{"length":10,"nullable":false,"type":"integer","scale":0,"signed":true}},{"name":"ENTITY_ID","type":{"length":10,"nullable":false,"type":"integer","scale":0,"signed":true}},{"name":"ENTITY_NAME","type":{"length":40,"nullable":false,"type":"varchar","scale":0,"signed":false}},{"name":"TYPE_NAME","type":{"length":65,"nullable":true,"type":"varchar","scale":0,"signed":false}},{"name":"CD","type":{"length":12,"nullable":false,"type":"varchar","scale":0,"signed":false}},{"name":"DESCR","type":{"length":80,"nullable":true,"type":"varchar","scale":0,"signed":false}},{"name":"DSHS_CD","type":{"length":2,"nullable":true,"type":"varchar","scale":0,"signed":false}},{"name":"STATE_RPT_CD","type":{"length":2,"nullable":true,"type":"varchar","scale":0,"signed":false}},{"name":"HEDIS_CD","type":{"length":10,"nullable":true,"type":"varchar","scale":0,"signed":false}},{"name":"HEDIS_DESC","type":{"length":50,"nullable":true,"type":"varchar","scale":0,"signed":false}},{"name":"ISO6392_CD","type":{"length":3,"nullable":true,"type":"varchar","scale":0,"signed":false}},{"name":"PRIMARY_IND","type":{"length":1,"nullable":true,"type":"bit","scale":0,"signed":false}},{"name":"INS_DT","type":{"length":16,"nullable":true,"type":"timestamp","scale":0,"signed":false}},{"name":"UPDT_DT","type":{"length":16,"nullable":true,"type":"timestamp","scale":0,"signed":false}},{"name":"ROW_SOURCE_ID","type":{"length":3,"nullable":false,"type":"tinyint","scale":0,"signed":false}},{"name":"ROW_STATUS_CD","type":{"length":1,"nullable":false,"type":"char","scale":0,"signed":false}},{"name":"ETL_JOB_ID","type":{"length":5,"nullable":false,"type":"smallint","scale":0,"signed":true}}]}},"attachments":[{"id":"c0c3828d-720f-4302-a1f6-0146a73104db","version":2,"asset_type":"data_asset","name":"reference_data","connection_id":"6d3640e3-94a0-4b3a-b291-8a2532b022d1","connection_path":"/pdi/LANGUAGE_DIM","datasource_type":"48695e79-6279-474a-b539-342625d3dfc2","creator_id":"icp4d-dev","create_time":1673353222470,"size":0,"is_remote":true,"is_managed":false,"is_referenced":false,"is_object_key_read_only":false,"is_user_provided_path_key":true,"transfer_complete":true,"is_partitioned":false,"complete_time_ticks":1673353222470,"user_data":{},"test_doc":0,"usage":{"access_count":0,"last_accessor_id":"icp4d-dev","last_access_time":1673353222470}}]}