{"metadata":{"asset_id":"d77643fc-ff21-485f-a6e8-5c9d4cb8a42c","asset_attributes":["data_asset"],"name":"GROUPID","asset_type":"data_asset","created_at":"2023-01-10T12:20:11Z","origin_country":"us","owner_id":"1000330999","project_id":"a737600d-b712-4364-822c-1a069ac8f6ee","size":0,"tags":["cactus"],"usage":{"last_update_time":1673353213469,"last_updated_at":"2023-01-10T12:20:13Z"}},"entity":{"data_asset":{"mime_type":"application/x-ibm-rel-table","dataset":true,"columns":[{"name":"GROUPID_K","type":{"length":10,"nullable":false,"type":"char","scale":0,"signed":false}},{"name":"GROUP_K","type":{"length":10,"nullable":false,"type":"char","scale":0,"signed":false}},{"name":"TYPE_RTK","type":{"length":10,"nullable":false,"type":"char","scale":0,"signed":false}},{"name":"ID","type":{"length":30,"nullable":false,"type":"char","scale":0,"signed":false}},{"name":"STARTDATE","type":{"length":23,"nullable":true,"type":"timestamp","scale":3,"signed":false}},{"name":"ENDDATE","type":{"length":23,"nullable":true,"type":"timestamp","scale":3,"signed":false}},{"name":"USERDEF_RTK1","type":{"length":10,"nullable":false,"type":"char","scale":0,"signed":false}},{"name":"USERDEF_RTK2","type":{"length":10,"nullable":false,"type":"char","scale":0,"signed":false}},{"name":"USERDEF_RTK3","type":{"length":10,"nullable":false,"type":"char","scale":0,"signed":false}},{"name":"USERDEF_C1","type":{"length":50,"nullable":false,"type":"char","scale":0,"signed":false}},{"name":"USERDEF_C2","type":{"length":50,"nullable":false,"type":"char","scale":0,"signed":false}},{"name":"USERDEF_C3","type":{"length":50,"nullable":false,"type":"char","scale":0,"signed":false}},{"name":"USERDEF_N1","type":{"length":15,"nullable":false,"type":"float","scale":0,"signed":true}},{"name":"USERDEF_N2","type":{"length":15,"nullable":false,"type":"float","scale":0,"signed":true}},{"name":"USERDEF_N3","type":{"length":15,"nullable":false,"type":"float","scale":0,"signed":true}},{"name":"USERDEF_M1","type":{"length":2147483647,"nullable":true,"type":"longvarchar","scale":0,"signed":false}},{"name":"USERDEF_M2","type":{"length":2147483647,"nullable":true,"type":"longvarchar","scale":0,"signed":false}},{"name":"USERDEF_M3","type":{"length":2147483647,"nullable":true,"type":"longvarchar","scale":0,"signed":false}},{"name":"USERDEF_L1","type":{"length":1,"nullable":false,"type":"bit","scale":0,"signed":false}},{"name":"USERDEF_L2","type":{"length":1,"nullable":false,"type":"bit","scale":0,"signed":false}},{"name":"USERDEF_L3","type":{"length":1,"nullable":false,"type":"bit","scale":0,"signed":false}},{"name":"USERDEF_D1","type":{"length":23,"nullable":true,"type":"timestamp","scale":3,"signed":false}},{"name":"USERDEF_D2","type":{"length":23,"nullable":true,"type":"timestamp","scale":3,"signed":false}},{"name":"USERDEF_D3","type":{"length":23,"nullable":true,"type":"timestamp","scale":3,"signed":false}},{"name":"ACTIVE","type":{"length":1,"nullable":false,"type":"bit","scale":0,"signed":false}},{"name":"ENTITY_K","type":{"length":10,"nullable":false,"type":"char","scale":0,"signed":false}},{"name":"WEBPUBLISHSTATUS_RTK","type":{"length":10,"nullable":false,"type":"char","scale":0,"signed":false}},{"name":"INS_DT","type":{"length":23,"nullable":true,"type":"timestamp","scale":3,"signed":false}},{"name":"ROW_STATUS_CD","type":{"length":1,"nullable":true,"type":"varchar","scale":0,"signed":false}},{"name":"ETL_JOB_ID","type":{"length":5,"nullable":true,"type":"smallint","scale":0,"signed":true}}]}},"attachments":[{"id":"b1cb16b6-b83a-406a-89f0-d8aa4aae5f22","version":2,"asset_type":"data_asset","name":"reference_data","connection_id":"6d3640e3-94a0-4b3a-b291-8a2532b022d1","connection_path":"/cactus/GROUPID","datasource_type":"48695e79-6279-474a-b539-342625d3dfc2","creator_id":"icp4d-dev","create_time":1673353212228,"size":0,"is_remote":true,"is_managed":false,"is_referenced":false,"is_object_key_read_only":false,"is_user_provided_path_key":true,"transfer_complete":true,"is_partitioned":false,"complete_time_ticks":1673353212228,"user_data":{},"test_doc":0,"usage":{"access_count":0,"last_accessor_id":"icp4d-dev","last_access_time":1673353212228}}]}