{"metadata":{"asset_id":"d9eb1c0b-dbb6-4b4b-9534-c21dd82c6b8f","asset_attributes":["data_asset"],"name":"ADDRESSES","asset_type":"data_asset","created_at":"2023-01-10T12:20:33Z","origin_country":"us","owner_id":"1000330999","project_id":"a737600d-b712-4364-822c-1a069ac8f6ee","size":0,"tags":["cactus"],"usage":{"last_update_time":1673353234597,"last_updated_at":"2023-01-10T12:20:34Z"}},"entity":{"data_asset":{"mime_type":"application/x-ibm-rel-table","dataset":true,"columns":[{"name":"ADDRESS_K","type":{"length":10,"nullable":false,"type":"varchar","scale":0,"signed":false}},{"name":"ENTITY_K","type":{"length":10,"nullable":true,"type":"varchar","scale":0,"signed":false}},{"name":"LOCATIONNAME","type":{"length":60,"nullable":true,"type":"varchar","scale":0,"signed":false}},{"name":"OFFICEMANAGERNAME","type":{"length":60,"nullable":true,"type":"varchar","scale":0,"signed":false}},{"name":"ADDRESSLINE1","type":{"length":50,"nullable":true,"type":"varchar","scale":0,"signed":false}},{"name":"ADDRESSLINE2","type":{"length":50,"nullable":true,"type":"varchar","scale":0,"signed":false}},{"name":"CITY","type":{"length":40,"nullable":true,"type":"varchar","scale":0,"signed":false}},{"name":"COUNTY","type":{"length":20,"nullable":true,"type":"varchar","scale":0,"signed":false}},{"name":"STATE","type":{"length":2,"nullable":true,"type":"varchar","scale":0,"signed":false}},{"name":"COUNTRY","type":{"length":20,"nullable":true,"type":"varchar","scale":0,"signed":false}},{"name":"ZIPCODE","type":{"length":11,"nullable":true,"type":"varchar","scale":0,"signed":false}},{"name":"INTERNATIONALCODE","type":{"length":2,"nullable":true,"type":"varchar","scale":0,"signed":false}},{"name":"PHONE","type":{"length":10,"nullable":true,"type":"varchar","scale":0,"signed":false}},{"name":"EXTENSION","type":{"length":10,"nullable":true,"type":"varchar","scale":0,"signed":false}},{"name":"ALTERNATEPHONE","type":{"length":10,"nullable":true,"type":"varchar","scale":0,"signed":false}},{"name":"ALTERNATEEXTENSION","type":{"length":10,"nullable":true,"type":"varchar","scale":0,"signed":false}},{"name":"FAX","type":{"length":10,"nullable":true,"type":"varchar","scale":0,"signed":false}},{"name":"EMAIL","type":{"length":50,"nullable":true,"type":"varchar","scale":0,"signed":false}},{"name":"HOMEPAGEURL","type":{"length":150,"nullable":true,"type":"varchar","scale":0,"signed":false}},{"name":"PAGER","type":{"length":10,"nullable":true,"type":"varchar","scale":0,"signed":false}},{"name":"TAXID","type":{"length":10,"nullable":true,"type":"varchar","scale":0,"signed":false}},{"name":"ACTIVE","type":{"length":1,"nullable":true,"type":"bit","scale":0,"signed":false}},{"name":"ADDRESSSTYLE","type":{"length":1,"nullable":true,"type":"varchar","scale":0,"signed":false}},{"name":"USERDEF_RTK1","type":{"length":10,"nullable":true,"type":"varchar","scale":0,"signed":false}},{"name":"USERDEF_RTK2","type":{"length":10,"nullable":true,"type":"varchar","scale":0,"signed":false}},{"name":"USERDEF_RTK3","type":{"length":10,"nullable":true,"type":"varchar","scale":0,"signed":false}},{"name":"USERDEF_C1","type":{"length":50,"nullable":true,"type":"varchar","scale":0,"signed":false}},{"name":"USERDEF_C2","type":{"length":50,"nullable":true,"type":"varchar","scale":0,"signed":false}},{"name":"USERDEF_C3","type":{"length":50,"nullable":true,"type":"varchar","scale":0,"signed":false}},{"name":"USERDEF_D1","type":{"length":23,"nullable":true,"type":"timestamp","scale":3,"signed":false}},{"name":"USERDEF_D2","type":{"length":23,"nullable":true,"type":"timestamp","scale":3,"signed":false}},{"name":"USERDEF_D3","type":{"length":23,"nullable":true,"type":"timestamp","scale":3,"signed":false}},{"name":"USERDEF_M1","type":{"length":8000,"nullable":true,"type":"varchar","scale":0,"signed":false}},{"name":"USERDEF_M2","type":{"length":8000,"nullable":true,"type":"varchar","scale":0,"signed":false}},{"name":"USERDEF_M3","type":{"length":8000,"nullable":true,"type":"varchar","scale":0,"signed":false}},{"name":"USERDEF_L1","type":{"length":1,"nullable":true,"type":"bit","scale":0,"signed":false}},{"name":"USERDEF_L2","type":{"length":1,"nullable":true,"type":"bit","scale":0,"signed":false}},{"name":"USERDEF_L3","type":{"length":1,"nullable":true,"type":"bit","scale":0,"signed":false}},{"name":"USERDEF_N1","type":{"length":15,"nullable":true,"type":"float","scale":0,"signed":true}},{"name":"USERDEF_N2","type":{"length":15,"nullable":true,"type":"float","scale":0,"signed":true}},{"name":"USERDEF_N3","type":{"length":15,"nullable":true,"type":"float","scale":0,"signed":true}},{"name":"DIRECTIONS1","type":{"length":8000,"nullable":true,"type":"varchar","scale":0,"signed":false}},{"name":"DIRECTIONS2","type":{"length":8000,"nullable":true,"type":"varchar","scale":0,"signed":false}},{"name":"GENERALHOURS1","type":{"length":8000,"nullable":true,"type":"varchar","scale":0,"signed":false}},{"name":"GENERALHOURS2","type":{"length":8000,"nullable":true,"type":"varchar","scale":0,"signed":false}},{"name":"HIDDENADDRESS","type":{"length":1,"nullable":true,"type":"bit","scale":0,"signed":false}},{"name":"LATITUDE","type":{"length":15,"nullable":true,"type":"float","scale":0,"signed":true}},{"name":"LONGITUDE","type":{"length":15,"nullable":true,"type":"float","scale":0,"signed":true}},{"name":"WEBPUBLISHSTATUS_RTK","type":{"length":10,"nullable":true,"type":"varchar","scale":0,"signed":false}},{"name":"PAGEREXTENSION","type":{"length":10,"nullable":true,"type":"varchar","scale":0,"signed":false}},{"name":"FAXEXTENSION","type":{"length":10,"nullable":true,"type":"varchar","scale":0,"signed":false}},{"name":"INS_DT","type":{"length":23,"nullable":true,"type":"timestamp","scale":3,"signed":false}},{"name":"ROW_STATUS_CD","type":{"length":1,"nullable":true,"type":"varchar","scale":0,"signed":false}},{"name":"ETL_JOB_ID","type":{"length":5,"nullable":true,"type":"smallint","scale":0,"signed":true}}]}},"attachments":[{"id":"117085e6-9f04-4b75-9215-29ce4ab52e71","version":2,"asset_type":"data_asset","name":"reference_data","connection_id":"6d3640e3-94a0-4b3a-b291-8a2532b022d1","connection_path":"/cactus/ADDRESSES","datasource_type":"48695e79-6279-474a-b539-342625d3dfc2","creator_id":"icp4d-dev","create_time":1673353234108,"size":0,"is_remote":true,"is_managed":false,"is_referenced":false,"is_object_key_read_only":false,"is_user_provided_path_key":true,"transfer_complete":true,"is_partitioned":false,"complete_time_ticks":1673353234108,"user_data":{},"test_doc":0,"usage":{"access_count":0,"last_accessor_id":"icp4d-dev","last_access_time":1673353234108}}]}