{"metadata":{"asset_id":"8b4099e7-b70c-4524-8f3a-e12598067142","asset_attributes":["data_asset"],"name":"CREDENTIALING","asset_type":"data_asset","created_at":"2023-01-10T12:20:37Z","origin_country":"us","owner_id":"1000330999","project_id":"a737600d-b712-4364-822c-1a069ac8f6ee","size":0,"tags":["cactus"],"usage":{"last_update_time":1673353237578,"last_updated_at":"2023-01-10T12:20:37Z"}},"entity":{"data_asset":{"mime_type":"application/x-ibm-rel-table","dataset":true,"columns":[{"name":"CREDENTIALING_K","type":{"length":10,"nullable":false,"type":"varchar","scale":0,"signed":false}},{"name":"CREDENTIALINGGROUP_K","type":{"length":10,"nullable":true,"type":"varchar","scale":0,"signed":false}},{"name":"PROVIDER_K","type":{"length":10,"nullable":true,"type":"varchar","scale":0,"signed":false}},{"name":"TYPE_RTK","type":{"length":10,"nullable":true,"type":"varchar","scale":0,"signed":false}},{"name":"ENTITY_K","type":{"length":10,"nullable":true,"type":"varchar","scale":0,"signed":false}},{"name":"COMPLETED","type":{"length":1,"nullable":true,"type":"bit","scale":0,"signed":false}},{"name":"CREDENTIALINGSTATUS_RTK","type":{"length":10,"nullable":true,"type":"varchar","scale":0,"signed":false}},{"name":"CREDENTIALINGSTATUS_ASOF","type":{"length":16,"nullable":true,"type":"timestamp","scale":0,"signed":false}},{"name":"CREDENTIALING_STARTDATE","type":{"length":16,"nullable":true,"type":"timestamp","scale":0,"signed":false}},{"name":"APPLICATION_SENT","type":{"length":16,"nullable":true,"type":"timestamp","scale":0,"signed":false}},{"name":"APPLICATION_RECEIVED","type":{"length":16,"nullable":true,"type":"timestamp","scale":0,"signed":false}},{"name":"PRIVILEGES_ROLLFOWARD","type":{"length":1,"nullable":true,"type":"bit","scale":0,"signed":false}},{"name":"PRIVILEGES_STARTDATE","type":{"length":16,"nullable":true,"type":"timestamp","scale":0,"signed":false}},{"name":"PRIVILEGES_ENDDATE","type":{"length":16,"nullable":true,"type":"timestamp","scale":0,"signed":false}},{"name":"USERDEF_RTK1","type":{"length":10,"nullable":true,"type":"varchar","scale":0,"signed":false}},{"name":"USERDEF_RTK2","type":{"length":10,"nullable":true,"type":"varchar","scale":0,"signed":false}},{"name":"USERDEF_RTK3","type":{"length":10,"nullable":true,"type":"varchar","scale":0,"signed":false}},{"name":"USERDEF_C1","type":{"length":30,"nullable":true,"type":"varchar","scale":0,"signed":false}},{"name":"USERDEF_C2","type":{"length":30,"nullable":true,"type":"varchar","scale":0,"signed":false}},{"name":"USERDEF_C3","type":{"length":30,"nullable":true,"type":"varchar","scale":0,"signed":false}},{"name":"USERDEF_D1","type":{"length":23,"nullable":true,"type":"timestamp","scale":3,"signed":false}},{"name":"USERDEF_D2","type":{"length":23,"nullable":true,"type":"timestamp","scale":3,"signed":false}},{"name":"USERDEF_D3","type":{"length":23,"nullable":true,"type":"timestamp","scale":3,"signed":false}},{"name":"USERDEF_N1","type":{"length":15,"nullable":true,"type":"float","scale":0,"signed":true}},{"name":"USERDEF_N2","type":{"length":15,"nullable":true,"type":"float","scale":0,"signed":true}},{"name":"USERDEF_N3","type":{"length":15,"nullable":true,"type":"float","scale":0,"signed":true}},{"name":"USERDEF_L1","type":{"length":1,"nullable":true,"type":"bit","scale":0,"signed":false}},{"name":"USERDEF_L2","type":{"length":1,"nullable":true,"type":"bit","scale":0,"signed":false}},{"name":"USERDEF_L3","type":{"length":1,"nullable":true,"type":"bit","scale":0,"signed":false}},{"name":"USERDEF_M1","type":{"length":8000,"nullable":true,"type":"varchar","scale":0,"signed":false}},{"name":"USERDEF_M2","type":{"length":8000,"nullable":true,"type":"varchar","scale":0,"signed":false}},{"name":"USERDEF_M3","type":{"length":8000,"nullable":true,"type":"varchar","scale":0,"signed":false}},{"name":"ACTIVE","type":{"length":1,"nullable":true,"type":"bit","scale":0,"signed":false}},{"name":"WEBPUBLISHSTATUS_RTK","type":{"length":10,"nullable":true,"type":"varchar","scale":0,"signed":false}},{"name":"RESPONSIBLE_WORKGROUP_RTK","type":{"length":10,"nullable":true,"type":"varchar","scale":0,"signed":false}},{"name":"ATTESTATION_DATE","type":{"length":16,"nullable":true,"type":"timestamp","scale":0,"signed":false}},{"name":"COMPLETED_DATE","type":{"length":16,"nullable":true,"type":"timestamp","scale":0,"signed":false}},{"name":"ISSUES","type":{"length":1,"nullable":true,"type":"bit","scale":0,"signed":false}},{"name":"CREDACTIVITYCOMPLETESINSTANCE","type":{"length":1,"nullable":true,"type":"bit","scale":0,"signed":false}},{"name":"CREDENTIALING_ROLLFWDBEHAVIOR","type":{"length":10,"nullable":true,"type":"integer","scale":0,"signed":true}},{"name":"CREDENTIALING_ROLLFWDPRIVS","type":{"length":1,"nullable":true,"type":"bit","scale":0,"signed":false}},{"name":"INS_DT","type":{"length":16,"nullable":true,"type":"timestamp","scale":0,"signed":false}},{"name":"ROW_STATUS_CD","type":{"length":1,"nullable":true,"type":"varchar","scale":0,"signed":false}},{"name":"ETL_JOB_ID","type":{"length":5,"nullable":true,"type":"smallint","scale":0,"signed":true}}]}},"attachments":[{"id":"8a98649f-9653-4ea4-b844-55c873165915","version":2,"asset_type":"data_asset","name":"reference_data","connection_id":"6d3640e3-94a0-4b3a-b291-8a2532b022d1","connection_path":"/cactus/CREDENTIALING","datasource_type":"48695e79-6279-474a-b539-342625d3dfc2","creator_id":"icp4d-dev","create_time":1673353237334,"size":0,"is_remote":true,"is_managed":false,"is_referenced":false,"is_object_key_read_only":false,"is_user_provided_path_key":true,"transfer_complete":true,"is_partitioned":false,"complete_time_ticks":1673353237334,"user_data":{},"test_doc":0,"usage":{"access_count":0,"last_accessor_id":"icp4d-dev","last_access_time":1673353237334}}]}