{"metadata":{"asset_id":"160326f5-cc71-4c40-8f5e-8b641bd69c62","asset_attributes":["data_asset"],"name":"PROVIDER_CREDENTIAL_DIM","asset_type":"data_asset","created_at":"2023-01-10T12:20:24Z","origin_country":"us","owner_id":"1000330999","project_id":"a737600d-b712-4364-822c-1a069ac8f6ee","size":0,"tags":["pdi"],"usage":{"last_update_time":1673353225723,"last_updated_at":"2023-01-10T12:20:25Z"}},"entity":{"data_asset":{"mime_type":"application/x-ibm-rel-table","dataset":true,"columns":[{"name":"CREDENTIAL_ID","type":{"length":10,"nullable":false,"type":"integer","scale":0,"signed":true}},{"name":"EXT_CREDENTIAL_ID","type":{"length":10,"nullable":true,"type":"integer","scale":0,"signed":true}},{"name":"PROVIDER_ID","type":{"length":10,"nullable":true,"type":"integer","scale":0,"signed":true}},{"name":"LICENSE","type":{"length":25,"nullable":true,"type":"varchar","scale":0,"signed":false}},{"name":"STATE_CD","type":{"length":2,"nullable":true,"type":"char","scale":0,"signed":false}},{"name":"LICENSE_EXPIRE_DT","type":{"length":16,"nullable":true,"type":"timestamp","scale":0,"signed":false}},{"name":"DEA_LICENSE","type":{"length":25,"nullable":true,"type":"varchar","scale":0,"signed":false}},{"name":"DEA_EXPIRE_DT","type":{"length":16,"nullable":true,"type":"timestamp","scale":0,"signed":false}},{"name":"INS_CARRIER","type":{"length":25,"nullable":true,"type":"varchar","scale":0,"signed":false}},{"name":"INS_POLICY_NO","type":{"length":20,"nullable":true,"type":"varchar","scale":0,"signed":false}},{"name":"INS_EFF_FROM_DT","type":{"length":16,"nullable":true,"type":"timestamp","scale":0,"signed":false}},{"name":"INS_EFF_TO_DT","type":{"length":16,"nullable":true,"type":"timestamp","scale":0,"signed":false}},{"name":"INS_POLICY_DESCR","type":{"length":50,"nullable":true,"type":"varchar","scale":0,"signed":false}},{"name":"MEDICAL_SCHOOL","type":{"length":35,"nullable":true,"type":"varchar","scale":0,"signed":false}},{"name":"MED_SCHOOL_DT","type":{"length":16,"nullable":true,"type":"timestamp","scale":0,"signed":false}},{"name":"INTERNSHIP","type":{"length":35,"nullable":true,"type":"varchar","scale":0,"signed":false}},{"name":"INTERNSHIP_DT","type":{"length":16,"nullable":true,"type":"timestamp","scale":0,"signed":false}},{"name":"RESIDENCY","type":{"length":35,"nullable":true,"type":"varchar","scale":0,"signed":false}},{"name":"RESIDENCY_DT","type":{"length":16,"nullable":true,"type":"timestamp","scale":0,"signed":false}},{"name":"SPECIALTY_BOARD","type":{"length":100,"nullable":true,"type":"varchar","scale":0,"signed":false}},{"name":"BOARD_FROM_DT","type":{"length":16,"nullable":true,"type":"timestamp","scale":0,"signed":false}},{"name":"BOARD_TO_DT","type":{"length":16,"nullable":true,"type":"timestamp","scale":0,"signed":false}},{"name":"DIRECTORY_IND","type":{"length":1,"nullable":true,"type":"bit","scale":0,"signed":false}},{"name":"COUNTRY","type":{"length":20,"nullable":true,"type":"varchar","scale":0,"signed":false}},{"name":"INS_DT","type":{"length":16,"nullable":false,"type":"timestamp","scale":3,"signed":false}},{"name":"UPD_DT","type":{"length":16,"nullable":true,"type":"timestamp","scale":0,"signed":false}},{"name":"ROW_SOURCE_ID","type":{"length":3,"nullable":false,"type":"tinyint","scale":0,"signed":false}},{"name":"ROW_STATUS_CD","type":{"length":1,"nullable":false,"type":"char","scale":0,"signed":false}},{"name":"ETL_JOB_ID","type":{"length":5,"nullable":false,"type":"smallint","scale":0,"signed":true}},{"name":"CREDENTIAL_STATUS","type":{"length":25,"nullable":true,"type":"varchar","scale":0,"signed":false}}]}},"attachments":[{"id":"de21f6b6-3eae-4d51-8363-14c365c00df8","version":2,"asset_type":"data_asset","name":"reference_data","connection_id":"6d3640e3-94a0-4b3a-b291-8a2532b022d1","connection_path":"/pdi/PROVIDER_CREDENTIAL_DIM","datasource_type":"48695e79-6279-474a-b539-342625d3dfc2","creator_id":"icp4d-dev","create_time":1673353225400,"size":0,"is_remote":true,"is_managed":false,"is_referenced":false,"is_object_key_read_only":false,"is_user_provided_path_key":true,"transfer_complete":true,"is_partitioned":false,"complete_time_ticks":1673353225400,"user_data":{},"test_doc":0,"usage":{"access_count":0,"last_accessor_id":"icp4d-dev","last_access_time":1673353225400}}]}