{"metadata":{"asset_id":"a38ad019-c062-4396-a91b-d6c043470c7c","asset_attributes":["job"],"name":"MDI-DIS-cactus job","asset_type":"job","created_at":"2023-01-10T12:20:48Z","description":"","origin_country":"us","owner_id":"1000330999","project_id":"a737600d-b712-4364-822c-1a069ac8f6ee","size":0,"usage":{"last_update_time":1673353248656,"last_updated_at":"2023-01-10T12:20:48Z"}},"entity":{"job":{"asset_ref_type":"metadata_import","configuration":{"env_type":"metadata_import","env_variables":[]},"last_run_initiator":"deprecated field","last_run_time":"deprecated field","last_run_status":"deprecated field","last_run_status_timestamp":0,"future_scheduled_runs":[],"enable_notifications":true,"project_name":"jvb-TestGovernanceRulesPublish","asset_ref":"47853276-dd28-41a6-a340-2c81d202368f","schedule_id":"","schedule_creator_id":""}}}