{"metadata":{"asset_id":"88cb4151-85b9-43cc-9f39-2f7b70fbca41","asset_attributes":["job"],"name":"MDI-DIS-pdi job","asset_type":"job","created_at":"2023-01-10T12:20:48Z","description":"","origin_country":"us","owner_id":"1000330999","project_id":"a737600d-b712-4364-822c-1a069ac8f6ee","size":0,"usage":{"last_update_time":1673353248675,"last_updated_at":"2023-01-10T12:20:48Z"}},"entity":{"job":{"asset_ref_type":"metadata_import","configuration":{"env_type":"metadata_import","env_variables":[]},"last_run_initiator":"deprecated field","last_run_time":"deprecated field","last_run_status":"deprecated field","last_run_status_timestamp":0,"future_scheduled_runs":[],"enable_notifications":true,"project_name":"jvb-TestGovernanceRulesPublish","asset_ref":"0e2b8e9c-4a11-4070-810c-394ec8359d35","schedule_id":"","schedule_creator_id":""}}}