{"metadata":{"asset_id":"47853276-dd28-41a6-a340-2c81d202368f","asset_type":"metadata_import","creator_id":"1000330999","created_at":"1673353242094","project_id":"a737600d-b712-4364-822c-1a069ac8f6ee","usage":{"last_updated_at":"2023-01-10T12:20:49Z","last_updater_id":"icp4d-dev","last_update_time":1673353249800,"last_accessed_at":"2023-01-10T12:20:49Z","last_access_time":1673353249800,"last_accessor_id":"icp4d-dev","access_count":0}},"entity":{"name":"MDI-DIS-cactus","import_type":"metadata","connection_id":"6d3640e3-94a0-4b3a-b291-8a2532b022d1","target_project_id":"a737600d-b712-4364-822c-1a069ac8f6ee","job_id":"a38ad019-c062-4396-a91b-d6c043470c7c","scope":{"paths":["/cactus/ADDRESSES","/cactus/CACTUS_CMS_SPECIALTY_MAPPING","/cactus/CREDENTIALING","/cactus/EAADDRESSES","/cactus/EAADDRESSSPECIALTY","/cactus/ENTITYASSIGNMENTID","/cactus/ENTITYASSIGNMENTS","/cactus/ENTITYGROUPS","/cactus/GROUPADDRESS","/cactus/GROUPID","/cactus/GROUPS","/cactus/GROUPSPECIALTIES","/cactus/GROUPSPROVIDERSADDRESSES","/cactus/INSTITUTIONS","/cactus/LANGUAGEREFERENCES","/cactus/MEDICARE_PARTICIPATING_COUNTIES","/cactus/NPINUMBER","/cactus/PRIVILEGERESTRICTION","/cactus/PRIVILEGESMASTER","/cactus/PROVIDERADDRESSES","/cactus/PROVIDERADDRESSLIMITATIONS","/cactus/PROVIDERADDRESSSPECIALTY","/cactus/PROVIDERAFFILIATIONS","/cactus/PROVIDERAREAOFINTEREST","/cactus/PROVIDERBOARDS","/cactus/PROVIDEREDUCATION","/cactus/PROVIDERID","/cactus/PROVIDERLANGUAGES","/cactus/PROVIDERLICENSES","/cactus/PROVIDERPRIVILEGES","/cactus/PROVIDERS","/cactus/PROVIDERSPECIALTIES","/cactus/REFTABLE","/cactus/SERVICECATEGORYREFERENCES"]},"datasource_type":"database","number_of_runs":0,"mde_enabled":true}}