{"metadata":{"asset_id":"a9ae2085-e63e-4468-9215-8ccb5342e293","asset_type":"metadata_import","creator_id":"1000330999","created_at":"1673353242090","project_id":"a737600d-b712-4364-822c-1a069ac8f6ee","usage":{"last_updated_at":"2023-01-10T12:20:49Z","last_updater_id":"icp4d-dev","last_update_time":1673353249850,"last_accessed_at":"2023-01-10T12:20:49Z","last_access_time":1673353249850,"last_accessor_id":"icp4d-dev","access_count":0}},"entity":{"name":"MDI-DIS-DBO","import_type":"metadata","connection_id":"6d3640e3-94a0-4b3a-b291-8a2532b022d1","target_project_id":"a737600d-b712-4364-822c-1a069ac8f6ee","job_id":"ff8ea9e6-85dc-40c7-a247-03dc35f7c7dc","scope":{"paths":["/dbo/plan_billing_provider","/dbo/plan_billing_provider_address","/dbo/plan_billing_provider_npi","/dbo/plan_billing_provider_par","/dbo/plan_lob","/dbo/plan_location","/dbo/plan_location_address","/dbo/plan_payor","/dbo/plan_provider","/dbo/plan_provider_address","/dbo/plan_provider_address_par","/dbo/plan_provider_contract","/dbo/plan_provider_language","/dbo/plan_provider_specialty","/dbo/plan_site","/dbo/plan_site_address","/dbo/plan_source"]},"datasource_type":"database","number_of_runs":0,"mde_enabled":true}}