Name,Artifact Type,Category,Artifact ID,Description,Tags,Stewards,custom_Alignment Version,custom_KA Copyright,custom_KA Version,custom_Referenced Topic
Knowledge Accelerator for Healthcare,category,Knowledge Accelerator for Healthcare,7b7a6457-2630-482f-8b49-e46d632b012d,"IBM Knowledge Accelerator for Healthcare

Copyright IBM Corp. 2020, 2022.

Documentation for this offering https://www.ibm.com/docs/SSQNUZ_4.5.x/ka/ka-cpd.html

Notices for this offering https://www.ibm.com/docs/SSQNUZ_4.5.x/ka/notices.html",vocabulary,,,"Licensed Materials - Property of IBM
© Copyright IBM Corp. 2020, 2021. All Rights Reserved",2.0.20210805,
"",,,,,healthcare,,,,,
Business Core Vocabulary,category,7b7a6457-2630-482f-8b49-e46d632b012d,46929f30-5e52-4a97-bea2-20868d73d74f,The core grouping of the terms independent of any business topic. This consists of a set of  categories where each category represents a significant cross-enterprise subject area.,core area,,,,,
Business Scopes,category,7b7a6457-2630-482f-8b49-e46d632b012d,9a7c8f98-dbdf-426f-a2db-b6309e08249a,The different views across the business vocabulary to identify how key business topics are covered.,scope area,,,,,
Submitted Healthcare Claim,category,9a7c8f98-dbdf-426f-a2db-b6309e08249a,0d906852-3c7c-4403-a703-277e4434f18f,"This scope describes the details of a claim as it would be submitted by a healthcare provider or received by a payer organization. This includes terms describing the claim at both header and detail line level and includes content for Medical, Pharmacy and dental claims.

Attribution - Do Not Remove

Fast Healthcare Interoperability Resources (FHIR)

Copyright © 2011+ HL7

End of Attribution",scope area,,,,,
Patient Administration - ADT,category,9a7c8f98-dbdf-426f-a2db-b6309e08249a,2fb26bf8-3c62-43d2-9300-a3e5fb1e47bb,"This scope describes the management of an in-patient scenario where a patient is admitted to a hospital setting for care and subsequently discharged including the associated encounters between the patient and healthcare practitioners.

Attribution - Do Not Remove

Fast Healthcare Interoperability Resources (FHIR)

Copyright © 2011+ HL7

End of Attribution",scope area,,,,,
Personal Health Record - Continuity Of Care,category,9a7c8f98-dbdf-426f-a2db-b6309e08249a,5d2add5a-33ea-4d0a-835d-335ce5ca0110,"This scope describes the details of an individual’s medical history that would be recorded in various care settings or when enrolling in a health plan. This information is also exchanged, when authorized, between providers and payers to ensure key information about an individual is not overlooked. The information provides an overview of the individual and is not intended to accommodate the very detailed medical records that would be generated and used in a healthcare provision setting.

Attribution - Do Not Remove

Fast Healthcare Interoperability Resources (FHIR)

Copyright © 2011+ HL7

End of Attribution",scope area,,,,,
Health Plan Product - Features and Benefits,category,9a7c8f98-dbdf-426f-a2db-b6309e08249a,6104ac70-57bf-400a-ae4e-2084c366d6cf,"This scope describes the components of a health plan product and its features and benefits as well as the certification of that product in given locations by a regulatory authority.

Attribution - Do Not Remove

Fast Healthcare Interoperability Resources (FHIR)

Copyright © 2011+ HL7

End of Attribution",scope area,,,,,
Clinical Order - Imaging,category,9a7c8f98-dbdf-426f-a2db-b6309e08249a,66e8c544-2a3e-4084-8f13-13e85bc41f0a,"This scope describes the placing of a clinical order by a healthcare practitioner for a diagnostic image or set of images for a patient and the clinical findings that result from this order.

Attribution - Do Not Remove

Fast Healthcare Interoperability Resources (FHIR)

Copyright © 2011+ HL7

End of Attribution",scope area,,,,,
Patient Practitioner,category,9a7c8f98-dbdf-426f-a2db-b6309e08249a,fedb1993-cbbd-4b6c-96da-c76669098964,"This scope contains the information required to fully describe a patient as a person, a healthcare practitioner and the relationships between patients and practitioners.

Attribution - Do Not Remove

Fast Healthcare Interoperability Resources (FHIR)

Copyright © 2011+ HL7

End of Attribution",scope area,,,,,
Order,category,46929f30-5e52-4a97-bea2-20868d73d74f,07d5c4ef-7ea6-43a8-9b82-38136a353820,"A category that groups business terms supporting material or service requests. Services are usually associated with a particular patient where as material requests are usually not associated with a particular patient. 

For example: 
Service requests can include medications from pharmacy, clinical observations from the nursing, tests from the laboratory, food from dietary, images from radiology, linens from housekeeping, supplies from central supply.
Material requests can include floor stock, maintenance requests, office equipment, stationary.",core area,,,,,
Clinical Order,category,46929f30-5e52-4a97-bea2-20868d73d74f,102f9188-0451-45b8-bd06-0e746b74c43c,"A category that groups business terms supporting service requests for a patient. These can include medications from pharmacy, clinical observations from the nursing service, tests from the laboratory, food from dietary, images from radiology, linens from housekeeping, supplies from central supply.",core area,,,,,
Patient Administration,category,46929f30-5e52-4a97-bea2-20868d73d74f,3571cc81-5b1b-4626-b13d-ccd4923191f0,"A category that groups business terms that support events such as admission, discharge, transfer, and registration.",core area,,,,,
Event,category,46929f30-5e52-4a97-bea2-20868d73d74f,3d697862-c3f4-4f7f-8950-d14993146561,A category that groups business terms that support things that occur at a healthcare organization.,core area,,,,,
Personal Health Record,category,46929f30-5e52-4a97-bea2-20868d73d74f,489e50a4-4dc1-4fb3-b157-528d00a4e84b,A category that groups business terms that support health records and related access by authorized parties.,core area,,,,,
Marketing Activity,category,46929f30-5e52-4a97-bea2-20868d73d74f,5817cc43-ac31-4f73-b6db-600579bf1b32,A category that groups business terms that support business activities such as campaigns and marketing and their associated expenses.,core area,,,,,
Claim,category,46929f30-5e52-4a97-bea2-20868d73d74f,5c301957-fb6d-4558-8ea3-edd01fae5f62,A category that groups business terms related to both claims being submitted by the provider and post-adjudicated claims.,core area,,,,,
Agreement,category,46929f30-5e52-4a97-bea2-20868d73d74f,7c127606-b500-4cb5-8d15-4bfa75bd2cc8,"A category that groups business terms that support a mutual and binding understanding or contract between two or more parties. Some examples include financial services agreements, purchase or supplier agreements, HMO membership agreements, and coverage agreements.",core area,,,,,
Location,category,46929f30-5e52-4a97-bea2-20868d73d74f,89dac02b-177f-4828-9992-f3df4a07ff0b,A package that contains data data elements supporting physical places. The primary location that is modeled is the point of care location.,core area,,,,,
Procedure,category,46929f30-5e52-4a97-bea2-20868d73d74f,a8f884d7-bee8-418f-b13d-666ea27af921,A category that groups business terms that support healthcare tasks such as tests and curative therapies that are performed on a patient.,core area,,,,,
Specimen,category,46929f30-5e52-4a97-bea2-20868d73d74f,ba481f92-4b2d-4aa5-b2ea-553caf35397a,A category that groups business terms related to biological material removed from a patient to be used in medical laboratory tests.,core area,,,,,
Diagnosis,category,46929f30-5e52-4a97-bea2-20868d73d74f,c0e6446f-6bc6-421f-ac2e-830f163d036d,"A category that groups business terms that support the medical determination of disease or syndrome established by a practitioner. The focus is on the disease process and the physical, genetic, or environmental cause of that process and includes both the coding and observation of a medical condition.",core area,,,,,
Party And Role,category,46929f30-5e52-4a97-bea2-20868d73d74f,cb5d3d86-2494-4250-a1ff-4ceb824cc64d,A category that groups business terms that support individuals and organizations as well as the roles that they play.,core area,,,,,
Encounter,category,46929f30-5e52-4a97-bea2-20868d73d74f,e4ce460d-5e53-48c6-a7f8-6e133165e1cd,"A category that groups business terms that support a patient contact where multiple events may take place. An encounter captures the interaction between healthcare practitioners and the patient for the purpose of providing healthcare services to the patient. The interaction can happen in various settings: within a facility where the patient can be admitted overnight (inpatient stay), as an outpatient or as a phone consultation.",core area,,,,,
Communication And Documentation,category,46929f30-5e52-4a97-bea2-20868d73d74f,f8065bc6-c1a7-498a-9dbe-41bb8f8e6734,"A category that groups business terms that support information that may be exchanged between parties, the evidences of communications and any means to support the information as well as information specific to a transcribed document.",core area,,,,,
Organization,category,cb5d3d86-2494-4250-a1ff-4ceb824cc64d,22edd7a2-a383-4d07-813d-f65d130d3c54,"A category that groups business terms that support legal entities such as manufacturers, providers and payers.",core area,,,,,
Practitioner,category,cb5d3d86-2494-4250-a1ff-4ceb824cc64d,64576267-d5d8-460a-86a8-060c8cd9ddbf,"A category that groups business terms that support a person who provides medical care such as a doctor, nurse, pharmacist, therapist, or other health professional.",core area,,,,,
Contact Information,category,cb5d3d86-2494-4250-a1ff-4ceb824cc64d,6bfbd36d-8d2a-41d1-8ac7-7eddc74f8fa3,"A category that groups business terms that support the tracking of information related to a person or organization's name, address, phone, or email information.",core area,,,,,
Plan Member,category,cb5d3d86-2494-4250-a1ff-4ceb824cc64d,bee64c6c-c791-4d3a-bce9-0bcce3981336,A category that groups business terms that support a person who is an enrolled member of a health plan and related content.,core area,,,,,
Person,category,cb5d3d86-2494-4250-a1ff-4ceb824cc64d,cf9b1e18-d581-45c9-b7dc-cbfca73c233b,A category that groups business terms that support any individual human being living or dead and regardless of any roles they may play.,core area,,,,,
Patient,category,cb5d3d86-2494-4250-a1ff-4ceb824cc64d,e22e25cf-c6de-472d-9344-2b96ff8b4219,A category that groups business terms that support a person receiving medical care.,core area,,,,,
Party,category,cb5d3d86-2494-4250-a1ff-4ceb824cc64d,f40460a3-79e7-48a9-aed2-cb2010998b58,"A category that groups business terms that support parties, role players and specialties.",core area,,,,,
Knowledge Accelerator for Cross Industry,category,,7b443c89-5306-4069-90b4-af58479d800e,"IBM Knowledge Accelerator for Cross Industry
Copyright IBM Corp. 2020, 2022.
Documentation for this offering https://www.ibm.com/docs/SSQNUZ_4.5.x/ka/ka-cpd.html
Notices for this offering https://www.ibm.com/docs/SSQNUZ_4.5.x/ka/notices.html",vocabulary,,,,,
Business Scopes,category,7b443c89-5306-4069-90b4-af58479d800e,625cca4c-c566-4b6e-8519-dd04013fd25e,The different views across the business vocabulary to identify how key business topics are covered.,scope area,,,,,
Business Core Vocabulary,category,7b443c89-5306-4069-90b4-af58479d800e,869329e0-db78-4c2f-b539-a831722602f7,The core grouping of terms independent of any business topic.,core area,,,,,
Personal Data,category,625cca4c-c566-4b6e-8519-dd04013fd25e,1a8525b2-0832-49a8-ac4c-77afe7b1f3f2,"A Business Scope that groups terms for Personal Data addressing personal, identifying and sensitive information of individuals. These classifications include Personal Information (PI), Sensitive Personal Information (SPI) and Personally Identifiable Information (PII). This set of terms are not intended to be a definitive standard for data privacy and protection requirements, as the classifications of PI, SPI and PII may vary in different legal jurisdictions. The scope is designed to be a template to accelerate governance of data privacy information and the activities related to processing such information.",scope area,,,,,
Contact Center,category,625cca4c-c566-4b6e-8519-dd04013fd25e,1bc69e7d-922c-4e4c-868e-110aa727b956,"A Business Scope that groups terms for Contact Center addressing the characteristics of Contact Center communications, people and systems involved, contact preferences and documentation.",scope area,,,,,
Documentation,category,1bc69e7d-922c-4e4c-868e-110aa727b956,70f78c65-a867-41c9-80b3-b29eb7dbb342,"This category contains business terms related to contact center documentations such as recordings, notes, emails etc.",scope area,,,,,
Product,category,1bc69e7d-922c-4e4c-868e-110aa727b956,740a852d-96c9-4882-82b6-60d728eb2d9a,This category contains business terms related to contact center product information.,scope area,,,,,
Customer,category,1bc69e7d-922c-4e4c-868e-110aa727b956,a3e34666-836f-47fc-93e7-b78d7ebc4762,This category contains business terms related to contact center customer information.,scope area,,,,,
Address,category,1bc69e7d-922c-4e4c-868e-110aa727b956,a73490f9-0489-4797-97f0-7c4d48773fab,This category contains business terms related to contact center address information.,scope area,,,,,
Customer Communication,category,1bc69e7d-922c-4e4c-868e-110aa727b956,c4cfdd71-43bd-4676-b2c4-69fdadc37954,This category contains business terms related to contact center communications to and from customers.,scope area,,,,,
Organization,category,1bc69e7d-922c-4e4c-868e-110aa727b956,f5f1403a-6dd9-4863-8034-011c09b99df6,This category contains business terms related to contact center organization information.,scope area,,,,,
Basic Personal Information,category,1a8525b2-0832-49a8-ac4c-77afe7b1f3f2,006a10a2-9872-4c6d-8f6d-c0f9788f920b,A collection of basic personal information about an individual.,scope area,,,,,
Affiliations,category,1a8525b2-0832-49a8-ac4c-77afe7b1f3f2,0701eec1-aa02-43de-8888-389388c6095b,"A collection of personal information about an individual's affiliations such as club membership, trade union memberships and other professional memberships.",scope area,,,,,
Demographics,category,1a8525b2-0832-49a8-ac4c-77afe7b1f3f2,2a71b562-cc08-40dc-8be0-b4d4a7108e58,A collection of personal information about an individual’s demographics.,scope area,,,,,
ID - Government,category,1a8525b2-0832-49a8-ac4c-77afe7b1f3f2,373de29b-75f4-4d91-9088-b0cd3e98ecff,"A collection of personal identifiable and personal information that covers information collected from government official documents on customers, employees and other data subjects.",scope area,,,,,
"Beliefs, Views & Opinions",category,1a8525b2-0832-49a8-ac4c-77afe7b1f3f2,3987bddc-f950-46dc-ab8b-d6734e8f777a,"A collection of personal information about an individual’s beliefs and opinions such as political beliefs, religion, opinions and other ideological beliefs etc.",scope area,,,,,
Personal Preference Information,category,1a8525b2-0832-49a8-ac4c-77afe7b1f3f2,3e0951db-d6bf-4887-a565-8b84c94ee174,A collection of personal information about an individual's preferences indicated directly by a person or expressed in surveys or comments on online forums. The preferences influence how the organization provides products and services or processes information for the person.,scope area,,,,,
Human Resources,category,1a8525b2-0832-49a8-ac4c-77afe7b1f3f2,62755581-d85a-4c0e-821c-f6b98ace64d1,"A broad collection of personal, personal identifiable information and sensitive personal information found in Human Resources data including security information, benefits,vetting data, beneficiary and dependents, emergency contact information, employee identifiable information, salary information, performance, education, promotions, travel and work related assignments.",scope area,,,,,
Education & Skills,category,1a8525b2-0832-49a8-ac4c-77afe7b1f3f2,6e76f8eb-ba47-4cfe-881d-6ce4ad693b1b,"A collection of personal information about an individual’s education and skills such as training courses, languages, skills, certifications etc.",scope area,,,,,
Telephony & Video,category,1a8525b2-0832-49a8-ac4c-77afe7b1f3f2,7cc7ba75-9f1a-43c5-b83c-01d91516908f,"A collection of personal information in relation to telephony and video information including access information, call data including call logs and video recording captured on CCTV (closed-circuit television) in which signals are not publicly distributed but are monitored, primarily for surveillance and security purposes.",scope area,,,,,
Communication,category,1a8525b2-0832-49a8-ac4c-77afe7b1f3f2,7fa127e4-331e-4cad-ac50-f9f38a536125,A collection of personal information about an individual’s communications.,scope area,,,,,
Online Activities,category,1a8525b2-0832-49a8-ac4c-77afe7b1f3f2,86aec73f-02d1-45a0-b871-5ff0d5e0ebed,A collection of personal and personal identifier information collected on an individual around online activity to provide access to online services and manage their use of a service.,scope area,,,,,
Criminal & Offence Activity,category,1a8525b2-0832-49a8-ac4c-77afe7b1f3f2,b7c94cb8-c9e4-4be6-b40a-f41666a48472,A collection of personal information about an individual’s criminal history and convictions.,scope area,,,,,
Finance,category,1a8525b2-0832-49a8-ac4c-77afe7b1f3f2,c49fd70e-d54a-45e4-a844-2591a9ffe4dc,"A collection of personal information about an individual’s financial activity such as bank account number, credit rating, credit card number, financial assets etc.",scope area,,,,,
Health & Biometric,category,1a8525b2-0832-49a8-ac4c-77afe7b1f3f2,c71f549d-bbd7-4ff8-81ee-ec3800994fb9,"A collection of personal information about an individual’s health and other biometric data e.g. blood type, health status, illness, medical records, genetic data etc. This includes any quantitative details about the course of a disease, or the observation, noted findings and recommendations and any treatment taken or to be taken by the person. Biometric data that is created during a biometric process.  Biometric data is distinctive, measurable characteristics used to label and describe individuals. Biometric identifiers are often categorized as physiological versus behavioral characteristics. Physiological characteristics are related to the shape of the body such as fingerprints, face or voice recognition, DNA, palm print, hand geometry, iris recognition, retina scanning.",scope area,,,,,
Schedules,category,1a8525b2-0832-49a8-ac4c-77afe7b1f3f2,dc567b40-f13d-48b5-b121-2c74142d0707,A collection of personal information about employee calendar information and availability.,scope area,,,,,
Location,category,1a8525b2-0832-49a8-ac4c-77afe7b1f3f2,e7d4e3b0-464b-4df3-bb6a-e4699345be98,"A collection of personal information that covers location information associated with work locations, geolocation, geographic area and addresses, mobile and device locations and approximate location such as electronic addresses.",scope area,,,,,
Online Behavior,category,1a8525b2-0832-49a8-ac4c-77afe7b1f3f2,e9280932-5ed5-4146-8cc5-a5426ba190bf,"A collection of personal information about an individual's online behavior including browsing, search key words, online purchases, subscriptions and social media activity.",scope area,,,,,
ID - Others,category,1a8525b2-0832-49a8-ac4c-77afe7b1f3f2,fa856472-fd24-417e-8d11-e69e6d06ee8b,"A collection of personal identifiable information that covers identifiers associated with assets, customers, individuals including employees and vehicles.",scope area,,,,,
Pork Industry,category,,9f456ac6-c187-4ac7-a8b1-cfc156d49ab3,Industry Terms relating to the farming of hogs.,,,,,,
Industry Accelerators,category,,759347b2-9995-4e04-97ae-2ef52b4b9e59,The IBM Industry Accelerators are a suite of collections of various artifacts intended to address a particular business or industry issue.,,,,,,
Customer 360 Degree View,category,759347b2-9995-4e04-97ae-2ef52b4b9e59,da7f0f43-7d99-4a7e-a2ed-d4c4ce4253d1,"The collection of concepts and metrics useful for analysis of customer segmentation, credit risk, loyalty and social media sentiment. © Copyright IBM Corp. 2019. All Rights Reserved",,,,,,
Locations,category,,eebd338d-dbd5-37e4-9e4a-1296de82963a,Locations Category (LC) is defined as parent for locations reference datasets.,,,,,,
dasd,category,,4ea73ce5-a48e-4268-aa29-a6c5a2bf916a,,,,,,,
CHP-BusinessGlossary,category,,0932a62f-1b32-48d2-8180-c9e02ebde98b,Business Glossary for Community Health Plan,Sensitive,,,,,
Claims,category,0932a62f-1b32-48d2-8180-c9e02ebde98b,43a7ccea-598d-4203-bdce-f2c24d25c36b,,,,,,,
Provider,category,0932a62f-1b32-48d2-8180-c9e02ebde98b,463722ae-354a-4484-b6fb-fec479274701,,,,,,,
Member,category,0932a62f-1b32-48d2-8180-c9e02ebde98b,7321aef6-1c11-4e0a-91c8-5ec124b0cb58,,,,,,,
