{"metadata":{"asset_id":"3f89823e-9121-408e-b8d1-89be43153790","asset_attributes":["wml_pipeline"],"name":"Credit Risk AutoAI","asset_type":"wml_pipeline","created_at":"2022-07-13T11:11:13Z","description":"AutoAI experiment to develop a credit risk model","origin_country":"us","owner_id":"1000330999","project_id":"6d8022e5-71c7-41c7-a697-e6c26fabebeb","sandbox_id":"6d8022e5-71c7-41c7-a697-e6c26fabebeb","size":0,"tags":["dsx-project.6d8022e5-71c7-41c7-a697-e6c26fabebeb"],"usage":{"last_update_time":1657710673070,"last_updated_at":"2022-07-13T11:11:13Z"}},"entity":{"wml_pipeline":{"document":{"doc_type":"pipeline","pipelines":[{"id":"autoai","nodes":[{"id":"automl","op":"kube","parameters":{"output_logs":true,"input_file_separator":",","stage_flag":true,"optimization":{"compute_pipeline_notebooks_flag":true,"cv_num_folds":3,"daub_adaptive_subsampling_max_mem_usage":9000000000,"holdout_param":0.1,"label":"Risk","learning_type":"classification","max_num_daub_ensembles":1,"positive_label":"No Risk","run_cognito_flag":true,"scorer_for_ranking":"accuracy"},"n_parallel_data_connections":4,"one_vs_all_file":true},"runtime_ref":"autoai","type":"execution_node"}],"runtime_ref":"hybrid"}],"primary_pipeline":"autoai","runtimes":[{"app_data":{"wml_data":{"hardware_spec":{"base_id":"c076e82c-b2a7-4d20-9c0f-1f0c2fdf5a24","name":"M"}}},"id":"autoai","name":"auto_ai.kb"}],"version":"2.0"},"ml_version":"4.0.1"}}}