{"fields":[{"key":"key_analysis_area_id","type":"string","facet":false,"is_array":false,"is_searchable_across_types":true},{"key":"result_asset_name","type":"string","facet":false,"is_array":false,"is_searchable_across_types":true},{"key":"pk_defined","type":"number","facet":false,"is_array":false,"is_searchable_across_types":true},{"key":"pk_assigned","type":"number","facet":false,"is_array":false,"is_searchable_across_types":true}],"relationships":[],"global_search_searchable":[],"attribute_only":true,"is_column_custom_attribute":false,"can_have_image":false,"version":1,"name":"key_analyses","scope":"GLOBAL","allow_decorators":false}