Name,Artifact Type,Category,Artifact ID,Description,Tags,Classifications,Stewards,Related Terms,Business Start,Business End,Part Of Terms,Type Of Terms,Abbreviations,Data Classes,Synonyms,Secondary Categories
Salary,glossary_term,74478d6d-a7b8-44aa-b9ec-d1792afdf2a4,7b11d9d1-4df1-42af-b89a-c6cb48cd38c4,The salary/pay information for an employee - Sensitive Data,,bc2df7be-70d0-4f48-94f3-50c6e96f3143,,,2022-08-03 20:26:28,,,,,d522a257-c07d-4028-946b-e17d40cc4ff3,,
Credit Card Number,glossary_term,ac1120dd-001a-46d7-a3e4-a06116eafc27,cc0e0019-dcc2-4d3c-af65-49ebde5ca0e6,"The number assigned to a credit card, which is used to uniquely identify the individual card holder and the card issuer. A credit card is a payment card issued to cardholders by a card issuer to enable the cardholder to pay for goods and services.",Sensitive Information,,,d67be4c5-3959-45f7-aa26-e805c0d89766,2022-08-03 20:20:58,,,,,3e33db4f-e9dd-41d5-88b8-7a9d468d38a6,,
"",,,,,PCI,,,e72933f8-9c54-4d61-8051-7a507386e386,,,,,,,,
Credit Card Validation Number,glossary_term,ac1120dd-001a-46d7-a3e4-a06116eafc27,d67be4c5-3959-45f7-aa26-e805c0d89766,"A 3 or 4 digits number representing a credit card validation number. The validation number for Visa, Master Card and Discover is a 3-digit number printed on the back of the card. It appears after and to the right of the card number. The American Express validation number is a 4-digit number printed on the front of the card. It appears after and to the right of the card number.",Sensitive Information,,,e72933f8-9c54-4d61-8051-7a507386e386,2022-08-03 20:20:58,,,,,314a0548-bedb-4487-9ca1-a523cc4c3f0a,,
"",,,,,PCI,,,cc0e0019-dcc2-4d3c-af65-49ebde5ca0e6,,,,,,,,
Credit Card Expiration Date,glossary_term,ac1120dd-001a-46d7-a3e4-a06116eafc27,e72933f8-9c54-4d61-8051-7a507386e386,"A date value in format month/year representing a credit card expiration date. Expiration dates usually consist of a month and year only. In such cases, the cards remain valid until the last calendar day of that month. If, for example, an expiration date reads 06/19, this means it can be used until midnight on June 30, 2019.",Sensitive Information,,,d67be4c5-3959-45f7-aa26-e805c0d89766,2022-08-03 20:20:58,,,,,177c170b-2bd7-4caf-80e7-fe7097f1ace9,,
"",,,,,PCI,,,cc0e0019-dcc2-4d3c-af65-49ebde5ca0e6,,,,,,,,
Exploratory Zone,glossary_term,e853dbdd-059d-4246-81cc-7c63520e5b18,00aa1125-a441-479d-ade2-6879c0d555ae,Information prepared for exploratory analysis,,,,,2022-08-03 20:15:26,,,,,,,
Measurable,glossary_term,e853dbdd-059d-4246-81cc-7c63520e5b18,018d411c-dda6-4575-b7a1-4644c2b4e5ee,"using quantifiable values to demonstrate the value of a system, information collection, project, or program of activities.",,,,,2022-08-03 20:15:26,,,,,,,
Governance Definition,glossary_term,e853dbdd-059d-4246-81cc-7c63520e5b18,0310c792-55e7-4834-b52f-c6368ab4fb3d,A concept used to classify and control the governance of information,,,,,2022-08-03 20:15:26,,,,,,,
Source Code Authoritative Source,glossary_term,e853dbdd-059d-4246-81cc-7c63520e5b18,048e15ff-7587-4db3-9321-f8eebe2d7ebb,,,,,,2022-08-03 20:15:26,,,,,,,
Partner Confidential,glossary_term,e853dbdd-059d-4246-81cc-7c63520e5b18,056ebfa3-6548-4e3a-aa40-84374b131419,Information is about a partner organization (such as customer or supplier) that has been requested to be kept in confidence.,,,,,2022-08-03 20:15:26,,,,,,,
Team Lifetime,glossary_term,e853dbdd-059d-4246-81cc-7c63520e5b18,0b415a7a-de9d-4081-aa03-cdccc376ef9b,This information is need for the lifetime of the associated team.  It can be deleted or archived once the team disbands.,,,,,2022-08-03 20:15:26,,,,,,,
UK National Insurance Number,glossary_term,e853dbdd-059d-4246-81cc-7c63520e5b18,0b781296-4f42-4e60-811f-f153e8d70429,Data that represents a United Kingdom national insurance number issued to a person,,,,,2022-08-03 20:15:26,,,,,,,
Internal Use,glossary_term,e853dbdd-059d-4246-81cc-7c63520e5b18,0d4b4d07-58a5-4273-84d5-a8fdd2a30019,Information is used to drive the every day working of the organization,,,,,2022-08-03 20:15:26,,,,,,,
Canadian Social Insurance Number,glossary_term,e853dbdd-059d-4246-81cc-7c63520e5b18,0d88d30c-784c-4ae9-b341-5e0b5004033d,Data that represents a Canadian social insurance number,,,,,2022-08-03 20:15:26,,,,,,,
Company Name,glossary_term,e853dbdd-059d-4246-81cc-7c63520e5b18,0ecd53e2-9ce5-4b58-b1d5-84cdd0dde512,Data that designates a company name,,,,,2022-08-03 20:15:26,,,,,,,
Twenty Years Retention,glossary_term,e853dbdd-059d-4246-81cc-7c63520e5b18,0f67b41b-8bc5-45c0-a1ed-0a092672916f,Twenty years retention before archive.,,,,,2022-08-03 20:15:26,,,,,,,
Uniform Resource Locator,glossary_term,e853dbdd-059d-4246-81cc-7c63520e5b18,1125fa5c-3658-4d79-b32d-ab3d793529f1,Data that represents a uniform resource locator which is commonly referred to as a URL. For example www.ibm.com,,,,,2022-08-03 20:15:26,,,,,,,
User Role,glossary_term,e853dbdd-059d-4246-81cc-7c63520e5b18,13741e65-372a-4417-a703-9f7fbd652c2d,A description of a set of responsibilities given to individuals in an organization.,,,,,2022-08-03 20:15:26,,,,,,,
Requirements Authoritative Source,glossary_term,e853dbdd-059d-4246-81cc-7c63520e5b18,1525bc94-2d1e-4cfb-9630-ac57bc62150e,,,,,,2022-08-03 20:15:26,,,,,,,
Information View Zone,glossary_term,e853dbdd-059d-4246-81cc-7c63520e5b18,16506133-d408-4c9f-9cae-e53cb2013ae1,Simplified views of information.,,,,,2022-08-03 20:15:26,,,,,,,
Cost-effective,glossary_term,e853dbdd-059d-4246-81cc-7c63520e5b18,1954f35c-824b-4b59-9c3e-dd0733c4f8c8,"The costs to set up and run a project, or program of activities must be in line with potential value and risks to the organization.",,,,,2022-08-03 20:15:26,,,,,,,
Important,glossary_term,e853dbdd-059d-4246-81cc-7c63520e5b18,1a1e1147-f5ce-4553-8752-fa10e325bb54,Parts of the business are unable to function properly.,,,,,2022-08-03 20:15:26,,,,,,,
Credit Card Number,glossary_term,e853dbdd-059d-4246-81cc-7c63520e5b18,1abb2378-4c8c-40a8-8864-3fded5f0229b,"Data that designates a credit card number from any credit card provider like AMEX, Discover, Master Card, Visa etc.",,,,,2022-08-03 20:15:26,,,,,,,
Semantic Classification,glossary_term,e853dbdd-059d-4246-81cc-7c63520e5b18,217d69f2-d65a-454c-89ad-7e4f9d9a4822,Semantic classification identifies the meaning of an information element.,,,,,2022-08-03 20:15:26,,,,,,,
Governance Data Zone,glossary_term,e853dbdd-059d-4246-81cc-7c63520e5b18,280c8937-b80b-4a31-a323-7d07e66784e1,Details about governance program and related metadata.,,,,,2022-08-03 20:15:26,,,,,,,
Information Curator,glossary_term,e853dbdd-059d-4246-81cc-7c63520e5b18,2c11517f-2a16-4e99-bf46-e3f97625f8e6,Information Curators maintain the descriptive information (metadata) about an information collection to make it easier for others to find and reuse the information.,,,,,2022-08-03 20:15:26,,,,,,,
Confidentiality Business Classification,glossary_term,e853dbdd-059d-4246-81cc-7c63520e5b18,2cdd9927-7f90-4a98-8d12-d2d34c6058e1,Confidentiality is used to classify the impact of disclosing information to unauthorized individuals.,,,,,2022-08-03 20:15:26,,,,,,,
Original,glossary_term,e853dbdd-059d-4246-81cc-7c63520e5b18,2d185733-de14-4f53-b51e-9f68e479a5ad,Original information that comes from operational applications,,,,,2022-08-03 20:15:26,,,,,,,
Staging Area Zone,glossary_term,e853dbdd-059d-4246-81cc-7c63520e5b18,2e643a1f-b4bf-44ec-9a98-76377d4a8604,Temporary information collections used by the data refineries.,,,,,2022-08-03 20:15:26,,,,,,,
Confidential,glossary_term,e853dbdd-059d-4246-81cc-7c63520e5b18,2e93ba13-7158-4e0f-ac9b-54c719a28368,This information is only for people with a need to know.,,,,,2022-08-03 20:15:26,,,,,,,
Vitality Activity Type,glossary_term,e853dbdd-059d-4246-81cc-7c63520e5b18,2f0eff8c-3f51-4159-8c10-343f25264be5,"A procedure, task or automated process that evolves the information governance program to support new requirements and reach deeper into the organization.",,,,,2022-08-03 20:15:26,,,,,,,
Country,glossary_term,e853dbdd-059d-4246-81cc-7c63520e5b18,2f889017-ee0f-47d1-8e2b-a9ca4b57d810,"Data that represents a country code like CA, ES, FR, IT, UK, US or country name such as United States, France, Italy, Spain, Germany, United Kingdom, Switzerland, Portugal, Cyprus, Greece, Belgium, Vatican City, Ukraine, Netherlands etc.",,,,,2022-08-03 20:15:26,,,,,,,
Person Subject Area,glossary_term,e853dbdd-059d-4246-81cc-7c63520e5b18,31192803-3c16-4c86-93e7-272b1d8ddd71,Information describing an individual person.,,,,,2022-08-03 20:15:26,,,,,,,
Project Lifetime,glossary_term,e853dbdd-059d-4246-81cc-7c63520e5b18,330ab466-03d4-4a6b-91f7-bf10751f7878,This information is needed for the lifetime of the associated project.  It can be archived once the project completes,,,,,2022-08-03 20:15:26,,,,,,,
Severity 1,glossary_term,e853dbdd-059d-4246-81cc-7c63520e5b18,335785c3-3d43-4b7b-9bc0-88c642e2d3ab,Critical Situation/System Down/Information Unusable,,,,,2022-08-03 20:15:26,,,,,,,
Province,glossary_term,e853dbdd-059d-4246-81cc-7c63520e5b18,366b7f1b-f059-4a50-b0a9-2108b9494ec3,"Data that represents the province of a country in the form of a code like 'AL', 'BC', 'NB' or name such as are Alberta or British Columbia etc.",,,,,2022-08-03 20:15:26,,,,,,,
Address,glossary_term,e853dbdd-059d-4246-81cc-7c63520e5b18,368a802a-1e29-4e80-9274-b711a9af7723,Data that represents a street address or a portion of a street address. For example 9104 Princeton Lane,,,,,2022-08-03 20:15:26,,,,,,,
Data Classification,glossary_term,e853dbdd-059d-4246-81cc-7c63520e5b18,37f7f154-750f-497c-a730-06d4520feec3,Classify data based on its type of implementation.,,,,,2022-08-03 20:15:26,,,,,,,
Severity 2,glossary_term,e853dbdd-059d-4246-81cc-7c63520e5b18,3846e8bf-b0bf-48de-81d6-befc70651446,Severe impact.,,,,,2022-08-03 20:15:26,,,,,,,
Information Owner,glossary_term,e853dbdd-059d-4246-81cc-7c63520e5b18,384e808e-8c26-4f97-8f1e-4f3bd59b895b,An Information Owner is accountable for the correct governance of a particular collection of information.,,,,,2022-08-03 20:15:26,,,,,,,
Subject Area,glossary_term,e853dbdd-059d-4246-81cc-7c63520e5b18,3affeeff-d2c5-4982-a54f-e7b5b84c98f0,A topic,,,,,2022-08-03 20:15:26,,,,,,,
Governance Zone,glossary_term,e853dbdd-059d-4246-81cc-7c63520e5b18,3db338fb-e2a8-4cde-a4dd-80927725ac4c,The governance zone provides a course-grained grouping of information systems and information collections for a particular type of usage.,,,,,2022-08-03 20:15:26,,,,,,,
Critical,glossary_term,e853dbdd-059d-4246-81cc-7c63520e5b18,3fcd86f5-ee00-4afe-bcfb-3de09bce99a8,The business is not able to function until capability is restored.,,,,,2022-08-03 20:15:26,,,,,,,
Sandbox Zone,glossary_term,e853dbdd-059d-4246-81cc-7c63520e5b18,403ed205-d000-4492-9aea-d83b4bc73501,Temporary store of information extracted for experimentation.,,,,,2022-08-03 20:15:26,,,,,,,
Spanish National Identification Number,glossary_term,e853dbdd-059d-4246-81cc-7c63520e5b18,40eae968-88fd-4a58-a610-cd60b2ebf417,Data that represents a Spanish national identity card number (DNI) issued to all Spanish citizens over 14 years old with a National Identity Document.,,,,,2022-08-03 20:15:26,,,,,,,
Postal Code,glossary_term,e853dbdd-059d-4246-81cc-7c63520e5b18,4199e147-847e-4518-b411-301f483edf31,Data that represents a postal code,,,,,2022-08-03 20:15:26,,,,,,,
Test Data Zone,glossary_term,e853dbdd-059d-4246-81cc-7c63520e5b18,439fc705-ffb6-4436-87e4-a6dbf888c8cc,Obfuscated or made-up data for testing,,,,,2022-08-03 20:15:26,,,,,,,
Transport Security Classification,glossary_term,e853dbdd-059d-4246-81cc-7c63520e5b18,49f87660-8a7c-4996-b33f-23c9bca364ab,Security of data during information provisioning,,,,,2022-08-03 20:15:26,,,,,,,
Age,glossary_term,e853dbdd-059d-4246-81cc-7c63520e5b18,4f397ced-85db-4046-a8d1-a36c244238dd,Data that represents the age of somebody or something,,,,,2022-08-03 20:15:26,,,,,,,
Information Governance Classification,glossary_term,e853dbdd-059d-4246-81cc-7c63520e5b18,5478026c-e369-49e8-89cf-a229ee93034b,"Characterizes the type, value and cost of information, or the mechanism that manage it.",,,,,2022-08-03 20:15:26,,,,,,,
Business Confidential,glossary_term,e853dbdd-059d-4246-81cc-7c63520e5b18,5884058c-8da7-46f4-8c19-de60b3373381,Information that provides an organization with a competitive advantage.,,,,,2022-08-03 20:15:26,,,,,,,
Feedback Activity Type,glossary_term,e853dbdd-059d-4246-81cc-7c63520e5b18,59b0c984-575a-4ab3-aa8e-0697ae146425,"A procedure, task or automated process that measures the effectiveness of the information governance program and handles suggestions for improvement and complaints.",,,,,2022-08-03 20:15:26,,,,,,,
Temporary,glossary_term,e853dbdd-059d-4246-81cc-7c63520e5b18,59ce0134-1a04-4901-8c3a-6a3a9885cfe9,This information is a copy of information held elsewhere and will be removed shortly.,,,,,2022-08-03 20:15:26,,,,,,,
French INSEE Number,glossary_term,e853dbdd-059d-4246-81cc-7c63520e5b18,5a787ab9-453a-4cd6-9db1-5a1b031f1f91,Data that represents a French national identifier issued to a person by the National Institute for Statistics and Economic Studies,,,,,2022-08-03 20:15:26,,,,,,,
Critical Success Factor,glossary_term,e853dbdd-059d-4246-81cc-7c63520e5b18,5c07a100-148e-4431-97e8-edac709a1605,The characteristics of a successful project or program of activities.,,,,,2022-08-03 20:15:26,,,,,,,
Italian Fiscal Code,glossary_term,e853dbdd-059d-4246-81cc-7c63520e5b18,608b9479-68d6-4d06-a56f-b0523408760e,Data that represents an Italian fiscal code issued to a person by the Italian tax office,,,,,2022-08-03 20:15:26,,,,,,,
Harvested Data Zone,glossary_term,e853dbdd-059d-4246-81cc-7c63520e5b18,6347ad53-45eb-4df4-b555-5d58a3468cbc,Data that has been harvested from original sources and processed for new insight.,,,,,2022-08-03 20:15:26,,,,,,,
Authoritative,glossary_term,e853dbdd-059d-4246-81cc-7c63520e5b18,638e142f-aab9-4a12-a001-3e03206e4cb6,The preferred source of a particular type of information.,,,,,2022-08-03 20:15:26,,,,,,,
Software Build Information,glossary_term,e853dbdd-059d-4246-81cc-7c63520e5b18,63dc2655-b1e7-4b20-8ae8-5ae0fe821d35,"Files describing build runs, logs and output.",,,,,2022-08-03 20:15:26,,,,,,,
Data Class,glossary_term,e853dbdd-059d-4246-81cc-7c63520e5b18,6432f53f-554c-4ec2-be9b-df56266f84c3,Data classes define the fine-grained data types.  They are used to determine which implementation of a governance action to execute on a particular field.,,,,,2022-08-03 20:15:26,,,,,,,
Obsolete,glossary_term,e853dbdd-059d-4246-81cc-7c63520e5b18,644af7fa-4142-4794-8d78-043e6b230282,This information collection is out of date and has been superseded by another information collection.,,,,,2022-08-03 20:15:26,,,,,,,
Software Development Zone,glossary_term,e853dbdd-059d-4246-81cc-7c63520e5b18,65b4077d-7a96-4995-bd0a-27e20656a661,Systems that support the development of new software and experimental platforms.,,,,,2022-08-03 20:15:26,,,,,,,
Restricted,glossary_term,e853dbdd-059d-4246-81cc-7c63520e5b18,67af1bc9-3d21-4939-85b8-718b4c51c456,Information that is restricted to a very small group of trusted people.,,,,,2022-08-03 20:15:26,,,,,,,
Landing Area Zone,glossary_term,e853dbdd-059d-4246-81cc-7c63520e5b18,6d2b07ee-9288-498c-b251-2cdb7db47160,Raw data extracted from operational systems.,,,,,2022-08-03 20:15:26,,,,,,,
Communication Activity Type,glossary_term,e853dbdd-059d-4246-81cc-7c63520e5b18,6e5ccb55-74b8-4af4-aa17-1b9fac1a6e87,"A procedure, task or automated process that ensures that each individual employee is aware of the roles and responsibilities related to their use and management of information.",,,,,2022-08-03 20:15:26,,,,,,,
Operational Applications Zone,glossary_term,e853dbdd-059d-4246-81cc-7c63520e5b18,6ee0a64e-953a-4f0e-a45c-d4c1226a3e41,Zone for operational applications serving the core business.,,,,,2022-08-03 20:15:26,,,,,,,
Sensitive Operational,glossary_term,e853dbdd-059d-4246-81cc-7c63520e5b18,6f29f127-2f94-4862-aec2-c9c2824a0b37,"This information relates to how a business is operating.  For example, this may be high value proprietary procedures and practices.",,,,,2022-08-03 20:15:26,,,,,,,
Compliance Activity Type,glossary_term,e853dbdd-059d-4246-81cc-7c63520e5b18,6f4c2bac-5cf0-4e11-a20f-b0ae67039a77,"A procedure, task or automated process that ensures governance requirements are met and incidents of non-compliance are reported.",,,,,2022-08-03 20:15:26,,,,,,,
Six Months Retention,glossary_term,e853dbdd-059d-4246-81cc-7c63520e5b18,72a2984b-dd98-4102-8aaa-7a486b044b35,Retention period of six months before archive.,,,,,2022-08-03 20:15:26,,,,,,,
Date,glossary_term,e853dbdd-059d-4246-81cc-7c63520e5b18,72af71c3-d709-4e2c-b981-9371680bf1cb,Data that designates a date like an expiration date or a hire date of some type of date that needs to be privatized,,,,,2022-08-03 20:15:26,,,,,,,
Source Code,glossary_term,e853dbdd-059d-4246-81cc-7c63520e5b18,7451170b-1d0d-4925-8086-cda6a27405cd,A code asset created by an organization that forms part of a bespoke application or integration job implementation.,,,,,2022-08-03 20:15:26,,,,,,,
Encrypted,glossary_term,e853dbdd-059d-4246-81cc-7c63520e5b18,772708f2-dfb2-4cb3-a3a3-493374dd6d41,All data is encrypted during provisioning.,,,,,2022-08-03 20:15:26,,,,,,,
Unavoidable,glossary_term,e853dbdd-059d-4246-81cc-7c63520e5b18,7ae973e3-4a5c-441c-99b1-fc594e1ab2e7,A set of requirements that are not optional unless there is an exemption documented.,,,,,2022-08-03 20:15:26,,,,,,,
Governance Activity Type,glossary_term,e853dbdd-059d-4246-81cc-7c63520e5b18,7d2e5532-8e54-41a8-8d4a-3f0d7925b484,"A type of procedure, task or automated process that is part of an information governance program.",,,,,2022-08-03 20:15:26,,,,,,,
Fifty Years Retention,glossary_term,e853dbdd-059d-4246-81cc-7c63520e5b18,7d59c8d0-135a-4b79-8ab3-8e91bc5cda0b,Fifty years retention before archive.,,,,,2022-08-03 20:15:26,,,,,,,
Deep Data Zone,glossary_term,e853dbdd-059d-4246-81cc-7c63520e5b18,7f4b684e-dd27-456f-a6c4-e62affebf1d3,Raw historical data,,,,,2022-08-03 20:15:26,,,,,,,
One Year Retention,glossary_term,e853dbdd-059d-4246-81cc-7c63520e5b18,7f9fba0d-4996-4908-b8a8-f4dd8b32975e,Retention period of one year before archive.,,,,,2022-08-03 20:15:26,,,,,,,
Operational History Zone,glossary_term,e853dbdd-059d-4246-81cc-7c63520e5b18,81a7347b-4370-4466-920f-f627ba5f7465,Information collections providing a historical record of the data from an operational applications.,,,,,2022-08-03 20:15:26,,,,,,,
Internet Protocol (IP) Address,glossary_term,e853dbdd-059d-4246-81cc-7c63520e5b18,81e9b1ba-1851-46b8-8901-d0eea5de1aeb,"Data that represents an internet protocol address assignment, also known as an IP address. For example 127.0.0.1",,,,,2022-08-03 20:15:26,,,,,,,
Retention Business Classification,glossary_term,e853dbdd-059d-4246-81cc-7c63520e5b18,85c8d43e-7de7-45d1-96e7-72eef1e29f8d,How long will this information be needed?,,,,,2022-08-03 20:15:26,,,,,,,
City,glossary_term,e853dbdd-059d-4246-81cc-7c63520e5b18,86585f7b-c0e9-4356-8180-243b4dd1492e,"Data that represents a city within a state, country, region or province etc.",,,,,2022-08-03 20:15:26,,,,,,,
Historical Data Zone,glossary_term,e853dbdd-059d-4246-81cc-7c63520e5b18,8851a7f0-8db5-4fea-ac7a-81703c2d5478,Read-only records of historical activity.,,,,,2022-08-03 20:15:26,,,,,,,
US State,glossary_term,e853dbdd-059d-4246-81cc-7c63520e5b18,8df60e71-a03c-42a9-92fd-f86c63accac7,"Data that represents a United States state in the form of a code like 'CA', 'IL', 'NJ' or name such as California, Illinois, New Jersey etc.",,,,,2022-08-03 20:15:26,,,,,,,
Exemption Activity Type,glossary_term,e853dbdd-059d-4246-81cc-7c63520e5b18,8e22d97b-ca86-4906-8db9-b817f3d82f56,"A procedure, task or automated process that handles special cases in an effective and timely manner.",,,,,2022-08-03 20:15:26,,,,,,,
Drivers License Number,glossary_term,e853dbdd-059d-4246-81cc-7c63520e5b18,94eb0cec-eb4a-47da-9008-d8d52c56658f,Data that represents a driver license number,,,,,2022-08-03 20:15:26,,,,,,,
Email Address,glossary_term,e853dbdd-059d-4246-81cc-7c63520e5b18,94ffda63-ad8b-4e6c-9312-4a535f710064,Data that represents an email address,,,,,2022-08-03 20:15:26,,,,,,,
Audit Data Zone,glossary_term,e853dbdd-059d-4246-81cc-7c63520e5b18,955885b9-35a9-4ddc-ad51-561444dc63d2,Audit logs,,,,,2022-08-03 20:15:26,,,,,,,
Integrated Warehouse and Marts Zone,glossary_term,e853dbdd-059d-4246-81cc-7c63520e5b18,997edd4e-0662-4c71-9cf3-d98f76cfa05e,consolidated and summarized information for deep analytics and reporting.,,,,,2022-08-03 20:15:26,,,,,,,
Restricted Operational,glossary_term,e853dbdd-059d-4246-81cc-7c63520e5b18,99d4d60f-45a5-4099-8a3c-445c15ed77fe,"Details of the operational strategy, approaches and health of the organization.",,,,,2022-08-03 20:15:26,,,,,,,
Personal Identification Number,glossary_term,e853dbdd-059d-4246-81cc-7c63520e5b18,9b66471f-aef2-4442-91d8-4c3581155872,Data that represents a number that can easily identify somebody or something,,,,,2022-08-03 20:15:26,,,,,,,
Shared Operational Information Zone,glossary_term,e853dbdd-059d-4246-81cc-7c63520e5b18,9c332db1-2805-41bd-b796-a6e4e6e87e87,Consolidated operational information that is being shared by multiple systems,,,,,2022-08-03 20:15:26,,,,,,,
Marginal,glossary_term,e853dbdd-059d-4246-81cc-7c63520e5b18,9c51771f-6cc6-4cd5-acd7-ff51da921524,"Occasional, or background, non-essential work is impacted.",,,,,2022-08-03 20:15:26,,,,,,,
Two Years Retention,glossary_term,e853dbdd-059d-4246-81cc-7c63520e5b18,a06510c7-2d82-49e9-9956-587111c3d885,Two years retention before archive.,,,,,2022-08-03 20:15:26,,,,,,,
Severity 3,glossary_term,e853dbdd-059d-4246-81cc-7c63520e5b18,a08fc2fd-fc39-49df-862a-548ac4eb4932,Moderate Impact,,,,,2022-08-03 20:15:26,,,,,,,
Adaptable,glossary_term,e853dbdd-059d-4246-81cc-7c63520e5b18,a201aedb-da01-4d02-bf81-c12665e5d5ba,"The ability to update the implementation of a system, project, or program of activity to support the changing requirements of the organization.",,,,,2022-08-03 20:15:26,,,,,,,
Metadata Subject Area,glossary_term,e853dbdd-059d-4246-81cc-7c63520e5b18,a421e9d0-b7a6-4ab5-ab81-02e536a0c7ae,"Information about data sources, processes, business terms, etc that support information processing.",,,,,2022-08-03 20:15:26,,,,,,,
Sensitive,glossary_term,e853dbdd-059d-4246-81cc-7c63520e5b18,aa080fa0-b3e6-4ce0-b755-1b1ebcea5350,Information where unauthorized disclosure could have lasting damage.,,,,,2022-08-03 20:15:26,,,,,,,
Governance Action Classification,glossary_term,e853dbdd-059d-4246-81cc-7c63520e5b18,ab0b7b30-8508-4c05-bc7f-70b2fdf18937,Characterizes the behaviour of an automated rule or component implementation.,,,,,2022-08-03 20:15:26,,,,,,,
Credit Card Verification Value,glossary_term,e853dbdd-059d-4246-81cc-7c63520e5b18,aba063f2-24cd-4124-b121-b6e05eaa2703,Data that designates a credit card's verification value number. Commonly referred to as the CVV.,,,,,2022-08-03 20:15:26,,,,,,,
Computer Host Name,glossary_term,e853dbdd-059d-4246-81cc-7c63520e5b18,aba80af2-07fd-4e57-be50-57e6b937339d,Data that represents the host name of a computer workstation or server,,,,,2022-08-03 20:15:26,,,,,,,
IT Operations Subject Area,glossary_term,e853dbdd-059d-4246-81cc-7c63520e5b18,ac283555-5fe9-4ba2-92fb-a9cd18bd46bb,,,,,,2022-08-03 20:15:26,,,,,,,
US Social Security Number,glossary_term,e853dbdd-059d-4246-81cc-7c63520e5b18,b148da10-d6c2-4055-8da7-279ecd304727,Data that represents a United States social security number issued to a person,,,,,2022-08-03 20:15:26,,,,,,,
Last Name,glossary_term,e853dbdd-059d-4246-81cc-7c63520e5b18,b6aca5ff-e378-4e23-9e49-c0e464acb73f,"Data that represents a last name of somebody or something. For example, a person's surname or family name",,,,,2022-08-03 20:15:26,,,,,,,
Severity Business Classification,glossary_term,e853dbdd-059d-4246-81cc-7c63520e5b18,b89b9ba6-729d-4fda-aea0-015ded5da15e,The impact of a particular failure.,,,,,2022-08-03 20:15:26,,,,,,,
Trade Secret,glossary_term,e853dbdd-059d-4246-81cc-7c63520e5b18,bace047b-62a1-41e1-84d6-36331f005d1e,Core ideas and intellectual property that underpins the business.,,,,,2022-08-03 20:15:26,,,,,,,
Gender,glossary_term,e853dbdd-059d-4246-81cc-7c63520e5b18,be0df866-c8f9-47e0-9a3a-dbe828301a90,Data that represents the gender of somebody of something such as M for Male of F for Female etc.,,,,,2022-08-03 20:15:26,,,,,,,
Date of Birth,glossary_term,e853dbdd-059d-4246-81cc-7c63520e5b18,bf157b81-a9b6-468b-9030-cb417dcc96ea,Data that designates the birth date of somebody or something,,,,,2022-08-03 20:15:26,,,,,,,
Ten Years Retention,glossary_term,e853dbdd-059d-4246-81cc-7c63520e5b18,c870002c-b263-4e30-be0f-88e98a0dc0f6,Ten years retention before archive.,,,,,2022-08-03 20:15:26,,,,,,,
Restricted Financial,glossary_term,e853dbdd-059d-4246-81cc-7c63520e5b18,cafec68a-2cd2-45d8-883c-2b03839c024d,Details of the financial health of the organization.,,,,,2022-08-03 20:15:26,,,,,,,
Phone Number,glossary_term,e853dbdd-059d-4246-81cc-7c63520e5b18,cc2ac5a1-7ab0-4eef-9bf8-719d9381fac5,Data that represents a phone number in various formats,,,,,2022-08-03 20:15:26,,,,,,,
Secured,glossary_term,e853dbdd-059d-4246-81cc-7c63520e5b18,cc6a0128-8765-49ca-9994-f60f1bb3bd14,Only approved processes can access it,,,,,2022-08-03 20:15:26,,,,,,,
Confidence Business Classification,glossary_term,e853dbdd-059d-4246-81cc-7c63520e5b18,cd5ab97e-beab-49f3-b207-75ae2069173a,How much confidence to have in the information.,,,,,2022-08-03 20:15:26,,,,,,,
Full Name,glossary_term,e853dbdd-059d-4246-81cc-7c63520e5b18,cd940cb3-5612-472f-bedc-3bfc1f9a1bc1,"Data that represents a full name of somebody or something that contains the combination of a first, middle and last name",,,,,2022-08-03 20:15:26,,,,,,,
Personal Information,glossary_term,e853dbdd-059d-4246-81cc-7c63520e5b18,d080527f-5d92-4183-9610-070609301ef4,Information is about an individual where disclosure of this information could harm or expose the individual.,,,,,2022-08-03 20:15:26,,,,,,,
Sensitive Financial,glossary_term,e853dbdd-059d-4246-81cc-7c63520e5b18,d2cd072f-d54d-40e0-82cd-e3dd361620c1,This information relates to the financial health of the business and disclosure could have a lasting impact on the financial health of the organization.,,,,,2022-08-03 20:15:26,,,,,,,
Location Subject Area,glossary_term,e853dbdd-059d-4246-81cc-7c63520e5b18,d6ab2353-a9aa-4b24-bea5-bad8d19eb475,Information describing geographical or virtual addresses or locations.,,,,,2022-08-03 20:15:26,,,,,,,
Data Reservoir Zone,glossary_term,e853dbdd-059d-4246-81cc-7c63520e5b18,d7ed6955-58dd-434f-8201-4daa0e1673aa,"Shared, managed and governed information for analysis and insight.",,,,,2022-08-03 20:15:26,,,,,,,
Passport Number,glossary_term,e853dbdd-059d-4246-81cc-7c63520e5b18,d851d0dc-f114-484f-98d3-9b3639f47442,Data that represents a passport number issued to a person,,,,,2022-08-03 20:15:26,,,,,,,
Subject Area Classification,glossary_term,e853dbdd-059d-4246-81cc-7c63520e5b18,d908843e-da98-42ae-a80a-df89cbf834d5,Provides a course grained classification of the source and use of information.,,,,,2022-08-03 20:15:26,,,,,,,
Public Cloud Zone,glossary_term,e853dbdd-059d-4246-81cc-7c63520e5b18,db61b974-3794-46aa-bdc5-9ea5ac94fe0e,Applications and information collections hosted on public cloud services.,,,,,2022-08-03 20:15:26,,,,,,,
Permanent,glossary_term,e853dbdd-059d-4246-81cc-7c63520e5b18,dbdae93c-d1cf-4719-b226-f4367b8bd16b,This information needs to be kept indefinitely.,,,,,2022-08-03 20:15:26,,,,,,,
Archived,glossary_term,e853dbdd-059d-4246-81cc-7c63520e5b18,e0708d99-5856-4a65-ae17-5a0c93114860,This information has been archived and is available for historical analysis,,,,,2022-08-03 20:15:26,,,,,,,
Business Term Classification,glossary_term,e853dbdd-059d-4246-81cc-7c63520e5b18,e1fb6c0d-0987-4667-859d-92888c93c390,Provide a fine-grained semantic classification for information elements in the organization.,,,,,2022-08-03 20:15:26,,,,,,,
Information Delivery Zone,glossary_term,e853dbdd-059d-4246-81cc-7c63520e5b18,e406e04c-3e91-44a5-9ade-1af2afc1e9be,Information prepared for use by line of business tools.,,,,,2022-08-03 20:15:26,,,,,,,
Understandable,glossary_term,e853dbdd-059d-4246-81cc-7c63520e5b18,e6971906-a648-4a25-9725-9a69ca7e439a,"An individual can comprehend the purpose of a system, information collection, project or program of activity",,,,,2022-08-03 20:15:26,,,,,,,
Stage Zone,glossary_term,e853dbdd-059d-4246-81cc-7c63520e5b18,e7164557-fbf1-47e7-be60-0b2cac58be7d,Pre-production environment environment that closely represents the production environment.,,,,,2022-08-03 20:15:26,,,,,,,
First Name,glossary_term,e853dbdd-059d-4246-81cc-7c63520e5b18,e754597d-027b-4568-9bc4-81d0ca5a96a1,"Data that represents the first name of somebody or something. For example, a person's given name like Joe or Rick",,,,,2022-08-03 20:15:26,,,,,,,
Account Number,glossary_term,e853dbdd-059d-4246-81cc-7c63520e5b18,eb599e9b-e823-43c8-8ded-3552d5299b4d,"Data that represents an account number like a checking, savings, mortgage or brokerage account etc.",,,,,2022-08-03 20:15:26,,,,,,,
Five Years Retention,glossary_term,e853dbdd-059d-4246-81cc-7c63520e5b18,f1e8341a-8d10-43fc-8e91-a9ae4bc7b418,Five years retention before archive.,,,,,2022-08-03 20:15:26,,,,,,,
Managed Lifetime,glossary_term,e853dbdd-059d-4246-81cc-7c63520e5b18,f2caeffd-1f31-48f1-b990-19429ed69b11,Information that is kept for a predefined period of time.,,,,,2022-08-03 20:15:26,,,,,,,
Controlled Lifetime,glossary_term,e853dbdd-059d-4246-81cc-7c63520e5b18,f38e662b-e221-4d6a-8088-e2cfd65d2251,This information’s retention is controlled by regulation or legal action.,,,,,2022-08-03 20:15:26,,,,,,,
Catastrophic,glossary_term,e853dbdd-059d-4246-81cc-7c63520e5b18,f564bd3d-4985-48e2-8c04-f2887f51336e,The business is lost and restoration is unlikely.,,,,,2022-08-03 20:15:26,,,,,,,
Resource Classification,glossary_term,e853dbdd-059d-4246-81cc-7c63520e5b18,f6953ba0-3041-4b5a-a2e6-a7ce3da18bf6,A classification of the information technology infrastructure or information store.,,,,,2022-08-03 20:15:26,,,,,,,
Activity Classification,glossary_term,e853dbdd-059d-4246-81cc-7c63520e5b18,f74a4d47-1117-457a-910a-8f280d09cba7,"Characterizes procedures, actions and automated processes.",,,,,2022-08-03 20:15:26,,,,,,,
Sensitive Personal Information,glossary_term,e853dbdd-059d-4246-81cc-7c63520e5b18,f8485582-88df-4b70-897e-73b6d87ca328,This information is about an individual.  Disclosure of this information could cause lasting harm or exposure to the individual.,,,,,2022-08-03 20:15:26,,,,,,,
Business Impact Classification,glossary_term,e853dbdd-059d-4246-81cc-7c63520e5b18,f8575586-233d-479e-bf31-ee6509186abb,The business impact classification defines how critical an information collection is to the organization ability to do business.,,,,,2022-08-03 20:15:26,,,,,,,
Business Classification,glossary_term,e853dbdd-059d-4246-81cc-7c63520e5b18,f8c7cff9-bd51-4c03-9067-1a0b9394374a,A classification for an information collection from the perspective of its value to the organization.,,,,,2022-08-03 20:15:26,,,,,,,
Chief Data Officer (CDO),glossary_term,e853dbdd-059d-4246-81cc-7c63520e5b18,fa7b04ba-b8d1-43bf-a878-b1522c66d0f0,The Chief Data Officer (CDO) leads an organization's information governance program,,,,,2022-08-03 20:15:26,,,,,,,
Production Zone,glossary_term,e853dbdd-059d-4246-81cc-7c63520e5b18,fbc8ac05-101c-4218-af66-5e8b63221448,"System running in production, supporting the organization’s activities.",,,,,2022-08-03 20:15:26,,,,,,,
Personal Income,glossary_term,e853dbdd-059d-4246-81cc-7c63520e5b18,fc5c8bb9-1116-4818-80a7-b7c6493352f4,"Data that represents a person's income represented as a yearly, monthly, weekly or hourly dollar amount etc.",,,,,2022-08-03 20:15:26,,,,,,,
Information Steward,glossary_term,e853dbdd-059d-4246-81cc-7c63520e5b18,fdba2dbd-275d-49a2-a0c7-925afe4aadca,Information Stewards correct errors in information.,,,,,2022-08-03 20:15:26,,,,,,,
