"code","value","description","parent","reference data set","related terms","is_multi_mapped_to_c57cb90f-2126-3800-9c9f-9eab82021cdf"
"NZL","New Zealand","New Zealand",,"534561ac-1080-3714-b7aa-5a5809ff1f00",,
"CAN","Canada","Canada",,,,"TOR"
"PRT","Portugal","Portugal","EU",,,
"RUS","Russian Federation","Russian Federation",,,,
"BRA","Brazil","Brazil",,,,"SAO"
"ARG","Argentina","Argentina",,,,
"PRK","Korea (Democratic People's Republic of)","Korea (Democratic People's Republic of)",,,,
"NLD","Netherlands","Netherlands","EU",,,
"GBR","United Kingdom of Great Britain and Northern Ireland","United Kingdom of Great Britain and Northern Ireland",,,,"LON"
"HKG","Hong Kong","Hong Kong",,,,
"CHN","China","China",,,,
"MEX","Mexico","Mexico",,,,
"FRA","France","France","EU",,,
"AUS","Australia","Australia",,,,"SYD"
"CHL","Chile","Chile",,,,
"BEL","Belgium","Belgium","EU",,,
"DEU","Germany","Germany","EU",,,"FRA"
"USA","United States of America","United States of America",,,,"DAL,WAS"
"JPN","Japan","Japan",,,,"OSA,TOK"
"TUR","Turkey","Turkey",,,,
"EU","European Union","European Union",,,,
"ITA","Italy","Italy","EU",,,
