Name,Artifact Type,Category,Artifact ID,Description,Tags,Classifications,Stewards,Related Terms,Business Start,Business End,Part Of Terms,Type Of Terms,Abbreviations,Data Classes,Synonyms,Secondary Categories
Passport Number,glossary_term,0d3793b0-5b17-4f04-bd5f-b7d4d8d487c4,00f90438-9fe9-4db8-a497-552b48d38bce,A number which uniquely identifies a person's passport.,Personal Information,57b68f48-d44a-4ab1-8c74-158ea6c80699,,,2022-11-06 14:04:40,,3e18c7e0-08c5-4431-b6e6-33d36a9f88f0,,,1c7184cb-f7f7-44b8-b364-139aed426ac3,,
"",,,,,property,60545469-f9b3-45c1-badb-2adb204fa726,,,,,,,,,,
"",,,,,Personally Identifiable Information,,,,,,,,,,,
Blood Type,glossary_term,0d3793b0-5b17-4f04-bd5f-b7d4d8d487c4,0198a9dd-6411-4495-8291-7aec9e4db07c,A classification of blood for a person based on the presence or absence of inherited antigenic substances on the surface of red blood cells. Also called a blood group.,Personal Information,57b68f48-d44a-4ab1-8c74-158ea6c80699,,,2022-11-06 14:04:40,,3e18c7e0-08c5-4431-b6e6-33d36a9f88f0,,,,,
"",,,,,property,,,,,,,,,,,
Age,glossary_term,0d3793b0-5b17-4f04-bd5f-b7d4d8d487c4,02405107-9d30-4504-9769-17b2bb78a150,The length of time that a person has lived.,Personal Information,57b68f48-d44a-4ab1-8c74-158ea6c80699,,,2022-11-06 14:04:40,,3e18c7e0-08c5-4431-b6e6-33d36a9f88f0,,,,,
"",,,,,property,,,,,,,,,,,
Address Zip Code,glossary_term,0d3793b0-5b17-4f04-bd5f-b7d4d8d487c4,02c250d6-079e-4a2f-a218-e7fa44f99321,"An identifier used to assist postal deliveries. This may also be referred to as postal code. It identifies a group of postal addresses usually based on commonality of location, like same city, same part of city, same region or sub-region.",property,,,,2022-11-06 14:04:40,,78d6c3a0-6a8d-4c68-b323-80be1b1033f4,,,6a9b0096-1bd2-4ea5-8af4-bfc94a4b5273,,
Bank Account Number,glossary_term,0d3793b0-5b17-4f04-bd5f-b7d4d8d487c4,0750c78d-1cf5-4f6f-ac0c-ab4b588d1090,The primary identifier of a banking account specific to a person.,Personal Information,57b68f48-d44a-4ab1-8c74-158ea6c80699,,,2022-11-06 14:04:40,,a3ec8ed7-508b-4737-96ac-0758a18ead61,,,9c414cc4-73d8-4150-92c9-321293bcf6d7,,
"",,,,,property,60545469-f9b3-45c1-badb-2adb204fa726,,,,,,,,62e7078d-39c4-49e5-806b-32b197371031,,
"",,,,,Personally Identifiable Information,,,,,,,,,,,
Customer Number,glossary_term,0d3793b0-5b17-4f04-bd5f-b7d4d8d487c4,0d046d27-c55f-4c11-952a-6c05d16d1c3a,The unique identifier of the Customer within the Organization.,Personal Information,57b68f48-d44a-4ab1-8c74-158ea6c80699,,,2022-11-06 14:04:40,,3e18c7e0-08c5-4431-b6e6-33d36a9f88f0,,,85457146-fb93-468e-954b-5f5ec1803aae,,
"",,,,,property,60545469-f9b3-45c1-badb-2adb204fa726,,,,,,,,,,
"",,,,,Personally Identifiable Information,,,,,,,,,,,
Card Expiration Date,glossary_term,0d3793b0-5b17-4f04-bd5f-b7d4d8d487c4,0fd1aab6-fb13-4645-9f97-67ffba3d6603,"The date after which the payment card is no longer valid. This date is usually expressed on the card in MM/YYYY format, with the expiry date being the last day of the expiry month.",Personal Information,57b68f48-d44a-4ab1-8c74-158ea6c80699,,,2022-11-06 14:04:40,,8b09a028-c1f5-4ca5-bf39-37c971a461ef,,,919a7c49-cd43-4e11-9e81-593344ece951,,
"",,,,,property,,,,,,,,,,,
Language(s),glossary_term,0d3793b0-5b17-4f04-bd5f-b7d4d8d487c4,142843e9-56c0-4d5c-95b6-3cc25c0ffbeb,The ability of a person to speak an acquired language.,Personal Information,57b68f48-d44a-4ab1-8c74-158ea6c80699,,,2022-11-06 14:04:40,,3e18c7e0-08c5-4431-b6e6-33d36a9f88f0,,,df89464e-f593-4a94-bcb8-fa311fa7d40f,,
"",,,,,property,,,,,,,,,,,
Voice or Video Recording,glossary_term,0d3793b0-5b17-4f04-bd5f-b7d4d8d487c4,148fa395-aaaa-4aa4-8eb7-df17b4a8eb29,"Voice or video recording is processing sound, images or images with sound and storing these to be processed again at a later moment in time, which may be for a different purpose or audience than the original.",Personal Information,57b68f48-d44a-4ab1-8c74-158ea6c80699,,,2022-11-06 14:04:40,,,,,,,
"",,,,,concept,60545469-f9b3-45c1-badb-2adb204fa726,,,,,,,,,,
"",,,,,Personally Identifiable Information,,,,,,,,,,,
Government Visa Number,glossary_term,0d3793b0-5b17-4f04-bd5f-b7d4d8d487c4,168b6d10-0a9f-4d33-a94b-e38516281903,"The number, printed on an person's visa, used to identify the visa.",Personal Information,57b68f48-d44a-4ab1-8c74-158ea6c80699,,,2022-11-06 14:04:40,,3e18c7e0-08c5-4431-b6e6-33d36a9f88f0,,,,,
"",,,,,property,60545469-f9b3-45c1-badb-2adb204fa726,,,,,,,,,,
"",,,,,Personally Identifiable Information,,,,,,,,,,,
Opinion,glossary_term,0d3793b0-5b17-4f04-bd5f-b7d4d8d487c4,1a672be5-6a73-46a1-89bc-2ceb28b692bb,"A view or judgment, made by a person, formed about something, not necessarily based on fact or knowledge.",Personal Information,57b68f48-d44a-4ab1-8c74-158ea6c80699,,,2022-11-06 14:04:40,,3e18c7e0-08c5-4431-b6e6-33d36a9f88f0,,,,,
"",,,,,Sensitive Personal Information,3453ed46-4f06-4040-9bf8-bb580bb9fc37,,,,,,,,,,
"",,,,,property,,,,,,,,,,,
Browser Setting,glossary_term,0d3793b0-5b17-4f04-bd5f-b7d4d8d487c4,1a9e0f24-a0f4-448d-8a6f-38cd05701ead,"A person's settings of an internet browser which specifies its behavior.  This can include information such as browser settings for cookies, encryption, and authentication, browser type and version, subscription indicator, type of subscription, subscription dates, country, and payment vendor.",Personal Information,57b68f48-d44a-4ab1-8c74-158ea6c80699,,,2022-11-06 14:04:40,,3e18c7e0-08c5-4431-b6e6-33d36a9f88f0,,,,,
"",,,,,property,,,,,,,,,,,
Philosophical Belief,glossary_term,0d3793b0-5b17-4f04-bd5f-b7d4d8d487c4,22f4bf9f-ea65-4016-82fb-d5b25905c049,"A person's genuinely held beliefs. People's beliefs are affected by their traits, experiences, moods, and emotions.",Personal Information,57b68f48-d44a-4ab1-8c74-158ea6c80699,,,2022-11-06 14:04:40,,3e18c7e0-08c5-4431-b6e6-33d36a9f88f0,,,,,
"",,,,,Sensitive Personal Information,3453ed46-4f06-4040-9bf8-bb580bb9fc37,,,,,,,,,,
"",,,,,property,,,,,,,,,,,
Ethnicity,glossary_term,0d3793b0-5b17-4f04-bd5f-b7d4d8d487c4,2c874b87-d2d9-4d76-9f47-3a4391c39a64,"The fact or state of a person belonging to a social group that has a common national or cultural tradition (e.g.: nationality, regional culture, ancestry, and language).",Personal Information,57b68f48-d44a-4ab1-8c74-158ea6c80699,,,2022-11-06 14:04:40,,3e18c7e0-08c5-4431-b6e6-33d36a9f88f0,,,5075530a-c0ff-4422-a581-27e71c50c841,,
"",,,,,Sensitive Personal Information,3453ed46-4f06-4040-9bf8-bb580bb9fc37,,,,,,,,,,
"",,,,,property,,,,,,,,,,,
Union Membership,glossary_term,0d3793b0-5b17-4f04-bd5f-b7d4d8d487c4,2cd24714-ceec-401e-a853-ea51a6c9f39a,Identifies the membership of the person in a union.,Personal Information,57b68f48-d44a-4ab1-8c74-158ea6c80699,,,2022-11-06 14:04:40,,3e18c7e0-08c5-4431-b6e6-33d36a9f88f0,,,,,
"",,,,,Sensitive Personal Information,3453ed46-4f06-4040-9bf8-bb580bb9fc37,,,,,,,,,,
"",,,,,property,,,,,,,,,,,
Home Address,glossary_term,0d3793b0-5b17-4f04-bd5f-b7d4d8d487c4,2f9673ef-d1ee-4aa2-9e10-09faa61343d4,"The postal address for a person's place of residence. (e.g.: unit number, street address, postal/zip code).",Personal Information,57b68f48-d44a-4ab1-8c74-158ea6c80699,,,2022-11-06 14:04:40,,3e18c7e0-08c5-4431-b6e6-33d36a9f88f0,,,,,
"",,,,,property,60545469-f9b3-45c1-badb-2adb204fa726,,,,,,,,,,
"",,,,,Personally Identifiable Information,,,,,,,,,,,
Person Identifier,glossary_term,0d3793b0-5b17-4f04-bd5f-b7d4d8d487c4,30faad45-c05f-4016-acd2-aca71046b00a,A string or number which uniquely identifies a person.,Personal Information,57b68f48-d44a-4ab1-8c74-158ea6c80699,,,2022-11-06 14:04:40,,3e18c7e0-08c5-4431-b6e6-33d36a9f88f0,,,,,
"",,,,,property,60545469-f9b3-45c1-badb-2adb204fa726,,,,,,,,,,
"",,,,,Personally Identifiable Information,,,,,,,,,,,
Political Views,glossary_term,0d3793b0-5b17-4f04-bd5f-b7d4d8d487c4,32edcdc0-c148-4d1a-bae5-be2d3fd33ed3,"An person's views, judgments, affiliations, or activities relating to the state, government, public administration, or policy-making of a country.  This does not include candidacy status.",Personal Information,57b68f48-d44a-4ab1-8c74-158ea6c80699,,,2022-11-06 14:04:40,,3e18c7e0-08c5-4431-b6e6-33d36a9f88f0,,,e3273a3f-b6db-425b-a480-204f5adaf316,,
"",,,,,Sensitive Personal Information,3453ed46-4f06-4040-9bf8-bb580bb9fc37,,,,,,,,,,
"",,,,,property,,,,,,,,,,,
Employment Record,glossary_term,0d3793b0-5b17-4f04-bd5f-b7d4d8d487c4,3478d433-52a7-4908-97fc-36c7735c6f3d,A document outlining the employment history of a person.,Personal Information,57b68f48-d44a-4ab1-8c74-158ea6c80699,,,2022-11-06 14:04:40,,,,,,,
"",,,,,concept,,,,,,,,,,,
Street Name,glossary_term,0d3793b0-5b17-4f04-bd5f-b7d4d8d487c4,367b6e0c-f2b6-4ba4-97e7-8403633f8e05,The name of the street of the address.,property,,,,2022-11-06 14:04:40,,ab528df4-bb00-4b7f-9130-f6a273b50db7,,,bda68594-b242-4aab-aab9-aa1747adf4e5,,
"",,,,,,,,,,,78d6c3a0-6a8d-4c68-b323-80be1b1033f4,,,,,
Religion,glossary_term,0d3793b0-5b17-4f04-bd5f-b7d4d8d487c4,3785e07f-9058-4fc1-94d9-0ac1fbbbcc2c,"An association of the person with a cultural system of designated behaviors and practices, world views, texts, sanctified places, ethics, or organizations.",Personal Information,57b68f48-d44a-4ab1-8c74-158ea6c80699,,,2022-11-06 14:04:40,,3e18c7e0-08c5-4431-b6e6-33d36a9f88f0,,,46370242-2841-4dc2-bec9-73d0537ff664,,
"",,,,,Sensitive Personal Information,3453ed46-4f06-4040-9bf8-bb580bb9fc37,,,,,,,,,,
"",,,,,property,,,,,,,,,,,
Identity Card Number,glossary_term,0d3793b0-5b17-4f04-bd5f-b7d4d8d487c4,395e48ac-503a-440d-962b-b3edf7c96d05,"The number displayed on an identity card, which is used to uniquely identify a person.",Personal Information,57b68f48-d44a-4ab1-8c74-158ea6c80699,,,2022-11-06 14:04:40,,3e18c7e0-08c5-4431-b6e6-33d36a9f88f0,,,,,
"",,,,,property,60545469-f9b3-45c1-badb-2adb204fa726,,,,,,,,,,
"",,,,,Personally Identifiable Information,,,,,,,,,,,
IP Address,glossary_term,0d3793b0-5b17-4f04-bd5f-b7d4d8d487c4,3d0803e2-1722-4b0c-81aa-9ab794c3873f,"The Internet Protocol (IP) address is an identifier that can be used to identify a machine that is connected to the internet, and thereby also its user.",Personal Information,57b68f48-d44a-4ab1-8c74-158ea6c80699,,,2022-11-06 14:04:40,,3e18c7e0-08c5-4431-b6e6-33d36a9f88f0,,,2bb9a0da-a8b7-4470-bb4c-f4c8034af90e,,
"",,,,,property,60545469-f9b3-45c1-badb-2adb204fa726,,,,,,,,9c06a5b9-d2a0-496e-a1a1-d3de80848a43,,
"",,,,,Personally Identifiable Information,,,,,,,,,,,
Spouse,glossary_term,0d3793b0-5b17-4f04-bd5f-b7d4d8d487c4,3d39c78e-2d00-412a-b199-624f027e7f1b,Identifies the husband or wife of the person.,Personal Information,57b68f48-d44a-4ab1-8c74-158ea6c80699,,,2022-11-06 14:04:40,,3e18c7e0-08c5-4431-b6e6-33d36a9f88f0,,,9ab3768c-7289-410f-ba5c-ea6819a64833,,
"",,,,,property,,,,,,,,,b078fab5-e278-487f-ba4d-221dfc119d89,,
Person,glossary_term,0d3793b0-5b17-4f04-bd5f-b7d4d8d487c4,3e18c7e0-08c5-4431-b6e6-33d36a9f88f0,"A human being, either alive or dead.",Personal Information,57b68f48-d44a-4ab1-8c74-158ea6c80699,,,2022-11-06 14:04:40,,,,,,,
"",,,,,concept,,,,,,,,,,,
Mobility Preference,glossary_term,0d3793b0-5b17-4f04-bd5f-b7d4d8d487c4,5044e24b-a688-409b-aeab-bb30d608a638,"An indication of the amount of work mobility which an employee prefers such as being on call at the weekend, or being office based, working remotely, working flexible hours and/or working shift type of work.",Personal Information,57b68f48-d44a-4ab1-8c74-158ea6c80699,,,2022-11-06 14:04:40,,3e18c7e0-08c5-4431-b6e6-33d36a9f88f0,,,,,
"",,,,,property,,,,,,,,,,,
State Code,glossary_term,0d3793b0-5b17-4f04-bd5f-b7d4d8d487c4,50a39ffc-c3ae-40c3-90a0-390526291b91,"A code which identifies a state or province, for example: the state code for Florida is 'FL'.",property,,,,2022-11-06 14:04:40,,ab528df4-bb00-4b7f-9130-f6a273b50db7,,,5462207a-0d83-492a-97f8-1653ba9cfab6,,
"",,,,,,,,,,,78d6c3a0-6a8d-4c68-b323-80be1b1033f4,,,22f0e0b6-9460-42f1-9424-9d8832576af0,,
Last Name,glossary_term,0d3793b0-5b17-4f04-bd5f-b7d4d8d487c4,56b84f87-7fa0-42f0-b531-7f414d9edfb4,The part of a person's name arising from family identifications also known as surname or family name.,Personal Information,57b68f48-d44a-4ab1-8c74-158ea6c80699,,,2022-11-06 14:04:40,,3e18c7e0-08c5-4431-b6e6-33d36a9f88f0,,,257909aa-bbb5-4813-a484-6715742c113e,,
"",,,,,property,60545469-f9b3-45c1-badb-2adb204fa726,,,,,,,,,,
"",,,,,Personally Identifiable Information,,,,,,,,,,,
Pronoun,glossary_term,0d3793b0-5b17-4f04-bd5f-b7d4d8d487c4,57ced26c-62b9-494d-a03e-c347356cb1aa,"The pronoun a preson wants to be referred by; a gender neutral or gender inclusive pronoun is a pronoun which does not associate a gender with the individual who is being discussed (e.g.: He/Him/His, She/Her/Hers, Them/They/Theirs)",Personal Information,57b68f48-d44a-4ab1-8c74-158ea6c80699,,,2022-11-06 14:04:40,,3e18c7e0-08c5-4431-b6e6-33d36a9f88f0,,,,,
"",,,,,Sensitive Personal Information,60545469-f9b3-45c1-badb-2adb204fa726,,,,,,,,,,
"",,,,,property,3453ed46-4f06-4040-9bf8-bb580bb9fc37,,,,,,,,,,
"",,,,,Personally Identifiable Information,,,,,,,,,,,
Professional Title,glossary_term,0d3793b0-5b17-4f04-bd5f-b7d4d8d487c4,5e267c83-337e-489c-856e-e75eaa2ed3db,"Identifies individuals according to the formal qualification assigned to the person regardless of position or relationship to product lines; for example, Professional Title is 'Dr' where the qualification is 'Doctor of Philosophy', abbreviated to the letters 'PhD' after the person's name.",Personal Information,57b68f48-d44a-4ab1-8c74-158ea6c80699,,,2022-11-06 14:04:40,,3e18c7e0-08c5-4431-b6e6-33d36a9f88f0,,,34efa034-bb33-472b-a9cb-378a8c30d72a,,
"",,,,,property,,,,,,,,,b4ce77ce-1b2c-4b9c-92cd-8f2ef23480d2,,
Preferred Written Language,glossary_term,0d3793b0-5b17-4f04-bd5f-b7d4d8d487c4,5f5f43f4-70fe-46c3-8271-e6e6f9065e3b,"Identifies a language that a person prefers to use for written communication, when contacted.",Personal Information,57b68f48-d44a-4ab1-8c74-158ea6c80699,,,2022-11-06 14:04:40,,a3ccd99e-a813-40e7-a6da-d7df61ebe50b,,,df89464e-f593-4a94-bcb8-fa311fa7d40f,,
"",,,,,property,,,,,,,,,,,
Disability Information,glossary_term,0d3793b0-5b17-4f04-bd5f-b7d4d8d487c4,628e7e39-9df2-4a28-b49c-e6079c08d467,A physical or mental impairment which substantially limits one or more of a person's major life activities (e.g.: vision or hearing impairment).,Personal Information,57b68f48-d44a-4ab1-8c74-158ea6c80699,,,2022-11-06 14:04:40,,3e18c7e0-08c5-4431-b6e6-33d36a9f88f0,,,,,
"",,,,,Sensitive Personal Information,3453ed46-4f06-4040-9bf8-bb580bb9fc37,,,,,,,,,,
"",,,,,property,,,,,,,,,,,
Ideological Belief,glossary_term,0d3793b0-5b17-4f04-bd5f-b7d4d8d487c4,6459028e-ab55-40f7-ab82-adcc65bc14df,"A set of opinions or beliefs that characterize an individual or group (e.g.: communism, socialism).",Personal Information,57b68f48-d44a-4ab1-8c74-158ea6c80699,,,2022-11-06 14:04:40,,3e18c7e0-08c5-4431-b6e6-33d36a9f88f0,,,,,
"",,,,,Sensitive Personal Information,3453ed46-4f06-4040-9bf8-bb580bb9fc37,,,,,,,,,,
"",,,,,property,,,,,,,,,,,
Work Address,glossary_term,0d3793b0-5b17-4f04-bd5f-b7d4d8d487c4,6a1bca2c-eaf3-4dcc-b159-5de4ece4e7c3,"An address where the person performs activities that fulfill employment responsibilities; for example, John Smith, an employee of the company, works at 123 Main Street, New South Wales.",Personal Information,57b68f48-d44a-4ab1-8c74-158ea6c80699,,78d6c3a0-6a8d-4c68-b323-80be1b1033f4,2022-11-06 14:04:40,,3e18c7e0-08c5-4431-b6e6-33d36a9f88f0,,,,,
"",,,,,property,60545469-f9b3-45c1-badb-2adb204fa726,,,,,3478d433-52a7-4908-97fc-36c7735c6f3d,,,,,
"",,,,,Personally Identifiable Information,,,,,,,,,,,
"",,,,,relationship,,,,,,,,,,,
Pin Number,glossary_term,0d3793b0-5b17-4f04-bd5f-b7d4d8d487c4,6a9b9dab-6a9b-4e26-b232-00aaad07483a,A personal identification number used for authorizing access.,Personal Information,57b68f48-d44a-4ab1-8c74-158ea6c80699,,,2022-11-06 14:04:40,,8b09a028-c1f5-4ca5-bf39-37c971a461ef,,,d362bb57-f624-4094-a9fd-aff02324721e,,
"",,,,,property,60545469-f9b3-45c1-badb-2adb204fa726,,,,,,,,,,
"",,,,,Personally Identifiable Information,,,,,,,,,,,
Place of Birth,glossary_term,0d3793b0-5b17-4f04-bd5f-b7d4d8d487c4,6ac54c52-f8f8-4cf4-9fea-a573c4683df3,The place where a person was born.,Personal Information,57b68f48-d44a-4ab1-8c74-158ea6c80699,,,2022-11-06 14:04:40,,3e18c7e0-08c5-4431-b6e6-33d36a9f88f0,,,,,
"",,,,,property,60545469-f9b3-45c1-badb-2adb204fa726,,,,,,,,,,
"",,,,,Personally Identifiable Information,,,,,,,,,,,
Military Status,glossary_term,0d3793b0-5b17-4f04-bd5f-b7d4d8d487c4,701448f5-96fb-4b83-b14b-3451b8961e02,"The current relationship of a person to a military unit or branch within a country; can include veteran status, military rank.",Personal Information,57b68f48-d44a-4ab1-8c74-158ea6c80699,,,2022-11-06 14:04:40,,3e18c7e0-08c5-4431-b6e6-33d36a9f88f0,,,,,
"",,,,,Sensitive Personal Information,60545469-f9b3-45c1-badb-2adb204fa726,,,,,,,,,,
"",,,,,property,3453ed46-4f06-4040-9bf8-bb580bb9fc37,,,,,,,,,,
"",,,,,Personally Identifiable Information,,,,,,,,,,,
Job Title,glossary_term,0d3793b0-5b17-4f04-bd5f-b7d4d8d487c4,708091f9-2a24-44bf-9cbb-401b346da656,An official employment position or role in an organizational hierarchy. Usually a name that reflects a person's authority and responsibility.,Personal Information,57b68f48-d44a-4ab1-8c74-158ea6c80699,,,2022-11-06 14:04:40,,3e18c7e0-08c5-4431-b6e6-33d36a9f88f0,,,,,
"",,,,,property,60545469-f9b3-45c1-badb-2adb204fa726,,,,,3478d433-52a7-4908-97fc-36c7735c6f3d,,,,,
"",,,,,Personally Identifiable Information,,,,,,,,,,,
Preferred Spoken Language,glossary_term,0d3793b0-5b17-4f04-bd5f-b7d4d8d487c4,70b59288-e7f6-4a32-b4b1-992fee66deea,"Identifies a language that a person prefers to use for spoken communication, when contacted.",Personal Information,57b68f48-d44a-4ab1-8c74-158ea6c80699,,,2022-11-06 14:04:40,,a3ccd99e-a813-40e7-a6da-d7df61ebe50b,,,df89464e-f593-4a94-bcb8-fa311fa7d40f,,
"",,,,,property,,,,,,,,,,,
Payment Card Account Number,glossary_term,0d3793b0-5b17-4f04-bd5f-b7d4d8d487c4,71891c2d-6fed-4c2a-a303-4258a234fa4b,"A number that identifies a payment card, such as a credit or debit card.",Personal Information,57b68f48-d44a-4ab1-8c74-158ea6c80699,,,2022-11-06 14:04:40,,8b09a028-c1f5-4ca5-bf39-37c971a461ef,,,5101a602-9298-4ef0-8d12-a5285339bde7,,
"",,,,,property,60545469-f9b3-45c1-badb-2adb204fa726,,,,,,,,9c414cc4-73d8-4150-92c9-321293bcf6d7,,
"",,,,,Personally Identifiable Information,,,,,,,,,faff768f-7d25-475e-919c-3d86f15a0da1,,
"",,,,,,,,,,,,,,ea6630c2-aa0c-431b-b9dd-518601e12126,,
"",,,,,,,,,,,,,,ba58b7bf-9c8d-485a-8d7c-8796ba5f6d08,,
"",,,,,,,,,,,,,,f48b8a49-7fa1-4852-8cfa-009bfa88efd5,,
"",,,,,,,,,,,,,,372bdc5b-7540-4764-8d8d-dbb0544ca91c,,
"",,,,,,,,,,,,,,8236e2d6-2583-43c1-bf91-e2f22cf3500c,,
Person's Voice,glossary_term,0d3793b0-5b17-4f04-bd5f-b7d4d8d487c4,7396fc38-0e46-4160-abde-7f7f71bf58fc,"An identification based on the form of the person's spoken word; for example, the way a particular person speaks may be recorded in a voice print.",property,,,,2022-11-06 14:04:40,,3e18c7e0-08c5-4431-b6e6-33d36a9f88f0,,,,,
Address,glossary_term,0d3793b0-5b17-4f04-bd5f-b7d4d8d487c4,78d6c3a0-6a8d-4c68-b323-80be1b1033f4,The general-purpose address information that is used to contact parties or describe a location.,concept,,,6a1bca2c-eaf3-4dcc-b159-5de4ece4e7c3,2022-11-06 14:04:40,,,,,,,
Social Security Number,glossary_term,0d3793b0-5b17-4f04-bd5f-b7d4d8d487c4,79f908d1-5617-4ad1-a7b1-9ea717d0d6dd,A government issued ID number that uniquely identifies a person.,Personal Information,57b68f48-d44a-4ab1-8c74-158ea6c80699,,,2022-11-06 14:04:40,,3e18c7e0-08c5-4431-b6e6-33d36a9f88f0,,,a9b20b61-8526-40b8-9745-438be27346c8,,
"",,,,,property,60545469-f9b3-45c1-badb-2adb204fa726,,,,,,,,533a8b89-803b-4a39-9171-7cc5c8492d1a,,
"",,,,,Personally Identifiable Information,,,,,,,,,e7c7c876-e612-4cae-9cbe-9c0a49f82c58,,
"",,,,,,,,,,,,,,aaa403bb-f094-47e6-9c3e-c39f7f1d4a03,,
Personal Financial Information,glossary_term,0d3793b0-5b17-4f04-bd5f-b7d4d8d487c4,7e4879a9-2b5a-4290-91ac-e4d3bc9ce207,Identification of financial information associated with a person.,Personal Information,57b68f48-d44a-4ab1-8c74-158ea6c80699,,a3ec8ed7-508b-4737-96ac-0758a18ead61,2022-11-06 14:04:40,,3e18c7e0-08c5-4431-b6e6-33d36a9f88f0,,,,,
"",,,,,property,,,,,,,,,,,
"",,,,,relationship,,,,,,,,,,,
Signature,glossary_term,0d3793b0-5b17-4f04-bd5f-b7d4d8d487c4,7eba082b-86d3-40b8-bdfa-083f1363a9a1,"An authentic signature, evidencing a certain formal type of approval or willingness to be bound to certain terms or an agreement.",Personal Information,57b68f48-d44a-4ab1-8c74-158ea6c80699,,,2022-11-06 14:04:40,,3e18c7e0-08c5-4431-b6e6-33d36a9f88f0,,,,,
"",,,,,property,60545469-f9b3-45c1-badb-2adb204fa726,,,,,,,,,,
"",,,,,Personally Identifiable Information,,,,,,,,,,,
Sexual Orientation,glossary_term,0d3793b0-5b17-4f04-bd5f-b7d4d8d487c4,7fc1addc-4d2d-4deb-b414-69a66cc307e2,"Distinguishes between individuals based on their emotional and sexual attraction to others. For example, heterosexual, homosexual, bisexual.",Personal Information,57b68f48-d44a-4ab1-8c74-158ea6c80699,,,2022-11-06 14:04:40,,3e18c7e0-08c5-4431-b6e6-33d36a9f88f0,,,,,
"",,,,,Sensitive Personal Information,3453ed46-4f06-4040-9bf8-bb580bb9fc37,,,,,,,,,,
"",,,,,property,,,,,,,,,,,
Organization Unit Name,glossary_term,0d3793b0-5b17-4f04-bd5f-b7d4d8d487c4,81c81670-6857-4263-9847-34d03e13e654,"The name of the business unit, department or division specific to the person.",property,,,,2022-11-06 14:04:40,,c15493b7-073d-4e3d-828a-085189b15edc,,,,,
Primary Residence Country,glossary_term,0d3793b0-5b17-4f04-bd5f-b7d4d8d487c4,829e42ae-1e6b-472b-94cd-abb93290ad5c,The country in which the person primarily resides.,Personal Information,57b68f48-d44a-4ab1-8c74-158ea6c80699,,,2022-11-06 14:04:40,,3e18c7e0-08c5-4431-b6e6-33d36a9f88f0,,,,,
"",,,,,property,,,,,,,,,,,
Skills,glossary_term,0d3793b0-5b17-4f04-bd5f-b7d4d8d487c4,8906ee6b-02e8-459e-bbb8-ed64254fd4da,"The ability of a person to perform specific tasks in a competent manner following the acquisition of knowledge. Includes information such as courses of study, assessments, grades, scores, and performance for a specific individual.",Personal Information,57b68f48-d44a-4ab1-8c74-158ea6c80699,,,2022-11-06 14:04:40,,3e18c7e0-08c5-4431-b6e6-33d36a9f88f0,,,,,
"",,,,,property,,,,,,,,,,,
Email Address,glossary_term,0d3793b0-5b17-4f04-bd5f-b7d4d8d487c4,89190c6e-5910-4095-9d66-c5f2a7e9a6c8,"The address used to specify the source or destination of an electronic mail message, specific to a person.",Personal Information,57b68f48-d44a-4ab1-8c74-158ea6c80699,,,2022-11-06 14:04:40,,a3ccd99e-a813-40e7-a6da-d7df61ebe50b,,,91185aad-75f5-48ae-babd-7cae52a57205,,
"",,,,,property,60545469-f9b3-45c1-badb-2adb204fa726,,,,,,,,,,
"",,,,,Personally Identifiable Information,,,,,,,,,,,
Payment,glossary_term,0d3793b0-5b17-4f04-bd5f-b7d4d8d487c4,8b09a028-c1f5-4ca5-bf39-37c971a461ef,A financial transaction which involves paying another party or being paid by another party.,concept,,,,2022-11-06 14:04:40,,,,,,,
Birth Certificate Number,glossary_term,0d3793b0-5b17-4f04-bd5f-b7d4d8d487c4,8b3a2e93-6d5c-4f4f-b200-82c03f46a9dc,The number which uniquely identifies a person's birth certificate.,Personal Information,57b68f48-d44a-4ab1-8c74-158ea6c80699,,,2022-11-06 14:04:40,,3e18c7e0-08c5-4431-b6e6-33d36a9f88f0,,,,,
"",,,,,property,60545469-f9b3-45c1-badb-2adb204fa726,,,,,,,,,,
"",,,,,Personally Identifiable Information,,,,,,,,,,,
Gender/Sex,glossary_term,0d3793b0-5b17-4f04-bd5f-b7d4d8d487c4,8c47b85b-5059-46c5-81b3-216c88f29426,"A person's assigned sex at birth (i.e.: male, female).",Personal Information,57b68f48-d44a-4ab1-8c74-158ea6c80699,,,2022-11-06 14:04:40,,3e18c7e0-08c5-4431-b6e6-33d36a9f88f0,,,6b0519f2-5536-46ec-90e7-8ee932536e8b,,
"",,,,,property,60545469-f9b3-45c1-badb-2adb204fa726,,,,,,,,,,
"",,,,,Personally Identifiable Information,,,,,,,,,,,
Smoking Habit,glossary_term,0d3793b0-5b17-4f04-bd5f-b7d4d8d487c4,8ced974b-93be-45f9-9922-5726a410bd47,"A person's habit of smoking, which may be significant for risk analysis.",Personal Information,57b68f48-d44a-4ab1-8c74-158ea6c80699,,,2022-11-06 14:04:40,,3e18c7e0-08c5-4431-b6e6-33d36a9f88f0,,,,,
"",,,,,Sensitive Personal Information,3453ed46-4f06-4040-9bf8-bb580bb9fc37,,,,,,,,,,
"",,,,,property,,,,,,,,,,,
Race,glossary_term,0d3793b0-5b17-4f04-bd5f-b7d4d8d487c4,8e0c604c-34bb-4574-a344-46c046e334dd,"A major division of the world's population based on physical characteristics; refers to an person's physical characteristics, such as bone structure and skin, hair, or eye color (e.g.: Asian, Black or African American, White, Native Hawaiian or Other Pacific Islander).",Personal Information,57b68f48-d44a-4ab1-8c74-158ea6c80699,,,2022-11-06 14:04:40,,3e18c7e0-08c5-4431-b6e6-33d36a9f88f0,,,,,
"",,,,,Sensitive Personal Information,3453ed46-4f06-4040-9bf8-bb580bb9fc37,,,,,,,,,,
"",,,,,property,,,,,,,,,,,
Gender Identity,glossary_term,0d3793b0-5b17-4f04-bd5f-b7d4d8d487c4,8e39cc02-0a52-4de5-8604-503a41d4b378,"A person's concept of self as male, female, a blend of both or neither; how individuals perceive themselves and what they call themselves. A person's gender identity can be the same or different from their sex assigned at birth.",Personal Information,57b68f48-d44a-4ab1-8c74-158ea6c80699,,,2022-11-06 14:04:40,,3e18c7e0-08c5-4431-b6e6-33d36a9f88f0,,,6b0519f2-5536-46ec-90e7-8ee932536e8b,,
"",,,,,Sensitive Personal Information,60545469-f9b3-45c1-badb-2adb204fa726,,,,,,,,,,
"",,,,,property,3453ed46-4f06-4040-9bf8-bb580bb9fc37,,,,,,,,,,
"",,,,,Personally Identifiable Information,,,,,,,,,,,
Card Verification Number,glossary_term,0d3793b0-5b17-4f04-bd5f-b7d4d8d487c4,967b6d0e-9881-473e-b9ea-b9985a7f202a,The last three digits of the number on the back of a payment card.,Personal Information,57b68f48-d44a-4ab1-8c74-158ea6c80699,,,2022-11-06 14:04:40,,8b09a028-c1f5-4ca5-bf39-37c971a461ef,,,d362bb57-f624-4094-a9fd-aff02324721e,,
"",,,,,property,,,,,,,,,,,
Club Membership,glossary_term,0d3793b0-5b17-4f04-bd5f-b7d4d8d487c4,9945bd7f-81c8-43e4-942d-1071d9f3b1f5,"A person's membership in a club based on skills or interests, which is not a professional association or trade union (e.g.: social clubs, sports clubs).",Personal Information,57b68f48-d44a-4ab1-8c74-158ea6c80699,,,2022-11-06 14:04:40,,3e18c7e0-08c5-4431-b6e6-33d36a9f88f0,,,7ff4574a-a96b-44ac-856f-14e49eb48dc8,,
"",,,,,Sensitive Personal Information,3453ed46-4f06-4040-9bf8-bb580bb9fc37,,,,,,,,,,
"",,,,,property,,,,,,,,,,,
Employment Status,glossary_term,0d3793b0-5b17-4f04-bd5f-b7d4d8d487c4,9cffb9df-aeb9-48ce-8027-a6577250e0ca,The current employment status of the person.,Personal Information,57b68f48-d44a-4ab1-8c74-158ea6c80699,,,2022-11-06 14:04:40,,3478d433-52a7-4908-97fc-36c7735c6f3d,,,b9c7844d-d9e0-4062-9935-f094970da5ab,,
"",,,,,property,,,,,,,,,,,
Date of Death,glossary_term,0d3793b0-5b17-4f04-bd5f-b7d4d8d487c4,9fb9bd53-ce71-4eee-b004-aa15bf178f10,An person's date of death including year.,Personal Information,57b68f48-d44a-4ab1-8c74-158ea6c80699,,,2022-11-06 14:04:40,,3e18c7e0-08c5-4431-b6e6-33d36a9f88f0,,,,,
"",,,,,property,60545469-f9b3-45c1-badb-2adb204fa726,,,,,,,,,,
"",,,,,Personally Identifiable Information,,,,,,,,,,,
Latitude,glossary_term,0d3793b0-5b17-4f04-bd5f-b7d4d8d487c4,a0a61bde-8189-4a6c-ba71-625d75c00eed,A geographic coordinate that specifies the north-south position of a point on the Earth's surface. Values can range from -90 (south) to 90 (north).,property,,,,2022-11-06 14:04:40,,ab528df4-bb00-4b7f-9130-f6a273b50db7,,,6866adce-e718-4df3-9fa2-2d72cea4028c,,
Contact Information,glossary_term,0d3793b0-5b17-4f04-bd5f-b7d4d8d487c4,a3ccd99e-a813-40e7-a6da-d7df61ebe50b,The information used to define the method and destination of a communication with a person. It includes the information on contact points like email addresses and timing preferences.,concept,,,,2022-11-06 14:04:40,,,,,,,
Finance Information,glossary_term,0d3793b0-5b17-4f04-bd5f-b7d4d8d487c4,a3ec8ed7-508b-4737-96ac-0758a18ead61,"A grouping of financial information in relation to the financial status, credit history, investments, asset ownership, investment and savings information, and tax information of a person.",Personal Information,57b68f48-d44a-4ab1-8c74-158ea6c80699,,7e4879a9-2b5a-4290-91ac-e4d3bc9ce207,2022-11-06 14:04:40,,,,,,,
"",,,,,concept,,,,,,,,,,,
Location,glossary_term,0d3793b0-5b17-4f04-bd5f-b7d4d8d487c4,ab528df4-bb00-4b7f-9130-f6a273b50db7,"The place where someone or something has been, is or will be at a given time. The place can be defined with one or more position points (coordinates) or other geometric shapes in a coordinate system.",concept,,,,2022-11-06 14:04:40,,,,,,,
Country Name,glossary_term,0d3793b0-5b17-4f04-bd5f-b7d4d8d487c4,ace22626-b44d-4e40-a3ff-da48cb39027f,"Identifies the label assigned to or by which a country may be identified, for example: Ireland, India.",property,,,,2022-11-06 14:04:40,,ab528df4-bb00-4b7f-9130-f6a273b50db7,,,e1754025-fbd3-494e-8eca-7515044b97c6,,
"",,,,,,,,,,,78d6c3a0-6a8d-4c68-b323-80be1b1033f4,,,,,
Dependent Name,glossary_term,0d3793b0-5b17-4f04-bd5f-b7d4d8d487c4,b02e24f1-d3ee-4465-84e6-763ebf05867a,The name of the dependent declared by the person.,Personal Information,57b68f48-d44a-4ab1-8c74-158ea6c80699,,,2022-11-06 14:04:40,,3e18c7e0-08c5-4431-b6e6-33d36a9f88f0,,,,,
"",,,,,property,,,,,,,,,,,
Medical Condition,glossary_term,0d3793b0-5b17-4f04-bd5f-b7d4d8d487c4,b050e4e7-d54d-4afb-bc6c-38a5ff8988b8,"The health state of a person, such as an injury, a disease including notifiable diseases or a disability.",Personal Information,57b68f48-d44a-4ab1-8c74-158ea6c80699,,,2022-11-06 14:04:40,,3e18c7e0-08c5-4431-b6e6-33d36a9f88f0,,,c9eb8fdc-4c91-4b74-8506-4abba9d97069,,
"",,,,,Sensitive Personal Information,3453ed46-4f06-4040-9bf8-bb580bb9fc37,,,,,,,,,,
"",,,,,property,,,,,,,,,,,
MAC Address,glossary_term,0d3793b0-5b17-4f04-bd5f-b7d4d8d487c4,b3b45ba0-97e7-4228-b683-014f5941fac2,The Media Access Control (MAC) address associated with the network interface of a person's device.,Personal Information,57b68f48-d44a-4ab1-8c74-158ea6c80699,,,2022-11-06 14:04:40,,3e18c7e0-08c5-4431-b6e6-33d36a9f88f0,,,9d66c531-0bad-4329-9eab-95ebb350b701,,
"",,,,,property,60545469-f9b3-45c1-badb-2adb204fa726,,,,,,,,,,
"",,,,,Personally Identifiable Information,,,,,,,,,,,
Address Line,glossary_term,0d3793b0-5b17-4f04-bd5f-b7d4d8d487c4,b5d92e52-a4e0-427f-a7b6-39d2853d7072,"This includes at least the first line of the address, which may include street and building number and may include more than one address line.",property,,,,2022-11-06 14:04:40,,ab528df4-bb00-4b7f-9130-f6a273b50db7,,,61525b51-ae77-495b-9151-ac154bb9652f,,
"",,,,,,,,,,,78d6c3a0-6a8d-4c68-b323-80be1b1033f4,,,16f0de03-c724-48cf-9924-3ab7943539ae,,
"",,,,,,,,,,,,,,e2a00a2c-c3d9-4cfa-8764-ea9a5c1ecb40,,
Date of Birth,glossary_term,0d3793b0-5b17-4f04-bd5f-b7d4d8d487c4,b6f2ca41-9f73-4756-b3bf-81e237b1807e,An person's date of birth including year.,Personal Information,57b68f48-d44a-4ab1-8c74-158ea6c80699,,,2022-11-06 14:04:40,,3e18c7e0-08c5-4431-b6e6-33d36a9f88f0,,,d7551c93-8ba0-4e47-b1d8-0dd568d05117,,
"",,,,,property,60545469-f9b3-45c1-badb-2adb204fa726,,,,,,,,,,
"",,,,,Personally Identifiable Information,,,,,,,,,,,
Citizenship / Nationality,glossary_term,0d3793b0-5b17-4f04-bd5f-b7d4d8d487c4,b7811184-45ca-4497-ba63-b6c35b397a1b,A person's position or status of being a citizen of a particular country.,Personal Information,57b68f48-d44a-4ab1-8c74-158ea6c80699,,,2022-11-06 14:04:40,,3e18c7e0-08c5-4431-b6e6-33d36a9f88f0,,,,,
"",,,,,Sensitive Personal Information,3453ed46-4f06-4040-9bf8-bb580bb9fc37,,,,,,,,,,
"",,,,,property,,,,,,,,,,,
Socioeconomic,glossary_term,0d3793b0-5b17-4f04-bd5f-b7d4d8d487c4,becc319c-1ef6-4c07-b9b5-66030a7919f5,Relating to or concerned with the interaction of social and economic factors on a person (e.g.: class in society based on how much money the individual makes).,Personal Information,57b68f48-d44a-4ab1-8c74-158ea6c80699,,,2022-11-06 14:04:40,,3e18c7e0-08c5-4431-b6e6-33d36a9f88f0,,,,,
"",,,,,Sensitive Personal Information,3453ed46-4f06-4040-9bf8-bb580bb9fc37,,,,,,,,,,
"",,,,,property,,,,,,,,,,,
Personality Profile,glossary_term,0d3793b0-5b17-4f04-bd5f-b7d4d8d487c4,c0a04156-08f7-4aed-a582-dba51cce5465,"Personality information about a person such as kind of temperament, decision-making and communication style, attitudes towards matters such as work and recreation, taste, emotions, personality traits. A Personality Profile may be composed of inferred data.",Personal Information,57b68f48-d44a-4ab1-8c74-158ea6c80699,,,2022-11-06 14:04:40,,3e18c7e0-08c5-4431-b6e6-33d36a9f88f0,,,,,
"",,,,,Sensitive Personal Information,3453ed46-4f06-4040-9bf8-bb580bb9fc37,,,,,,,,,,
"",,,,,property,,,,,,,,,,,
Health Status,glossary_term,0d3793b0-5b17-4f04-bd5f-b7d4d8d487c4,c0ed9ed5-4894-4ab4-a04f-ce2b9b33d727,The known physical and/or mental conditions of a person.,Personal Information,57b68f48-d44a-4ab1-8c74-158ea6c80699,,,2022-11-06 14:04:40,,3e18c7e0-08c5-4431-b6e6-33d36a9f88f0,,,,,
"",,,,,Sensitive Personal Information,3453ed46-4f06-4040-9bf8-bb580bb9fc37,,,,,,,,,,
"",,,,,property,,,,,,,,,,,
Organization,glossary_term,0d3793b0-5b17-4f04-bd5f-b7d4d8d487c4,c15493b7-073d-4e3d-828a-085189b15edc,"A specific legal entity. Examples include a corporation, corporate unit, not-for-profit organization, government or governmental subdivision or agency.",concept,,,eaa2bf1e-caeb-4c75-9a5e-8b4ae47c5e94,2022-11-06 14:04:40,,,,,0e3e1828-6867-4228-9ea8-934b59420168,,
"",,,,,,,,,,,,,,8300f3b7-cb24-44bc-b942-b56a041ec7db,,
County,glossary_term,0d3793b0-5b17-4f04-bd5f-b7d4d8d487c4,c2ec223e-83a6-4ad2-9b0a-6e03c51f6f88,The name of the county.,property,,,,2022-11-06 14:04:40,,ab528df4-bb00-4b7f-9130-f6a273b50db7,,,65afc632-3d63-4b45-b3ed-8e2c0d5b1424,,
"",,,,,,,,,,,78d6c3a0-6a8d-4c68-b323-80be1b1033f4,,,,,
Tax ID Number,glossary_term,0d3793b0-5b17-4f04-bd5f-b7d4d8d487c4,c6f2334e-4725-4a91-bb74-bc2cbcec7c1d,The unique number which identifies a person to the tax authorities.,Personal Information,57b68f48-d44a-4ab1-8c74-158ea6c80699,,,2022-11-06 14:04:40,,3e18c7e0-08c5-4431-b6e6-33d36a9f88f0,,,d98c4fc6-04c3-4eb2-8ec6-499003970bd4,,
"",,,,,property,60545469-f9b3-45c1-badb-2adb204fa726,,,,,,,,fb42b60c-a9ff-43b1-a885-ad7fc962b8a1,,
"",,,,,Personally Identifiable Information,,,,,,,,,,,
State Name,glossary_term,0d3793b0-5b17-4f04-bd5f-b7d4d8d487c4,c81b4037-1742-404f-b65a-db53da4280c7,"Identifies the name assigned to or by which a state or province may be identified, for example: Florida, Texas, Kentucky.",property,,,,2022-11-06 14:04:40,,ab528df4-bb00-4b7f-9130-f6a273b50db7,,,031b5e79-8510-42ff-bfac-c50c60cab03b,,
"",,,,,,,,,,,78d6c3a0-6a8d-4c68-b323-80be1b1033f4,,,4b80163a-8731-426f-b58a-fb515aa63d0b,,
"",,,,,,,,,,,,,,9d1f56ac-d34e-411e-9557-cb819721fd6e,,
City,glossary_term,0d3793b0-5b17-4f04-bd5f-b7d4d8d487c4,c9024659-65a1-4f06-9fcc-2c24ddf73b76,"Identifies the City associated with the address, location or place.",property,,,,2022-11-06 14:04:40,,78d6c3a0-6a8d-4c68-b323-80be1b1033f4,,,2721c2a1-aeee-40d8-bf02-d888a1b73c26,,
"",,,,,,,,,,,,,,3929e00b-e505-4981-a170-de6cbefd6413,,
Data Privacy Choice,glossary_term,0d3793b0-5b17-4f04-bd5f-b7d4d8d487c4,cc626dfb-3441-4ae0-99ac-1732f30865ab,"Expressed preference(s) by a person related to data privacy, such as consent to marketing or use of cookies, expressing and saving application specific settings (e.g.: language).",Personal Information,57b68f48-d44a-4ab1-8c74-158ea6c80699,,,2022-11-06 14:04:40,,3e18c7e0-08c5-4431-b6e6-33d36a9f88f0,,,,,
"",,,,,property,,,,,,,,,,,
Driver License ID,glossary_term,0d3793b0-5b17-4f04-bd5f-b7d4d8d487c4,ce5de406-ad10-4f79-8fdd-45c35d1045da,The identification number that appear on a drivers license proving the person's right to drive a motor vehicle.,Personal Information,57b68f48-d44a-4ab1-8c74-158ea6c80699,,,2022-11-06 14:04:40,,3e18c7e0-08c5-4431-b6e6-33d36a9f88f0,,,86a4677b-09a2-480c-b2db-6235606fbe6f,,
"",,,,,property,60545469-f9b3-45c1-badb-2adb204fa726,,,,,,,,8df62bab-b0cb-4e3a-9a6f-427f538f1df6,,
"",,,,,Personally Identifiable Information,,,,,,,,,72e6f4b7-2e4c-4a5f-b030-bd027c4e396e,,
"",,,,,,,,,,,,,,828e16c1-c850-446f-87d2-c8dbc2269433,,
"",,,,,,,,,,,,,,f36471c6-f04e-4dd3-802d-a0a5f3d61371,,
"",,,,,,,,,,,,,,420af44b-1488-4277-80a7-f3e08ef2e24b,,
"",,,,,,,,,,,,,,89279e43-69c4-4e88-ba2c-609deac6f884,,
"",,,,,,,,,,,,,,662877b6-a5b3-4308-bd23-58d2bf1d640c,,
"",,,,,,,,,,,,,,4dd07951-400e-4691-863c-ebf366ddb6ae,,
"",,,,,,,,,,,,,,892b75e4-8833-421f-a6a8-5c792aa871a4,,
"",,,,,,,,,,,,,,efe7b250-d118-4501-a151-e49c75a8e44a,,
"",,,,,,,,,,,,,,e0df04b7-e7dc-4c99-83ed-96024f58f8bc,,
"",,,,,,,,,,,,,,e5e602a2-56e6-4f42-b2d6-be8fb4b5d602,,
"",,,,,,,,,,,,,,37007078-a8fd-49db-a420-1ef9e09b2929,,
"",,,,,,,,,,,,,,11a4da3c-f9a4-4b81-88c2-74839bb2ea6c,,
"",,,,,,,,,,,,,,218cbdde-d408-4b97-b850-9dd978019fda,,
"",,,,,,,,,,,,,,34f5f302-4c5f-4a58-a037-c9cfbf66bd93,,
"",,,,,,,,,,,,,,144cccff-7fca-4f60-807b-282d49645d09,,
"",,,,,,,,,,,,,,1f3f7b96-3f4d-4466-a886-2ec2e2f869f7,,
"",,,,,,,,,,,,,,b9f00c8d-cb27-458d-8b25-ca38b3862dc0,,
"",,,,,,,,,,,,,,1ac5de08-16d2-4517-b76c-e8972ad66b12,,
"",,,,,,,,,,,,,,4789f0e2-b3b0-4793-8347-32b8f3c682fc,,
"",,,,,,,,,,,,,,133a86b7-fd4b-4c7a-9dde-873c96b9d7b4,,
"",,,,,,,,,,,,,,ad834451-6d59-472e-b0d0-340074007560,,
"",,,,,,,,,,,,,,f7c9ef12-c913-4fa4-9059-0980779d89b7,,
"",,,,,,,,,,,,,,2731823a-7222-4bd0-88c7-ccfac89746fc,,
"",,,,,,,,,,,,,,97fd41d0-1626-46d4-8c34-3955dd7f90b9,,
"",,,,,,,,,,,,,,cfd32b4f-aa14-466e-88b1-bcae9fef01f8,,
"",,,,,,,,,,,,,,1d58c0c7-136f-45fc-92c4-df5e0a309512,,
"",,,,,,,,,,,,,,09c94f77-af88-46f8-a5cc-daf111b53ca2,,
"",,,,,,,,,,,,,,8f1f6663-297f-4066-897b-53894a2d21ba,,
"",,,,,,,,,,,,,,b68e4833-1218-4a91-bbc5-4283d0847816,,
"",,,,,,,,,,,,,,90f3458d-14e0-49dd-aaa5-4d14e2a813fc,,
"",,,,,,,,,,,,,,cba58349-62e1-4f86-bed9-34a5fcd5c806,,
"",,,,,,,,,,,,,,650f48c4-5d76-4602-9353-0ca886fab3ce,,
"",,,,,,,,,,,,,,ac8b97de-b36b-4552-83ed-32d927c5f426,,
"",,,,,,,,,,,,,,d88e5cd7-17b2-4df3-88fb-8997ee26418c,,
"",,,,,,,,,,,,,,30ff047a-89d0-4334-bfc7-3d3f4f6211d2,,
"",,,,,,,,,,,,,,258f212c-fc33-4176-9a8b-c9cdbef1b428,,
"",,,,,,,,,,,,,,43d7a9ee-29c1-464a-a520-8454908888a6,,
"",,,,,,,,,,,,,,81796481-3a41-4e82-8e12-d783a90ef7be,,
"",,,,,,,,,,,,,,ef9f5538-4e68-466a-a684-0992fad73da6,,
"",,,,,,,,,,,,,,9697acb4-4431-4db4-8fb7-5792d7c83a47,,
"",,,,,,,,,,,,,,5ba96bd7-7a67-48f3-85b0-a741d429b263,,
"",,,,,,,,,,,,,,8ee59618-a4e6-47d6-a326-17220764e053,,
"",,,,,,,,,,,,,,d9e8a0b5-7038-48db-ae3a-9380adcb0800,,
"",,,,,,,,,,,,,,965f1921-ddbf-4ccd-859d-2ca9884054c0,,
"",,,,,,,,,,,,,,9bb52bac-ae33-418e-bf2d-93439d32e950,,
"",,,,,,,,,,,,,,06ac782e-7172-4a32-a26c-931288852ce8,,
"",,,,,,,,,,,,,,3a7e92e0-c627-41fc-8160-92d2d31babbd,,
"",,,,,,,,,,,,,,839d082c-6ad8-4d56-aaba-283eb7034075,,
"",,,,,,,,,,,,,,d8a3a9b1-bc20-44a0-a39c-0f25455983d2,,
"",,,,,,,,,,,,,,b4c94861-bcab-4c33-990b-976683b2cdf2,,
"",,,,,,,,,,,,,,0076e622-f836-4aff-bf55-ea212d3a376e,,
"",,,,,,,,,,,,,,4c5703d6-28f2-496e-a6e4-babc9754e7ad,,
"",,,,,,,,,,,,,,10279e37-5d9a-40f7-bd1b-f19a34f16343,,
"",,,,,,,,,,,,,,daeef4e8-ff96-4f8d-be7e-3f5a7bd2ff64,,
"",,,,,,,,,,,,,,357a39ff-431c-47ab-8f58-1aa2ebbb201e,,
"",,,,,,,,,,,,,,d3e6fee5-2bdb-4b24-9c91-ba0c57ac5174,,
"",,,,,,,,,,,,,,c982dc0d-2fa8-4c7a-9b03-c5338bd6a234,,
"",,,,,,,,,,,,,,0414bd5d-8b54-4d2b-86d6-c95c86f23269,,
"",,,,,,,,,,,,,,65f7b069-fb56-473e-a959-3b8d51863d5a,,
Courtesy Title,glossary_term,0d3793b0-5b17-4f04-bd5f-b7d4d8d487c4,d1473f68-f38e-412c-a3f0-abbac6f60e41,"Generally a prefix to a person's name when being addressed in writing or verbally (e.g.: Mrs., Mr., Ms.)",Personal Information,57b68f48-d44a-4ab1-8c74-158ea6c80699,,,2022-11-06 14:04:40,,a3ccd99e-a813-40e7-a6da-d7df61ebe50b,,,,,
"",,,,,property,60545469-f9b3-45c1-badb-2adb204fa726,,,,,3e18c7e0-08c5-4431-b6e6-33d36a9f88f0,,,,,
"",,,,,Personally Identifiable Information,,,,,,,,,,,
Education Level Attainment,glossary_term,0d3793b0-5b17-4f04-bd5f-b7d4d8d487c4,d1d45872-7f6d-4978-9159-53b0357a0519,The highest level of education completed by a person.,Personal Information,57b68f48-d44a-4ab1-8c74-158ea6c80699,,,2022-11-06 14:04:40,,3e18c7e0-08c5-4431-b6e6-33d36a9f88f0,,,,,
"",,,,,property,,,,,,,,,,,
Family Relationship,glossary_term,0d3793b0-5b17-4f04-bd5f-b7d4d8d487c4,d409f45c-8cd0-4ff9-bd75-5ec22f0c9a71,A family relationship between two persons.,Personal Information,57b68f48-d44a-4ab1-8c74-158ea6c80699,,,2022-11-06 14:04:40,,3e18c7e0-08c5-4431-b6e6-33d36a9f88f0,,,9ab3768c-7289-410f-ba5c-ea6819a64833,,
"",,,,,property,,,,,,,,,,,
Postal Code,glossary_term,0d3793b0-5b17-4f04-bd5f-b7d4d8d487c4,d417224a-40d9-4d47-86d4-14ab91670acd,An identifier used to assist postal deliveries and included in the postal address. This may also be referred to as zip code or post code.,Personal Information,57b68f48-d44a-4ab1-8c74-158ea6c80699,,,2022-11-06 14:04:40,,78d6c3a0-6a8d-4c68-b323-80be1b1033f4,,,60542588-c069-4b1f-afe4-6a02ac8a1836,,
"",,,,,property,60545469-f9b3-45c1-badb-2adb204fa726,,,,,,,,1cabdc45-def7-4783-bbcb-c73db62c1e38,,
"",,,,,Personally Identifiable Information,,,,,,,,,c890d1e2-bb46-4993-bb19-2a4e0e623278,,
"",,,,,,,,,,,,,,6a9b0096-1bd2-4ea5-8af4-bfc94a4b5273,,
Full name,glossary_term,0d3793b0-5b17-4f04-bd5f-b7d4d8d487c4,d675c2bb-5d4c-4037-891d-e71db8909b0d,The full name used for identifying a person.,Personal Information,57b68f48-d44a-4ab1-8c74-158ea6c80699,,,2022-11-06 14:04:40,,3e18c7e0-08c5-4431-b6e6-33d36a9f88f0,,,b078fab5-e278-487f-ba4d-221dfc119d89,,
"",,,,,property,60545469-f9b3-45c1-badb-2adb204fa726,,,,,,,,,,
"",,,,,Personally Identifiable Information,,,,,,,,,,,
Drinking Habit,glossary_term,0d3793b0-5b17-4f04-bd5f-b7d4d8d487c4,dc97ed29-9d6d-42f8-ab8a-2bc65f38658f,"A person's habit of drinking, which may be significant for risk analysis.",Personal Information,57b68f48-d44a-4ab1-8c74-158ea6c80699,,,2022-11-06 14:04:40,,3e18c7e0-08c5-4431-b6e6-33d36a9f88f0,,,,,
"",,,,,Sensitive Personal Information,3453ed46-4f06-4040-9bf8-bb580bb9fc37,,,,,,,,,,
"",,,,,property,,,,,,,,,,,
Social Media Account Name,glossary_term,0d3793b0-5b17-4f04-bd5f-b7d4d8d487c4,dddc02d6-e2bb-4e00-a98a-4ad74edd1974,"The online name that is used for the social media account, which can be a pseudonym, such as a nickname or alias.",Personal Information,57b68f48-d44a-4ab1-8c74-158ea6c80699,,,2022-11-06 14:04:40,,3e18c7e0-08c5-4431-b6e6-33d36a9f88f0,,,,,
"",,,,,property,60545469-f9b3-45c1-badb-2adb204fa726,,,,,,,,,,
"",,,,,Personally Identifiable Information,,,,,,,,,,,
Country Phone Code,glossary_term,0d3793b0-5b17-4f04-bd5f-b7d4d8d487c4,df0d63fd-83d9-45c2-893e-ef6e010064a6,The unique number given to each country for dialing a telephone number in that country from abroad.,property,,,,2022-11-06 14:04:40,,a3ccd99e-a813-40e7-a6da-d7df61ebe50b,,,,,
Sex Life,glossary_term,0d3793b0-5b17-4f04-bd5f-b7d4d8d487c4,e0de0a4b-c941-4eb9-9be9-fb2cb7a47111,A sector of a person's day-to-day existence which may involve sexual activity or represent the absence of sexual activity.,Personal Information,57b68f48-d44a-4ab1-8c74-158ea6c80699,,,2022-11-06 14:04:40,,3e18c7e0-08c5-4431-b6e6-33d36a9f88f0,,,,,
"",,,,,Sensitive Personal Information,3453ed46-4f06-4040-9bf8-bb580bb9fc37,,,,,,,,,,
"",,,,,property,,,,,,,,,,,
Geographical Area Name,glossary_term,0d3793b0-5b17-4f04-bd5f-b7d4d8d487c4,e39bc1b4-8f2c-4398-99b8-cea29372a28a,"A place that identifies a geographical area as a single unit to which a same set of conditions apply. It describes a bounded area defined by nature, or by an external authority, such as a government, or for an internal business purpose.",property,,,,2022-11-06 14:04:40,,ab528df4-bb00-4b7f-9130-f6a273b50db7,,,,,
Longitude,glossary_term,0d3793b0-5b17-4f04-bd5f-b7d4d8d487c4,e5606a3b-e0f8-450d-9fa1-64fa326c4eac,A geographic coordinate that specifies the east-west position of a point on the Earth's surface.,property,,,,2022-11-06 14:04:40,,ab528df4-bb00-4b7f-9130-f6a273b50db7,,,b6742003-1c9a-4d56-8dc9-fdc60af7b999,,
First Name,glossary_term,0d3793b0-5b17-4f04-bd5f-b7d4d8d487c4,e8f3252a-af14-42fb-9c86-69940e7157d2,A person's name normally preceding the last name and typically used to refer to the person in informal circumstances.,Personal Information,57b68f48-d44a-4ab1-8c74-158ea6c80699,,,2022-11-06 14:04:40,,3e18c7e0-08c5-4431-b6e6-33d36a9f88f0,,,68ac9fba-0515-4e97-8414-25b2b6cafbb8,,
"",,,,,property,60545469-f9b3-45c1-badb-2adb204fa726,,,,,,,,,,
"",,,,,Personally Identifiable Information,,,,,,,,,,,
Credit Rating,glossary_term,0d3793b0-5b17-4f04-bd5f-b7d4d8d487c4,ea8d4582-c27e-4e58-a799-17a9bd374acc,"An evaluation of the credit risk of a person, predicting their ability to pay back the debt, and an implicit forecast of the likelihood of the debtor defaulting.",Personal Information,57b68f48-d44a-4ab1-8c74-158ea6c80699,,,2022-11-06 14:04:40,,a3ec8ed7-508b-4737-96ac-0758a18ead61,,,,,
"",,,,,property,,,,,,3e18c7e0-08c5-4431-b6e6-33d36a9f88f0,,,,,
Person's Association Name,glossary_term,0d3793b0-5b17-4f04-bd5f-b7d4d8d487c4,eaa2bf1e-caeb-4c75-9a5e-8b4ae47c5e94,Identifies an organization or other grouping that a person is involved in.,Personal Information,57b68f48-d44a-4ab1-8c74-158ea6c80699,,c15493b7-073d-4e3d-828a-085189b15edc,2022-11-06 14:04:40,,3e18c7e0-08c5-4431-b6e6-33d36a9f88f0,,,,,
"",,,,,Sensitive Personal Information,3453ed46-4f06-4040-9bf8-bb580bb9fc37,,,,,,,,,,
"",,,,,property,,,,,,,,,,,
"",,,,,relationship,,,,,,,,,,,
Marital Status,glossary_term,0d3793b0-5b17-4f04-bd5f-b7d4d8d487c4,ecbf59cc-3c6c-47fa-b7f6-cf8f24598ddb,"A person's relationship with a significant other (e.g.: married, single, divorced, widowed). May include a relationship with another person, which has officially been recognized by law, with similar rights and obligations as marriage.",Personal Information,57b68f48-d44a-4ab1-8c74-158ea6c80699,,,2022-11-06 14:04:40,,3e18c7e0-08c5-4431-b6e6-33d36a9f88f0,,,c367fb56-681a-48de-93fd-5a731f0e44ce,,
"",,,,,property,,,,,,,,,9ab3768c-7289-410f-ba5c-ea6819a64833,,
Professional Association,glossary_term,0d3793b0-5b17-4f04-bd5f-b7d4d8d487c4,f529ccba-31b3-4163-82ec-c28e6d3f2a79,"A person's participation in an organization seeking to further a particular profession, the interests of individuals engaged in that profession and the public interest (e.g.: Chartered Institute of Management Accountants (CIMA)).",Personal Information,57b68f48-d44a-4ab1-8c74-158ea6c80699,,,2022-11-06 14:04:40,,3e18c7e0-08c5-4431-b6e6-33d36a9f88f0,,,,,
"",,,,,property,60545469-f9b3-45c1-badb-2adb204fa726,,,,,,,,,,
"",,,,,Personally Identifiable Information,,,,,,,,,,,
Phone Number,glossary_term,0d3793b0-5b17-4f04-bd5f-b7d4d8d487c4,f72e78b5-03c4-4e05-a369-9f0234243a3d,A number which identifies the person's connection to the telephone network; telephonic address; can include area code or country code. It is the general-purpose telephone information that is needed to contact a wired or wireless telephone device.,property,,,,2022-11-06 14:04:40,,c15493b7-073d-4e3d-828a-085189b15edc,,,96fddb3b-cfb7-4007-b4f0-3992b4b324f7,,
"",,,,,,,,,,,a3ccd99e-a813-40e7-a6da-d7df61ebe50b,,,,,
Person Photo,glossary_term,0d3793b0-5b17-4f04-bd5f-b7d4d8d487c4,fd694de0-a411-4d16-94c5-c55dc8c2b12d,A photographic image of a person which may be provided by the person for internal or external communication or for identification purposes.,Personal Information,57b68f48-d44a-4ab1-8c74-158ea6c80699,,,2022-11-06 14:04:40,,3e18c7e0-08c5-4431-b6e6-33d36a9f88f0,,,,,
"",,,,,property,60545469-f9b3-45c1-badb-2adb204fa726,,,,,,,,,,
"",,,,,Personally Identifiable Information,,,,,,,,,,,
Country Code,glossary_term,0d3793b0-5b17-4f04-bd5f-b7d4d8d487c4,fef32679-ca79-4126-8e09-3f8727914973,"A code which identifies a country, for example: the country code for Ireland is 'IE'.",property,,,,2022-11-06 14:04:40,,ab528df4-bb00-4b7f-9130-f6a273b50db7,,,2e72104f-5aff-475d-8a81-feb7c2c4c19e,,
"",,,,,,,,,,,78d6c3a0-6a8d-4c68-b323-80be1b1033f4,,,,,
