Name,Artifact Type,Category,Artifact ID,Description,Tags,Classifications,Stewards,Related Terms,Business Start,Business End,Secondary Categories,Rules,Parent Policy
PII Data Protection,policy,4a4d48dc-7b89-45e3-99eb-86ac539edc44,82fefc20-4cc3-497d-8979-8d1b5b3f0270,"All PII data must be accounted for, classified, catalogued where appropriate, and protected, where necessary, using active, automated masking techniques.",,,,,2022-08-25 17:05:19,,,,
Privacy,policy,78b88f91-63e9-4af0-8770-568853f535f5,3462d2f1-6e5e-4a62-b841-112bc2948486,Policies defining the requirements for safeguarding the privacy of individuals and organizations.,,,,,2022-05-28 19:54:31,,,,
Protecting Sensitive Information,policy,78b88f91-63e9-4af0-8770-568853f535f5,55f14585-7bc2-4490-9e92-0cb320776927,"This policy governs data classified as sensitive information as defined by government and industry regulations or designated by the Chief Data Officer, pertaining to our customers, partners and employees or any individual or entity associated with our company. It outlines the protections that must be administered to control access and availability to sensitive information to ensure that only those who have authorization to view it get access.",,,,feb50b0d-e421-4429-9737-e517f319b80b,2022-05-28 19:54:31,,,,
"",,,,,,,,21697799-4171-4cd2-a260-3ffadc5d6f25,,,,,
Data Privacy,policy,78b88f91-63e9-4af0-8770-568853f535f5,e4d817cc-602a-4714-9a7a-b9ada981de5e,Company-wide data privacy policy for securing private data,,,,,2022-05-28 19:54:31,,,,
