Name,Artifact Type,Category,Artifact ID,Description,Tags,Classifications,Stewards,Related Terms,Business Start,Business End,Part Of Terms,Type Of Terms,Abbreviations,Data Classes,Synonyms,Secondary Categories
Contrat,glossary_term,50b175d3-0da7-4909-95ac-3475292f4950,090952e4-10a3-4f86-bb96-100d482e705c,Contrat de l'assureur Assurance Cie,Claim Fraud,,,,2023-01-04 12:52:38,,,,,,,
Sinistre,glossary_term,50b175d3-0da7-4909-95ac-3475292f4950,8aacda1b-2156-4baf-b00d-96033aef3aa2,Sinistre de l'assureur Assurance Cie,Claim Fraud,,,,2023-01-04 12:52:38,,,,,,,
Client,glossary_term,50b175d3-0da7-4909-95ac-3475292f4950,a24d2176-1c3d-4a09-b8b9-85f36a51be4d,Client de l'assureur Assurance Cie,Claim Fraud,,,,2023-01-04 12:52:38,,,,,,,
Date Echeance,glossary_term,4983e072-0af1-4d51-9f8b-fce68a583b12,0a5d5626-0a9e-455c-a47e-c72849ff9d61,Date Signature Contrat,Claim Fraud,,,,2023-01-04 12:52:38,,090952e4-10a3-4f86-bb96-100d482e705c,,,,,
Ville Sinistre,glossary_term,4983e072-0af1-4d51-9f8b-fce68a583b12,1fea3b68-317f-4b57-9aa5-6aaf2ed602e6,Ville du lieu de l'accident,Claim Fraud,,,,2023-01-04 12:52:38,,8aacda1b-2156-4baf-b00d-96033aef3aa2,,,,,
Numero Police,glossary_term,4983e072-0af1-4d51-9f8b-fce68a583b12,21868bea-b566-4541-9d2c-9a3c0b2374cc,Numero Police,Claim Fraud,,,,2023-01-04 12:52:38,,090952e4-10a3-4f86-bb96-100d482e705c,,,d7f3e2e1-db9e-4142-b191-25555f881a72,,
Type Sinistre,glossary_term,4983e072-0af1-4d51-9f8b-fce68a583b12,25d6c198-2295-4d35-b735-dedb2b11237e,Type d'accident,Claim Fraud,,,,2023-01-04 12:52:38,,8aacda1b-2156-4baf-b00d-96033aef3aa2,,,f3cb20a1-7384-455b-9ecd-935972b9c272,,
Severite Sinistre,glossary_term,4983e072-0af1-4d51-9f8b-fce68a583b12,3aa8946c-fa69-423a-8eb1-3a2eb01ad6a9,Severite de l'accident,Claim Fraud,,,,2023-01-04 12:52:38,,8aacda1b-2156-4baf-b00d-96033aef3aa2,,,7e966444-2600-420a-99d0-0a1fafe2182a,,
Gain Total Client,glossary_term,4983e072-0af1-4d51-9f8b-fce68a583b12,3dbcbfd4-efb7-4690-b042-6ee7a739ac93,Gain sur le client,Claim Fraud,,,,2023-01-04 12:52:38,,8aacda1b-2156-4baf-b00d-96033aef3aa2,,,,,
Region Rattachement Contrat,glossary_term,4983e072-0af1-4d51-9f8b-fce68a583b12,3ec013b5-5145-4bb8-81cf-5902be3f6745,Region de rattachement du Contrat,Claim Fraud,,,,2023-01-04 12:52:38,,090952e4-10a3-4f86-bb96-100d482e705c,,,,,
Type Collision,glossary_term,4983e072-0af1-4d51-9f8b-fce68a583b12,3ee3eb39-0af0-40bd-a25c-ddce387f09a9,Type de collision,Claim Fraud,,,,2023-01-04 12:52:38,,8aacda1b-2156-4baf-b00d-96033aef3aa2,,,f318bb8a-6728-4da6-9548-f61d669a5a99,,
Type Couverture,glossary_term,4983e072-0af1-4d51-9f8b-fce68a583b12,448bb2f9-64c0-4088-b0b7-cf26c39796a2,"Type de couverture du contrat assurance auto : Tiers, Tous Risques",Claim Fraud,,,,2023-01-04 12:52:38,,090952e4-10a3-4f86-bb96-100d482e705c,,,d76a4168-2628-451a-be1e-a76271cbd2d4,,
Nombre Sinistres,glossary_term,4983e072-0af1-4d51-9f8b-fce68a583b12,4deec511-9e6f-4014-ad24-5bdbc4e5cbc7,Nombre de déclarations,Claim Fraud,,,,2023-01-04 12:52:38,,090952e4-10a3-4f86-bb96-100d482e705c,,,,,
Plafond Couverture Contrat,glossary_term,4983e072-0af1-4d51-9f8b-fce68a583b12,4fd43479-d569-40df-b352-5fd15f0a143c,Maximum couverture du contrat assurance auto exprimée sous forme maximum dommage materiel / assurance civile en k-euros.,Claim Fraud,,,,2023-01-04 12:52:38,,090952e4-10a3-4f86-bb96-100d482e705c,,,,,
Identifiant Contrat,glossary_term,4983e072-0af1-4d51-9f8b-fce68a583b12,4fe80d16-d167-468e-9084-8e969fbd2d45,Identifiant Contrat,Claim Fraud,,,,2023-01-04 12:52:38,,090952e4-10a3-4f86-bb96-100d482e705c,,,aa790982-8dba-41a7-8701-0b387eb4c33a,,
Annee Mise en Circulation,glossary_term,4983e072-0af1-4d51-9f8b-fce68a583b12,575f9add-62e5-4575-82d8-41c187285e64,Année de mise en circulation de la voiture,Claim Fraud,,,,2023-01-04 12:52:38,,090952e4-10a3-4f86-bb96-100d482e705c,,,,,
Nombre Personnes Blessees,glossary_term,4983e072-0af1-4d51-9f8b-fce68a583b12,579b6cf9-7312-4e71-9456-4d0a419240b1,Nombre de personnes blessées,Claim Fraud,,,,2023-01-04 12:52:38,,8aacda1b-2156-4baf-b00d-96033aef3aa2,,,,,
Code Postal Sinistre,glossary_term,4983e072-0af1-4d51-9f8b-fce68a583b12,5ac2974d-c761-4747-bec5-5a60ca60db85,Code Postal du lieu de l'accident,Claim Fraud,,,,2023-01-04 12:52:38,,8aacda1b-2156-4baf-b00d-96033aef3aa2,,,a0ee1c4d-428a-4e01-86d8-3250536bc3b1,,
Adresse Sinistre,glossary_term,4983e072-0af1-4d51-9f8b-fce68a583b12,5dfbf862-c018-4bb6-ba75-4b5dd192be51,Adresse du lieu de l'accident,Claim Fraud,,,,2023-01-04 12:52:38,,8aacda1b-2156-4baf-b00d-96033aef3aa2,,,,,
Montant Remboursement Corporel,glossary_term,4983e072-0af1-4d51-9f8b-fce68a583b12,5ee79b1e-9b0d-4466-b097-4a674c7f5ab1,Montant du remboursement demandé sur les blessures corporelles,Claim Fraud,,,,2023-01-04 12:52:38,,8aacda1b-2156-4baf-b00d-96033aef3aa2,,,,,
Type Contrat,glossary_term,4983e072-0af1-4d51-9f8b-fce68a583b12,6b7d54d1-b1f6-4d62-afdd-56690176acaf,Type de contrat,Claim Fraud,,,,2023-01-04 12:52:38,,090952e4-10a3-4f86-bb96-100d482e705c,,,,,
Prime Contrat,glossary_term,4983e072-0af1-4d51-9f8b-fce68a583b12,75a98077-7716-4b8f-bbec-7da8b15141ee,Prime annuelle du contrat auto,Claim Fraud,,,,2023-01-04 12:52:38,,090952e4-10a3-4f86-bb96-100d482e705c,,,,,
Nombre Vehicules Sinistres,glossary_term,4983e072-0af1-4d51-9f8b-fce68a583b12,7703b628-03e0-47e8-a3b7-fb93a9ef75da,Nombre de véhicules impliqués,Claim Fraud,,,,2023-01-04 12:52:38,,8aacda1b-2156-4baf-b00d-96033aef3aa2,,,,,
Franchise Contrat,glossary_term,4983e072-0af1-4d51-9f8b-fce68a583b12,77627dd5-2bc7-4b14-aba4-fee1d40b30e5,Franchise du contrat auto,Claim Fraud,,,,2023-01-04 12:52:38,,090952e4-10a3-4f86-bb96-100d482e705c,,,,,
Nombre Temoins,glossary_term,4983e072-0af1-4d51-9f8b-fce68a583b12,7b250990-6d36-4c16-80fa-0eb0ad8ef729,Nombre de témoins,Claim Fraud,,,,2023-01-04 12:52:38,,8aacda1b-2156-4baf-b00d-96033aef3aa2,,,,,
Perte Total Client,glossary_term,4983e072-0af1-4d51-9f8b-fce68a583b12,81a0c553-41ce-48fd-a5de-2c1e548d46f3,Perte sur le client,Claim Fraud,,,,2023-01-04 12:52:38,,8aacda1b-2156-4baf-b00d-96033aef3aa2,,,,,
Fraude,glossary_term,4983e072-0af1-4d51-9f8b-fce68a583b12,8643c1ba-a0e6-4147-95d9-5ee7d08b7f2f,Fraude avérée (O/N),Claim Fraud,,,,2023-01-04 12:52:38,,8aacda1b-2156-4baf-b00d-96033aef3aa2,,,,,
Rapport Police,glossary_term,4983e072-0af1-4d51-9f8b-fce68a583b12,8fd2606a-a25a-4797-92bd-7696aaa743b7,Rapport de police transmis,Claim Fraud,,,,2023-01-04 12:52:38,,8aacda1b-2156-4baf-b00d-96033aef3aa2,,,,,
Extension Couverture,glossary_term,4983e072-0af1-4d51-9f8b-fce68a583b12,9093a59a-1a8d-49b2-ad86-e4513e406a25,Couverture complementaire du contrat auto,Claim Fraud,,,,2023-01-04 12:52:38,,090952e4-10a3-4f86-bb96-100d482e705c,,,,,
Marque Vehicule,glossary_term,4983e072-0af1-4d51-9f8b-fce68a583b12,ab706921-e642-46bf-b8e6-c0fe1ff7d35b,Marque de la voiture,Claim Fraud,,,,2023-01-04 12:52:38,,090952e4-10a3-4f86-bb96-100d482e705c,,,cd9861e4-689d-439a-8446-df1c7344546a,,
Date Sinistre,glossary_term,4983e072-0af1-4d51-9f8b-fce68a583b12,affdfeb9-7c40-485e-97ec-c71c69cb6375,Date de l'accident,Claim Fraud,,,,2023-01-04 12:52:38,,8aacda1b-2156-4baf-b00d-96033aef3aa2,,,,,
Montant Total Remboursement,glossary_term,4983e072-0af1-4d51-9f8b-fce68a583b12,b10931cf-38e5-47b2-b314-3b12d9660e88,Montant total du remboursement demandé,Claim Fraud,,,,2023-01-04 12:52:38,,8aacda1b-2156-4baf-b00d-96033aef3aa2,,,,,
Temps Traitement Declaration,glossary_term,4983e072-0af1-4d51-9f8b-fce68a583b12,b2a39bd5-ec51-4bb8-9901-71ea80e456e1,Temps de traitement moyen des déclarations (exprimé en terme de jours),Claim Fraud,,,,2023-01-04 12:52:38,,090952e4-10a3-4f86-bb96-100d482e705c,,,,,
Montant Remboursement Personnel,glossary_term,4983e072-0af1-4d51-9f8b-fce68a583b12,bb2a74c6-596c-4bcd-9452-8f48a9509a2a,Montant du remboursement des objets personnels,Claim Fraud,,,,2023-01-04 12:52:38,,8aacda1b-2156-4baf-b00d-96033aef3aa2,,,,,
Nombre Sinistres Rejetes,glossary_term,4983e072-0af1-4d51-9f8b-fce68a583b12,cfb4f151-64cc-4bf9-9482-2460adf9f292,Nombre de declarations refusées,Claim Fraud,,,,2023-01-04 12:52:38,,090952e4-10a3-4f86-bb96-100d482e705c,,,,,
Modele Vehicule,glossary_term,4983e072-0af1-4d51-9f8b-fce68a583b12,d181ffae-94f9-41cb-9250-b16e90ace64c,Modele de la voiture,Claim Fraud,,,,2023-01-04 12:52:38,,090952e4-10a3-4f86-bb96-100d482e705c,,,,,
Type Offre,glossary_term,4983e072-0af1-4d51-9f8b-fce68a583b12,d9fb73e5-0676-43e4-8002-ee60466284cd,Type d'offre,Claim Fraud,,,,2023-01-04 12:52:38,,090952e4-10a3-4f86-bb96-100d482e705c,,,,,
Dommage Materiel,glossary_term,4983e072-0af1-4d51-9f8b-fce68a583b12,daef3ff3-1cfa-40bf-992e-bc194782d323,"Dommage matériel (OUI, NON, ?)",Claim Fraud,,,,2023-01-04 12:52:38,,8aacda1b-2156-4baf-b00d-96033aef3aa2,,,,,
Identifiant Sinistre,glossary_term,4983e072-0af1-4d51-9f8b-fce68a583b12,de30a5f9-48fc-49ba-9191-26287407cfc9,Identifiant Declaration,Claim Fraud,,,,2023-01-04 12:52:38,,8aacda1b-2156-4baf-b00d-96033aef3aa2,,,8aedabf5-7c92-49e2-8b4f-cd074f03dea5,,
Nombre Modification Contrat,glossary_term,4983e072-0af1-4d51-9f8b-fce68a583b12,e448676d-269b-40e2-93aa-77e022b0c656,Nombre de changement de contrat,Claim Fraud,,,,2023-01-04 12:52:38,,090952e4-10a3-4f86-bb96-100d482e705c,,,,,
Presence Autorite,glossary_term,4983e072-0af1-4d51-9f8b-fce68a583b12,e90adfbc-4af9-4531-bea2-da582513e9f8,Implication des autorités,Claim Fraud,,,,2023-01-04 12:52:38,,8aacda1b-2156-4baf-b00d-96033aef3aa2,,,37e16cdb-0e9d-4d43-9b73-4ea7636e047b,,
Date Dernier Sinistre,glossary_term,4983e072-0af1-4d51-9f8b-fce68a583b12,ee1ed50b-abdb-42fa-a5dc-28cfb74c3d8c,Date Dernière Déclaration (exprimée en nombre de jours),Claim Fraud,,,,2023-01-04 12:52:38,,090952e4-10a3-4f86-bb96-100d482e705c,,,,,
Heure Sinistre,glossary_term,4983e072-0af1-4d51-9f8b-fce68a583b12,f23af253-1a05-4e28-ba9c-fb38af53f03d,Heure de l'accident (au format 24H),Claim Fraud,,,,2023-01-04 12:52:38,,8aacda1b-2156-4baf-b00d-96033aef3aa2,,,,,
Montant Remboursement Vehicule,glossary_term,4983e072-0af1-4d51-9f8b-fce68a583b12,f3637414-a651-4cd2-93de-3cdf9cc2133d,Montant du remboursement des dommages véhicules,Claim Fraud,,,,2023-01-04 12:52:38,,8aacda1b-2156-4baf-b00d-96033aef3aa2,,,,,
Numero Immatriculation Vehicule,glossary_term,4983e072-0af1-4d51-9f8b-fce68a583b12,fad3f4f3-d332-4565-b39c-025a766634f0,Numéro d'immatriculation du véhicule assuré,,,,,2023-01-04 12:52:38,,090952e4-10a3-4f86-bb96-100d482e705c,,,3b562513-c551-4cab-9678-b90d4aea2deb,,
Numero Securite Sociale,glossary_term,5cb046b1-0788-4025-a4fa-ce26d5f3a7b5,0096f942-c6ba-4452-b61e-86523005d5a9,Numéro de sécurité sociale de l'assuré,Claim Fraud,,,,2023-01-04 12:52:38,,a24d2176-1c3d-4a09-b8b9-85f36a51be4d,,,a9a15e48-c616-4154-9199-1a2a85c99e89,,
Identifiant Client,glossary_term,5cb046b1-0788-4025-a4fa-ce26d5f3a7b5,00c4fecc-cd99-49d0-825c-8104eac983b3,Identifiant Client au format [A-Z0-9]{7},Claim Fraud,,,,2023-01-04 12:52:38,,a24d2176-1c3d-4a09-b8b9-85f36a51be4d,,,e97de30f-e11b-4640-b665-6ef144e1452c,,
Nombre Contrats,glossary_term,5cb046b1-0788-4025-a4fa-ce26d5f3a7b5,096c0918-4419-499f-9d87-1f97f273f15e,Nombre de contrats du client,Claim Fraud,,,,2023-01-04 12:52:38,,a24d2176-1c3d-4a09-b8b9-85f36a51be4d,,,,,
Numero de Carte de Credit,glossary_term,5cb046b1-0788-4025-a4fa-ce26d5f3a7b5,14587f1f-7e30-4f67-a9b6-858534a956bf,Numéro de carte de crédit du client,Claim Fraud,,,,2023-01-04 12:52:38,,a24d2176-1c3d-4a09-b8b9-85f36a51be4d,,,,,
Code Postal,glossary_term,5cb046b1-0788-4025-a4fa-ce26d5f3a7b5,1ee8b818-56e8-4013-86d3-6c195ed77304,Code Postal de résidence du client,Claim Fraud,,,,2023-01-04 12:52:38,,a24d2176-1c3d-4a09-b8b9-85f36a51be4d,,,a0ee1c4d-428a-4e01-86d8-3250536bc3b1,,
Pays,glossary_term,5cb046b1-0788-4025-a4fa-ce26d5f3a7b5,24d13c6a-b146-460e-994e-f1f3879429f3,Pays de résidence du client,Claim Fraud,,,,2023-01-04 12:52:38,,a24d2176-1c3d-4a09-b8b9-85f36a51be4d,,,,,
Loisir Assure,glossary_term,5cb046b1-0788-4025-a4fa-ce26d5f3a7b5,2531483f-bcbb-4305-8f33-a6a54ff97046,Hobby de l'assuré,Claim Fraud,,,,2023-01-04 12:52:38,,a24d2176-1c3d-4a09-b8b9-85f36a51be4d,,,b701d92b-e902-49f9-b2f6-a6117bb24541,,
Age du Client,glossary_term,5cb046b1-0788-4025-a4fa-ce26d5f3a7b5,2a906df5-22b7-4ccc-a267-e7c6921ca2c9,Age du client en année,Claim Fraud,,,,2023-01-04 12:52:38,,a24d2176-1c3d-4a09-b8b9-85f36a51be4d,,,,,
Ville,glossary_term,5cb046b1-0788-4025-a4fa-ce26d5f3a7b5,2d96c2c6-17f1-47c6-b56b-ca3e8fa10e8a,Ville de résidence du client,Claim Fraud,,,,2023-01-04 12:52:38,,a24d2176-1c3d-4a09-b8b9-85f36a51be4d,,,,,
Nombre Declarations en cours,glossary_term,5cb046b1-0788-4025-a4fa-ce26d5f3a7b5,2e0c5a4a-edc5-4222-954c-202a9023e6f1,Nombre de déclarations en cours,Claim Fraud,,,,2023-01-04 12:52:38,,a24d2176-1c3d-4a09-b8b9-85f36a51be4d,,,,,
Relation Assure,glossary_term,5cb046b1-0788-4025-a4fa-ce26d5f3a7b5,330b2fdf-68af-4cb6-a2a6-42c99ef816a4,"Relation de l'assuré par rapport au client (husband, other-relative, own-child, unmarried)",Claim Fraud,,,,2023-01-04 12:52:38,,a24d2176-1c3d-4a09-b8b9-85f36a51be4d,,,73c0b297-9f01-487b-8f12-cbfad5dae9ec,,
Email,glossary_term,5cb046b1-0788-4025-a4fa-ce26d5f3a7b5,371af2c0-efaa-4fa0-9a06-06fe22964360,Email du client,Claim Fraud,,1000331003,,2023-01-04 12:52:38,,a24d2176-1c3d-4a09-b8b9-85f36a51be4d,17d976c1-fb8d-429a-b568-b443b41cf62e,,,,4c5b07cf-a894-4a57-a952-047b12cae8e8
Emploi Assure,glossary_term,5cb046b1-0788-4025-a4fa-ce26d5f3a7b5,390d3c35-f5aa-4f96-b1b2-87346cbc3501,Emploi de l'assuré,Claim Fraud,,,,2023-01-04 12:52:38,,a24d2176-1c3d-4a09-b8b9-85f36a51be4d,,,24a0618c-b40c-4e5b-ac10-d5b2e8d56712,,
Nombre Declarations,glossary_term,5cb046b1-0788-4025-a4fa-ce26d5f3a7b5,40dd63bf-3298-4d4b-bb19-0595dd22a7ea,Nombre de déclarations,Claim Fraud,,,,2023-01-04 12:52:38,,a24d2176-1c3d-4a09-b8b9-85f36a51be4d,,,,,
Anciennete Client,glossary_term,5cb046b1-0788-4025-a4fa-ce26d5f3a7b5,6089c373-c77f-4900-a936-5ea348f5df9c,Anciennete du client en mois.,Claim Fraud,,,,2023-01-04 12:52:38,,a24d2176-1c3d-4a09-b8b9-85f36a51be4d,,,,,
Date Expiration de Carte de Credit,glossary_term,5cb046b1-0788-4025-a4fa-ce26d5f3a7b5,63bf7977-0779-4407-b048-5eaed91f4c8f,Date d'expiration de la carte de crédit du client,Claim Fraud,,,,2023-01-04 12:52:38,,a24d2176-1c3d-4a09-b8b9-85f36a51be4d,,,,,
Niveau Education Assure,glossary_term,5cb046b1-0788-4025-a4fa-ce26d5f3a7b5,6cf04459-479a-4c12-875a-3b1b5afa6479,Niveau éducation de l'assuré,Claim Fraud,,,,2023-01-04 12:52:38,,a24d2176-1c3d-4a09-b8b9-85f36a51be4d,,,64a4bcb0-79b3-4b6a-939c-759429ae566f,,
Nombre Communications,glossary_term,5cb046b1-0788-4025-a4fa-ce26d5f3a7b5,8edfa055-7875-4915-a7ab-91ac9394128b,Nombre d'interaction avec le client,Claim Fraud,,,,2023-01-04 12:52:38,,a24d2176-1c3d-4a09-b8b9-85f36a51be4d,,,,,
Nom Client,glossary_term,5cb046b1-0788-4025-a4fa-ce26d5f3a7b5,92347b96-e7d4-4d5b-af83-cabf26d31991,"Nom Complet du Client. Ex: ""Jérôme Dupond""",Claim Fraud,,,e91d8a3a-27f8-43be-b3cb-144bab3f360b,2023-01-04 12:52:38,,a24d2176-1c3d-4a09-b8b9-85f36a51be4d,,,4fc763eb-825e-47f6-8777-edf999968f4e,,
Adresse,glossary_term,5cb046b1-0788-4025-a4fa-ce26d5f3a7b5,96ff94a9-0f1b-4217-9db5-761590578f2c,"Adresse du client au format numero, type de voie et nom de voie.",Claim Fraud,,,,2023-01-04 12:52:38,,a24d2176-1c3d-4a09-b8b9-85f36a51be4d,17d976c1-fb8d-429a-b568-b443b41cf62e,,,,4c5b07cf-a894-4a57-a952-047b12cae8e8
Code Verification Carte de Credit,glossary_term,5cb046b1-0788-4025-a4fa-ce26d5f3a7b5,98265457-ffb6-4ad0-85e2-35e16755d7b1,Code de vérification de la carte de crédit du client,Claim Fraud,,,,2023-01-04 12:52:38,,a24d2176-1c3d-4a09-b8b9-85f36a51be4d,,,,,
Type de Carte de Credit,glossary_term,5cb046b1-0788-4025-a4fa-ce26d5f3a7b5,ab9a4d13-aa1e-41c4-b859-24b031f6abb4,Type de carte de crédit du client,Claim Fraud,,,,2023-01-04 12:52:38,,a24d2176-1c3d-4a09-b8b9-85f36a51be4d,,,,,
Nombre Declarations Traitees,glossary_term,5cb046b1-0788-4025-a4fa-ce26d5f3a7b5,c2289376-269d-47b3-9668-9d8da7ac9d0c,Nombre de déclarations traitées,Claim Fraud,,,,2023-01-04 12:52:38,,a24d2176-1c3d-4a09-b8b9-85f36a51be4d,,,,,
Valeur Client,glossary_term,5cb046b1-0788-4025-a4fa-ce26d5f3a7b5,c76c4f1f-eca0-4200-85fa-94fdbec2ba93,Valeur Client (total des primes encaissées à ce jour).,Claim Fraud,,,,2023-01-04 12:52:38,,a24d2176-1c3d-4a09-b8b9-85f36a51be4d,,,,,
Telephone,glossary_term,5cb046b1-0788-4025-a4fa-ce26d5f3a7b5,cf1bfd31-d31d-466c-9ac0-24cf65570b57,Téléphone du client,Claim Fraud,,1000331003,,2023-01-04 12:52:38,,a24d2176-1c3d-4a09-b8b9-85f36a51be4d,17d976c1-fb8d-429a-b568-b443b41cf62e,,4ddaee17-ea2a-44c9-a011-ed14f40036d3,,4c5b07cf-a894-4a57-a952-047b12cae8e8
Sexe,glossary_term,5cb046b1-0788-4025-a4fa-ce26d5f3a7b5,e0355709-ab6b-4904-aaae-7baa71df44a6,Sexe de l'assuré,Claim Fraud,,,,2023-01-04 12:52:38,,a24d2176-1c3d-4a09-b8b9-85f36a51be4d,,,64804b8c-1d50-447a-aab3-7c0cffe65d2e,,
Situation Familiale,glossary_term,5cb046b1-0788-4025-a4fa-ce26d5f3a7b5,fc5e6603-7e04-47b4-b38c-6b46587b3313,"Situation familiale de l'assuré (Single, Divorced, Married)",Claim Fraud,,,,2023-01-04 12:52:38,,a24d2176-1c3d-4a09-b8b9-85f36a51be4d,,,2a42f96c-dbe2-4bf4-85d8-c7c26cbcc44e,,
Telephone Mobile,glossary_term,4c5b07cf-a894-4a57-a952-047b12cae8e8,106f70be-1143-4304-87f3-403c5fee9757,Numéro de téléphone portable,,d676e77d-c0db-496f-86ba-b5019a041409,,,2023-01-04 15:28:45,,,cf1bfd31-d31d-466c-9ac0-24cf65570b57,,,,
Information de Contact,glossary_term,4c5b07cf-a894-4a57-a952-047b12cae8e8,17d976c1-fb8d-429a-b568-b443b41cf62e,"Information qui permet de contacter le client comme un numéro de téléphone, une adresse postale, un email.",,d676e77d-c0db-496f-86ba-b5019a041409,1000331003,,2023-01-04 15:30:47,,,,,,,
Telephone Fixe,glossary_term,4c5b07cf-a894-4a57-a952-047b12cae8e8,b44eb743-ddff-4589-a67b-edab612b97d9,Numero de Telephone Fixe,,,1000331003,,2023-01-04 15:15:17,,,cf1bfd31-d31d-466c-9ac0-24cf65570b57,,,,
Prenom,glossary_term,3893a4c8-0d22-4d42-895e-9a8d20c5f7da,41edf253-266b-4599-9a6b-431d2046be67,,,,,,2023-01-04 15:09:28,,e91d8a3a-27f8-43be-b3cb-144bab3f360b,,,76053c94-4ef4-4d54-9c54-2786234b9f60,,
Nom de Famille,glossary_term,3893a4c8-0d22-4d42-895e-9a8d20c5f7da,d03cef4a-ccf5-4094-8df3-0985d0e29b37,,,,,,2023-01-04 15:10:45,,,,,2b00b53e-584f-4ffc-9592-03d7b14e79a2,,
Nom,glossary_term,3893a4c8-0d22-4d42-895e-9a8d20c5f7da,e91d8a3a-27f8-43be-b3cb-144bab3f360b,Nom Complet d'une Personne Physique sous la forme Civilité - Prénoms - Nom de Famille,,,1000331003,92347b96-e7d4-4d5b-af83-cabf26d31991,2023-01-04 15:07:50,,,,,4fc763eb-825e-47f6-8777-edf999968f4e,,
Date de Naissance,glossary_term,3893a4c8-0d22-4d42-895e-9a8d20c5f7da,e9205b84-d1bf-41e6-9078-efa9ec018265,Date de Naissance d'une personne,,,1000331003,,2023-01-04 15:05:25,,,,DDN,,,
Geography,glossary_term,c282921b-e751-4ae9-9d51-fad5accf0ce2,2fe09583-2ee4-44cd-9ce8-acea34bd76e3,A geographical area,,,,,2023-01-05 12:56:03,,,,geo,,7f80fb51-b447-4fa2-b802-943cfda65661,
Workclass,glossary_term,acdf4553-facd-420c-8e44-e50bfe949c51,04c72745-93ca-4fc6-aafe-0b0a5248ee5e,,,,,,2023-01-05 12:33:52,,,,,,,
Marital Status,glossary_term,acdf4553-facd-420c-8e44-e50bfe949c51,09dee433-f902-4e5f-b12e-cc9e6bd0d69b,,,,,,2023-01-05 12:33:52,,,,,,,
Account Balance,glossary_term,acdf4553-facd-420c-8e44-e50bfe949c51,0b1d9414-77fb-47ae-84ef-8bd41dea0d25,,,,,,2023-01-05 12:33:52,,,,,,,
Home Price,glossary_term,acdf4553-facd-420c-8e44-e50bfe949c51,0e637132-5aed-4ede-acfd-89496935c6cd,"The worth of a piece of real estate, based on the price a buyer and seller would negotiate.",,,,,2023-01-05 12:33:52,,,,,,7999b88c-d9f6-402a-8ab2-ead4a9398cce,
Employment status,glossary_term,acdf4553-facd-420c-8e44-e50bfe949c51,126b57a9-93b9-4a53-82a6-55cd430facb6,,,,,,2023-01-05 12:33:52,,,,,,,
Avarage Balance,glossary_term,acdf4553-facd-420c-8e44-e50bfe949c51,1529e69e-3157-414e-965e-46151c652a1c,,,,,,2023-01-05 12:33:52,,,,,,,
ID,glossary_term,acdf4553-facd-420c-8e44-e50bfe949c51,19c78041-2c08-48ff-b63d-9f23a5ff3895,,,,,,2023-01-05 12:33:52,,,,,,,
Form ID,glossary_term,acdf4553-facd-420c-8e44-e50bfe949c51,1b3c88af-6ce7-4ede-90b5-beef167a5f60,,,,,,2023-01-05 12:33:52,,,,,,,
Bank Client,glossary_term,acdf4553-facd-420c-8e44-e50bfe949c51,1bd9a67a-586d-4769-afe4-a863058c712d,,,,,,2023-01-05 12:33:52,,,,,,,
Customer Identifier,glossary_term,acdf4553-facd-420c-8e44-e50bfe949c51,1dd02f21-a8f9-4755-b266-575a59367629,,,,,,2023-01-05 12:33:52,,,,,,,
Credit Card Debt,glossary_term,acdf4553-facd-420c-8e44-e50bfe949c51,204d0158-10ad-4695-af95-cf0d8632ab3a,,,,,,2023-01-05 12:33:52,,,,CREDITCARD_DEBT,,,
Real Estate,glossary_term,acdf4553-facd-420c-8e44-e50bfe949c51,2f818fef-b247-48c0-8544-52b4cec4d44c,property consisting of land or buildings.,,,,,2023-01-09 09:36:04,,,,,,,
Interest Rate,glossary_term,acdf4553-facd-420c-8e44-e50bfe949c51,337d33ec-2a66-4766-964d-c8c95ee13fb8,,,,,,2023-01-05 12:33:52,,,,,,,
Bank Account,glossary_term,acdf4553-facd-420c-8e44-e50bfe949c51,3981fc43-b1b7-47a9-9055-f4858656d5ec,,,,,,2023-01-05 12:33:52,,,,,,,
House Selling Price,glossary_term,acdf4553-facd-420c-8e44-e50bfe949c51,3a6be6e5-c75d-457e-a9d7-4c81a96fb553,Price a house was sold,,,,7999b88c-d9f6-402a-8ab2-ead4a9398cce,2023-01-09 09:49:44,,,,,,,
Social Security Number,glossary_term,acdf4553-facd-420c-8e44-e50bfe949c51,3b2ac5b1-14e3-4f38-9b53-102b749f4b69,,,,,,2023-01-05 12:33:52,,,,,,,
Commercial Mortgage,glossary_term,acdf4553-facd-420c-8e44-e50bfe949c51,3e29d654-ede7-4cd0-8b87-05d7bee16341,"A mortgage loan secured by commercial property, such as an office building, shopping center, industrial warehouse, or apartment complex. The proceeds from a commercial mortgage are typically used to acquire, refinance, or redevelop commercial property. ",,,,,2023-01-09 09:39:14,,,,,,,
Race,glossary_term,acdf4553-facd-420c-8e44-e50bfe949c51,3e395407-801b-42c2-a4dc-a5c013a9a7ab,,,,,,2023-01-05 12:33:52,,,,,,,
Data no bias,glossary_term,acdf4553-facd-420c-8e44-e50bfe949c51,4131aa81-8d6c-4457-b7a2-4efb7e29d893,,,,,,2023-01-05 12:33:52,,,,,,,
Residential Mortgage,glossary_term,acdf4553-facd-420c-8e44-e50bfe949c51,41a1f5fe-b023-4df8-99ee-18fd92b982ed,"Any loan primarily for personal, family, or household use that is secured by a mortgage, deed of trust, or other equivalent consensual security interest on a dwelling (as defined in section 103 of the Truth in Lending Act, 15 U.S.C. 1602(v)) or residential real estate upon which is constructed or intended to be constructed a dwelling, and includes refinancings, reverse mortgages, home equity lines of credit and other first and additional lien loans that meet the qualifications listed in this definition",,,,,2023-01-09 09:38:12,,,,,,,
Age,glossary_term,acdf4553-facd-420c-8e44-e50bfe949c51,534bc736-053d-4c66-a2a7-9a740df65ac7,,,,,,2023-01-05 12:33:52,,,,,,,
State code,glossary_term,acdf4553-facd-420c-8e44-e50bfe949c51,577978f5-b202-4666-9fed-8fadf33c4c07,,,,,,2023-01-05 12:33:52,,,,,,,
Account Type,glossary_term,acdf4553-facd-420c-8e44-e50bfe949c51,60251c3e-2d10-4f01-9637-6e966bbb80c4,,,,,,2023-01-05 12:33:52,,,,,,,
Gender,glossary_term,acdf4553-facd-420c-8e44-e50bfe949c51,61dd5ec5-7ee0-4452-9a7c-67900dfdcfd6,,,,,,2023-01-05 12:33:52,,,,,,,
Checking Account,glossary_term,acdf4553-facd-420c-8e44-e50bfe949c51,67bafb23-f51c-43d7-a68d-835d63fc9172,,,,,,2023-01-05 12:33:52,,,,,,,
Number of years as a client,glossary_term,acdf4553-facd-420c-8e44-e50bfe949c51,6d3cf59d-7566-4df9-9289-7f3dfbc9844a,,,,,,2023-01-05 12:33:52,,,,NBR_YEARS_CLI,,,
Profession,glossary_term,acdf4553-facd-420c-8e44-e50bfe949c51,78949991-d45a-4a2c-a155-b27a318386b6,,,,,,2023-01-05 12:33:52,,,,,,,
Property Value,glossary_term,acdf4553-facd-420c-8e44-e50bfe949c51,7999b88c-d9f6-402a-8ab2-ead4a9398cce,"The worth of a piece of real estate, based on the price a buyer and seller would negotiate.",,,,3a6be6e5-c75d-457e-a9d7-4c81a96fb553,2023-01-05 12:33:52,,,,,,0e637132-5aed-4ede-acfd-89496935c6cd,
Saving Account,glossary_term,acdf4553-facd-420c-8e44-e50bfe949c51,7d82ed22-b655-4697-b292-a6737a4e86ed,,,,,,2023-01-05 12:33:52,,,,,,,
Location,glossary_term,acdf4553-facd-420c-8e44-e50bfe949c51,7f80fb51-b447-4fa2-b802-943cfda65661,,,,,,2023-01-05 13:01:31,,,,,,2fe09583-2ee4-44cd-9ce8-acea34bd76e3,
Customer ID,glossary_term,acdf4553-facd-420c-8e44-e50bfe949c51,81aca68b-bdc7-477f-8dad-f5a2da7b3e90,,,,,,2023-01-05 12:33:52,,,,,,,
Education,glossary_term,acdf4553-facd-420c-8e44-e50bfe949c51,88eec620-7261-4e79-bb30-a12b616878ea,,,,,,2023-01-05 12:33:52,,,,,,,
Account ID,glossary_term,acdf4553-facd-420c-8e44-e50bfe949c51,8b5e9405-0eda-40b7-b86c-c73b61228b31,,,,,,2023-01-05 12:33:52,,,,,,,
Bank Customer,glossary_term,acdf4553-facd-420c-8e44-e50bfe949c51,93e0587c-9b6e-4392-8a68-7d0dde7c5bbf,,,,,,2023-01-05 12:33:52,,,,,,,
Occupation,glossary_term,acdf4553-facd-420c-8e44-e50bfe949c51,9b4df32a-51f1-48f9-9b7d-83c7275cf845,,,,,,2023-01-05 12:33:52,,,,PROFESSION,,,
Account Holder ID,glossary_term,acdf4553-facd-420c-8e44-e50bfe949c51,a7c8311a-d17e-4302-b819-1ce566814688,,,,,,2023-01-05 12:33:52,,,,,,,
City,glossary_term,acdf4553-facd-420c-8e44-e50bfe949c51,a80c056f-e426-402c-91df-a00abf72dadb,,,,,,2023-01-05 12:33:52,,,7f80fb51-b447-4fa2-b802-943cfda65661,,,,
Has Bankcard,glossary_term,acdf4553-facd-420c-8e44-e50bfe949c51,a9401a09-4859-4d3c-bf87-068c0ef150ff,,,,,,2023-01-05 12:33:52,,,,,,,
Credit Rating,glossary_term,acdf4553-facd-420c-8e44-e50bfe949c51,aece0c6c-de83-4706-aad8-bfb964b189bc,,,,,,2023-01-05 12:33:52,,,,,,,
Mortgage Application,glossary_term,acdf4553-facd-420c-8e44-e50bfe949c51,b02938f3-b3ff-4cad-a36f-54166952322e,,,,,,2023-01-05 12:33:52,,,,MORTGAGE_APPLICATION,,,
Account Holder,glossary_term,acdf4553-facd-420c-8e44-e50bfe949c51,b38ec97e-6b77-4461-ac90-07959dc511ef,,,,,,2023-01-05 12:33:52,,,,,,,
Commercial Client,glossary_term,acdf4553-facd-420c-8e44-e50bfe949c51,b433e861-5be1-488d-ba5f-74a3581a4d8c,,,,,,2023-01-05 12:33:52,,,,COMMERCIAL_CLIENT,,,
Residence,glossary_term,acdf4553-facd-420c-8e44-e50bfe949c51,b6133f47-e107-4ad5-87e6-8f30a39b8693,,,,,,2023-01-05 12:33:52,,,,,,,
Commercial frauds investigation,glossary_term,acdf4553-facd-420c-8e44-e50bfe949c51,bddaaf05-34f5-4567-b88a-facf30e86e1d,,,,,,2023-01-05 12:33:52,,,,COMM_FRAUD_INV,,,
Income,glossary_term,acdf4553-facd-420c-8e44-e50bfe949c51,c632e198-a64d-47fb-a27b-d16a5608dbb7,,,,,,2023-01-05 12:33:52,,,,,,,
Mortgage Applicant,glossary_term,acdf4553-facd-420c-8e44-e50bfe949c51,c8c30f75-3d68-4ea8-989b-b1fe2b3d9fb2,,,,,,2023-01-05 12:33:52,,,,MORTGAGE_APPLICANTS,,,
Credit Score,glossary_term,acdf4553-facd-420c-8e44-e50bfe949c51,cfebbd09-8c99-4736-a38d-14ea9db3e279,,,,,,2023-01-05 12:33:52,,,,,,,
Data with bias,glossary_term,acdf4553-facd-420c-8e44-e50bfe949c51,d5f3daf9-ed45-4e94-a8cf-2a9487789b0d,,,,,,2023-01-05 12:33:52,,,,,,,
Street Address,glossary_term,acdf4553-facd-420c-8e44-e50bfe949c51,d9c44cbd-38de-4f42-bfd8-e533cf8c8c4c,,,,,,2023-01-05 12:33:52,,,,,,,
Loan amount,glossary_term,acdf4553-facd-420c-8e44-e50bfe949c51,db59c50b-938c-4a83-95b6-3893359e3734,,,,,,2023-01-05 12:33:52,,,,,,,
Zip,glossary_term,acdf4553-facd-420c-8e44-e50bfe949c51,de993d99-d4a2-4419-8181-4c4a649befa2,,,,,,2023-01-05 12:33:52,,,,,,,
Loan,glossary_term,acdf4553-facd-420c-8e44-e50bfe949c51,df610325-67de-49b7-84fa-63d0c6242e6b,,,,,,2023-01-05 12:33:52,,,,LOANS,,,
Zip code,glossary_term,acdf4553-facd-420c-8e44-e50bfe949c51,e5ca4996-326f-48ec-9850-8daf5d2e2313,,,,,,2023-01-05 12:33:52,,,,ZIP_CODE,,,
State,glossary_term,acdf4553-facd-420c-8e44-e50bfe949c51,e5df0495-b6d7-4ea2-b3e8-bb1a7ed62e37,,,,,,2023-01-05 12:33:52,,,7f80fb51-b447-4fa2-b802-943cfda65661,,,,
Has online access,glossary_term,acdf4553-facd-420c-8e44-e50bfe949c51,e617b2c8-7034-4c6f-b447-8b9a3ee500a6,,,,,,2023-01-05 12:33:52,,,,ONLINE_ACCESS,,,
Jointed accounts,glossary_term,acdf4553-facd-420c-8e44-e50bfe949c51,ec9f0054-a67e-4981-8363-de27e3bf63b9,,,,,,2023-01-05 12:33:52,,,,,,,
Client ID,glossary_term,acdf4553-facd-420c-8e44-e50bfe949c51,eda7e5ef-52fe-4a96-b731-c6b2a24711cb,,,,,,2023-01-05 12:33:52,,,,,,,
Account Owner,glossary_term,acdf4553-facd-420c-8e44-e50bfe949c51,f309e85a-3a51-4521-b404-07e340465e57,,,,,,2023-01-05 12:33:52,,,,,,,
Applied online,glossary_term,acdf4553-facd-420c-8e44-e50bfe949c51,f429f744-14db-430c-beee-4088837f8c96,,,,,,2023-01-05 12:33:52,,,,APPLIEDONLINE,,,
Credit Ranking,glossary_term,acdf4553-facd-420c-8e44-e50bfe949c51,f93aaded-97ca-4f59-8fd6-9f5a85041f47,,,,,,2023-01-05 12:33:52,,,,,,,
