Name,Artifact Type,Category,Artifact ID,Description,Tags,Stewards
Employee,category,,74478d6d-a7b8-44aa-b9ec-d1792afdf2a4,Employee information,,
Property,category,,2ad16713-4c34-45c9-857d-dbb563dca691,,,
Locations,category,,eebd338d-dbd5-37e4-9e4a-1296de82963a,Locations Category (LC) is defined as parent for locations reference datasets.,,
Data Privacy,category,,6feefbcf-e2c2-4ff9-9e29-dddfab7cca46,Contains Categories and Governance Assets pertaining to enforcing Data Privacy regulations,,
Personally Identifiable Information,category,6feefbcf-e2c2-4ff9-9e29-dddfab7cca46,2a7b2ca7-519e-4d99-b041-ae72cc602b88,Data governance artifacts related to personally identifiable information (PII). PII is defined as any data that could potentially identify a specific individual. Any information that can be used to distinguish one person from another can be considered PII.,PII,
Payment Card Industry,category,6feefbcf-e2c2-4ff9-9e29-dddfab7cca46,ac1120dd-001a-46d7-a3e4-a06116eafc27,"Data governance artifacts related to the Payment card industry (PCI). PCI compliance refers to the technical and operational standards that businesses must follow to ensure that credit card data provided by cardholders is protected. PCI compliance is enforced by the PCI Standards Council, and all businesses that store, process or transmit credit card data electronically are required to follow the compliance guidelines.",PCI,
Sensitive Personal Information,category,6feefbcf-e2c2-4ff9-9e29-dddfab7cca46,f5b67b31-2858-4731-af9a-4f01abc562d9,Data governance artifacts related to sensitive personal information. Sensitive personal data is defined as personal data consisting of information relating to an individual with regard to racial or ethnic origin; political opinions; religious beliefs or other beliefs of a similar nature; trade union membership; physical or mental health or condition; sexual life; or any criminal or alleged criminal history of a person.,Sensitive,
AHU,category,,14e5c496-7f89-449b-8e90-18c647b7184e,Air handling unit,,
CCPA-Personal Information,category,,e853dbdd-059d-4246-81cc-7c63520e5b18,Governance Artifacts related to the CCPA (California Privacy Protection Act) regulation.,,
