{"metadata":{"asset_id":"0738e894-3a5c-453b-9269-8fbe55782541","asset_attributes":["data_asset"],"name":"MORTGAGE_APPLICANTS_INTEREST_RATES.CSV","asset_type":"data_asset","created_at":"2022-05-31T20:49:15Z","description":"","origin_country":"us","owner_id":"1000330999","project_id":"69deb67b-eb59-492c-b70c-227127fe35a2","size":23010,"tags":[],"usage":{"last_update_time":1654030155323,"last_updated_at":"2022-05-31T20:49:15Z"}},"entity":{"data_asset":{"mime_type":"text/plain","dataset":false}},"attachments":[{"id":"acae1c66-7adc-4d2f-9574-c0320d676c3c","version":2,"asset_type":"data_asset","name":"MORTGAGE_APPLICANTS_INTEREST_RATES.CSV","mime":"text/plain","datasource_type":"81bafdbd-b7c6-45c5-a4fd-6ec135f66f4e","object_key":"data_asset/MORTGAGE_INTEREST_RATES.CSV","creator_id":"1000330999","create_time":1654030155335,"size":23010,"is_remote":false,"is_managed":false,"is_referenced":true,"is_object_key_read_only":true,"is_user_provided_path_key":true,"transfer_complete":true,"is_partitioned":false,"complete_time_ticks":1654030155335,"user_data":{},"test_doc":0,"handle":{"key":"data_asset/MORTGAGE_INTEREST_RATES.CSV","upload_id":"done","max_part_num":1},"usage":{"access_count":0,"last_accessor_id":"1000330999","last_access_time":1654030155335}}]}