{"metadata":{"asset_id":"e14e8636-38a5-4f3b-a778-3b0aafacb6a3","asset_attributes":["notebook"],"name":"governance_artifacts","asset_type":"notebook","created_at":"2022-06-03T11:03:44Z","description":"","origin_country":"us","owner_id":"1000330999","project_id":"4be9e802-0d0b-4922-8182-088ae7ccb46e","size":44695,"tags":["notebook"],"usage":{"last_update_time":1654254225409,"last_updated_at":"2022-06-03T11:03:45Z"}},"entity":{"notebook":{"kernel":{"name":"python3","display_name":"Python 3.9","language":"python"},"originates_from":{"type":"file"},"runtime":{"environment":"jupconda221-4be9e802-0d0b-4922-8182-088ae7ccb46e"}}},"attachments":[{"id":"f2a4d5cd-e564-4129-a4f2-cca3bf1ae919","version":2,"asset_type":"notebook","name":"attachment for notebook e14e8636-38a5-4f3b-a778-3b0aafacb6a3","description":"attachment for notebook e14e8636-38a5-4f3b-a778-3b0aafacb6a3","mime":"application/json","datasource_type":"81bafdbd-b7c6-45c5-a4fd-6ec135f66f4e","object_key":"notebook/governance_artifacts_zugIDTJoT.ipynb","creator_id":"1000330999","create_time":1654254225060,"size":44695,"is_remote":false,"is_managed":false,"is_referenced":true,"is_object_key_read_only":false,"is_user_provided_path_key":true,"transfer_complete":true,"is_partitioned":false,"complete_time_ticks":1654254225060,"user_data":{},"test_doc":0,"handle":{"key":"notebook/governance_artifacts_zugIDTJoT.ipynb","upload_id":"done","max_part_num":1},"usage":{"access_count":1,"last_accessor_id":"icp4d-dev","last_access_time":1654254225286,"last_updater_id":"icp4d-dev","last_update_time":1654254225286}}]}