"code","value","description","parent","reference data set","related terms"
"SPS","spouse","The player of the role is a marriage partner of the scoping person.","SIGOTHR","d6a97005-297a-4f05-8398-f1fcd348ea0e",
"PGGRPRN","paternal great-grandparent","Description:The player of the role is a biological parent of the scoping person's biological father's parent.","GGRPRN",,
"PCOUSN","paternal cousin","Description:The player of the role is a biological relative of the scoping person descended from a common ancestor on the player's father's side, such as a grandparent, by two or more steps in a diverging line.","COUSN",,
"PGRFTH","paternal grandfather","Description:The player of the role is the biological father of the scoping person's biological father.","GRFTH",,
"MTH","mother","The player of the role is a female who conceives, gives birth to, or raises and nurtures the scoping entity (child).","PRN",,
"EXT","extended family member","Description: A family member not having an immediate genetic or legal relationship e.g. Aunt, cousin, great grandparent, grandchild, grandparent, niece, nephew or uncle.","FAMMEMB",,
"MGGRPRN","maternal great-grandparent","Description:The player of the role is a biological parent of the scoping person's biological mother's parent.","GGRPRN",,
"NIENEPH","niece/nephew","The player of the role is a child of scoping person's brother or sister or of the brother or sister of the 	scoping person's spouse.","EXT",,
"NFTHF","natural father of fetus","Indicates the biologic male parent of a fetus.","NFTH",,
"GESTM","gestational mother","The player is a female whose womb carries the fetus of the scoper.  Generally used when the gestational mother and natural mother are not the same.","MTH",,
"GGRPRN","great grandparent","The player of the role is a parent of the scoping person's grandparent.","EXT",,
"STPSIS","stepsister","The player of the role is a daughter of the scoping person's stepparent.","SIS",,
"DAUADOPT","adopted daughter","The player of the role is a female child taken into a family through legal means and raised by the scoping person (parent) as his or her own child.","CHLDADOPT",,
"FAMMEMB","family member","A relationship between two people characterizing their ""familial"" relationship",,,
"FTWINBRO","fraternal twin brother","The scoper was carried in the same womb as the male player and shares common biological parents but is the product of a distinct egg/sperm pair.","TWINBRO",,
"PRN","parent","The player of the role is one who begets, gives birth to, or nurtures and raises the scoping entity (child).","FAMMEMB",,
"MUNCLE","maternal uncle","Description:The player of the role is a biological brother of the scoping person's biological mother.","UNCLE",,
"TWINBRO","twin brother","The scoper was carried in the same womb as the male player and shares common biological parents.","NBRO",,
"NPRN","natural parent","natural parent","PRN",,
"MTHFOST","foster mother","The player of the role (parent) who is a female state-certified caregiver responsible for the scoper (child) who has been placed in the parent's care. The placement of the child is usually arranged through the government or a social-service agency, and temporary.

                        The state, via a jurisdiction recognized child protection agency, stands as in loco parentis to the child, making all legal decisions while the foster parent is responsible for the day-to-day care of the specified child.","MTH",,
"ADOPTM","adoptive mother","The player of the role (father) is a female who has taken the scoper (child) into their family through legal means and raises them as her own child.","ADOPTP",,
"NBRO","natural brother","The player of the role is a male having the same biological parents as the scoping entity.","BRO",,
"STPSIB","step sibling","The player of the role is a child of the scoping person's stepparent.","SIB",,
"NIECE","niece","The player of the role is a daughter of the scoping person's brother or sister or of the brother or sister of the 	scoping person's spouse.","NIENEPH",,
"MAUNT","maternal aunt","Description:The player of the role is a biological sister of the scoping person's biological mother.","AUNT",,
"NEPHEW","nephew","The player of the role is a son of the scoping person's brother or sister or of the brother or sister of the 	scoping person's spouse.","NIENEPH",,
"BROINLAW","brother-in-law","The player of the role is: (1) a brother of the scoping person's spouse, or (2) the husband of the scoping person's sister, or (3) the husband of a sister of the scoping person's spouse.","SIBINLAW",,
"ITWINSIS","identical twin sister","The female scoper is an offspring of the same egg-sperm pair as the female player.","TWINSIS",,
"FTWINSIS","fraternal twin sister","The scoper was carried in the same womb as the female player and shares common biological parents but is the product of a distinct egg/sperm pair.","TWINSIS",,
"GRPRN","grandparent","The player of the role is a parent of the scoping person's mother or father.","EXT",,
"DAUC","daughter","Description: The player of the role is a female child (of any type) of scoping entity (parent)","CHILD",,
"DAUFOST","foster daughter","The player of the role is a female child receiving parental care and nurture from the scoping person (parent) but not related to him or her through legal or blood ties.","CHLDFOST",,
"GGRMTH","great grandmother","The player of the role is the mother of the scoping person's grandparent.","GGRPRN",,
"PGRMTH","paternal grandmother","Description:The player of the role is the biological mother of the scoping person's biological father.","GRMTH",,
"CHLDFOST","foster child","The player of the role is a child receiving parental care and nurture from the scoping person (parent) but not related to him or her through legal or blood ties.","CHILD",,
"MGGRFTH","maternal great-grandfather","Description:The player of the role is the biological father of the scoping person's biological mother's parent.","GGRFTH",,
"HBRO","half-brother","The player of the role is a male related to the scoping entity by sharing only one biological parent.","BRO",,
"MGRPRN","maternal grandparent","Description:The player of the role is the biological parent of the scoping person's biological mother.","GRPRN",,
"FTH","father","The player of the role is a male who begets or raises or nurtures the scoping entity (child).","PRN",,
"NMTH","natural mother","The player of the role is a female who conceives or gives birth to the scoping entity (child).","MTH",,
"WIFE","wife","The player of the role is a woman joined to a man (scoping person) in marriage.","SPS",,
"ADOPTP","adoptive parent","The player of the role (parent) has taken the scoper (child) into their family through legal means and raises them as his or her own child.","PRN",,
"PAUNT","paternal aunt","Description:The player of the role is a biological sister of the scoping person's biological father.","AUNT",,
"GGRFTH","great grandfather","The player of the role is the father of the scoping person's grandparent.","GGRPRN",,
"GRNDCHILD","grandchild","The player of the role is a child of the scoping person's son or daughter.","EXT",,
"DAUINLAW","daughter in-law","The player of the role is the wife of scoping person's son.","CHLDINLAW",,
"MTHINLAW","mother-in-law","The player of the role is the mother of the scoping person's husband or wife.","PRNINLAW",,
"STPPRN","step parent","The player of the role is the spouse of the scoping person's parent and not the scoping person's natural parent.","PRN",,
"NMTHF","natural mother of fetus","The player is the biologic female parent of the scoping fetus.","NMTH",,
"SONC","son","Description: The player of the role is a male child (of any type) of scoping entity (parent)","CHILD",,
"ITWINBRO","identical twin brother","The male scoper is an offspring of the same egg-sperm pair as the male player.","TWINBRO",,
"INLAW","inlaw","A relationship between an individual and a member of their spousal partner's immediate family.","EXT",,
"NCHILD","natural child","The player of the role is an offspring of the scoping entity as determined by birth.","CHILD",,
"CHLDINLAW","child-in-law","The player of the role is the spouse of scoping person's child.","INLAW",,
"SON","natural son","The player of the role is a male offspring of the scoping entity (parent).","NCHILD",,
"GRFTH","grandfather","The player of the role is the father of the scoping person's mother or father.","GRPRN",,
"HUSB","husband","The player of the role is a man joined to a woman (scoping person) in marriage.","SPS",,
"TWIN","twin","The scoper and player were carried in the same womb and shared common biological parents.","NSIB",,
"FMRSPS","former spouse","Player of the role was previously joined to the scoping person in marriage and this marriage is now dissolved and inactive.

                        
                           Usage Note: This is significant to indicate as some jurisdictions have different legal requirements for former spouse to access the patient's record, from a general friend.","SIGOTHR",,
"NSIS","natural sister","The player of the role is a female having the same biological parents as the scoping entity.","NSIB",,
"AUNT","aunt","The player of the role is a sister of the scoping person's mother or father.","EXT",,
"MGRFTH","maternal grandfather","Description:The player of the role is the biological father of the scoping person's biological mother.","GRFTH",,
"ADOPTF","adoptive father","The player of the role (father) is a male who has taken the scoper (child) into their family through legal means and raises them as his own child.","ADOPTP",,
"MGGRMTH","maternal great-grandmother","Description:The player of the role is the biological mother of the scoping person's biological mother's parent.","GGRMTH",,
"STPSON","stepson","The player of the role is a son of the scoping person's spouse by a previous union.","SONC",,
"GRNDSON","grandson","The player of the role is a son of the scoping person's son or daughter.","GRNDCHILD",,
"PGRPRN","paternal grandparent","Description:The player of the role is the biological parent of the scoping person's biological father.","GRPRN",,
"STPDAU","stepdaughter","The player of the role is a daughter of the scoping person's spouse by a previous union.","DAUC",,
"SISINLAW","sister-in-law","The player of the role is: (1) a sister of the scoping person's spouse, or (2) the wife of the scoping person's brother, or (3) the wife of a brother of the scoping person's spouse.","SIBINLAW",,
"FTHINLAW","father-in-law","The player of the role is the father of the scoping person's husband or wife.","PRNINLAW",,
"PRNFOST","foster parent","The player of the role (parent) who is a state-certified caregiver responsible for the scoper (child) who has been placed in the parent's care. The placement of the child is usually arranged through the government or a social-service agency, and temporary.

                        The state, via a jurisdiction recognized child protection agency, stands as in loco parentis to the child, making all legal decisions while the foster parent is responsible for the day-to-day care of the specified child.","PRN",,
"FTWIN","fraternal twin","The scoper and player were carried in the same womb and share common biological parents but are the product of distinct egg/sperm pairs.","TWIN",,
"STPCHLD","step child","The player of the role is a child of the scoping person's spouse by a previous union.","CHILD",,
"SONFOST","foster son","The player of the role is a male child receiving parental care and nurture from the scoping person (parent) but not related to him or her through legal or blood ties.","CHLDFOST",,
"GRNDDAU","granddaughter","The player of the role is a daughter of the scoping person's son or daughter.","GRNDCHILD",,
"PGGRMTH","paternal great-grandmother","Description:The player of the role is the biological mother of the scoping person's biological father's parent.","GGRMTH",,
"PGGRFTH","paternal great-grandfather","Description:The player of the role is the biological father of the scoping person's biological father's parent.","GGRFTH",,
"CHILD","child","The player of the role is a child of the scoping entity.","FAMMEMB",,
"TWINSIS","twin sister","The scoper was carried in the same womb as the female player and shares common biological parents.","NSIS",,
"PUNCLE","paternal uncle","Description:The player of the role is a biological brother of the scoping person's biological father.","UNCLE",,
"NSIB","natural sibling","The player of the role has both biological parents in common with the scoping entity.","SIB",,
"SONINLAW","son in-law","The player of the role is the husband of scoping person's daughter.","CHLDINLAW",,
"HSIB","half-sibling","The player of the role is related to the scoping entity by sharing only one biological parent.","SIB",,
"SONADOPT","adopted son","The player of the role is a male child taken into a family through legal means and raised by the scoping person (parent) as his or her own child.","CHLDADOPT",,
"DOMPART","domestic partner","The player of the role cohabits with the scoping person but is not the scoping person's spouse.","SIGOTHR",,
"STPBRO","stepbrother","The player of the role is a son of the scoping person's stepparent.","BRO",,
"FTHFOST","foster father","The player of the role (parent) who is a male state-certified caregiver responsible for the scoper (child) who has been placed in the parent's care. The placement of the child is usually arranged through the government or a social-service agency, and temporary.

                        The state, via a jurisdiction recognized child protection agency, stands as in loco parentis to the child, making all legal decisions while the foster parent is responsible for the day-to-day care of the specified child.","FTH",,
"UNCLE","uncle","The player of the role is a brother of the scoping person's mother or father.","EXT",,
"STPFTH","stepfather","The player of the role is the husband of scoping person's mother and not the scoping person's natural father.","FTH",,
"DAU","natural daughter","The player of the role is a female offspring of the scoping entity (parent).","DAUC",,
"STPMTH","stepmother","The player of the role is the wife of scoping person's father and not the scoping person's natural mother.","MTH",,
"SIS","sister","The player of the role is a female sharing one or both parents in common with the scoping entity.","SIB",,
"COUSN","cousin","The player of the role is a relative of the scoping person descended from a common ancestor, such as a 	grandparent, by two or more steps in a diverging line.","EXT",,
"HSIS","half-sister","The player of the role is a female related to the scoping entity by sharing only one biological parent.","HSIB",,
"NFTH","natural father","The player of the role is a male who begets the scoping entity (child).","FTH",,
"SIB","sibling","The player of the role shares one or both parents in common with the scoping entity.","FAMMEMB",,
"SIBINLAW","sibling in-law","The player of the role is: (1) a sibling of the scoping person's spouse, or (2) the spouse of the scoping person's sibling, or (3) the spouse of a sibling of the scoping person's spouse.","INLAW",,
"ITWIN","identical twin","The scoper and player are offspring of the same egg-sperm pair.","TWIN",,
"SIGOTHR","significant other","A person who is important to one's well being; especially a spouse or one in a similar relationship.  (The player is the one who is important)","FAMMEMB",,
"BRO","brother","The player of the role is a male sharing one or both parents in common with the scoping entity.","SIB",,
"MGRMTH","maternal grandmother","Description:The player of the role is the biological mother of the scoping person's biological mother.","GRMTH",,
"PRNINLAW","parent in-law","The player of the role is the parent of scoping person's husband or wife.","INLAW",,
"MCOUSN","maternal cousin","Description:The player of the role is a biological relative of the scoping person descended from a common ancestor on the player's mother's side, such as a grandparent, by two or more steps in a diverging line.","COUSN",,
"GRMTH","grandmother","The player of the role is the mother of the scoping person's mother or father.","GRPRN",,
"CHLDADOPT","adopted child","The player of the role is a child taken into a family through legal means and raised by the scoping person (parent) as his or her own child.","CHILD",,
