"code","value","description","parent","reference data set","related terms"
"COMPLETED","Completed","All available related health information is captured as of the date (and possibly time) when the family member history was taken.",,"262c0b77-5db8-41ec-b51c-c4270f39b191",
"PARTIAL","Partial","Some health information is known and captured, but not complete - see notes for details.",,,
"ENTERED-IN-ERROR","Entered in Error","This instance should not have been part of this patient's medical record.",,,
"HEALTH-UNKNOWN","Health Unknown","Health information for this family member is unavailable/unknown.",,,
