"code","value","description","parent","reference data set","related terms"
"PRE-PUBERTY","Pre-Puberty","An expected range in an individual prior to puberty.","ENDOCRINE","d4333776-24a5-4908-8a97-3de927027e7a",
"PRE","Pre Therapeutic Desired Level","The optimal range for best therapeutic outcomes for a specimen taken immediately before administration.","THERAPEUTIC",,
"RECOMMENDED","Recommended Range","The range that is recommended by a relevant professional body.","TYPE",,
"TREATMENT","Treatment Range","The range at which treatment would/should be considered.","TYPE",,
"FOLLICULAR","Follicular Stage","An expected range in an individual during the follicular stage of the cycle.","ENDOCRINE",,
"MIDCYCLE","MidCycle","An expected range in an individual during the midcycle stage of the cycle.","ENDOCRINE",,
"POST","Post Therapeutic Desired Level","The optimal range for best therapeutic outcomes for a specimen taken immediately after administration.","THERAPEUTIC",,
"POSTMENOPAUSAL","Post-Menopause","An expected range in an individual post-menopause.","ENDOCRINE",,
"ENDOCRINE","Endocrine","Endocrine related states that change the expected value.",,,
"LUTEAL","Luteal","An expected range in an individual during the luteal stage of the cycle.","ENDOCRINE",,
"THERAPEUTIC","Therapeutic Desired Level","The optimal range for best therapeutic outcomes.","TYPE",,
"NORMAL","Normal Range","Values expected for a normal member of the relevant control population being measured. Typically each results producer such as a laboratory has specific normal ranges and they are usually defined as within two standard deviations from the mean and account for 95.45% of this population.","TYPE",,
"TYPE","Type","General types of reference range.",,,
