"code","value","description","parent","reference data set","related terms"
"MED","Master of Education","",,"04277330-2d19-4415-a7e3-dfd3a47a8bc3",
"AS","Associate of Science","",,,
"MS","Master of Science","",,,
"MSN","Master of Science - Nursing","",,,
"MD","Doctor of Medicine","",,,
"BSL","Bachelor of Science - Law","",,,
"BS","Bachelor of Science","",,,
"JD","Juris Doctor","",,,
"BFA","Bachelor of Fine Arts","",,,
"RN","Registered Nurse","",,,
"DBA","Doctor of Business Administration","",,,
"PHE","Doctor of Engineering","",,,
"MEE","Master of Electrical Engineering","",,,
"TS","Trade School Graduate","",,,
"NP","Nurse Practitioner","",,,
"PHARMD","Doctor of Pharmacy","",,,
"NG","Non-Graduate","",,,
"BN","Bachelor of Nursing","",,,
"MFA","Master of Fine Arts","",,,
"EMTP","Emergency Medical Technician - Paramedic","",,,
"BSN","Bachelor on Science - Nursing","",,,
"CPNP","Certified Pediatric Nurse Practitioner","",,,
"RPH","Registered Pharmacist","",,,
"MBA","Master of Business Administration","",,,
"CRN","Certified Registered Nurse","",,,
"MME","Master of Mechanical Engineering","",,,
"PN","Advanced Practice Nurse","",,,
"MTH","Master of Theology","",,,
"CMA","Certified Medical Assistant","",,,
"BE","Bachelor or Engineering","",,,
"PHD","Doctor of Philosophy","",,,
"CNP","Certified Nurse Practitioner","",,,
"MSL","Master of Science - Law","",,,
"CNS","Certified Nurse Specialist","",,,
"CNM","Certified Nurse Midwife","",,,
"HS","High School Graduate","",,,
"SEC","Secretarial Certificate","",,,
"BT","Bachelor of Theology","",,,
"DED","Doctor of Education","",,,
"AE","Associate of Engineering","",,,
"AA","Associate of Arts","",,,
"MCE","Master of Civil Engineering","",,,
"PHS","Doctor of Science","",,,
"ME","Master of Engineering","",,,
"RMA","Registered Medical Assistant","",,,
"DIP","Diploma","",,,
"FPNP","Family Practice Nurse Practitioner","",,,
"DO","Doctor of Osteopathy","",,,
"MT","Medical Technician","",,,
"MDA","Medical Assistant","",,,
"AAS","Associate of Applied Science","",,,
"CER","Certificate","",,,
"MA","Master of Arts","",,,
"PA","Physician Assistant","",,,
"MDI","Master of Divinity","",,,
"CANP","Certified Adult Nurse Practitioner","",,,
"BBA","Bachelor of Business Administration","",,,
"ABA","Associate of Business Administration","",,,
"BA","Bachelor of Arts","",,,
"EMT","Emergency Medical Technician","",,,
"CTR","Certified Tumor Registrar","",,,
