"code","value","description","parent","reference data set","related terms"
"DATA USAGE","Data usage","Identifies a data processing activity type that relates to the utilization of information",,"909e3546-5d71-4c72-b754-5d09605243b4",
"DATA DISSEMINATION","Data dissemination","Identifies a data processing activity type that relates to the circulation of information",,,
"DATA DESTRUCTION","Data destruction","Identifies a data processing activity type that relates to the elimination of data so that it can no longer be accessed in any form",,,
"DATA ALIGNMENT","Data alignment","Identifies a data processing activity type that relates to the storage and accessing of data in the memory of a computer system",,,
"DATA STORAGE","Data storage","Identifies a data processing activity type that relates to recording and holding of data",,,
"DATA ORGANIZATION","Data organization","Identifies a data processing activity type that relates to classifying and managing data",,,
"DATA REPLICATION","Data replication","Identifies a data processing activity type that relates to copying of data",,,
"DATA ERASURE","Data erasure","Identifies a data processing activity type that relates to the deletion of data",,,
"DATA ENCRYPTION","Data encryption","Identifies a data processing activity type that converts data into a form which requires the use of a key to access it",,,
"DATA COMBINATION","Data combination","Identifies a data processing activity type that relates to the amalgamation of information from multiple sources",,,
"DATA COLLECTION","Data collection","Identifies a data processing activity type that relates to the gathering of information",,,
"DATA MONITORING","Data monitoring","Identifies a data processing activity type that relates to the examination of data for specific purposes",,,
"DATA ALTERATION","Data alteration","Identifies a data processing activity type that relates to the update of data",,,
"DATA RECTIFICATION","Data rectification","Identifies a data processing activity type that relates to the correction of data",,,
"TRANSFER","Transfer","Identifies a data processing activity type that relates to transmitting or copying data to a data recipient",,,
"DATA RETRIEVAL","Data retrieval","Identifies a data processing activity type that relates to returning data from where it is stored",,,
"DATA RESTRICTION","Data restriction","Identifies a data processing activity type that relates to the prevention of processing of data",,,
"DATA PSEUDONYMISATION","Data pseudonymisation","Identifies a data processing activity type that relates to the replacement of identifying data with alternative values, which can be reversed if required",,,
"DATA MINIMIZATION","Data minimization","Identifies a data processing activity type that limits the amount of data collected to that which is required to fulfil the purpose for which the data was requested",,,
"DATA ADAPTATION","Data adaptation","Identifies a data processing activity type that relates to the modification of data for a specific purpose",,,
"DATA PROVISION","Data provision","Identifies a data processing activity type that results in making data available",,,
"DATA STRUCTURING","Data structuring","Identifies a data processing activity type that relates to organizing and managing the manner in which data is stored",,,
"DATA DISCLOSURE BY TRANSMISSION","Data disclosure by transmission","Identifies a data processing activity type that relates to the exposure of data through sending it to another party or location",,,
"DATA RECORDING","Data recording","Identifies a data processing activity type that relates to the capture of data",,,
"DATA ANONYMIZATION","Data anonymization","Identifies a data processing activity type that converts data into a form which does not identify individuals",,,
"DATA PROFILING","Data profiling","Identifies a data processing activity type that relates to the analysis of sets of data in order to gain specific insights or to assess quality of the data",,,
