"code","value","description","parent","reference data set","related terms"
"PROVISIONAL","Provisional","This is a tentative diagnosis - still a candidate that is under consideration.","UNCONFIRMED","f8305ec4-21ff-4516-9c65-b6988c3d167e",
"ENTERED-IN-ERROR","Entered in Error","The statement was entered in error and is not valid.",,,
"CONFIRMED","Confirmed","There is sufficient diagnostic and/or clinical evidence to treat this as a confirmed condition.",,,
"REFUTED","Refuted","This condition has been ruled out by diagnostic and clinical evidence.",,,
"DIFFERENTIAL","Differential","One of a set of potential (and typically mutually exclusive) diagnoses asserted to further guide the diagnostic process and preliminary treatment.","UNCONFIRMED",,
"UNCONFIRMED","Unconfirmed","There is not sufficient diagnostic and/or clinical evidence to treat this as a confirmed condition.",,,
