"code","value","description","parent","reference data set","related terms"
"AVAILABLE","Available","At least one instance has been associated with this imaging study.",,"b56fcabf-dec9-4f7c-8d07-7447aa0ecca2",
"REGISTERED","Registered","The existence of the imaging study is registered, but there is nothing yet available.",,,
"UNKNOWN","Unknown","The system does not know which of the status values currently applies for this request. Note: This concept is not to be used for ""other"" - one of the listed statuses is presumed to apply, it's just not known which one.",,,
"CANCELLED","Cancelled","The imaging study is unavailable because the imaging study was not started or not completed (also sometimes called ""aborted"").",,,
"ENTERED-IN-ERROR","Entered in Error","The imaging study has been withdrawn following a previous final release.  This electronic record should never have existed, though it is possible that real-world decisions were based on it. (If real-world activity has occurred, the status should be ""cancelled"" rather than ""entered-in-error"".).",,,
