"code","value","description","parent","reference data set","related terms"
"OUTP","From outpatient department","The patient has been transferred from an outpatient department within the hospital.",,"bdbdc9a1-d6ac-4daf-abc6-093128996603",
"NURSING","From nursing home","The patient has been transferred from a nursing home.",,,
"MP","Medical Practitioner/physician referral","The patient has been admitted due to a referred from a Specialist (as opposed to a General Practitioner).",,,
"REHAB","From rehabilitation facility","The patient has been transferred from a rehabilitation facility or clinic.",,,
"EMD","From accident/emergency department","The patient has been transferred from the emergency department within the hospital. This is typically used in the transition to an inpatient encounter",,,
"GP","General Practitioner referral","The patient has been admitted due to a referred from a General Practitioner.",,,
"BORN","Born in hospital","The patient is a newborn and the encounter will track the baby related activities (as opposed to the Mothers encounter - that may be associated using the newborn encounters partof property)",,,
"OTHER","Other","The patient has been admitted from a source otherwise not specified here.",,,
"HOSP-TRANS","Transferred from other hospital","The Patient has been transferred from another hospital for this encounter.",,,
"PSYCH","From psychiatric hospital","The patient has been transferred from a psychiatric facility.",,,
