"code","value","description","parent","reference data set","related terms"
"ERROR","Error","Some system or workflow process error means that the information is not available.",,"16ffd8c7-d4ea-4b12-9d5a-3e196914de5e",
"UNSUPPORTED","Unsupported","The source system wasn't capable of supporting this element.",,,
"UNKNOWN","Unknown","The value is expected to exist but is not known.",,,
"MASKED","Masked","The information is not available due to security, privacy or related reasons.",,,
"ASKED-UNKNOWN","Asked But Unknown","The source was asked but does not know the value.","UNKNOWN",,
"NOT-PERFORMED","Not Performed","The value is not available because the observation procedure (test, etc.) was not performed.",,,
"TEMP-UNKNOWN","Temporarily Unknown","There is reason to expect (from the workflow) that the value may become known.","UNKNOWN",,
"NOT-ASKED","Not Asked","The workflow didn't lead to this value being known.","UNKNOWN",,
"AS-TEXT","As Text","The content of the data is represented in the resource narrative.",,,
"POSITIVE-INFINITY","Positive Infinity (PINF)","The numeric value is excessively high and unrepresentable due to a floating point processing error.","ERROR",,
"NEGATIVE-INFINITY","Negative Infinity (NINF)","The numeric value is excessively low and unrepresentable due to a floating point processing error.","ERROR",,
"NOT-A-NUMBER","Not a Number (NaN)","The numeric value is undefined or unrepresentable due to a floating point processing error.","ERROR",,
"ASKED-DECLINED","Asked But Declined","The source was asked but declined to answer.","UNKNOWN",,
"NOT-PERMITTED","Not Permitted","The value is not permitted in this context (e.g. due to profiles, or the base data types).",,,
"NOT-APPLICABLE","Not Applicable","There is no proper value for this element (e.g. last menstrual period for a male).",,,
