"code","value","description","parent","reference data set","related terms"
"TAX STATEMENT","Tax Statement","A document which shows the amount of an individual's earnings and deductions.",,"67f4ffca-ea48-4b67-8d30-0d62bb8fc641",
"VISA","Visa","Identifies a Government Registration Document that is issued to foreign nationals, detailing the activities they are permitted to undertake whilst visiting the country.",,,
"EDUCATION CERTIFICATE","Education Certificate","A record of information about an individual's professional, academic, or other qualifications.",,,
"DEOXYRIBONUCLEIC ACID","Deoxyribonucleic Acid","Deoxyribonucleic acid also known as DNA defines the genetic code of an organism.",,,
"CONTRACT","Contract","A mutual understanding between two or more parties including individuals, each committing themselves to fulfill one or more obligations and includes service agreements and employment contracts.",,,
"PAY ADVICE SLIP","Pay Advice Slip","Identifies a Documentation Item which provides details of an Employee's periodic gross pay and various allowances, all deductions such as tax and insurance, and net pay. The Pay Advice Slip covers a specified time period, usually weekly or monthly, depending on the frequency of pay.",,,
"POLICY","Policy","A mutual understanding between two or more parties including individuals, each committing themselves to fulfill one or more obligations and includes service agreements and employment contracts.",,,
"WORK PERMIT","Work Permit","Identifies a Government Visa that is issued to foreign nationals, allowing them to work in the country for an extended period.",,,
"CITIZENSHIP DOCUMENT","Citizenship Document","Identifies a Government Registration Document that is an official form that records the authenticity of an Individual's legal status as a citizen.",,,
"CURRICULUM VITAE","Curriculum Vitae","A document known as a Curriculum Vitae that provides a brief account of an individual's professional or work experience and qualifications.",,,
"SIGNATURE SPECIMEN","Signature Specimen","Identifies a Documentation Item that records an Involved Party's signature. It is kept as the original and is used as reference to ensure future specimens of the signature are not fraudulent.",,,
"DECLARED GOOD HEALTH CONDITION","Declared good health condition","Person's declaration about his proper health condition. Declaring whether it is good or bad.",,,
"RETINA SCAN IMAGE","Retina Scan Image","Identifies a Documentation Item that records a scan of an Individual's retina, biometric information that represents an image of the pattern of retinal blood vessels in the person's eye. It may be used as reference for identification purposes.",,,
"CCTV","Closed circuit television","CCTV (closed-circuit television) is a TV system in which signals are not publicly distributed but are monitored, primarily for surveillance and security purposes. CCTV relies on strategic placement of cameras and observation of the camera's input on monitors. This would cover the recording of individual images.",,,
"HTTP COOKIE","HTTP Cookie","Identifies a Documentation Item that is a small amount of data created from a visit to a website, and saved by an internet browser. Typically HTTP Cookies hold login information or user preferences for the website.",,,
"FINGERPRINT","Fingerprint","Identifies a documentation Item that records a person's fingerprint. Fingerprint indicates the recorded mark that is made by pressing the tip of one the individual's fingers on a surface. It may be used as reference for identification purposes.",,,
"CORRESPONDENCE","Correspondence","Identifies a Documentation Item that is a letter or a message sent from one Involved Party to one or more other Involved Parties.",,,
"TAX FILE NUMBER DOCUMENT","Tax File Number Document","Identifies a Government Registration Document issued by the federal government to each taxpayer (Individual or Organization). All tax records are associated with, and accessed via, this number; for example, (US) Social Security Number or Taxpayer Identification Number.",,,
"CALL LOG","Call Log","The collection, evaluation, and reporting of technical and statistical data about an individual's telephone calls.",,,
"CV","CV","A document known as a CV that provides a brief account of an individual's professional or work experience and qualifications.",,,
"DNA SEQUENCE","DNA Sequence","Identifies the set and value of polymorphisms that are associated with an Assay (and subject or non-subject).DNA Sequence holds the details of the two alleles and their Copy Number Variations, if present in the patient enrolled in a study or a patient who desires to get the genetic profile.Copy number variations (CNVs) are amplifications or deletions of longer stretches of DNA. Together with SNPs, they are responsible for a substantial amount of human phenotypic variability and disease susceptibility.",,,
"DIGITAL CERTIFICATE","Digital Certificate","Identifies a Documentation Item that is an electronic document used to establish identity and authenticity, that allows for the safe exchange of information. For example, a security certificate file installed on a supplier's system which can be viewed when a user is making a purchase from their website, to check that it is secure.",,,
"IRIS IMAGE","Iris Image","Identifies a Documentation Item that records a scan of an Individual's iris, biometric information that represents an image of the iris of the person's eye. It may be used as reference for identification purposes.",,,
"BIRTH CERTIFICATE","Birth Certificate","Identifies a Government Registration Document that officially records the time and place of an Individual's birth.",,,
"PALM PRINT","Palm Print","Identifies a Documentation Item that records an Individual's palm print, an image created of the palm of the person's hand. It may be recorded either via a scanner or by a mark that is made by pressing the Individual's hand on a surface. It may be used as reference for identification purposes.",,,
"RESUME","Resume","A document known as a resume that provides a brief account of an individual's professional or work experience and qualifications.",,,
"VIDEO RECORDING","Video Recording","File containing video communication.",,,
"PASSPORT","Passport","Identifies a Government Registration Document that records an Individual's permission to travel across national borders and which requests the protection of other national governments for them.",,,
"TAX COMPLIANCE CERTIFICATE","Tax compliance certificate","Record outlining that a party has fulfilled all tax obligations for the tax period in question.",,,
"CREDIT REPORT","Credit Report","Record of a party's borrowing history and their ability to repay these debts.",,,
"TAX DECLARATION CERTIFICATE","Tax declaration certificate","A tax declaration certificate constitutes the proof of tax liability.",,,
"HAND GEOMETRY","Hand Geometry","Identifies a Documentation Item that records an Individual's hand geometry, biometric information that records measurements relating to the shape of the person's hand. Hand Geometry may be used as reference for identification purposes, and scanners are often deployed to control access to high security locations.",,,
"PAYROLL SLIP","Payroll Slip","A notification to an individual by an employer which details earnings and withholdings for a time period.",,,
