"code","value","description","parent","reference data set","related terms"
"AMENDED","Amended","The composition content or the referenced resources have been modified (edited or added to) subsequent to being released as ""final"" and the composition is complete and verified by an authorized person.",,"802ee2ee-4f1f-48bc-bbe6-8c62da5e50a7",
"PRELIMINARY","Preliminary","This is a preliminary composition or document (also known as initial or interim). The content may be incomplete or unverified.",,,
"FINAL","Final","This version of the composition is complete and verified by an appropriate person and no further work is planned. Any subsequent updates would be on a new version of the composition.",,,
"ENTERED-IN-ERROR","Entered in Error","The composition or document was originally created/issued in error, and this is an amendment that marks that the entire series should not be considered as valid.",,,
