"code","value","description","parent","reference data set","related terms","is_multi_mapped_to_c57cb90f-2126-3800-9c9f-9eab82021cdf"
"MEX","Mexico","Mexico",,"534561ac-1080-3714-b7aa-5a5809ff1f00",,
"EU","European Union","European Union",,,,
"CAN","Canada","Canada",,,,"TOR"
"AUS","Australia","Australia",,,,"SYD"
"FRA","France","France","EU",,,
"USA","United States of America","United States of America",,,,"DAL,WAS"
"BRA","Brazil","Brazil",,,,"SAO"
"NLD","Netherlands","Netherlands","EU",,,
"ARG","Argentina","Argentina",,,,
"PRT","Portugal","Portugal","EU",,,
"TUR","Turkey","Turkey",,,,
"DEU","Germany","Germany","EU",,,"FRA"
"ITA","Italy","Italy","EU",,,
"JPN","Japan","Japan",,,,"OSA,TOK"
"CHN","China","China",,,,
"BEL","Belgium","Belgium","EU",,,
"NZL","New Zealand","New Zealand",,,,
"HKG","Hong Kong","Hong Kong",,,,
"PRK","Korea (Democratic People's Republic of)","Korea (Democratic People's Republic of)",,,,
"GBR","United Kingdom of Great Britain and Northern Ireland","United Kingdom of Great Britain and Northern Ireland",,,,"LON"
"RUS","Russian Federation","Russian Federation",,,,
"CHL","Chile","Chile",,,,
