"code","value","description","parent","reference data set","related terms"
"USER COMMENT‬","User Comment‬","",,"cbe49f26-3686-49d9-92b2-b396ffaf7db6",
"‪SURVEY RESPONSE‬","‪Survey Response‬","",,,
"DIAGRAM","Diagram","",,,
"IMAGE","Image","",,,
"FACIAL IMAGE","Facial Image","",,,
"GRAPH","Graph","",,,
"PALM PRINT","Palm Print","",,,
"IRIS IMAGE","Iris Image","",,,
"FINGER PRINT","Finger Print","",,,
"TEXT","Text","",,,
"VIDEO RECORDING","Video Recording","",,,
"AUDIO","Audio","",,,
"HAND GEOMETRY","Hand Geometry","",,,
"PHOTOGRAPH","Photograph","",,,
"TABLE","Table","",,,
"RETINA SCAN IMAGE","Retina Scan Image","",,,
