"code","value","description","parent","reference data set","related terms"
"PRESS","Press","Dedicated contact point for matters relating to press enquiries.",,"3db44c2c-5b69-4835-9732-f1787dd81743",
"PAYOR","Payor","Contact details for dealing with issues related to insurance claims/adjudication/payment.",,,
"HR","Human Resource","Contact details for issues related to Human Resources, such as staff matters, OH&S etc.",,,
"BILL","Billing","Contact details for information regarding to billing/general finance enquiries.",,,
"ADMIN","Administrative","Contact details for administrative enquiries.",,,
"PATINF","Patient","Generic information contact for patients.",,,
