"code","value","description","parent","reference data set","related terms"
"1909-1","Chevak","Chevak",,"5d5e1ff7-7aa5-4358-b888-662e67ac6e4d",
"1931-5","Manokotak","Manokotak",,,
"1072-8","Mexican American Indian","Mexican American Indian",,,
"1560-2","Salish and Kootenai","Salish and Kootenai",,,
"1422-5","Fort Independence","Fort Independence",,,
"1218-7","Oklahoma Delaware","Oklahoma Delaware",,,
"1748-3","Birch Creek","Birch Creek",,,
"1133-8","Lac du Flambeau","Lac du Flambeau",,,
"1328-4","Poospatuck","Poospatuck",,,
"1876-2","Point Hope","Point Hope",,,
"1630-3","Sisseton-Wahpeton","Sisseton-Wahpeton",,,
"1352-4","Mandan","Mandan",,,
"1244-3","Southeastern Indians","Southeastern Indians",,,
"1288-0","Oneida","Oneida",,,
"1118-9","Upper Chinook","Upper Chinook",,,
"1117-1","Kathlamet","Kathlamet",,,
"1184-1","Costanoan","Costanoan",,,
"1894-5","Siberian Yupik","Siberian Yupik",,,
"1902-6","Aniak","Aniak",,,
"1918-2","Goodnews Bay","Goodnews Bay",,,
"1943-0","Nunapitchukv","Nunapitchukv",,,
"2036-2","Filipino","Filipino",,,
"1468-8","Kashia","Kashia",,,
"1616-2","Fort Peck","Fort Peck",,,
"1818-4","Craig","Craig",,,
"1511-5","Taos","Taos",,,
"1405-0","Oregon Athabaskan","Oregon Athabaskan",,,
"1372-2","Modoc","Modoc",,,
"1700-4","Winnemucca","Winnemucca",,,
"1094-2","Etowah Cherokee","Etowah Cherokee",,,
"2004-0","Suqpigaq","Suqpigaq",,,
"1940-6","New Stuyahok","New Stuyahok",,,
"1417-5","Bishop","Bishop",,,
"1709-5","Yakama Cowlitz","Yakama Cowlitz",,,
"1620-4","Mdewakanton Sioux","Mdewakanton Sioux",,,
"1761-6","Eklutna","Eklutna",,,
"2000-8","Port Lions","Port Lions",,,
"2072-7","Jamaican","Jamaican",,,
"1289-8","Onondaga","Onondaga",,,
"2049-5","Maldivian","Maldivian",,,
"1828-3","Pelican","Pelican",,,
"2023-0","Sand Point","Sand Point",,,
"1741-8","Alatna","Alatna",,,
"1247-6","Waccamaw-Siousan","Waccamaw-Siousan",,,
"1968-7","Alutiiq Aleut","Alutiiq Aleut",,,
"1617-0","Lake Traverse Sioux","Lake Traverse Sioux",,,
"1141-1","Red Cliff Chippewa","Red Cliff Chippewa",,,
"1953-9","Sheldon's Point","Sheldon's Point",,,
"1361-5","Oklahoma Miami","Oklahoma Miami",,,
"2050-3","Nepalese","Nepalese",,,
"1647-7","Stewart","Stewart",,,
"1831-7","Sitka","Sitka",,,
"2080-0","Samoan","Samoan",,,
"2065-1","Nigerian","Nigerian",,,
"1093-4","Echota Cherokee","Echota Cherokee",,,
"2007-3","Akutan","Akutan",,,
"2014-9","King Cove","King Cove",,,
"1863-0","Kawerak","Kawerak",,,
"2012-3","Belkofski","Belkofski",,,
"1538-8","Tulalip","Tulalip",,,
"1427-4","Malheur Paiute","Malheur Paiute",,,
"1595-8","South Fork Shoshone","South Fork Shoshone",,,
"1309-4","Kiowa","Kiowa",,,
"2031-3","Bhutanese","Bhutanese",,,
"1132-0","Lac Courte Oreilles","Lac Courte Oreilles",,,
"1835-8","Yakutat","Yakutat",,,
"1134-6","Lac Vieux Desert Chippewa","Lac Vieux Desert Chippewa",,,
"1011-6","Chiricahua","Chiricahua",,,
"1982-8","Port Heiden","Port Heiden",,,
"1030-6","Assiniboine Sioux","Assiniboine Sioux",,,
"2096-6","Kiribati","Kiribati",,,
"1031-4","Fort Peck Assiniboine Sioux","Fort Peck Assiniboine Sioux",,,
"1191-6","Cree","Cree",,,
"1049-6","Morongo","Morongo",,,
"1224-5","Capitan Grande","Capitan Grande",,,
"1535-4","Stillaguamish","Stillaguamish",,,
"1234-4","Attacapa","Attacapa",,,
"1651-9","Susanville","Susanville",,,
"1527-1","Samish","Samish",,,
"1397-9","Talakamish","Talakamish",,,
"2066-9","Zairean","Zairean",,,
"1591-7","Goshute","Goshute",,,
"1037-1","Brotherton","Brotherton",,,
"2011-5","Atka","Atka",,,
"1387-0","Nez Perce","Nez Perce",,,
"2093-3","Kosraean","Kosraean",,,
"1315-1","Port Gamble Klallam","Port Gamble Klallam",,,
"1830-9","Saxman","Saxman",,,
"1407-6","Osage","Osage",,,
"1512-3","Tesuque","Tesuque",,,
"1273-2","Whilkut","Whilkut",,,
"1861-4","Inupiaq","Inupiaq",,,
"1821-8","Hoonah","Hoonah",,,
"1549-5","Round Valley","Round Valley",,,
"1720-2","Tule River","Tule River",,,
"1423-3","Kaibab","Kaibab",,,
"1017-3","Payson Apache","Payson Apache",,,
"1060-3","Mattole","Mattole",,,
"1529-7","Skokomish","Skokomish",,,
"1100-7","Cherokee Shawnee","Cherokee Shawnee",,,
"2082-6","Tongan","Tongan",,,
"1539-6","Upper Skagit","Upper Skagit",,,
"1816-8","Chilkat","Chilkat",,,
"1317-7","Klamath","Klamath",,,
"1750-9","Chalkyitsik","Chalkyitsik",,,
"1934-9","Mountain Village","Mountain Village",,,
"2075-0","West Indian","West Indian",,,
"1431-6","Pyramid Lake","Pyramid Lake",,,
"2032-1","Burmese","Burmese",,,
"1881-2","Shungnak","Shungnak",,,
"1131-2","Keweenaw","Keweenaw",,,
"1385-4","Ramah Navajo","Ramah Navajo",,,
"1587-5","Battle Mountain","Battle Mountain",,,
"1310-2","Oklahoma Kiowa","Oklahoma Kiowa",,,
"1811-9","Southeast Alaska","Southeast Alaska",,,
"1114-8","Chinook","Chinook",,,
"1306-0","Oklahoma Kickapoo","Oklahoma Kickapoo",,,
"1340-9","Lumbee","Lumbee",,,
"1451-4","Oklahoma Peoria","Oklahoma Peoria",,,
"1430-8","Owens Valley","Owens Valley",,,
"1271-6","Hoopa","Hoopa",,,
"2129-5","Arab","Arab",,,
"1096-7","Tuscola","Tuscola",,,
"2056-0","Black","Black",,,
"1807-7","Tyonek","Tyonek",,,
"1707-9","Yakama","Yakama",,,
"1391-2","Northwest Tribes","Northwest Tribes",,,
"1745-9","Anvik","Anvik",,,
"1211-2","Cupeno","Cupeno",,,
"2038-8","Indonesian","Indonesian",,,
"1675-8","Wailaki","Wailaki",,,
"1502-4","San Felipe","San Felipe",,,
"1277-3","Houma","Houma",,,
"1216-1","Lenni-Lenape","Lenni-Lenape",,,
"1726-9","Havasupai","Havasupai",,,
"1958-8","Tulukskak","Tulukskak",,,
"1637-8","Wahpekute Sioux","Wahpekute Sioux",,,
"1929-9","Levelock","Levelock",,,
"1576-8","Shasta","Shasta",,,
"1368-0","Mission Indians","Mission Indians",,,
"1837-4","Tsimshian","Tsimshian",,,
"1321-9","Kootenai","Kootenai",,,
"2088-3","Chamorro","Chamorro",,,
"1888-7","White Mountain Inupiat","White Mountain Inupiat",,,
"1519-8","Duwamish","Duwamish",,,
"1508-1","Santa Ana","Santa Ana",,,
"2095-8","Saipanese","Saipanese",,,
"1886-1","Wales","Wales",,,
"1047-0","Cabazon","Cabazon",,,
"1817-6","Chilkoot","Chilkoot",,,
"1907-5","Calista Yupik","Calista Yupik",,,
"2079-2","Native Hawaiian","Native Hawaiian",,,
"1668-3","Cow Creek Umpqua","Cow Creek Umpqua",,,
"1697-2","Ho-chunk","Ho-chunk",,,
"1972-9","Bristol Bay Aleut","Bristol Bay Aleut",,,
"1914-1","Eek","Eek",,,
"2115-4","Polish","Polish",,,
"1467-0","Eastern Pomo","Eastern Pomo",,,
"1399-5","Tillamook","Tillamook",,,
"1356-5","Menominee","Menominee",,,
"1903-4","Atmautluak","Atmautluak",,,
"1500-8","Piro","Piro",,,
"1592-5","Panamint","Panamint",,,
"1526-3","Puyallup","Puyallup",,,
"1661-8","Tonkawa","Tonkawa",,,
"1898-6","Akiak","Akiak",,,
"1762-4","Evansville","Evansville",,,
"1638-6","Wahpeton Sioux","Wahpeton Sioux",,,
"2008-1","Aleut Corporation","Aleut Corporation",,,
"1599-0","Wind River Shoshone","Wind River Shoshone",,,
"1775-6","Knik","Knik",,,
"1896-0","Yupik Eskimo","Yupik Eskimo",,,
"1480-3","Forest County","Forest County",,,
"1822-6","Hydaburg","Hydaburg",,,
"1068-6","Canadian and Latin American Indian","Canadian and Latin American Indian",,,
"1496-9","Keres","Keres",,,
"1871-3","Nana Inupiat","Nana Inupiat",,,
"1058-7","Kawaiisu","Kawaiisu",,,
"1420-9","Cedarville","Cedarville",,,
"1844-0","Inupiat Eskimo","Inupiat Eskimo",,,
"2073-5","Tobagoan","Tobagoan",,,
"1146-0","Sokoagon Chippewa","Sokoagon Chippewa",,,
"1905-9","Bill Moore's Slough","Bill Moore's Slough",,,
"1882-0","Solomon","Solomon",,,
"1097-5","United Keetowah Band of Cherokee","United Keetowah Band of Cherokee",,,
"1126-2","Bois Forte","Bois Forte",,,
"1782-2","Minto","Minto",,,
"1870-5","Mauneluk Inupiat","Mauneluk Inupiat",,,
"1173-4","Colville","Colville",,,
"1469-6","Northern Pomo","Northern Pomo",,,
"1204-7","Thlopthlocco","Thlopthlocco",,,
"1062-9","Santa Rosa","Santa Rosa",,,
"2081-8","Tahitian","Tahitian",,,
"1342-5","Lummi","Lummi",,,
"1419-1","Burns Paiute","Burns Paiute",,,
"1791-3","Ruby","Ruby",,,
"1594-1","Skull Valley","Skull Valley",,,
"1462-1","Pit River","Pit River",,,
"1237-7","Moor","Moor",,,
"2089-1","Mariana Islander","Mariana Islander",,,
"1588-3","Duckwater","Duckwater",,,
"1254-2","Fort Berthold","Fort Berthold",,,
"1074-4","Spanish American Indian","Spanish American Indian",,,
"2002-4","Sugpiaq","Sugpiaq",,,
"1212-0","Agua Caliente","Agua Caliente",,,
"1207-0","Croatan","Croatan",,,
"1639-4","Wazhaza Sioux","Wazhaza Sioux",,,
"1231-0","Sycuan","Sycuan",,,
"1256-7","Fort Mcdowell","Fort Mcdowell",,,
"1687-3","Washoe","Washoe",,,
"1777-2","Lake Minchumina","Lake Minchumina",,,
"1281-5","Iowa","Iowa",,,
"1063-7","Takelma","Takelma",,,
"1833-3","Tlingit","Tlingit",,,
"1624-6","Pipestone Sioux","Pipestone Sioux",,,
"1492-8","Cochiti","Cochiti",,,
"1196-5","Eastern Creek","Eastern Creek",,,
"1160-1","Oklahoma Choctaw","Oklahoma Choctaw",,,
"1148-6","White Earth","White Earth",,,
"1484-5","Prairie Band","Prairie Band",,,
"1613-9","Crow Creek Sioux","Crow Creek Sioux",,,
"1600-6","Yomba","Yomba",,,
"1394-6","Columbia","Columbia",,,
"2048-7","Iwo Jiman","Iwo Jiman",,,
"2039-6","Japanese","Japanese",,,
"1846-5","Anaktuvuk","Anaktuvuk",,,
"2030-5","Bangladeshi","Bangladeshi",,,
"1046-2","Augustine","Augustine",,,
"1023-1","Southern Arapaho","Southern Arapaho",,,
"1127-0","Burt Lake Chippewa","Burt Lake Chippewa",,,
"1925-7","Kongiganak","Kongiganak",,,
"1673-3","Ute Mountain Ute","Ute Mountain Ute",,,
"1851-5","Barrow","Barrow",,,
"1054-6","Cahto","Cahto",,,
"1450-6","Peoria","Peoria",,,
"1479-5","Citizen Band Potawatomi","Citizen Band Potawatomi",,,
"1623-8","Pine Ridge Sioux","Pine Ridge Sioux",,,
"1053-8","California Tribes","California Tribes",,,
"2123-8","Lebanese","Lebanese",,,
"2067-7","Bahamian","Bahamian",,,
"1345-8","Mountain Maidu","Mountain Maidu",,,
"1116-3","Columbia River Chinook","Columbia River Chinook",,,
"1649-3","Stockbridge","Stockbridge",,,
"1564-4","Scott Valley","Scott Valley",,,
"1978-6","King Salmon","King Salmon",,,
"1677-4","Walla-Walla","Walla-Walla",,,
"1906-7","Bristol Bay Yupik","Bristol Bay Yupik",,,
"1082-7","Chemakuan","Chemakuan",,,
"1460-5","Piscataway","Piscataway",,,
"1171-8","Colorado River","Colorado River",,,
"1605-5","Fort McDermitt","Fort McDermitt",,,
"1590-9","Ely","Ely",,,
"1285-6","Iroquois","Iroquois",,,
"1629-5","Santee Sioux","Santee Sioux",,,
"1567-7","Big Cypress","Big Cypress",,,
"1820-0","Haida","Haida",,,
"1476-1","Oklahoma Ponca","Oklahoma Ponca",,,
"1016-5","Oklahoma Apache","Oklahoma Apache",,,
"1493-6","Hopi","Hopi",,,
"1696-4","Winnebago","Winnebago",,,
"1155-1","Choctaw","Choctaw",,,
"1866-3","Kobuk","Kobuk",,,
"1008-2","Algonquian","Algonquian",,,
"1614-7","Dakota Sioux","Dakota Sioux",,,
"1553-7","Missouri Sac and Fox","Missouri Sac and Fox",,,
"1514-9","Tigua","Tigua",,,
"1946-3","Pitkas Point","Pitkas Point",,,
"1855-6","Chinik","Chinik",,,
"1729-3","Mohave","Mohave",,,
"1144-5","St. Croix Chippewa","St. Croix Chippewa",,,
"1570-1","Hollywood Seminole","Hollywood Seminole",,,
"1770-7","Hughes","Hughes",,,
"1429-0","Northern Paiute","Northern Paiute",,,
"2044-6","Pakistani","Pakistani",,,
"2104-8","New Hebrides","New Hebrides",,,
"1993-5","Akhiok","Akhiok",,,
"2108-9","European","European",,,
"1897-8","Akiachak","Akiachak",,,
"1490-2","Acoma","Acoma",,,
"1926-5","Kotlik","Kotlik",,,
"1725-1","Cocopah","Cocopah",,,
"1238-5","Nansemond","Nansemond",,,
"1523-0","Nisqually","Nisqually",,,
"1607-1","Siletz","Siletz",,,
"1937-2","Napakiak","Napakiak",,,
"1764-0","Gakona","Gakona",,,
"1525-5","Port Madison","Port Madison",,,
"1615-4","Flandreau Santee","Flandreau Santee",,,
"1336-7","Soboba","Soboba",,,
"1319-3","Konkow","Konkow",,,
"1534-7","Steilacoom","Steilacoom",,,
"1189-0","Cowlitz","Cowlitz",,,
"2126-1","Afghanistani","Afghanistani",,,
"1418-3","Bridgeport","Bridgeport",,,
"1959-6","Tuntutuliak","Tuntutuliak",,,
"1803-6","Tazlina","Tazlina",,,
"1531-3","Snohomish","Snohomish",,,
"1787-1","Northway","Northway",,,
"1530-5","Skykomish","Skykomish",,,
"1766-5","Grayling","Grayling",,,
"1754-1","Circle","Circle",,,
"1024-9","Wind River Arapaho","Wind River Arapaho",,,
"1454-8","Marshantucket Pequot","Marshantucket Pequot",,,
"1457-1","Gila River Pima-Maricopa","Gila River Pima-Maricopa",,,
"1944-8","Oscarville","Oscarville",,,
"1893-7","Savoonga","Savoonga",,,
"1018-1","San Carlos Apache","San Carlos Apache",,,
"1235-1","Biloxi","Biloxi",,,
"1411-8","Ottawa","Ottawa",,,
"1635-2","Two Kettle Sioux","Two Kettle Sioux",,,
"1951-3","St. Michael","St. Michael",,,
"1927-3","Kwethluk","Kwethluk",,,
"1621-2","Miniconjou","Miniconjou",,,
"1098-3","Western Cherokee","Western Cherokee",,,
"1021-5","Arapaho","Arapaho",,,
"1389-6","Nomalaki","Nomalaki",,,
"1879-6","Shaktoolik","Shaktoolik",,,
"1448-0","Penobscot","Penobscot",,,
"1439-9","Pamunkey","Pamunkey",,,
"1656-8","San Xavier","San Xavier",,,
"1403-5","Omaha","Omaha",,,
"1776-4","Koyukuk","Koyukuk",,,
"1153-6","Chitimacha","Chitimacha",,,
"1197-3","Eastern Muscogee","Eastern Muscogee",,,
"1120-5","Willapa Chinook","Willapa Chinook",,,
"1425-8","Lone Pine","Lone Pine",,,
"1104-9","Southern Cheyenne","Southern Cheyenne",,,
"1365-6","Micmac","Micmac",,,
"1718-6","Chukchansi","Chukchansi",,,
"1202-1","Principal Creek Indian Nation","Principal Creek Indian Nation",,,
"1578-4","Shawnee","Shawnee",,,
"1215-3","Eastern Delaware","Eastern Delaware",,,
"1802-8","Tanana Chiefs","Tanana Chiefs",,,
"1739-2","Alaskan Athabascan","Alaskan Athabascan",,,
"1715-2","Yavapai Apache","Yavapai Apache",,,
"1070-2","Central American Indian","Central American Indian",,,
"1724-4","Yuman","Yuman",,,
"1891-1","Siberian Eskimo","Siberian Eskimo",,,
"1753-3","Chitina","Chitina",,,
"1774-9","Kluti Kaah","Kluti Kaah",,,
"1911-7","Clark's Point","Clark's Point",,,
"1604-8","Fallon","Fallon",,,
"1932-3","Marshall","Marshall",,,
"1924-0","Koliganek","Koliganek",,,
"1092-6","Eastern Cherokee","Eastern Cherokee",,,
"2063-6","Liberian","Liberian",,,
"1864-8","Kiana","Kiana",,,
"1942-2","Nightmute","Nightmute",,,
"1334-2","Pauma","Pauma",,,
"1645-1","Spokane","Spokane",,,
"1378-9","Nanticoke","Nanticoke",,,
"1858-0","Elim","Elim",,,
"1547-9","Reno-Sparks","Reno-Sparks",,,
"1537-0","Swinomish","Swinomish",,,
"1829-1","Petersburg","Petersburg",,,
"1292-2","Seneca-Cayuga","Seneca-Cayuga",,,
"1915-8","Ekuk","Ekuk",,,
"1610-5","Blackfoot Sioux","Blackfoot Sioux",,,
"1733-5","Coast Yurok","Coast Yurok",,,
"1400-1","Wenatchee","Wenatchee",,,
"2020-6","Qawalangin","Qawalangin",,,
"1683-2","Warm Springs","Warm Springs",,,
"1574-3","San Manual","San Manual",,,
"1466-2","Dry Creek","Dry Creek",,,
"1515-6","Zia","Zia",,,
"1323-5","Lassik","Lassik",,,
"1742-6","Alexander","Alexander",,,
"1521-4","Lower Skagit","Lower Skagit",,,
"2046-1","Thai","Thai",,,
"2009-9","Aleutian","Aleutian",,,
"1740-0","Ahtna","Ahtna",,,
"1597-4","Timbi-Sha Shoshone","Timbi-Sha Shoshone",,,
"1227-8","Manzanita","Manzanita",,,
"1084-3","Quileute","Quileute",,,
"1804-4","Telida","Telida",,,
"1543-8","Quinault","Quinault",,,
"1935-6","Naknek","Naknek",,,
"1533-9","Squaxin Island","Squaxin Island",,,
"1123-9","Chippewa","Chippewa",,,
"1823-4","Kake","Kake",,,
"1219-5","Rampough Mountain","Rampough Mountain",,,
"1763-2","Fort Yukon","Fort Yukon",,,
"1203-9","Star Clan of Muscogee Creeks","Star Clan of Muscogee Creeks",,,
"1768-1","Healy Lake","Healy Lake",,,
"2058-6","African American","African American",,,
"1779-8","Mcgrath","Mcgrath",,,
"1157-7","Jena Choctaw","Jena Choctaw",,,
"1783-0","Nenana","Nenana",,,
"1853-1","Brevig Mission","Brevig Mission",,,
"1868-9","Koyuk","Koyuk",,,
"1947-1","Platinum","Platinum",,,
"1359-9","Illinois Miami","Illinois Miami",,,
"1889-5","Mary's Igloo","Mary's Igloo",,,
"1884-6","Unalakleet","Unalakleet",,,
"1859-8","Golovin","Golovin",,,
"2083-4","Tokelauan","Tokelauan",,,
"2500-7","Other Pacific Islander","Other Pacific Islander",,,
"1392-0","Alsea","Alsea",,,
"1326-8","Matinecock","Matinecock",,,
"1908-3","Chefornak","Chefornak",,,
"1921-6","Kalskag","Kalskag",,,
"1495-1","Jemez","Jemez",,,
"1825-9","Kenaitze","Kenaitze",,,
"2131-1","Other Race","Note that this term remains in the table for completeness, even though within HL7, the notion of Other code is deprecated.","1000-9",,
"1987-7","English Bay","English Bay",,,
"1151-0","Rocky Boy's Chippewa Cree","Rocky Boy's Chippewa Cree",,,
"1784-8","Nikolai","Nikolai",,,
"1769-9","Holy Cross","Holy Cross",,,
"1786-3","Nondalton","Nondalton",,,
"1175-9","Comanche","Comanche",,,
"1014-0","Lipan Apache","Lipan Apache",,,
"1796-2","Stevens","Stevens",,,
"1048-8","Los Coyotes","Los Coyotes",,,
"1596-6","Te-Moak Western Shoshone","Te-Moak Western Shoshone",,,
"1622-0","Oglala Sioux","Oglala Sioux",,,
"1076-9","Catawba","Catawba",,,
"1033-0","Bannock","Bannock",,,
"1992-7","Koniag Aleut","Koniag Aleut",,,
"1186-6","Coushatta","Coushatta",,,
"2100-6","Melanesian","Melanesian",,,
"1809-3","Wiseman","Wiseman",,,
"1195-7","Alabama Quassarte","Alabama Quassarte",,,
"1453-0","Pequot","Pequot",,,
"2034-7","Chinese","Chinese",,,
"1860-6","Inalik Diomede","Inalik Diomede",,,
"1246-8","Tunica Biloxi","Tunica Biloxi",,,
"1089-2","Cherokee Alabama","Cherokee Alabama",,,
"1562-8","Schaghticoke","Schaghticoke",,,
"1826-7","Ketchikan","Ketchikan",,,
"2118-8","Middle Eastern or North African","Middle Eastern or North African",,,
"1960-4","Tununak","Tununak",,,
"2120-4","Egyptian","Egyptian",,,
"2019-8","Qagan Toyagungin","Qagan Toyagungin",,,
"1996-8","Kodiak","Kodiak",,,
"1528-9","Sauk-Suiattle","Sauk-Suiattle",,,
"1752-5","Chistochina","Chistochina",,,
"1446-4","Oklahoma Pawnee","Oklahoma Pawnee",,,
"1165-0","Clear Lake","Clear Lake",,,
"2040-4","Korean","Korean",,,
"1949-7","Quinhagak","Quinhagak",,,
"1788-9","Nulato","Nulato",,,
"1589-1","Elko","Elko",,,
"1103-1","Northern Cheyenne","Northern Cheyenne",,,
"1901-8","Andreafsky","Andreafsky",,,
"1760-8","Eagle","Eagle",,,
"1282-3","Iowa of Kansas-Nebraska","Iowa of Kansas-Nebraska",,,
"1205-4","Tuckabachee","Tuckabachee",,,
"1433-2","Southern Paiute","Southern Paiute",,,
"1015-7","Mescalero Apache","Mescalero Apache",,,
"1685-7","Wascopum","Wascopum",,,
"1609-7","Sioux","Sioux",,,
"1143-7","Saginaw Chippewa","Saginaw Chippewa",,,
"2110-5","English","English",,,
"2016-4","Nelson Lagoon","Nelson Lagoon",,,
"1248-4","Wicomico","Wicomico",,,
"1130-4","Grand Traverse Band of Ottawa/Chippewa","Grand Traverse Band of Ottawa/Chippewa",,,
"1857-2","Deering","Deering",,,
"1026-4","Arikara","Arikara",,,
"1303-7","Kaw","Kaw",,,
"1041-3","Caddo","Caddo",,,
"1878-8","Selawik","Selawik",,,
"1813-5","Tlingit-Haida","Tlingit-Haida",,,
"1875-4","Nuiqsut","Nuiqsut",,,
"1885-3","Wainwright","Wainwright",,,
"1852-3","Bering Straits Inupiat","Bering Straits Inupiat",,,
"1059-5","Kern River","Kern River",,,
"1705-3","Table Bluff","Table Bluff",,,
"1641-0","Yanktonai Sioux","Yanktonai Sioux",,,
"1295-5","Wyandotte","Wyandotte",,,
"1042-1","Oklahoma Cado","Oklahoma Cado",,,
"1930-7","Lower Kalskag","Lower Kalskag",,,
"1199-9","Lower Muscogee","Lower Muscogee",,,
"1627-9","Rosebud Sioux","Rosebud Sioux",,,
"1158-5","Mississippi Choctaw","Mississippi Choctaw",,,
"2125-3","Syrian","Syrian",,,
"1491-0","Arizona Tewa","Arizona Tewa",,,
"1568-5","Brighton","Brighton",,,
"1201-3","Poarch Band","Poarch Band",,,
"1580-0","Eastern Shawnee","Eastern Shawnee",,,
"2051-1","Singaporean","Singaporean",,,
"1286-4","Cayuga","Cayuga",,,
"2122-0","Iraqi","Iraqi",,,
"1382-1","Navajo","Navajo",,,
"2022-2","St. Paul","St. Paul",,,
"1458-9","Salt River Pima-Maricopa","Salt River Pima-Maricopa",,,
"1290-6","Seneca","Seneca",,,
"1497-7","Laguna","Laguna",,,
"1994-3","Agdaagux","Agdaagux",,,
"1913-3","Dillingham","Dillingham",,,
"2086-7","Guamanian or Chamorro","Guamanian or Chamorro",,,
"1653-5","Tohono O'Odham","Tohono O'Odham",,,
"1331-8","Luiseno","Luiseno",,,
"2062-8","Ethiopian","Ethiopian",,,
"1688-1","Alpine","Alpine",,,
"1348-2","Makah","Makah",,,
"1945-5","Pilot Station","Pilot Station",,,
"1088-4","Cherokee","Cherokee",,,
"2006-5","Unangan Aleut","Unangan Aleut",,,
"1824-2","Kasaan","Kasaan",,,
"1424-1","Las Vegas","Las Vegas",,,
"2060-2","African","African",,,
"2047-9","Vietnamese","Vietnamese",,,
"1159-3","Mowa Band of Choctaw","Mowa Band of Choctaw",,,
"2112-1","German","German",,,
"1335-9","Pechanga","Pechanga",,,
"2061-0","Botswanan","Botswanan",,,
"1279-9","Inaja-Cosmit","Inaja-Cosmit",,,
"1692-3","Wichita","Wichita",,,
"2111-3","French","French",,,
"1139-5","Minnesota Chippewa","Minnesota Chippewa",,,
"1995-0","Karluk","Karluk",,,
"1198-1","Kialegee","Kialegee",,,
"1051-2","Torres-Martinez","Torres-Martinez",,,
"1938-0","Napaskiak","Napaskiak",,,
"1919-0","Hooper Bay","Hooper Bay",,,
"1233-6","Eastern Tribes","Eastern Tribes",,,
"1593-3","Ruby Valley","Ruby Valley",,,
"1702-0","Wintun","Wintun",,,
"1229-4","San Pasqual","San Pasqual",,,
"1503-2","San Ildefonso","San Ildefonso",,,
"1848-1","Arctic Slope Inupiat","Arctic Slope Inupiat",,,
"1338-3","Temecula","Temecula",,,
"1106-4","Cheyenne-Arapaho","Cheyenne-Arapaho",,,
"1380-5","Narragansett","Narragansett",,,
"1050-4","Santa Rosa Cahuilla","Santa Rosa Cahuilla",,,
"1981-0","Pilot Point","Pilot Point",,,
"1217-9","Munsee","Munsee",,,
"1719-4","Tachi","Tachi",,,
"1955-4","Stebbins","Stebbins",,,
"1187-4","Alabama Coushatta","Alabama Coushatta",,,
"2018-0","Pauloff Harbor","Pauloff Harbor",,,
"2114-7","Italian","Italian",,,
"1436-5","Walker River","Walker River",,,
"1554-5","Oklahoma Sac and Fox","Oklahoma Sac and Fox",,,
"1765-7","Galena","Galena",,,
"1904-2","Bethel","Bethel",,,
"1966-1","Aleut","Aleut",,,
"2091-7","Palauan","Palauan",,,
"1933-1","Mekoryuk","Mekoryuk",,,
"1262-5","Grand Ronde","Grand Ronde",,,
"1922-4","Kasigluk","Kasigluk",,,
"1520-6","Kikiallus","Kikiallus",,,
"1643-6","Siuslaw","Siuslaw",,,
"1498-5","Nambe","Nambe",,,
"1482-9","Huron Potawatomi","Huron Potawatomi",,,
"1974-5","Chignik Lake","Chignik Lake",,,
"1722-8","Yuchi","Yuchi",,,
"2015-6","False Pass","False Pass",,,
"1794-7","Slana","Slana",,,
"1887-9","White Mountain","White Mountain",,,
"1297-1","Juaneno","Juaneno",,,
"1912-5","Crooked Creek","Crooked Creek",,,
"1464-7","Pomo","Pomo",,,
"1988-5","Port Graham","Port Graham",,,
"1975-2","Egegik","Egegik",,,
"2035-4","Taiwanese","Taiwanese",,,
"1758-2","Dot Lake","Dot Lake",,,
"1332-6","La Jolla","La Jolla",,,
"1663-4","Tygh","Tygh",,,
"1728-5","Maricopa","Maricopa",,,
"1112-2","Chickasaw","Chickasaw",,,
"1073-6","South American Indian","South American Indian",,,
"1899-4","Alakanuk","Alakanuk",,,
"1083-5","Hoh","Hoh",,,
"1869-7","Kwiguk","Kwiguk",,,
"1698-0","Nebraska Winnebago","Nebraska Winnebago",,,
"1006-6","Abenaki","Abenaki",,,
"1513-1","Tewa","Tewa",,,
"2042-0","Malaysian","Malaysian",,,
"1163-5","Santa Ynez","Santa Ynez",,,
"1135-3","Lake Superior","Lake Superior",,,
"1226-0","La Posta","La Posta",,,
"1121-3","Wishram","Wishram",,,
"1428-2","Moapa","Moapa",,,
"1522-2","Muckleshoot","Muckleshoot",,,
"2069-3","Dominican","Dominican",,,
"1489-4","Pueblo","Pueblo",,,
"1986-9","Chugach Corporation","Chugach Corporation",,,
"1142-9","Red Lake Chippewa","Red Lake Chippewa",,,
"1874-7","Noorvik","Noorvik",,,
"1337-5","Twenty-Nine Palms","Twenty-Nine Palms",,,
"1631-1","Sisseton Sioux","Sisseton Sioux",,,
"1245-0","Susquehanock","Susquehanock",,,
"1963-8","St. Mary's","St. Mary's",,,
"1541-2","Quapaw","Quapaw",,,
"1013-2","Jicarilla Apache","Jicarilla Apache",,,
"1169-2","Coharie","Coharie",,,
"1984-4","Chugach Aleut","Chugach Aleut",,,
"1867-1","Kotzebue","Kotzebue",,,
"2103-0","Solomon Islander","Solomon Islander",,,
"1950-5","Red Devil","Red Devil",,,
"1970-3","Ugashik","Ugashik",,,
"1713-7","Pascua Yaqui","Pascua Yaqui",,,
"1969-5","Tatitlek","Tatitlek",,,
"1258-3","Fort Hall","Fort Hall",,,
"1849-9","Arctic Slope Corporation","Arctic Slope Corporation",,,
"1293-0","Tonawanda Seneca","Tonawanda Seneca",,,
"1435-7","Utu Utu Gwaitu Paiute","Utu Utu Gwaitu Paiute",,,
"1586-7","Shoshone","Shoshone",,,
"1250-0","Esselen","Esselen",,,
"1793-9","Seldovia","Seldovia",,,
"1785-5","Ninilchik","Ninilchik",,,
"1487-8","Powhatan","Powhatan",,,
"1749-1","Cantwell","Cantwell",,,
"1727-7","Hualapai","Hualapai",,,
"1936-4","Napaumute","Napaumute",,,
"1124-7","Bad River","Bad River",,,
"1376-3","Mono","Mono",,,
"1239-3","Natchez","Natchez",,,
"1625-3","Prairie Island Sioux","Prairie Island Sioux",,,
"1798-8","Takotna","Takotna",,,
"1973-7","Chignik","Chignik",,,
"1952-1","Scammon Bay","Scammon Bay",,,
"1119-7","Wakiakum Chinook","Wakiakum Chinook",,,
"1618-8","Lower Brule Sioux","Lower Brule Sioux",,,
"1980-2","Perryville","Perryville",,,
"1178-3","Coos, Lower Umpqua, Siuslaw","Coos, Lower Umpqua, Siuslaw",,,
"1571-9","Oklahoma Seminole","Oklahoma Seminole",,,
"1494-4","Isleta","Isleta",,,
"1730-1","Quechan","Quechan",,,
"1842-4","Greenland Eskimo","Greenland Eskimo",,,
"2017-2","Nikolski","Nikolski",,,
"1214-6","Delaware","Delaware",,,
"2052-9","Madagascar","Madagascar",,,
"1633-7","Standing Rock Sioux","Standing Rock Sioux",,,
"1272-4","Trinity","Trinity",,,
"1291-4","Seneca Nation","Seneca Nation",,,
"1325-0","Long Island","Long Island",,,
"2064-4","Namibian","Namibian",,,
"1916-6","Ekwok","Ekwok",,,
"2026-3","Unga","Unga",,,
"1414-2","Oklahoma Ottawa","Oklahoma Ottawa",,,
"1287-2","Mohawk","Mohawk",,,
"2090-9","Marshallese","Marshallese",,,
"1672-5","Uintah Ute","Uintah Ute",,,
"1954-7","Sleetmute","Sleetmute",,,
"1230-2","Santa Ysabel","Santa Ysabel",,,
"1264-1","Gros Ventres","Gros Ventres",,,
"1136-1","Leech Lake","Leech Lake",,,
"1267-4","Haliwa","Haliwa",,,
"1636-0","Upper Sioux","Upper Sioux",,,
"1657-6","Sells","Sells",,,
"1312-8","Klallam","Klallam",,,
"1743-4","Allakaket","Allakaket",,,
"1416-7","Paiute","Paiute",,,
"1681-6","Mashpee Wampanoag","Mashpee Wampanoag",,,
"1307-8","Texas Kickapoo","Texas Kickapoo",,,
"1711-1","Yaqui","Yaqui",,,
"1956-2","Togiak","Togiak",,,
"1797-0","Stony River","Stony River",,,
"2097-4","Chuukese","Chuukese",,,
"1795-4","Shageluk","Shageluk",,,
"2025-5","Unalaska","Unalaska",,,
"1167-6","Coeur D'Alene","Coeur D'Alene",,,
"1964-6","Umkumiate","Umkumiate",,,
"1128-8","Fond du Lac","Fond du Lac",,,
"1704-6","Wiyot","Wiyot",,,
"1603-0","Duck Valley","Duck Valley",,,
"1671-7","Allen Canyon","Allen Canyon",,,
"1838-2","Metlakatla","Metlakatla",,,
"1360-7","Indiana Miami","Indiana Miami",,,
"1694-9","Wind River","Wind River",,,
"1518-0","Puget Sound Salish","Puget Sound Salish",,,
"2010-7","Aleutian Islander","Aleutian Islander",,,
"1313-6","Jamestown","Jamestown",,,
"1883-8","Teller","Teller",,,
"1413-4","Michigan Ottawa","Michigan Ottawa",,,
"1551-1","Sac and Fox","Sac and Fox",,,
"1071-0","French American Indian","French American Indian",,,
"1344-1","Maidu","Maidu",,,
"1755-8","Cook Inlet","Cook Inlet",,,
"1265-8","Atsina","Atsina",,,
"1569-3","Florida Seminole","Florida Seminole",,,
"1845-7","Ambler","Ambler",,,
"1412-6","Burt Lake Ottawa","Burt Lake Ottawa",,,
"1358-1","Miami","Miami",,,
"1055-3","Chimariko","Chimariko",,,
"1470-4","Scotts Valley","Scotts Valley",,,
"1275-7","Hoopa Extension","Hoopa Extension",,,
"1129-6","Grand Portage","Grand Portage",,,
"1679-0","Wampanoag","Wampanoag",,,
"1443-1","Pleasant Point Passamaquoddy","Pleasant Point Passamaquoddy",,,
"1815-0","Central Council of Tlingit and Haida Tribes","Central Council of Tlingit and Haida Tribes",,,
"1789-7","Pedro Bay","Pedro Bay",,,
"1483-7","Pokagon Potawatomi","Pokagon Potawatomi",,,
"2071-9","Haitian","Haitian",,,
"2109-7","Armenian","Armenian",,,
"1771-5","Huslia","Huslia",,,
"2024-8","South Naknek","South Naknek",,,
"1655-0","Gila Bend","Gila Bend",,,
"1801-0","Tanana","Tanana",,,
"1314-4","Lower Elwha","Lower Elwha",,,
"1240-1","Nausu Waiwash","Nausu Waiwash",,,
"1370-6","Miwok","Miwok",,,
"1350-8","Maliseet","Maliseet",,,
"2102-2","Papua New Guinean","Papua New Guinean",,,
"1773-1","Kaltag","Kaltag",,,
"1437-3","Yerington Paiute","Yerington Paiute",,,
"1474-6","Ponca","Ponca",,,
"1732-7","Yurok","Yurok",,,
"1354-0","Mattaponi","Mattaponi",,,
"1066-0","Yuki","Yuki",,,
"1243-5","Pocomoke Acohonock","Pocomoke Acohonock",,,
"1200-5","Machis Lower Creek Indian","Machis Lower Creek Indian",,,
"1366-4","Aroostook","Aroostook",,,
"1976-0","Igiugig","Igiugig",,,
"2119-6","Assyrian","Assyrian",,,
"1717-8","Yokuts","Yokuts",,,
"1778-0","Lime","Lime",,,
"1747-5","Beaver","Beaver",,,
"1269-0","Hidatsa","Hidatsa",,,
"1619-6","Lower Sioux","Lower Sioux",,,
"1506-5","San Juan","San Juan",,,
"1176-7","Oklahoma Comanche","Oklahoma Comanche",,,
"1792-1","Salamatof","Salamatof",,,
"1910-9","Chuathbaluk","Chuathbaluk",,,
"1145-2","Sault Ste. Marie Chippewa","Sault Ste. Marie Chippewa",,,
"2085-9","Micronesian","Micronesian",,,
"1556-0","Salinan","Salinan",,,
"1125-4","Bay Mills Chippewa","Bay Mills Chippewa",,,
"1000-9","Race","Race, Note that this is an abstract 'grouping' concept and not for use as a real concept",,,
"1108-0","Chickahominy","Chickahominy",,,
"1772-3","Iliamna","Iliamna",,,
"2121-2","Iranian","Iranian",,,
"1110-6","Western Chickahominy","Western Chickahominy",,,
"1997-6","Larsen Bay","Larsen Bay",,,
"1045-4","Agua Caliente Cahuilla","Agua Caliente Cahuilla",,,
"1260-9","Gabrieleno","Gabrieleno",,,
"2113-9","Irish","Irish",,,
"1294-8","Tuscarora","Tuscarora",,,
"1872-1","Noatak","Noatak",,,
"1209-6","Crow","Crow",,,
"1022-3","Northern Arapaho","Northern Arapaho",,,
"2101-4","Fijian","Fijian",,,
"1102-3","Cheyenne","Cheyenne",,,
"1225-2","Cuyapaipe","Cuyapaipe",,,
"1301-1","Karuk","Karuk",,,
"1499-3","Picuris","Picuris",,,
"1115-5","Clatsop","Clatsop",,,
"1780-6","Manley Hot Springs","Manley Hot Springs",,,
"1509-9","Santa Clara","Santa Clara",,,
"2124-6","Palestinian","Palestinian",,,
"1442-3","Indian Township","Indian Township",,,
"1680-8","Gay Head Wampanoag","Gay Head Wampanoag",,,
"1012-4","Fort Sill Apache","Fort Sill Apache",,,
"1516-4","Zuni","Zuni",,,
"1990-1","Eyak","Eyak",,,
"1814-3","Angoon","Angoon",,,
"1078-5","Cayuse","Cayuse",,,
"1333-4","Pala","Pala",,,
"1363-1","Miccosukee","Miccosukee",,,
"1180-9","Coos","Coos",,,
"1877-0","Point Lay","Point Lay",,,
"1283-1","Iowa of Oklahoma","Iowa of Oklahoma",,,
"2094-1","Pohnpeian","Pohnpeian",,,
"1228-6","Mesa Grande","Mesa Grande",,,
"1735-0","Alaska Native","Alaska Native",,,
"1731-9","Yavapai","Yavapai",,,
"1065-2","Yana","Yana",,,
"1395-3","Kalapuya","Kalapuya",,,
"2070-1","Dominica Islander","Dominica Islander",,,
"1426-6","Lovelock","Lovelock",,,
"1834-1","Wrangell","Wrangell",,,
"2074-3","Trinidadian","Trinidadian",,,
"1799-6","Tanacross","Tanacross",,,
"1194-0","Alabama Creek","Alabama Creek",,,
"1401-9","Yahooskin","Yahooskin",,,
"1900-0","Aleknagik","Aleknagik",,,
"1767-3","Gulkana","Gulkana",,,
"1010-8","Apache","Apache",,,
"1536-2","Suquamish","Suquamish",,,
"2087-5","Guamanian","Guamanian",,,
"1090-0","Cherokees of Northeast Alabama","Cherokees of Northeast Alabama",,,
"1532-1","Snoqualmie","Snoqualmie",,,
"1162-7","Chumash","Chumash",,,
"1044-7","Cahuilla","Cahuilla",,,
"1923-2","Kipnuk","Kipnuk",,,
"1236-9","Georgetown (Eastern Tribes)","Georgetown (Eastern Tribes)",,,
"1510-7","Santo Domingo","Santo Domingo",,,
"1628-7","Sans Arc Sioux","Sans Arc Sioux",,,
"1985-1","Chenega","Chenega",,,
"1095-9","Northern Cherokee","Northern Cherokee",,,
"1223-7","Campo","Campo",,,
"1862-2","Kaktovik","Kaktovik",,,
"1948-9","Portage Creek","Portage Creek",,,
"1242-7","Paugussett","Paugussett",,,
"1138-7","Mille Lacs","Mille Lacs",,,
"1471-2","Stonyford","Stonyford",,,
"1612-1","Cheyenne River Sioux","Cheyenne River Sioux",,,
"2045-3","Sri Lankan","Sri Lankan",,,
"1840-8","Eskimo","Eskimo",,,
"2043-8","Okinawan","Okinawan",,,
"1856-4","Council","Council",,,
"1712-9","Barrio Libre","Barrio Libre",,,
"1241-9","Nipmuc","Nipmuc",,,
"1751-7","Chickaloon","Chickaloon",,,
"1977-8","Ivanof Bay","Ivanof Bay",,,
"2078-4","Polynesian","Polynesian",,,
"1584-2","Shoalwater Bay","Shoalwater Bay",,,
"1421-7","Fort Bidwell","Fort Bidwell",,,
"1524-8","Nooksack","Nooksack",,,
"1305-2","Kickapoo","Kickapoo",,,
"1873-9","Nome","Nome",,,
"1109-8","Eastern Chickahominy","Eastern Chickahominy",,,
"2021-4","St. George","St. George",,,
"1061-1","Red Wood","Red Wood",,,
"1472-0","Sulphur Bank","Sulphur Bank",,,
"1865-5","Kivalina","Kivalina",,,
"1150-2","Chippewa Cree","Chippewa Cree",,,
"1140-3","Ontonagon","Ontonagon",,,
"2068-5","Barbadian","Barbadian",,,
"2127-9","Israeili","Israeili",,,
"1504-0","San Juan Pueblo","San Juan Pueblo",,,
"1781-4","Mentasta Lake","Mentasta Lake",,,
"1396-1","Molala","Molala",,,
"1790-5","Rampart","Rampart",,,
"1193-2","Creek","Creek",,,
"1573-5","Serrano","Serrano",,,
"1501-6","Pojoaque","Pojoaque",,,
"1137-9","Little Shell Chippewa","Little Shell Chippewa",,,
"1552-9","Iowa Sac and Fox","Iowa Sac and Fox",,,
"1632-9","Spirit Lake Sioux","Spirit Lake Sioux",,,
"2098-2","Yapese","Yapese",,,
"1465-4","Central Pomo","Central Pomo",,,
"1757-4","Copper River","Copper River",,,
"1579-2","Absentee Shawnee","Absentee Shawnee",,,
"1566-9","Seminole","Seminole",,,
"1941-4","Newtok","Newtok",,,
"1847-3","Anaktuvuk Pass","Anaktuvuk Pass",,,
"1667-5","Umpqua","Umpqua",,,
"2037-0","Hmong","Hmong",,,
"1346-6","Nishinam","Nishinam",,,
"1961-2","Twin Hills","Twin Hills",,,
"2029-7","Asian Indian","Asian Indian",,,
"1626-1","Prior Lake Sioux","Prior Lake Sioux",,,
"1670-9","Ute","Ute",,,
"1432-4","San Juan Southern Paiute","San Juan Southern Paiute",,,
"1485-2","Wisconsin Potawatomi","Wisconsin Potawatomi",,,
"1819-2","Douglas","Douglas",,,
"1654-3","Ak-Chin","Ak-Chin",,,
"1611-3","Brule Sioux","Brule Sioux",,,
"1979-4","Kokhanok","Kokhanok",,,
"1827-5","Klawock","Klawock",,,
"1892-9","Gambell","Gambell",,,
"1329-2","Setauket","Setauket",,,
"1035-5","Blackfeet","Blackfeet",,,
"1441-5","Passamaquoddy","Passamaquoddy",,,
"1086-8","Chemehuevi","Chemehuevi",,,
"1800-2","Tanaina","Tanaina",,,
"1545-3","Rappahannock","Rappahannock",,,
"1091-8","Cherokees of Southeast Alabama","Cherokees of Southeast Alabama",,,
"1939-8","Newhalen","Newhalen",,,
"1064-5","Wappo","Wappo",,,
"1384-7","Canoncito Navajo","Canoncito Navajo",,,
"1327-6","Montauk","Montauk",,,
"1080-1","Chehalis","Chehalis",,,
"1962-0","Georgetown (Yupik-Eskimo)","Georgetown (Yupik-Eskimo)",,,
"1182-5","Coquilles","Coquilles",,,
"1582-6","Shinnecock","Shinnecock",,,
"1759-0","Doyon","Doyon",,,
"1505-7","San Juan De","San Juan De",,,
"1374-8","Mohegan","Mohegan",,,
"1299-7","Kalispel","Kalispel",,,
"1665-9","Umatilla","Umatilla",,,
"1056-1","Coast Miwok","Coast Miwok",,,
"1805-1","Tetlin","Tetlin",,,
"2092-5","Carolinian","Carolinian",,,
"1252-6","Fort Belknap","Fort Belknap",,,
"1850-7","Atqasuk","Atqasuk",,,
"1478-7","Potawatomi","Potawatomi",,,
"1039-7","Burt Lake Band","Burt Lake Band",,,
"1756-6","Copper Center","Copper Center",,,
"1928-1","Kwigillingok","Kwigillingok",,,
"1507-3","Sandia","Sandia",,,
"1383-9","Alamo Navajo","Alamo Navajo",,,
"2116-2","Scottish","Scottish",,,
"1999-2","Ouzinkie","Ouzinkie",,,
"2033-9","Cambodian","Cambodian",,,
"1806-9","Tok","Tok",,,
"1434-0","Summit Lake","Summit Lake",,,
"1222-9","Diegueno","Diegueno",,,
"1147-8","Turtle Mountain","Turtle Mountain",,,
"1744-2","Alanvik","Alanvik",,,
"1690-7","Dresslerville","Dresslerville",,,
"1957-0","Toksook","Toksook",,,
"1737-6","Alaska Indian","Alaska Indian",,,
"1409-2","Otoe-Missouria","Otoe-Missouria",,,
"1689-9","Carson","Carson",,,
"1920-8","Iqurmuit (Russian Mission)","Iqurmuit (Russian Mission)",,,
"1880-4","Shishmaref","Shishmaref",,,
"1220-3","Sand Hill","Sand Hill",,,
"1854-9","Buckland","Buckland",,,
"1069-4","Canadian Indian","Canadian Indian",,,
"1832-5","Tenakee Springs","Tenakee Springs",,,
"1019-9","White Mountain Apache","White Mountain Apache",,,
"1602-2","Shoshone Paiute","Shoshone Paiute",,,
"1558-6","Salish","Salish",,,
"2013-1","Chignik Lagoon","Chignik Lagoon",,,
"1659-2","Tolowa","Tolowa",,,
"1445-6","Pawnee","Pawnee",,,
"1640-2","Yankton Sioux","Yankton Sioux",,,
"1481-1","Hannahville","Hannahville",,,
"1398-7","Tenino","Tenino",,,
"1456-3","Pima","Pima",,,
"1028-0","Assiniboine","Assiniboine",,,
"1004-1","American Indian","American Indian",,,
"1393-8","Celilo","Celilo",,,
"1917-4","Emmonak","Emmonak",,,
"1746-7","Arctic","Arctic",,,
"1057-9","Digger","Digger",,,
"2041-2","Laotian","Laotian",,,
"1475-3","Nebraska Ponca","Nebraska Ponca",,,
"1808-5","Venetie","Venetie",,,
"1156-9","Clifton Choctaw","Clifton Choctaw",,,
"1598-2","Washakie","Washakie",,,
"1998-4","Old Harbor","Old Harbor",,,
"1634-5","Teton Sioux","Teton Sioux",,,
