"code","value","description","parent","reference data set","related terms"
"00006-4981-00","RECOMBIVAX HB","",,"0875cf85-6906-45df-8f90-08970d3e9a71",
"70461-0018-03","FLUAD","",,,
"58160-0842-51","BOOSTRIX","",,,
"49281-0014-50","FLUZONE","",,,
"33332-0519-25","Influenza A","",,,
"58160-0815-48","TWINRIX","",,,
"58160-0811-51","PEDIARIX","",,,
"00006-4047-41","RotaTeq","",,,
"69401-0000-02","Vivotif","",,,
"66019-0305-10","FluMist Quadrivalent","",,,
"46028-0208-01","Menveo","",,,
"54868-3339-01","PNEUMOVAX 23","",,,
"49281-0390-15","FLUZONE","",,,
"00006-4096-09","VAQTA","",,,
"58160-0826-34","HAVRIX","",,,
"33332-0519-01","Influenza A","",,,
"13533-0131-01","Tetanus and Diphtheria Toxoids Adsorbed","",,,
"14362-0111-04","Tetanus and Diphtheria Toxoids Adsorbed","",,,
"49281-0562-10","QUADRACEL","",,,
"00006-4739-00","PNEUMOVAX 23","",,,
"50090-1693-09","IPOL","",,,
"49281-0012-10","FLUZONE","",,,
"00006-4121-02","GARDASIL 9","",,,
"62195-0051-10","Ixiaro","",,,
"70461-0201-01","FLUCELVAX QUADRIVALENT (PREFILLED SYRINGE)","",,,
"49281-0705-55","FLUZONE","",,,
"70461-0119-02","Fluvirin","",,,
"49281-0709-55","FLUZONE Intradermal","",,,
"19515-0893-07","FLULAVAL","",,,
"66521-0200-10","Influenza A (H1N1) 2009 Monovalent Vaccine","",,,
"33332-0316-01","AFLURIA QUADRIVALENT","",,,
"55045-3841-01","HAVRIX","",,,
"19515-0908-52","Flulaval Quadrivalent","",,,
"58160-0815-11","TWINRIX","",,,
"70460-0001-01","Vaxchora","",,,
"58160-0815-52","TWINRIX","",,,
"58160-0811-52","PEDIARIX","",,,
"49281-0413-50","FLUZONE QUADRIVALENT","",,,
"63851-0612-01","Flucelvax","",,,
"33332-0418-10","AFLURIA QUADRIVALENT","",,,
"49281-0417-10","FLUZONE QUADRIVALENT","",,,
"49281-0399-65","FLUZONE High-Dose","",,,
"63851-0501-01","RabAvert","",,,
"49281-0112-25","FLUZONE","",,,
"42515-0001-01","IXIARO","",,,
"58160-0830-34","CERVARIX","",,,
"70461-0200-01","FLUCELVAX QUADRIVALENT","",,,
"00006-4681-00","M-M-R II","",,,
"49281-0400-15","Adacel","",,,
"49281-0545-05","ActHIB","",,,
"00006-4109-02","GARDASIL","",,,
"49281-0400-05","Adacel","",,,
"00006-4093-02","RECOMBIVAX HB","",,,
"00005-0100-02","Trumenba","",,,
"49281-0625-15","FLUZONE QUADRIVALENT","",,,
"66521-0116-02","Fluvirin","",,,
"00006-4980-00","RECOMBIVAX HB","",,,
"70461-0001-01","FLUAD","",,,
"49281-0225-10","DIPHTHERIA AND TETANUS TOXOIDS ADSORBED","",,,
"58160-0821-52","ENGERIX-B","",,,
"00006-4047-20","RotaTeq","",,,
"49281-0489-91","MENOMUNE - A/C/Y/W-135 COMBINED","",,,
"58160-0820-52","ENGERIX-B","",,,
"49281-0518-25","FLUZONE QUADRIVALENT","",,,
"49281-0710-40","FLUZONE INTRADERMAL QUADRIVALENT","",,,
"49281-0391-65","FLUZONE High-Dose","",,,
"58160-0826-11","HAVRIX","",,,
"33332-0117-10","AFLURIA","",,,
"66521-0115-02","FLUVIRIN","",,,
"49281-0298-10","TRIPEDIA","",,,
"49281-0650-50","INFLUENZA A (H1N1) 2009 MONOVALENT VACCINE","",,,
"00006-4963-00","ZOSTAVAX","",,,
"00006-4827-00","VARIVAX","",,,
"49281-0400-20","Adacel","",,,
"62577-0613-01","Flucelvax","",,,
"49281-0278-10","DIPHTHERIA AND TETANUS TOXOIDS ADSORBED","",,,
"49281-0397-65","FLUZONE High-Dose","",,,
"49281-0516-25","FLUZONE QUADRIVALENT","",,,
"66019-0110-10","FluMist","",,,
"33332-0015-01","AFLURIA","",,,
"66521-0200-02","Influenza A (H1N1) 2009 Monovalent Vaccine","",,,
"46028-0114-02","Bexsero","",,,
"42874-0012-10","Flublok","",,,
"19515-0909-52","Flulaval Quadrivalent","",,,
"49281-0111-25","FLUZONE","",,,
"66521-0114-10","FLUVIRIN","",,,
"00006-4841-00","VAQTA","",,,
"54868-6177-00","FLUZONE","",,,
"58160-0881-52","FLUARIX","",,,
"58160-0898-52","FLUARIX QUADRIVALENT","",,,
"58160-0821-11","ENGERIX-B","",,,
"49281-0913-01","STAMARIL","",,,
"70461-0301-10","FLUCELVAX QUADRIVALENT (MULTI-DOSE VIAL)","",,,
"00006-4094-09","RECOMBIVAX HB","",,,
"49281-0621-15","FLUZONE QUADRIVALENT","",,,
"00006-4995-41","RECOMBIVAX HB","",,,
"00006-4171-00","ProQuad","",,,
"19515-0895-11","Flulaval Quadrivalent","",,,
"49281-0416-50","FLUZONE QUADRIVALENT","",,,
"19515-0912-52","Flulaval Quadrivalent","",,,
"66521-0116-10","Fluvirin","",,,
"49281-0387-65","FLUZONE","",,,
"49281-0627-15","FLUZONE QUADRIVALENT","",,,
"33332-0116-10","AFLURIA","",,,
"00006-4837-02","PNEUMOVAX 23","",,,
"49281-0517-25","FLUZONE QUADRIVALENT","",,,
"49281-0395-65","FLUZONE High-Dose","",,,
"33332-0018-01","AFLURIA","",,,
"00006-4119-03","GARDASIL 9","",,,
"66521-0112-02","Fluvirin","",,,
"58160-0842-52","BOOSTRIX","",,,
"58160-0812-52","KINRIX","",,,
"19515-0845-11","FLULAVAL","",,,
"19515-0898-11","Flulaval Quadrivalent","",,,
"33332-0317-01","AFLURIA QUADRIVALENT","",,,
"49281-0589-05","Menactra","",,,
"43528-0003-05","HEPLISAV-B","",,,
"00005-1971-04","PREVNAR 13","",,,
"58160-0823-11","Shingrix","",,,
"58160-0815-46","TWINRIX","",,,
"49281-0286-05","DAPTACEL","",,,
"76420-0483-01","Medical Provider Single Use EZ Flu Shot 2013-2014","",,,
"00006-4898-00","COMVAX","",,,
"58160-0815-34","TWINRIX","",,,
"58160-0812-11","KINRIX","",,,
"19515-0891-11","Flulaval Quadrivalent","",,,
"49281-0510-05","PENTACEL","",,,
"19515-0903-11","Flulaval Quadrivalent","",,,
"49281-0650-70","INFLUENZA A (H1N1) 2009 MONOVALENT VACCINE","",,,
"49281-0790-20","Typhim Vi","",,,
"63851-0501-02","RabAvert","",,,
"33332-0118-10","AFLURIA","",,,
"00006-4133-41","Tetanus and Diphtheria Toxoids Adsorbed","",,,
"49281-0800-83","TETANUS TOXOID ADSORBED","",,,
"33332-0416-10","AFLURIA QUADRIVALENT","",,,
"00006-4093-09","RECOMBIVAX HB","",,,
"54868-0734-00","ENGERIX-B","",,,
"49281-0414-10","FLUZONE QUADRIVALENT","",,,
"49281-0650-10","INFLUENZA A (H1N1) 2009 MONOVALENT VACCINE","",,,
"00006-4992-00","RECOMBIVAX HB","",,,
"33332-0629-10","Influenza A","",,,
"66521-0113-10","FLUVIRIN","",,,
"49281-0860-55","IPOL","",,,
"66019-0300-10","FluMist Quadrivalent","",,,
"49281-0820-10","TETANUS TOXOID ADSORBED","",,,
"66019-0107-01","FLUMIST","",,,
"49281-0860-10","IPOL","",,,
"33332-0417-10","AFLURIA QUADRIVALENT","",,,
"49281-0415-10","FLUZONE QUADRIVALENT","",,,
"33332-0010-01","AFLURIA","",,,
"33332-0017-01","AFLURIA","",,,
"49281-0489-01","MENOMUNE - A/C/Y/W-135 COMBINED","",,,
"58160-0820-11","ENGERIX-B","",,,
"70461-0418-10","FLUCELVAX QUADRIVALENT (MULTI-DOSE VIAL)","",,,
"58160-0809-05","MENHIBRIX","",,,
"00006-4963-41","ZOSTAVAX","",,,
"58160-0976-06","Bexsero","",,,
"00006-4897-00","PedvaxHIB","",,,
"58160-0907-52","FLUARIX QUADRIVALENT","",,,
"49281-0915-05","YF-VAX","",,,
"49281-0013-10","FLUZONE","",,,
"58160-0905-52","FLUARIX QUADRIVALENT","",,,
"00006-4096-02","VAQTA","",,,
"49281-0650-90","INFLUENZA A (H1N1) 2009 MONOVALENT VACCINE","",,,
"49281-0915-01","YF-VAX","",,,
"66521-0118-02","Fluvirin","",,,
"63851-0613-01","FLUCELVAX","",,,
"49281-0113-25","FLUZONE","",,,
"00052-0603-02","BCG VACCINE","",,,
"66521-0118-10","Fluvirin","",,,
"51285-0138-50","Adenovirus Type 4 and Type 7 Vaccine, Live","",,,
"00005-0100-05","Trumenba","",,,
"19515-0900-11","Flulaval Quadrivalent","",,,
"49281-0396-15","FLUZONE","",,,
"42874-0014-10","Flublok","",,,
"49281-0286-01","DAPTACEL","",,,
"00006-4045-00","GARDASIL","",,,
"49281-0250-51","IMOVAX RABIES","",,,
"66521-0113-02","FLUVIRIN","",,,
"49281-0403-65","FLUZONE High-Dose","",,,
"58160-0883-52","FLUARIX","",,,
"00006-4094-02","RECOMBIVAX HB","",,,
"00005-1971-05","PREVNAR 13","",,,
"58160-0880-52","FLUARIX","",,,
"58160-0842-34","BOOSTRIX","",,,
"00006-4045-41","GARDASIL","",,,
"49281-0215-15","TENIVAC","",,,
"66019-0108-10","FLUMIST","",,,
"00006-4095-02","VAQTA","",,,
"66521-0115-10","FLUVIRIN","",,,
"00006-4119-02","GARDASIL 9","",,,
"33332-0114-10","AFLURIA","",,,
"58160-0964-12","RabAvert","",,,
"49281-0013-50","FLUZONE","",,,
"33332-0014-01","AFLURIA","",,,
"54868-4320-00","PNEUMOVAX 23","",,,
"58160-0842-11","BOOSTRIX","",,,
"66019-0302-10","FluMist Quadrivalent","",,,
"58160-0808-15","Influenza A (H5N1) Monovalent Vaccine, Adjuvanted","",,,
"00006-4109-09","GARDASIL","",,,
"70461-0120-10","Fluvirin","",,,
"69401-0000-01","Vivotif","",,,
"58160-0810-52","INFANRIX","",,,
"58160-0901-52","FLUARIX QUADRIVALENT","",,,
"58160-0900-52","FLUARIX QUADRIVALENT","",,,
"62577-0614-01","Flucelvax","",,,
"66521-0117-10","Fluvirin","",,,
"66521-0000-01","FLUAD","",,,
"58160-0819-12","Shingrix","",,,
"54868-2219-00","RECOMBIVAX HB","",,,
"66521-0114-02","FLUVIRIN","",,,
"49281-0514-25","FLUZONE QUADRIVALENT","",,,
"49281-0418-10","FLUZONE QUADRIVALENT","",,,
"49281-0291-83","DECAVAC","",,,
"49281-0707-55","FLUZONE","",,,
"54868-0980-00","M-M-R II","",,,
"49281-0650-25","INFLUENZA A (H1N1) 2009 MONOVALENT VACCINE","",,,
"49281-0718-10","Flublok Quadrivalent","",,,
"43528-0002-05","HEPLISAV-B","",,,
"70461-0318-03","FLUCELVAX QUADRIVALENT (PREFILLED SYRINGE)","",,,
"00006-4943-00","PNEUMOVAX 23","",,,
"49281-0413-10","FLUZONE QUADRIVALENT","",,,
"49281-0393-65","FLUZONE High-Dose","",,,
"19515-0890-07","FLULAVAL","",,,
"00006-4826-00","VARIVAX","",,,
"42874-0013-10","Flublok","",,,
"00006-4999-00","ProQuad","",,,
"49281-0414-50","FLUZONE QUADRIVALENT","",,,
"70461-0120-02","Fluvirin","",,,
"49281-0400-10","Adacel","",,,
"33332-0013-01","AFLURIA","",,,
"58160-0903-52","FLUARIX QUADRIVALENT","",,,
"49281-0291-10","DECAVAC","",,,
"50090-3469-00","HEPLISAV-B","",,,
"54868-2219-01","RECOMBIVAX HB","",,,
"49281-0012-50","FLUZONE","",,,
"42874-0016-10","Flublok","",,,
"42515-0002-01","IXIARO","",,,
"66019-0200-10","Influenza A H1N1 Intranasal","",,,
"49281-0392-15","FLUZONE","",,,
"00005-1971-02","PREVNAR 13","",,,
"49281-0215-10","TENIVAC","",,,
"33332-0115-10","AFLURIA","",,,
"66019-0301-10","FluMist Quadrivalent","",,,
"33332-0318-01","AFLURIA QUADRIVALENT","",,,
"00006-4831-41","VAQTA","",,,
"17478-0131-01","Tetanus and Diphtheria Toxoids Adsorbed","",,,
"70461-0002-01","FLUAD","",,,
"49281-0389-65","FLUZONE HIGH DOSE","",,,
"19515-0889-07","FLULAVAL","",,,
"49281-0629-15","FLUZONE QUADRIVALENT","",,,
"00006-4841-41","VAQTA","",,,
"49281-0011-10","FLUZONE","",,,
"58160-0955-09","Menveo","",,,
"49281-0416-10","FLUZONE QUADRIVALENT","",,,
"58160-0810-11","INFANRIX","",,,
"49281-0388-15","FLUZONE","",,,
"58160-0830-52","CERVARIX","",,,
"76420-0482-01","Medical Provider Single Use EZ Flu Shot 2013-2014","",,,
"49281-0708-40","FLUZONE INTRADERMAL QUADRIVALENT","",,,
"33332-0110-10","AFLURIA","",,,
"58160-0879-52","FLUARIX","",,,
"49281-0011-50","FLUZONE","",,,
"19515-0894-52","Flulaval Quadrivalent","",,,
"19515-0901-52","Flulaval Quadrivalent","",,,
"58160-0825-11","HAVRIX","",,,
"66019-0304-10","FluMist Quadrivalent","",,,
"33332-0016-01","AFLURIA","",,,
"21695-0413-01","Tetanus and Diphtheria Toxoids Adsorbed","",,,
"58160-0854-52","ROTARIX","",,,
"00005-1970-50","Prevnar","",,,
"63361-0245-10","VAXELIS","",,,
"66521-0117-02","Fluvirin","",,,
"00006-4095-09","VAQTA","",,,
"00006-4837-03","PNEUMOVAX 23","",,,
"58160-0825-52","HAVRIX","",,,
"19515-0896-11","Flulaval Quadrivalent","",,,
"66019-0303-10","FluMist Quadrivalent","",,,
"00005-0100-10","Trumenba","",,,
"42874-0015-10","Flublok","",,,
"42874-0017-10","Flublok","",,,
"58160-0821-34","ENGERIX-B","",,,
"49281-0394-15","FLUZONE","",,,
"49281-0417-50","FLUZONE QUADRIVALENT","",,,
"49281-0401-65","FLUZONE High-Dose","",,,
"49281-0010-50","FLUZONE","",,,
"58160-0816-05","Hiberix","",,,
"46028-0114-01","Bexsero","",,,
"66019-0109-10","FLUMIST","",,,
"50090-2883-00","INFANRIX","",,,
"49281-0418-50","FLUZONE QUADRIVALENT","",,,
"58160-0801-11","Menhibrix","",,,
"50090-3096-00","RabAvert","",,,
"70461-0119-10","Fluvirin","",,,
"42874-0117-10","Flublok Quadrivalent","",,,
"49281-0545-03","ActHIB","",,,
"49281-0790-51","Typhim Vi","",,,
"58160-0826-52","HAVRIX","",,,
"64678-0211-01","BioThrax","",,,
"58160-0976-20","Bexsero","",,,
"49281-0386-15","FLUZONE","",,,
"49281-0703-55","FLUZONE INTRADERMAL","",,,
"58160-0806-05","HIBERIX","",,,
"49281-0513-25","FLUZONE QUADRIVALENT","",,,
"66521-0112-10","Fluvirin","",,,
"54868-6180-00","FLUZONE","",,,
"49281-0286-10","DAPTACEL","",,,
"49281-0010-10","FLUZONE","",,,
"19515-0850-52","FLULAVAL","",,,
"33332-0113-10","AFLURIA","",,,
"49281-0640-15","INFLUENZA A (H1N1) 2009 MONOVALENT VACCINE","",,,
"49281-0010-25","FLUZONE","",,,
"58160-0818-11","Hiberix","",,,
"00006-4995-00","RECOMBIVAX HB","",,,
"49281-0712-40","FLUZONE INTRADERMAL QUADRIVALENT","",,,
