"code","value","description","parent","reference data set","related terms"
"S","Never Married","No marriage contract has ever been entered",,"183a6d87-6e89-46e9-8fd2-4ed3a1bfc52d",
"I","Interlocutory","Subject to an Interlocutory Decree.",,,
"A","Annulled","Marriage contract has been declared null and to not have existed",,,
"L","Legally Separated","Legally Separated",,,
"P","Polygamous","More than 1 current spouse",,,
"UNK","unknown","Description:A proper value is applicable, but not known.

                        
                           Usage Notes: This means the actual value is not known.  If the only thing that is unknown is how to properly express the value in the necessary constraints (value set, datatype, etc.), then the OTH or UNC flavor should be used.  No properties should be included for a datatype with this property unless:

                        
                           Those properties themselves directly translate to a semantic of ""unknown"".  (E.g. a local code sent as a translation that conveys 'unknown')
                           Those properties further qualify the nature of what is unknown.  (E.g. specifying a use code of ""H"" and a URL prefix of ""tel:"" to convey that it is the home phone number that is unknown.)",,,
"D","Divorced","Marriage contract has been declared dissolved and inactive",,,
"U","unmarried","Currently not in a marriage contract.",,,
"M","Married","A current marriage contract is active",,,
"W","Widowed","The spouse has died",,,
"T","Domestic partner","Person declares that a domestic partner relationship exists.",,,
