"code","value","description","parent","reference data set","related terms"
"VRF","verifier","A person who verifies the correctness and appropriateness of the service (plan, order, event, etc.) and hence takes on accountability.",,"82884c3f-13c1-4dc9-8686-8ca71b14da9b",
"CON","consultant","An advisor participating in the service by performing evaluations and making recommendations.",,,
"PRF","performer","Definition: A person, non-person living subject, organization or device that who actually and principally carries out the action. Device should only be assigned as a performer in circumstances where the device is performing independent of human intervention.  Need not be the principal responsible actor.

                        
                           Exampe: A surgery resident operating under supervision of attending surgeon, a search and rescue dog locating survivors, an electronic laboratory analyzer or the laboratory discipline requested to perform a laboratory test. The performer may also be the patient in self-care, e.g. fingerstick blood sugar. The traditional order filler is a performer. This information should accompany every service event.

                        
                           Note: that existing HL7 designs assign an organization as the playing entity of the Role that is the performer.  These designs should be revised in subsequent releases to make this the scooping entity for the role involved.",,,
"REF","referrer","A person having referred the subject of the service to the performer (referring physician).  Typically, a referring physician will receive a report.",,,
"SPRF","secondary performer","A person assisting in an act through his substantial presence and involvement   This includes: assistants, technicians, associates, or whatever the job titles may be.",,,
