"code","value","description","parent","reference data set","related terms"
"HI","Hindi","",,"c732fc59-8797-4b24-9679-0668a6649359",
"SR","Serbian","",,,
"PT-BR","Portuguese (Brazil)","",,,
"EN-SG","English (Singapore)","",,,
"NL-BE","Dutch (Belgium)","",,,
"DE","German","",,,
"DE-DE","German (Germany)","",,,
"IT-CH","Italian (Switzerland)","",,,
"EN-NZ","English (New Zeland)","",,,
"EN-GB","English (Great Britain)","",,,
"RU-RU","Russian (Russia)","",,,
"IT-IT","Italian (Italy)","",,,
"EL","Greek","",,,
"SV","Swedish","",,,
"TE","Telegu","",,,
"ZH-TW","Chinese (Taiwan)","",,,
"BN","Bengali","",,,
"PT","Portuguese","",,,
"NL-NL","Dutch (Netherlands)","",,,
"EN","English","",,,
"ZH","Chinese","",,,
"SR-RS","Serbian (Serbia)","",,,
"FY-NL","Frysian (Netherlands)","",,,
"AR","Arabic","",,,
"EN-CA","English (Canada)","",,,
"ES-AR","Spanish (Argentina)","",,,
"ZH-CN","Chinese (China)","",,,
"FR-CH","French (Switzerland)","",,,
"EN-US","English (United States)","",,,
"ZH-HK","Chinese (Hong Kong)","",,,
"FR-BE","French (Belgium)","",,,
"CS","Czech","",,,
"PL","Polish","",,,
"FR","French","",,,
"SV-SE","Swedish (Sweden)","",,,
"EN-AU","English (Australia)","",,,
"ES-UY","Spanish (Uruguay)","",,,
"FY","Frysian","",,,
"ZH-SG","Chinese (Singapore)","",,,
"IT","Italian","",,,
"ES","Spanish","",,,
"JA","Japanese","",,,
"EN-IN","English (India)","",,,
"DE-AT","German (Austria)","",,,
"ES-ES","Spanish (Spain)","",,,
"NO-NO","Norwegian (Norway)","",,,
"KO","Korean","",,,
"RU","Russian","",,,
"DE-CH","German (Switzerland)","",,,
"NO","Norwegian","",,,
"NL","Dutch","",,,
"FR-FR","French (France)","",,,
"HR","Croatian","",,,
"DA","Danish","",,,
"PA","Punjabi","",,,
"FI","Finnish","",,,
