"code","value","description","parent","reference data set","related terms"
"ON-HOLD","On Hold","Actions implied by the statement have been temporarily halted, but are expected to continue later. May also be called ""suspended"".",,"9d5cab64-5d7b-4558-baf0-abb30fc25521",
"ENTERED-IN-ERROR","Entered in Error","The statement was recorded incorrectly.",,,
"INTENDED","Intended","The device may be used at some time in the future.",,,
"STOPPED","Stopped","Actions implied by the statement have been permanently halted, before all of them occurred.",,,
"ACTIVE","Active","The device is still being used.",,,
"COMPLETED","Completed","The device is no longer being used.",,,
