"code","value","description","parent","reference data set","related terms"
"UNSATISFACTORY","Unsatisfactory","The specimen cannot be used because of a quality issue such as a broken container, contamination, or too old.",,"05d26dfa-43f4-4cd5-9752-2327ee31a2b6",
"UNAVAILABLE","Unavailable","There is no physical specimen because it is either lost, destroyed or consumed.",,,
"AVAILABLE","Available","The physical specimen is present and in good condition.",,,
"ENTERED-IN-ERROR","Entered in Error","The specimen was entered in error and therefore nullified.",,,
