"code","value","description","parent","reference data set","related terms"
"ACTIVE","Active","The prescription is 'actionable', but not all actions that are implied by it have occurred yet.",,"47992929-03f0-43a4-9080-79a7f9eca9fe",
"STOPPED","Stopped","Actions implied by the prescription are to be permanently halted, before all of the administrations occurred. This should not be used if the original order was entered in error",,,
"UNKNOWN","Unknown","The authoring/source system does not know which of the status values currently applies for this observation. Note: This concept is not to be used for 'other' - one of the listed statuses is presumed to apply, but the authoring/source system does not know which.",,,
"CANCELLED","Cancelled","The prescription has been withdrawn before any administrations have occurred",,,
"DRAFT","Draft","The prescription is not yet 'actionable', e.g. it is a work in progress, requires sign-off, verification or needs to be run through decision support process.",,,
"ON-HOLD","On Hold","Actions implied by the prescription are to be temporarily halted, but are expected to continue later.  May also be called 'suspended'.",,,
"ENTERED-IN-ERROR","Entered in Error","Some of the actions that are implied by the medication request may have occurred.  For example, the medication may have been dispensed and the patient may have taken some of the medication.  Clinical decision support systems should take this status into account",,,
"COMPLETED","Completed","All actions that are implied by the prescription have occurred.",,,
