"code","value","description","parent","reference data set","related terms"
"ATT","Attendant","A person who accompanies a patient to provide assistive services necessary for the patient's care during the encounter.",,"c3a380b8-e4d9-4ea0-ab4c-dde82aec7e83",
"WHEEL","Wheelchair","The patient requires a wheelchair to be made available for the encounter.",,,
"DOG","Guide dog","The patient has a guide dog and the location used for the encounter should be able to support the presence of the service animal.",,,
"ADD-BED","Additional bedding","An additional bed made available for a person accompanying the patient, for example a parent accompanying a child.",,,
"INT","Interpreter","The patient is not fluent in the local language and requires an interpreter to be available. Refer to the Patient.Language property for the type of interpreter required.",,,
