"code","value","description","parent","reference data set","related terms"
"RD","Road","A defined path to travel between 2 points that has a known name.",,"579be120-cfe3-4378-8b27-b564ff3ecc7c",
"RO","Room","A space that is allocated as a room, it may have walls/roof etc., but does not require these.",,,
"VE","Vehicle","A means of transportation.",,,
"LVL","Level","A Level in a multi-level Building/Structure.",,,
"CA","Cabinet","A container that can store goods, equipment, medications or other items.",,,
"SI","Site","A collection of buildings or other locations such as a site or a campus.",,,
"BU","Building","Any Building or structure. This may contain rooms, corridors, wings, etc. It might not have walls, or a roof, but is considered a defined/allocated space.",,,
"JDN","Jurisdiction","A wide scope that covers a conceptual domain, such as a Nation (Country wide community or Federal Government - e.g. Ministry of Health),  Province or State (community or Government), Business (throughout the enterprise), Nation with a business scope of an agency (e.g. CDC, FDA etc.) or a Business segment (UK Pharmacy), not just an physical boundary",,,
"HO","House","A residential dwelling. Usually used to reference a location that a person/patient may reside.",,,
"WA","Ward","A Ward is a section of a medical facility that may contain rooms and other types of location.",,,
"CO","Corridor","Any corridor within a Building, that may connect rooms.",,,
"AREA","Area","A defined physical boundary of something, such as a flood risk zone, region, postcode",,,
"WI","Wing","A Wing within a Building, this often contains levels, rooms and corridors.",,,
"BD","Bed","A space that is allocated for sleeping/laying on. This is not the physical bed/trolley that may be moved about, but the space it may occupy.",,,
