"code","value","description","parent","reference data set","related terms"
"FBLOOD","Blood, Fetal","",,"947c43d7-e8fb-45a5-b532-75cc40c37905",
"IBITE","Bite, Insect","",,,
"PLR","Pleural fluid (thoracentesis fluid)","",,,
"GRAFT","Graft","",,,
"WASH","Wash","",,,
"ELT","Electrode","",,,
"EXG","Gas, exhaled (=breath)","",,,
"WNDA","Wound abscess","",,,
"URINM","Urine, Midstream","",,,
"PCFL","Fluid, Pericardial","",,,
"GROSH","Catheter, Groshong","",,,
"PMN","Polymorphonuclear neutrophils","",,,
"IDC","Catheter Tip, Indwelling","",,,
"LIQO","Liquid, Other","",,,
"SPT","Sputum","",,,
"PIS","Site, Pacemaker Insetion","",,,
"IVTIP","Tubing Tip, IV","",,,
"GT","Tube, Gastric","",,,
"WICK","Wick","",,,
"RENC","Fluid, Renal Cyst","",,,
"CVM","Cervical Mucus","",,,
"BX","Biopsy","",,,
"THRB","Thrombocyte (platelet)","",,,
"BPH","Basophils","",,,
"EOS","Eosinophils","",,,
"ORL","Lesion, Oral","",,,
"PUS","Pus","",,,
"CVPS","Site, CVP","",,,
"EISO","Environmental, Isolette","",,,
"STONE","Stone, Kidney","",,,
"FLU","Fluid, Body unsp","",,,
"PELVA","Abscess, Pelvic","",,,
"NGAST","Drainage, Nasogastric","",,,
"URC","Urine clean catch","",,,
"SHUNT","Shunt","",,,
"CST","Fluid, Cyst","",,,
"LNA","Line arterial","",,,
"SWGZ","Catheter Tip, Swan Gantz","",,,
"WBC","Leukocytes","",,,
"WRT","Wart","",,,
"INFIL","Infiltrate","",,,
"URINN","Urine, Nephrostomy","",,,
"TTRA","Aspirate, Transtracheal","",,,
"PERIA","Abscess, Perianal","",,,
"INCI","Site, Incision/Surgical","",,,
"BDY","Whole body","",,,
"TZANC","Smear, Tzanck","",,,
"CSVR","Blood, Cell Saver","",,,
"WB","Blood, Whole","",,,
"IVFLD","Fluid, IV","",,,
"MAR","Marrow","",,,
"DEION","Environmental, Water  (Deionized)","",,,
"FLD","Fluid, Other","",,,
"SPTT","Sputum - tracheal aspirate","",,,
"WND","Wound","",,,
"CDM","Cardiac muscle","",,,
"SECRE","Secretion(s)","",,,
"IHG","Gas, Inhaled","",,,
"USUB","Unkown substance","",,,
"SCROA","Abscess, Scrotal","",,,
"HBLUD","Blood, Autopsy","",,,
"DCS","Sputum, Deep Cough","",,,
"SPRP","Catheter Tip, Suprapubic","",,,
"IVCAT","Catheter Tip, IV","",,,
"FAW","Environmental, Water  (Well)","",,,
"CTP","Catheter tip","",,,
"GRAFTS","Graft Site","",,,
"SUTUR","Suture","",,,
"PLAN","Plant Material","",,,
"STL","Stool = Fecal","",,,
"ASP","Aspirate","",,,
"STER","Environmental, Sterrad","",,,
"TLC","Cathether Tip, Triple Lumen","",,,
"WNDD","Wound drainage","",,,
"HAR","Hair","",,,
"SPTC","Sputum - coughed","",,,
"SHU","Site, Shunt","",,,
"PLEVS","Serum, Peak Level","",,,
"GASBR","Brushing, Gastric","",,,
"DUFL","Duodenal fluid","",,,
"VASTIP","Catheter Tip, Vas","",,,
"SPUTIN","Sputum, Inducted","",,,
"ENVIR","Environmental, Unidentified Substance","",,,
"BULLA","Bulla/Bullae","",,,
"EFFUS","Effusion","",,,
"DRNG","Drainage, Tube","",,,
"HEMAQ","Catheter Tip, Hemaquit","",,,
"GAS","Gas","",,,
"SPRPB","Cathether Tip, Suprapubic","",,,
"PDSIT","Site, Peritoneal Dialysis","",,,
"PLAS","Plasma","",,,
"PILOC","Cyst, Pilonidal","",,,
"GAST","Fluid/contents, Gastric","",,,
"POPGS","Graft Site, Popliteal","",,,
"ETTUB","Tube, Endotracheal","",,,
"NGS","Site, Naso/Gastric","",,,
"SKN","Skin","",,,
"BRN","Burn","",,,
"LAVPG","Lavage, Pre-Bronch","",,,
"POPLV","Site, Popliteal Vein","",,,
"VITF","Vitreous Fluid","",,,
"GASD","Drainage, Gastric","",,,
"AIRS","Air Sample","",,,
"BLEB","Bleb","",,,
"PDTS","Site, Peritoneal Dialysis Tunnel","",,,
"INTRD","Catheter Tip, Introducer","",,,
"NGASP","Aspirate, Nasogastric","",,,
"ESOS","Environmental, Solution (Sterile)","",,,
"LNV","Line venous","",,,
"COL","Colostrum","",,,
"MUCUS","Mucus","",,,
"TSERU","Serum, Trough","",,,
"EOTH","Environmental, Other Substance","",,,
"CBITE","Bite, Cat","",,,
"CYST","Cyst","",,,
"BOWL","Bowel contents","",,,
"UR","Urine","",,,
"INS","Insect","",,,
"FIST","Fistula","",,,
"MAHUR","Catheter Tip, Makurkour","",,,
"OTH","Source, Other","",,,
"AUTOC","Environmental, Autoclave Capsule","",,,
"LENS1","Contact Lens","",,,
"NEDL","Needle","",,,
"CONE","Biospy, Cone","",,,
"DIAF","Dialysis Fluid","",,,
"CSERU","Serum, Convalescent","",,,
"SNV","Fluid, synovial (Joint fluid)","",,,
"PPP","Plasma, Platelet poor","",,,
"BOIL","Boil","",,,
"UMED","Unknown Medicine","",,,
"SPRM","Spermatozoa","",,,
"TISS","Tissue","",,,
"NEPH","Site, Nephrostomy","",,,
"BUB","Bubo","",,,
"SHUNF","Fluid, Shunt","",,,
"BRUS","Brushing","",,,
"CYN","Nodule, Cystic","",,,
"AMN","Amniotic fluid","",,,
"HEMO","Catheter Tip, Hemovac","",,,
"POPLG","Graft, Popliteal","",,,
"SPUT1","Sputum, Simulated","",,,
"CAT","Catheter","",,,
"DISCHG","Discharge","",,,
"DIV","Diverticulum","",,,
"WASI","Washing, e.g. bronchial washing","",,,
"HYDC","Fluid, Hydrocele","",,,
"MLK","Milk","",,,
"EBRUSH","Brush, Esophageal","",,,
"SPUTSP","Sputum, Spontaneous","",,,
"HERNI","Tissue, Herniated","",,,
"BRTH","Breath (use EXHLD)","",,,
"ARTC","Catheter Tip, Arterial","",,,
"VOM","Vomitus","",,,
"SKBP","Biopsy, Skin","",,,
"ETTP","Catheter Tip, Endotracheal","",,,
"FOLEY","Catheter Tip, Foley","",,,
"BITE","Bite","",,,
"EWHI","Environmental, Whirlpool","",,,
"PENIL","Lesion, Penile","",,,
"PLC","Placenta","",,,
"CLIPP","Clippings","",,,
"AMP","Amputation","",,,
"SCAR","Tissue, Keloid (Scar)","",,,
"CSF","Cerebral spinal fluid","",,,
"...","No suggested values","(DEPRECATED) ",,,
"WWT","Environmental, Water  (Tap)","",,,
"MAC","Macrophages","",,,
"KELOI","Lavage","",,,
"EARW","Ear wax (cerumen)","",,,
"FUR","Furuncle","",,,
"CSMY","Fluid,  Cystostomy Tube","",,,
"DIA","Dialysate","",,,
"POL","Polyps","",,,
"ACNE","Tissue, Acne","",,,
"BLIST","Blister","",,,
"IUD","Intrauterine Device","",,,
"CSITE","Catheter Insertion Site","",,,
"BLD","Whole blood","",,,
"WWO","Environmental, Water (Ocean)","",,,
"MEC","Meconium","",,,
"BRSH","Brush","",,,
"FIB","Fibroblasts","",,,
"SCLV","Catheter Tip, Subclavian","",,,
"SMN","Seminal fluid","",,,
"DRN","Drain","",,,
"PND","Drainage, Penile","",,,
"PLB","Plasma bag","",,,
"SPS","Environmental, Spore Strip","",,,
"PUNCT","Wound, Puncture","",,,
"SWT","Sweat","",,,
"LAVGG","Lavage, Gastric","",,,
"URNS","Urine sediment","",,,
"SMM","Mass, Sub-Mandibular","",,,
"LSAC","Fluid, Lumbar Sac","",,,
"GRANU","Granuloma","",,,
"JEJU","Drainage, Jejunal","",,,
"TISU","Tissue ulcer","",,,
"RES","Respiratory","",,,
"TASP","Aspirate, Tracheal","",,,
"ATTE","Environment, Attest","",,,
"ABS","Abscess","",,,
"SUMP","Drainage, Sump","",,,
"LAVG","Lavage, Bronhial","",,,
"BON","Bone","",,,
"SITE","Site","",,,
"GSPEC","Biopsy, Gastric","",,,
"WNDE","Wound exudate","",,,
"IMP","Implant","",,,
"FLUID","Fluid","",,,
"CALC","Calculus (=Stone)","",,,
"NASDR","Drainage, Nasal","",,,
"AUTOA","Environmental, Autoclave Ampule","",,,
"EFOD","Environmental, Food","",,,
"CNJT","Conjunctiva","",,,
"TEAR","Tears","",,,
"FLT","Filter","",,,
"PSC","Pseudocyst","",,,
"EXS","Shunt, External","",,,
"HBITE","Bite, Human","",,,
"DEC","Ulcer, Decubitus","",,,
"FSCLP","Scalp, Fetal","",,,
"PUST","Pus","",,,
"CUR","Curretage","",,,
"WAT","Water","",,,
"SUBMA","Abscess, Submandibular","",,,
"GENV","Genital vaginal","",,,
"BONE","Bone","(DEPRECATED) ",,,
"FRS","Fluid, Respiratory","",,,
"MASS","Mass","",,,
"JP","Drainage, Jackson Pratt","",,,
"WORM","Worm","",,,
"USCOP","Urine, Cystoscopy","",,,
"EFF","Environmental, Effluent","",,,
"TUMOR","Tumor","",,,
"SAL","Saliva","",,,
"HIC","Catheter, Hickman","",,,
"URINP","Urine, Pedibag","",,,
"CVPT","Catheter Tip, CVP","",,,
"VENT","Catheter Tip, Ventricular","",,,
"WWA","Environmental, Water","",,,
"HEV","Drain, Hemovac","",,,
"DBITE","Bite, Dog","",,,
"BIFL","Bile Fluid","",,,
"ALL","Allograft","",,,
"ISLT","Isolate","",,,
"GTUBE","Drainage Tube, Drainage (Gastrostomy)","",,,
"LESN","Lesion","",,,
"ILLEG","Source of Specimen Is Illegible","",,,
"ANGI","Catheter Tip, Angio","",,,
"URINC","Urine, Catheterized","",,,
"GENL","Genital lochia","",,,
"GASA","Aspirate, Gastric","",,,
"MBLD","Blood, Menstrual","",,,
"RECT","Drainage, Rectal","",,,
"PORTA","Catheter, Porta","",,,
"NAIL","Nail","",,,
"SER","Serum","",,,
"NSECR","Secretion, Nasal","",,,
"PAFL","Pancreatic fluid","",,,
"BLDV","Blood venous","",,,
"SUP","Suprapubic Tap","",,,
"ACNFLD","Fluid, Acne","",,,
"URINB","Urine, Bladder Washings","",,,
"PUSFR","Pustule","",,,
"KIDFLD","Fluid, Kidney","",,,
"DRNGP","Drainage, Penrose","",,,
"UDENT","Source, Unidentified","",,,
"LIQ","Liquid, Unspecified","",,,
"RENALC","Cyst, Renal","",,,
"JNTFLD","Fluid, Joint","",,,
"ILEO","Drainage, Ileostomy","",,,
"RBITE","Bite, Reptile","",,,
"TUBES","Tubes","",,,
"PRP","Plasma, Platelet rich","",,,
"URT","Urine catheter","",,,
"ESOI","Environmental, Soil","",,,
"LYM","Lymphocytes","",,,
"MUCOS","Mucosa","",,,
"AUTP","Autopsy","",,,
"WEN","Wen","",,,
"EXUDTE","Exudate","",,,
"ICYST","Cyst, Inclusion","",,,
"IT","Intubation tube","",,,
"ORH","Other","",,,
"LENS2","Contact Lens Case","",,,
"GASAN","Antrum, Gastric","",,,
"USPEC","Source, Unspecified","",,,
"ETA","Aspirate,  Endotrach","",,,
"ASERU","Serum, Acute","",,,
"BLDA","Blood arterial","",,,
"CNL","Cannula","",,,
"EEYE","Environmental, Eye Wash","",,,
"FGA","Fluid,  Abdomen","",,,
"PINS","Site, Pin","",,,
"LAVGP","Lavage, Peritoneal","",,,
"NODUL","Nodule(s)","",,,
"TRANS","Transudate","",,,
"TSTES","Abscess, Testicular","",,,
"PROST","Prosthetic Device","",,,
"RANDU","Urine, Random","",,,
"CSCR","Scratch, Cat","",,,
"RBC","Erythrocytes","",,,
"RECTA","Abscess, Rectal","",,,
"TRAC","Site, Tracheostomy","",,,
"BBL","Blood bag","",,,
"QC3","Quality Control","",,,
"BCYST","Cyst, Baker's","",,,
"MILK","Breast milk","",,,
"SUBMX","Abscess, Submaxillary","",,,
"GSOL","Solution, Gastrostomy","",,,
"PACEM","Pacemaker","",,,
"BLDCO","Cord blood","",,,
"BPU","Blood product unit","",,,
"CARBU","Carbuncle","",,,
