"code","value","description","parent","reference data set","related terms"
"SPOUSE","Spouse","The Beneficiary is a spouse or equivalent of the Subscriber",,"4f04c94d-3377-482f-bb1c-31bf063f6192",
"CHILD","Child","The Beneficiary is a child of the Subscriber",,,
"SELF","Self","The Beneficiary is the Subscriber",,,
"COMMON","Common Law Spouse","The Beneficiary is a common law spouse or equivalent of the Subscriber",,,
"INJURED","Injured Party","The Beneficiary is covered under insurance of the subscriber due to an injury.",,,
"OTHER","Other","The Beneficiary has some other relationship the Subscriber",,,
"PARENT","Parent","The Beneficiary is a parent of the Subscriber",,,
