"code","value","description","parent","reference data set","related terms"
"EMPLOYEE DIVERSITY PROGRAMS","Employee Diversity Programs","Programs which aim to increase diversity among employees.",,"f2264e58-3c63-479a-9e0b-09d182f5bbc7",
"COMMUNICATION AND COLLABORATION","Communication and Collaboration","To enable communication and collaboration of personnel through various platforms (e.g.: online messaging, meeting and file sharing platforms).",,,
"INTERNAL PERSONNEL DIRECTORY","Internal Personnel Directory"," To allow easy access of relevant contact information within the organization; shared among anyone within the organization who has access to the organization's internal systems. Basic contact information may be accessed externally.",,,
"CALL MONITORING","Call Monitoring","Monitoring of phone calls and on-line chats for training, quality, security, and/or to retain a record of interaction with an individual for accounting/compliance.",,,
"ANALYTICS OF ONLINE SERVICES","Analytics of Online Services "," Information collection related to the use of online services (including websites or mobile applications) to analyze and optimize the performance of the service, improve the service, or identify potential new services.  This analytics data may also be aggregated or otherwise altered to no longer identify an individual or device.",,,
"EMPLOYEE EXPENSES AND DISBURSEMENTS","Employee Expenses and Disbursements","To reimburse expenses in accordance with benefits schemes and approved management expenses.",,,
"BUSINESS PARTNER FULFILLMENT AND DELIVERY OF PRODUCTS AND SERVICES","Business Partner Fulfillment and Delivery of Products and Services"," Provision and administration of products and services including invoicing and service management, contacting the employees of the business partner regarding fulfillment of products and services, and protecting the organization's rights.",,,
"PROVIDE NEW ON-LINE SERVICE","Provide New On-line Service","Granting initial access to on-line service including contact, providing the service, and protecting the organization's rights.",,,
"BACKGROUND SCREENING","Background Screening"," Screenings required by clients, including government agencies.  Includes client checks (including background, criminal, credit, education and reference checks performed on employees at client request) and pre-employment checks (including background, criminal, credit, education and reference checks).",,,
"PROVISION OF SUPPORT TO CLIENTS","Provision of Support to Clients","Providing Support to Clients (both On-line and Off-line).",,,
"EMPLOYER SPONSORED CLUBS AND EVENTS","Employer Sponsored Clubs and Events","Processing required to organize Employer sponsored clubs and events.",,,
"ENHANCE PRODUCTS","Enhance products","To enhance a consumer facing product and/or a commercially available product.",,,
"REQUIRED OPERATIONAL AND PRIVACY PREFERENCE COOKIES","Required Operational and Privacy Preference Cookies","Use of cookie data necessary to operate on-line services and to honor privacy preferences (no consent needed).  Includes cookie preferences, security, load balancing, session management, language selection and the checkout process; overall navigation, operation of website.",,,
"MARKETING PERSONALIZATION COOKIES","Marketing Personalization Cookies","Use of cookie data to customize messaging to the user and improve marketing, personalize messaging based on browsing history, profile data, purchase history and third-party data; improve the organization's social media and paid media marketing campaigns.",,,
"BUSINESS PARTNER CONTRACT ADMINISTRATION","Business Partner Contract Administration","Business partner contract management including contacting individual employees of business partners related to contractual matters.",,,
"EMPLOYEE CAREER COUNSELING","Employee Career Counseling","To provide feedback or guidance which assists the employee with career planning and personal development.",,,
"PROTECTING RIGHTS AND PROPERTY ","Protecting Rights and Property ","To protect the rights or property of the organization, its business partners, suppliers, clients, or others.  To take protective action when there are reasonable grounds to believe that such rights or property have been or could be affected.",,,
"RESEARCH","Research","Conducting research within a Controlled entity of the organization.",,,
"EMPLOYEE COMPENSATION","Employee Compensation","To administer the employee's compensation and benefits plans.  Data is processed to the extent necessary for processing compensation-related matters. Includes tax withholdings, pension benefits in accordance with the employee agreement and incentive plans. Also including awards, bonuses, pension contributions, incentives and commissions, tax and agreed financial settlements. PI may be shared with payroll vendors.",,,
"INTERNAL FACILITIES FOR WORK","Internal Facilities for Work","To provide employees with programs and assets which enable them to fulfill their job responsibilities.  Includes office space, equipment, laptops, telephones, printing devices, business cards, corporate credit cards and travel-facilitation programs. Facilities are registered for administrative and planning purposes.",,,
"BUSINESS PARTNER MARKETING AND RELATIONSHIP MANAGEMENT","Business Partner Marketing and Relationship management","Marketing and research on business partners and potential business partners.  Management of the business partner relationship generally. Includes surveys.",,,
"RETIREE ADMINISTRATION","Retiree Administration","Communication and Administration of retiree meetings (not benefits).",,,
"ADMINISTERING HEALTH-RELATED EMPLOYEE BENEFITS","Administering Health-Related Employee Benefits","To provide and register health-related employee benefits",,,
"MERGING, ACQUIRING, & DIVESTING","Merging, Acquiring, & Divesting","To obtain or provide information on employees, contractors, partners, suppliers, clients in case of acquisition or divesture.",,,
"DELIVERY OF ONLINE GENERAL ADS (NON PERSONALIZED)","Delivery of Online General Ads (non personalized)","Information necessary to delivery non personalized digital advertisements on consumer-facing digital properties (websites and mobile applications).",,,
"BUSINESS PARTNER QUALITY ASSURANCE AND ADMINISTRATION","Business Partner Quality Assurance and Administration","Ensuring achievement of quality objectives and maintenance of related processes.  Communicating with individual employees of business partners to establish and maintain quality standards, processes, and records.",,,
"LEGAL REQUIREMENTS","Legal Requirements","To comply with local, country, or international laws and obligations.",,,
"SUPPLIER QUALITY ASSURANCE AND ADMINISTRATION","Supplier Quality Assurance and Administration","Ensuring achievement of quality objectives and maintenance of related processes.  Communicating with individual employees of the organization's suppliers to establish and maintain quality standards, processes, and records.",,,
"TRANSITION PROGRAM","Transition Program","Assistance provided by the organization to an individual who has been separated.  Includes skills training and workplace referral agencies.",,,
"LEARNING","Learning","To provide and manage education.  Learning activities are tracked for completion or, where applicable, budgetary reasons. Details are shared with the employee's manager (for the organization's internal education) or other relevant functions.",,,
"RELOCATION ASSIGNMENTS","Relocation Assignments","To manage international assignments. Includes budget and cost allocation.",,,
"SUPPLIER FULFILLMENT AND DELIVERY OF PRODUCTS AND SERVICES","Supplier Fulfillment and Delivery of Products and Services","Provision and (off-line) administration of products and services including invoicing and service management, contacting the client, providing the service, and protecting the organization's rights.",,,
"ONLINE SERVICE OPERATIONS"," Online Service Operations","Information necessary for providing the on-line service to the user, and for the service provider to comply with security and legal requirements and follow its audit, quality and other policies in relation to operating the site or mobile application.",,,
"EMPLOYMENT ADMINISTRATION","Employment Administration","To maintain the administration of the employee's employment history in accordance with the employee agreement.  Includes on-boarding and off-boarding activities, case management, grievances and appeals and changes to the employee's employment agreement.",,,
"EMAIL, ONLINE, PHONE, POSTAL MARKETING AND MARKET RESEARCH","Email, online, phone, postal marketing and market research","Communicating with clients and prospective clients for marketing or for market research.",,,
"IMPROVE INDIVIDUAL COMMUNICATION","Improve Individual Communication","Improve marketing communications, to tailor interactions with the individual (including targeted ads) and to ensure accuracy and completeness.",,,
"DELIVERY OF ONLINE GEOGRAPHICALLY-RELEVANT ADS   ","Delivery of Online Geographically-Relevant Ads   ","Use data to enable delivery of online ads that are related to approximate or precise device location.",,,
"FUNCTIONAL COOKIES","Functional Cookies","These cookies are used to capture and remember user preferences in websites, enhance their usability, analyze sites usage and enable social interactions, site optimization and save input data to allow pre-filled forms.",,,
"CONTRACTOR ADMINISTRATION","Contractor Administration","To administer and facilitate contractors' work and the organization's contractual relationship with the employer and, where applicable, the organization's clients. This information will additionally be used for the purpose of fulfilling the organization's legal obligations.",,,
"COLLABORATION WITH EXTERNAL INDIVIDUALS","Collaboration with External Individuals","To enable collaboration with individuals of other business entities.  Includes personnel of clients, business partners or suppliers whose personal information (e.g., contact information and information related to skills) may be exchanged during the course of work-related tasks and projects.",,,
"MANAGEMENT & PLANNING (INTERNAL)","Management & Planning (Internal)","To facilitate informed decision-making within the company.  Includes management, planning, accounting, resource planning and surveys.  Uses aggregated information from surveys or applications and/or pseudonymized information from publicly-accessible sources, to understand the mood within the company.",,,
"TRANSACTIONAL COMMUNICATION WITH CLIENTS OR PROSPECTS","Transactional communication with clients or prospects","Communicating with clients or prospects for reasons other than marketing, including responding on-line to a information request. Includes newsletters/surveys.",,,
"DELIVERY OF ONLINE INTEREST-BASED ADS","Delivery of Online Interest-Based Ads","Use data to enable delivery of online interest-based, personalized ads.  This may include creating interest based segments that are used in delivery of online advertising.",,,
"BUSINESS PARTNER COMMUNICATION","Business Partner Communication","Day to day communications with business partners and potential business partners. Marketing/Relationship Management is not covered by this processing purpose.",,,
"HUMAN RESOURCE MANAGEMENT","Human Resource Management","To facilitate staffing, human resource planning management and talent management.  Includes use of an individual's completed learning and resulting skills to match against potential job openings and to determine which project(s) may be the best fit. May involve analytics. Necessary for the performance of an individual's employment contract.",,,
"EMPLOYEE EMERGENCY CONTACT ","Employee Emergency Contact ","To communicate with the employee's designated emergency contact(s) in case of an emergency.",,,
"EMPLOYEE EVALUATIONS AND PERFORMANCE MANAGEMENT","Employee Evaluations and Performance Management","To establish goals and results which ensure that the individual is aligned to the organization's goals and receives appropriate feedback to remain aligned.  Providing rating of individual performance in accordance with the program. Includes documenting performance improvement goals when the individual is off-track and corrective actions are needed.",,,
"SUPPLIER MARKETING AND RELATIONSHIP MANAGEMENT","Supplier Marketing and Relationship Management","Marketing and research on suppliers and potential suppliers, management of the supplier relationship, and general communication. Management of the supplier relationship generally.  Includes surveys.",,,
"VOLUNTEER PROGRAMS AND EVENTS","Volunteer Programs and Events","Processing required to organize volunteer programs and events",,,
"INTERNAL BUSINESS OPERATIONS AND WORK-RELATED PROCESSES","Internal Business Operations and Work-Related Processes","Data necessary to perform core business processes; integrated management, administration, quality, and audit functions required to conduct business (other than for internal communication or collaboration). Also includes incidental capture of PI within IT environments during access authentication and logging, error correction and support provisioning.",,,
"VISITOR TRACKING","Visitor Tracking","Track visitors at the organization's business or work locations for safety, security, and regulatory reporting.  Register and verify the information of site visitors and supervise their activity by video recording.  Report relevant information to regulators and government officials.",,,
"ON-LINE FORUMS","On-line Forums","Allows individuals associated with the organization's clients to communicate through on-line forums.  Enables participation in a forum or other social computing tool.",,,
"MANAGEMENT & PLANNING (EXTERNAL)","Management & Planning (External)","Use of external data to create business intelligence and reporting.  For business intelligence other than marketing analysis, planning and reporting for the development of business strategy or for accounting.  Includes mood analysis and mapping influencers.",,,
"INTERNAL RELATIONSHIP MANAGEMENT","Internal Relationship Management","HR internal relationship management, including advising managers.",,,
"SAFETY AND SECURITY OF PERSONNEL AND PROPERTY","Safety and Security of Personnel and Property","To ensure physical security and safety of persons and belongings.  Includes biometric and other access to facilities and equipment. This may be required for regulatory purposes.",,,
"MEASURE EMPLOYEE SKILLS","Measure Employee Skills","To ensure the employee is developing the proper skills; includes analytics on skills.",,,
"ADMINISTERING NON-HEALTH-RELATED EMPLOYEE BENEFITS","Administering Non-Health-Related Employee Benefits","To provide benefits in accordance with the employment agreement, provided by the employer, or chosen by the employee. Includes benefits for spouses, dependents, retirees, and locally-specific benefits and programs such as diversity programs. Also includes choices in relation to benefits -- and participation in programs, such as share purchase plans, specific allowances, or car programs.",,,
"IT AND TELECOMMUNICATIONS SECURITY","IT and Telecommunications Security"," To protect network and information systems.  Includes Email monitoring, biometric and other access to IT systems and devices.",,,
"FULFILLMENT AND DELIVERY OF PRODUCTS AND SERVICES","Fulfillment and Delivery of Products and Services","Provision and (off-line) administration of products and services including invoicing and service management, contacting the client, providing the service, and protecting the organization's rights.",,,
"EVENTS AND CONFERENCES","Events and Conferences","Information necessary to process event and conference registrations; collect additional information (online or offline) in relation to the event organization, and during an event, such as participation in sessions and survey results.",,,
"INVOICING & ADMINISTRATION OF CLIENT CONTRACTS FOR THE PROVISION OF PRODUCTS & SERVICES","Invoicing & Administration of Client Contracts for the provision of Products & Services","Creating, maintaining and sharing invoicing records, sales or license agreement information, and records directly related to the provision of products or services.",,,
"ON-LINE CONTRACT ADMINISTRATION","On-line Contract Administration","Contract management including ordering products and services on-line, administration, contact with individual and surveys.",,,
"COMPLIANCE","Compliance","Processing data for legal, audit, tax, or other regulatory compliance reasons.",,,
"OPPORTUNITY MANAGEMENT","Opportunity Management","Managing opportunities to create new client relationships.  Communications that do not involve marketing, market research, providing a service, or any transaction.",,,
"EMPLOYEE RECOGNITION","Employee Recognition","Recognition of achievements by an employee.",,,
"CUSTOMER RELATIONSHIP MANAGEMENT","Customer Relationship Management","Communicating with clients as part of maintaining and managing the customer relationship; general communications with current clients which do not fit the other specific categories.",,,
"RECRUITMENT & PRE-EMPLOYMENT CHECKS","Recruitment & Pre-employment checks","To address an inquiry or consider an individual for employment in connection with a job application or inquiry.  Includes headhunting, receiving applications, interviews, offer letters. Does not include criminal background checks.",,,
"ONLINE SERVICE CUSTOMIZATION","Online Service Customization","Providing a personalized experience to online services, website or mobile app visitors.  Enhancing the individual's experience on websites and mobile applications.",,,
"SUPPLIER CONTRACT ADMINISTRATION","Supplier Contract Administration","Supplier contract management including contacting individual employees of the organization's suppliers related to contractual matters.",,,
