"code","value","description","parent","reference data set","related terms"
"TAX","tax","the amount is the tax component of the total price.",,"3a882722-1956-4a5c-a17e-e59afc10191e",
"SURCHARGE","surcharge","the amount is a surcharge applied on the base price.",,,
"DISCOUNT","discount","the amount is a discount applied on the base price.",,,
"DEDUCTION","deduction","the amount is a deduction applied on the base price.",,,
"INFORMATIONAL","informational","the amount is of informational character, it has not been applied in the calculation of the total price.",,,
"BASE","base price","the amount is the base price used for calculating the total price before applying surcharges, discount or taxes.",,,
