"code","value","description","parent","reference data set","related terms"
"06","Indian Health Service Provider-based Facility","A facility or location, owned and operated by the Indian Health Service, which provides diagnostic, therapeutic (surgical and nonsurgical), and rehabilitation services rendered by, or under the supervision of, physicians to American Indians and Alaska Natives admitted as inpatients or outpatients.",,"63d1b210-4b69-431b-a67d-3c06a4ecf0a8",
"14","Group Home","A residence, with shared living areas, where clients receive supervision and other services such as social and/or behavioral services, custodial service, and minimal services (e.g., medication administration).",,,
"15","Mobile Unit","A facility/unit that moves from place-to-place equipped to provide preventive, screening, diagnostic, and/or treatment services.",,,
"04","Homeless Shelter","A facility or location whose primary purpose is to provide temporary housing to homeless individuals (e.g., emergency shelters, individual or family shelters).",,,
"01","Pharmacy","A facility or location where drugs and other medically related items and services are sold, dispensed, or otherwise provided directly to patients.",,,
"19","Off Campus-Outpatient Hospital","portion of an off-campus hospital provider-based department which provides diagnostic, therapeutic (both surgical and nonsurgical), and rehabilitation services to sick or injured persons who do not require hospitalization or institutionalization.",,,
"08","Tribal 638 Provider-Based Facility","A facility or location owned and operated by a federally recognized American Indian or Alaska Native tribe or tribal organization under a 638 agreement, which provides diagnostic, therapeutic (surgical and nonsurgical), and rehabilitation services to tribal members admitted as inpatients or outpatients.",,,
"09","Prison/Correctional Facility","A prison, jail, reformatory, work farm, detention center, or any other similar facility maintained by either Federal, State or local authorities for the purpose of confinement or rehabilitation of adult or juvenile criminal offenders.",,,
"21","Inpatient Hospital","A facility, other than psychiatric, which primarily provides diagnostic, therapeutic (both surgical and nonsurgical), and rehabilitation services by, or under, the supervision of physicians to patients admitted for a variety of medical conditions.",,,
"41","Ambulance—Land","A land vehicle specifically designed, equipped and staffed for lifesaving and transporting the sick or injured.",,,
"07","Tribal 638 Free-Standing Facility","A facility or location owned and operated by a federally recognized American Indian or Alaska Native tribe or tribal organization under a 638 agreement, which provides diagnostic, therapeutic (surgical and nonsurgical), and rehabilitation services to tribal members who do not require hospitalization.",,,
"05","Indian Health Service Free-standing Facility","A facility or location, owned and operated by the Indian Health Service, which provides diagnostic, therapeutic (surgical and nonsurgical), and rehabilitation services to American Indians and Alaska Natives who do not require hospitalization.",,,
"03","School","A facility whose primary purpose is education.",,,
"12","Home","Location, other than a hospital or other facility, where the patient receives care in a private residence.",,,
"11","Office","Location, other than a hospital, skilled nursing facility (SNF), military treatment facility, community health center, State or local public health clinic, or intermediate care facility (ICF), where the health professional routinely provides health examinations, diagnosis, and treatment of illness or injury on an ambulatory basis.",,,
"13","Assisted Living Fa","Congregate residential facility with self-contained living units providing assessment of each resident's needs and on-site support 24 hours a day, 7 days a week, with the capacity to deliver or arrange for services including some health care and other services.",,,
"20","Urgent Care Facility","Location, distinct from a hospital emergency room, an office, or a clinic, whose purpose is to diagnose and treat illness or injury for unscheduled, ambulatory patients seeking immediate medical attention.",,,
