"code","value","description","parent","reference data set","related terms"
"UNKNOWN","Unknown","The authoring system does not know which of the status values currently applies for this resource.  Note: This concept is not to be used for ""other"" - one of the listed statuses is presumed to apply, it's just not known which one.",,"c013e355-c67f-496e-84a3-9459fb0db588",
"ACTIVE","Active","This resource is ready for normal use.",,,
"DRAFT","Draft","This resource is still under development and is not yet considered to be ready for normal use.",,,
"RETIRED","Retired","This resource has been withdrawn or superseded and should no longer be used.",,,
