"code","value","description","parent","reference data set","related terms"
"INPTHOSP","Inpatient Hospital","An episode of an Inpatient hospital stay.",,"8a7b7b42-8a10-46a8-b5ba-53b0cb0d11d1",
"GPVISIT","GP Office Visit","An office visit for a general practitioner of a discipline.",,,
"COPAY","Copay Amount","A standard fixed currency amount applied to all classes or service or product not otherwise specified.",,,
"URGENTCARE","Urgent Care","A visit to an urgent care facility - typically a community care clinic.",,,
"EMERGENCY","Emergency","An episode in an emergency department.",,,
"MAXOUTOFPOCKET","Maximum out of pocket","The maximum amout of payment for services which a patient, or family, is expected to incur - typically annually.",,,
"COPAYPCT","Copay Percentage","A standard percentage applied to all classes or service or product not otherwise specified.",,,
"DEDUCTIBLE","Deductible","The accumulated amount of patient payment before the coverage begins to pay for services.",,,
"TELEVISIT","Tele-visit","A visit held where the patient is remote relative to the practitioner, e.g. by phone, computer or video conference.",,,
"SPVISIT","Specialist Office Visit","An office visit for a specialist practitioner of a discipline",,,
