"code","value","description","parent","reference data set","related terms"
"DAIRY-FREE","Dairy Free","Excludes dairy products.",,"8161208c-8c8e-489f-8581-61753bffb588",
"NUT-FREE","Nut Free","Excludes ingredients containing nuts.",,,
"HALAL","Halal","Foods that conform to Islamic law.",,,
"VEGETARIAN","Vegetarian","Food without meat, poultry or seafood.",,,
"KOSHER","Kosher","Foods that conform to Jewish dietary law.",,,
"VEGAN","Vegan","Food without meat, poultry, seafood, eggs, dairy products and other animal-derived substances.",,,
"GLUTEN-FREE","Gluten Free","Excludes ingredients containing gluten.",,,
