"code","value","description","parent","reference data set","related terms"
"UR","urgent","Calls for prompt action.",,"5493a682-ec87-46e4-ab39-28ca2924091a",
"UD","use as directed","Drug is to be used as directed by the prescriber.",,,
"CS","callback for scheduling","Filler should contact the placer (or target) to schedule the service.  (Was ""C"" in HL7 version 2.3's TQ-priority component.)",,,
"CSP","callback placer for scheduling","Filler should contact the placer to schedule the service.  (Was ""C"" in HL7 version 2.3's TQ-priority component.)","CS",,
"CR","callback results","Filler should contact the placer as soon as results are available, even for preliminary results.  (Was ""C"" in HL7 version 2.3's reporting priority.)",,,
"T","timing critical","It is critical to come as close as possible to the requested time (e.g., for a through antimicrobial level).",,,
"R","routine","Routine service, do at usual work hours.",,,
"S","stat","With highest priority (e.g., emergency).",,,
"CSR","contact recipient for scheduling","Filler should contact the service recipient (target) to schedule the service.  (Was ""C"" in HL7 version 2.3's TQ-priority component.)","CS",,
"EM","emergency","An unforeseen combination of circumstances or the resulting state that calls for immediate action.",,,
"EL","elective","Beneficial to the patient but not essential for survival.",,,
"RR","rush reporting","A report should be prepared and sent as quickly as possible.",,,
"P","preop","Used to indicate that a service is to be performed prior to a scheduled surgery.  When ordering a service and using the pre-op priority, a check is done to see the amount of time that must be allowed for performance of the service.  When the order is placed, a message can be generated indicating the time needed for the service so that it is not ordered in conflict with a scheduled operation.",,,
"A","ASAP","As soon as possible, next highest priority after stat.",,,
"PRN","as needed","An ""as needed"" order should be accompanied by a description of what constitutes a need. This description is represented by an observation service predicate as a precondition.",,,
