"code","value","description","parent","reference data set","related terms"
"DECLARATION","Declaration","",,"f94c5839-f9e8-48ee-99f5-a7531e432360",
"IMAGE","Image","",,,
"REGISTRATION","Registration","",,,
"SCRIPT","Script","",,,
"CALL AUDIO","Call Audio","",,,
"CORRESPONDENCE","Correspondence","",,,
"CODE","Code","",,,
"WEB PAGE","Web Page","",,,
"TEXT BLOCK","Text Block","",,,
"SIGNATURE SPECIMEN","Signature Specimen","",,,
"FORM","Form","",,,
"POLICY","Policy","",,,
"CONTRACT","Contract","",,,
"DIGITAL CERTIFICATE","Digital Certificate","",,,
"VIDEO RECORDING","Video Recording","",,,
"REPORT","Report","",,,
"PUBLICATION","Publication","",,,
"COOKIE","Cookie","",,,
"INSTRUCTION","Instruction","",,,
"CALL LOG","Call Log","",,,
