"code","value","description","parent","reference data set","related terms"
"2076-8","Native Hawaiian or Other Pacific Islander","Native Hawaiian or Other Pacific Islander",,"ed0fb83c-96bb-4721-8dcb-f1ce48392d56",
"UNK","unknown","Description:A proper value is applicable, but not known.

                        
                           Usage Notes: This means the actual value is not known.  If the only thing that is unknown is how to properly express the value in the necessary constraints (value set, datatype, etc.), then the OTH or UNC flavor should be used.  No properties should be included for a datatype with this property unless:

                        
                           Those properties themselves directly translate to a semantic of ""unknown"".  (E.g. a local code sent as a translation that conveys 'unknown')
                           Those properties further qualify the nature of what is unknown.  (E.g. specifying a use code of ""H"" and a URL prefix of ""tel:"" to convey that it is the home phone number that is unknown.)",,,
"2054-5","Black or African American","Black or African American",,,
"ASKU","asked but unknown","Information was sought but not found (e.g., patient was asked but didn't know)",,,
"1002-5","American Indian or Alaska Native","American Indian or Alaska Native",,,
"2028-9","Asian","Asian",,,
"2106-3","White","White",,,
