"code","value","description","parent","reference data set","related terms"
"CALL DROPPED BY CUSTOMER","Call dropped by customer","",,"cc58e307-d81d-4595-b1cb-0c0c74781469",
"UNANSWERED","Unanswered","",,,
"REQUESTED CALL BACK","Requested call back","",,,
"CONCLUDED","Concluded","",,,
"SUPERSEDED","Superseded","",,,
"RECEIVED","Received","",,,
"SENT","Sent","",,,
"CALL DROPPED BY SYSTEM","Call dropped by system","",,,
"AWAITING FURTHER INFORMATION","Awaiting further information","",,,
"CALL DROPPED BY AGENT","Call dropped by agent","",,,
"SUSPENDED","Suspended","",,,
