"code","value","description","parent","reference data set","related terms"
"ONLEAVE","On Leave","The Encounter has begun, but the patient is temporarily on leave.",,"0481b642-24df-4f34-a29a-2b27f4810f98",
"FINISHED","Finished","The Encounter has ended.",,,
"UNKNOWN","Unknown","The encounter status is unknown. Note that ""unknown"" is a value of last resort and every attempt should be made to provide a meaningful value other than ""unknown"".",,,
"IN-PROGRESS","In Progress","The Encounter has begun and the patient is present / the practitioner and the patient are meeting.",,,
"PLANNED","Planned","The Encounter has not yet started.",,,
"TRIAGED","Triaged","The patient has been assessed for the priority of their treatment based on the severity of their condition.",,,
"CANCELLED","Cancelled","The Encounter has ended before it has begun.",,,
"ARRIVED","Arrived","The Patient is present for the encounter, however is not currently meeting with a practitioner.",,,
"ENTERED-IN-ERROR","Entered in Error","This instance should not have been part of this patient's medical record.",,,
