"code","value","description","parent","reference data set","related terms"
"COMMUNITY","Community","Includes orders for medications to be administered or consumed by the patient in their home (this would include long term care or nursing homes, hospices, etc.).",,"d63a7cda-9d99-4f51-a147-4864ca0f54de",
"PATIENTSPECIFIED","Patient Specified","Includes statements about medication use, including over the counter medication, provided by the patient, agent or another provider",,,
"OUTPATIENT","Outpatient","Includes orders for medications to be administered or consumed in an outpatient setting (for example, Emergency Department, Outpatient Clinic, Outpatient Surgery, Doctor's office)",,,
"INPATIENT","Inpatient","Includes orders for medications to be administered or consumed in an inpatient or acute care setting",,,
