"code","value","description","parent","reference data set","related terms"
"STOPPED","Stopped","Actions implied by the statement have been permanently halted, before all of them occurred. This should not be used if the statement was entered in error.",,"391ba1cb-ff77-41a5-b8c2-04cb8b77792d",
"UNKNOWN","Unknown","The state of the medication use is not currently known.",,,
"ACTIVE","Active","The medication is still being taken.",,,
"ON-HOLD","On Hold","Actions implied by the statement have been temporarily halted, but are expected to continue later. May also be called 'suspended'.",,,
"INTENDED","Intended","The medication may be taken at some time in the future.",,,
"ENTERED-IN-ERROR","Entered in Error","Some of the actions that are implied by the medication statement may have occurred.  For example, the patient may have taken some of the medication.  Clinical decision support systems should take this status into account.",,,
"COMPLETED","Completed","The medication is no longer being taken.",,,
"NOT-TAKEN","Not Taken","The medication was not consumed by the patient",,,
