"code","value","description","parent","reference data set","related terms"
"2178-2","Latin American","Latin American",,"45a78c28-16dd-4e04-8588-e8a8be4812b9",
"2133-7","Ethnicity","Ethnicity Note that this is an abstract 'grouping' concept and not for use as a real concept",,,
"2173-3","Uruguayan","Uruguayan",,,
"2176-6","Criollo","Criollo",,,
"2151-9","Chicano","Chicano",,,
"2153-5","Mexican American Indian","Mexican American Indian",,,
"2167-5","Bolivian","Bolivian",,,
"2142-8","Belearic Islander","Belearic Islander",,,
"2140-2","Castillian","Castillian",,,
"2144-4","Valencian","Valencian",,,
"2138-6","Andalusian","Andalusian",,,
"2165-9","South American","South American",,,
"2152-7","La Raza","La Raza",,,
"2163-4","Canal Zone","Canal Zone",,,
"2146-9","Spanish Basque","Spanish Basque",,,
"2184-0","Dominican","Dominican",,,
"2169-1","Colombian","Colombian",,,
"2182-4","Cuban","Cuban",,,
"2158-4","Honduran","Honduran",,,
"2139-4","Asturian","Asturian",,,
"2159-2","Nicaraguan","Nicaraguan",,,
"2148-5","Mexican","Mexican",,,
"2172-5","Peruvian","Peruvian",,,
"2162-6","Central American Indian","Central American Indian",,,
"2156-8","Costa Rican","Costa Rican",,,
"2166-7","Argentinean","Argentinean",,,
"2141-0","Catalonian","Catalonian",,,
"2143-6","Gallego","Gallego",,,
"2157-6","Guatemalan","Guatemalan",,,
"2174-1","Venezuelan","Venezuelan",,,
"2137-8","Spaniard","Spaniard",,,
"2150-1","Mexicano","Mexicano",,,
"2171-7","Paraguayan","Paraguayan",,,
"2149-3","Mexican American","Mexican American",,,
"2155-0","Central American","Central American",,,
"2145-1","Canarian","Canarian",,,
"2170-9","Ecuadorian","Ecuadorian",,,
"2180-8","Puerto Rican","Puerto Rican",,,
"2168-3","Chilean","Chilean",,,
"2175-8","South American Indian","South American Indian",,,
"2160-0","Panamanian","Panamanian",,,
"2161-8","Salvadoran","Salvadoran",,,
