"code","value","description","parent","reference data set","related terms"
"F6","Vision Coverage","Vision Coverage.",,"15460b6d-1a22-47a2-a9f6-b005759b2a12",
"28","Adjunctive Dental Services","Adjunctive Dental Services.",,,
"35","Dental Care","Dental Care.",,,
"36","Dental Crowns","Dental Crowns.",,,
"27","Maxillofacial Prosthetics","Maxillofacial Prosthetics.",,,
"24","Periodontics","Periodontics.",,,
"30","Health Benefit Plan Coverage","Health Benefit Plan Coverage.",,,
"F3","Dental Coverage","Dental Coverage.",,,
"1","Medical Care","Medical Care.",,,
"23","Diagnostic Dental","Diagnostic Dental.",,,
"55","Major Medical","Major Medical.",,,
"5","Diagnostic Lab","Diagnostic Lab.",,,
"49","Hospital Room and Board","Hospital Room and Board.",,,
"63","Donor Procedures","Donor Procedures such as organ harvest.",,,
"56","Medically Related Transportation","Medically Related Transportation.",,,
"69","Maternity","Maternity.",,,
"61","In-vitro Fertilization","In-vitro Fertilization.",,,
"4","Diagnostic XRay","Diagnostic XRay.",,,
"62","MRI Scan","MRI Scan.",,,
"14","Renal Supplies","Renal Supplies excluding Dialysis.",,,
"76","Renal Dialysis","Renal dialysis.",,,
"F1","Medical Coverage","Medical Coverage.",,,
"37","Dental Accident","Dental Accident.",,,
"2","Surgical","Surgical.",,,
"26","Endodontics","Endodontics.",,,
"F4","Hearing Coverage","Hearing Coverage.",,,
"3","Consultation","Consultation.",,,
"25","Restorative","Restorative.",,,
