"code","value","description","parent","reference data set","related terms"
"UNABLE-TO-OBTAIN","Unable To Obtain","Information cannot be obtained; e.g. unconscious patient.",,"a4ec32c7-fa47-445b-b0b4-5fe13868b0da",
"DEFERRED","Deferred","Patient does not have the information now, but can provide the information at a later date.",,,
"WITHHELD","Information Withheld","The patient withheld or refused to share the information.",,,
"SUBJECT-UNKNOWN","Subject Unknown","Patient does not know the subject, e.g. the biological parent of an adopted patient.",,,
