"code","value","description","parent","reference data set","related terms"
"80","Venezuelan equine encephalitis, live, attenuated","",,"ae4aab38-3011-49cb-b6c3-00b949dbc0e3",
"131","Historical record of a typhus vaccination","",,,
"26","cholera vaccine, unspecified formulation","",,,
"92","Venezuelan equine encephalitis vaccine, unspecified formulation","",,,
"18","rabies vaccine, for intramuscular injection RETIRED CODE","",,,
"102","DTP- Haemophilus influenzae type b conjugate and hepatitis b vaccine","",,,
"37","yellow fever vaccine","",,,
"27","botulinum antitoxin","",,,
"44","hepatitis B vaccine, dialysis patient dosage","",,,
"155","Seasonal, trivalent, recombinant, injectable influenza vaccine, preservative free","",,,
"175","Human Rabies vaccine from human diploid cell culture","",,,
"42","hepatitis B vaccine, adolescent/high risk infant dosage","",,,
"132","Historical diphtheria and tetanus toxoids and acellular pertussis, poliovirus, Haemophilus b conjugate and hepatitis B (recombinant) vaccine.","",,,
"79","vaccinia immune globulin","",,,
"133","pneumococcal conjugate vaccine, 13 valent","",,,
"164","meningococcal B, unspecified formulation","",,,
"136","meningococcal oligosaccharide (groups A, C, Y and W-135) diphtheria toxoid conjugate vaccine (MCV4O)","",,,
"122","rotavirus vaccine, unspecified formulation","",,,
"128","Novel influenza-H1N1-09, all formulations","",,,
"15","influenza virus vaccine, split virus (incl. purified surface antigen)-retired CODE","",,,
"181","anthrax immune globulin","",,,
"151","influenza nasal, unspecified formulation","",,,
"34","rabies immune globulin","",,,
"97","tuberculin skin test; purified protein derivative, multipuncture device","",,,
"87","immune globulin, intravenous","",,,
"168","Seasonal trivalent influenza vaccine, adjuvanted, preservative free","",,,
"43","hepatitis B vaccine, adult dosage","",,,
"47","Haemophilus influenzae type b vaccine, HbOC conjugate","",,,
"91","typhoid vaccine, unspecified formulation","",,,
"74","rotavirus, live, tetravalent vaccine","",,,
"147","Meningococcal, MCV4, unspecified conjugate formulation(groups A, C, Y and W-135)","",,,
"109","pneumococcal vaccine, unspecified formulation","",,,
"159","Rho(D) Unspecified formulation","",,,
"35","tetanus toxoid, adsorbed","",,,
"31","hepatitis A vaccine, pediatric dosage, unspecified formulation","",,,
"19","Bacillus Calmette-Guerin vaccine","",,,
"125","Novel Influenza-H1N1-09, live virus for nasal administration","",,,
"188","zoster vaccine, unspecified formulation","",,,
"115","tetanus toxoid, reduced diphtheria toxoid, and acellular pertussis vaccine, adsorbed","",,,
"21","varicella virus vaccine","",,,
"161","Influenza, injectable,quadrivalent, preservative free, pediatric","",,,
"08","hepatitis B vaccine, pediatric or pediatric/adolescent dosage","",,,
"03","measles, mumps and rubella virus vaccine","",,,
"29","cytomegalovirus immune globulin, intravenous","",,,
"17","Haemophilus influenzae type b vaccine, conjugate unspecified formulation","",,,
"137","HPV, unspecified formulation","",,,
"02","trivalent poliovirus vaccine, live, oral","",,,
"53","typhoid vaccine, parenteral, acetone-killed, dried (U.S. military)","",,,
"998","no vaccine administered","",,,
"142","tetanus toxoid, not adsorbed","",,,
"48","Haemophilus influenzae type b vaccine, PRP-T conjugate","",,,
"86","immune globulin, intramuscular","",,,
"52","hepatitis A vaccine, adult dosage","",,,
"187","zoster vaccine recombinant","",,,
"176","Human rabies vaccine from Chicken fibroblast culture","",,,
"93","respiratory syncytial virus monoclonal antibody (palivizumab), intramuscular","",,,
"25","typhoid vaccine, live, oral","",,,
"04","measles and rubella virus vaccine","",,,
"50","DTaP-Haemophilus influenzae type b conjugate vaccine","",,,
"07","mumps virus vaccine","",,,
"127","Novel influenza-H1N1-09, injectable","",,,
"169","Hep A, live attenuated-IM","",,,
"81","Venezuelan equine encephalitis, inactivated","",,,
"179","Non-US monovalent oral polio vaccine, unspecified formulation","",,,
"174","cholera, live attenuated","",,,
"96","tuberculin skin test; purified protein derivative solution, intradermal","",,,
"75","vaccinia (smallpox) vaccine","",,,
"51","Haemophilus influenzae type b conjugate and Hepatitis B vaccine","",,,
"33","pneumococcal polysaccharide vaccine, 23 valent","",,,
"23","plague vaccine","",,,
"84","hepatitis A vaccine, pediatric/adolescent dosage, 3 dose schedule","",,,
"120","diphtheria, tetanus toxoids and acellular pertussis vaccine, Haemophilus influenzae type b conjugate, and poliovirus vaccine, inactivated (DTaP-Hib-IPV)","",,,
"40","rabies vaccine, for intradermal injection","",,,
"89","poliovirus vaccine, unspecified formulation","",,,
"77","tick-borne encephalitis vaccine","",,,
"12","diphtheria antitoxin","",,,
"801","AS03 Adjuvant","",,,
"129","Japanese Encephalitis vaccine, unspecified formulation","",,,
"71","respiratory syncytial virus immune globulin, intravenous","",,,
"39","Japanese Encephalitis Vaccine SC","",,,
"167","meningococcal vaccine of unknown formulation and unknown serogroups","",,,
"144","seasonal influenza, intradermal, preservative free","",,,
"01","diphtheria, tetanus toxoids and pertussis vaccine","",,,
"119","rotavirus, live, monovalent vaccine","",,,
"69","parainfluenza-3 virus vaccine","",,,
"135","influenza, high dose seasonal, preservative-free","",,,
"22","DTP-Haemophilus influenzae type b conjugate vaccine","",,,
"153","Influenza, injectable, Madin Darby Canine Kidney, preservative free","",,,
"14","immune globulin, unspecified formulation","",,,
"116","rotavirus, live, pentavalent vaccine","",,,
"85","hepatitis A vaccine, unspecified formulation","",,,
"06","rubella virus vaccine","",,,
"98","tuberculin skin test; unspecified formulation","",,,
"83","hepatitis A vaccine, pediatric/adolescent dosage, 2 dose schedule","",,,
"16","influenza virus vaccine, whole virus","",,,
"05","measles virus vaccine","",,,
"139","Td(adult) unspecified formulation","",,,
"189","Hepatitis B vaccine (recombinant), CpG adjuvanted","",,,
"111","influenza virus vaccine, live, attenuated, for intranasal use","",,,
"13","tetanus immune globulin","",,,
"104","hepatitis A and hepatitis B vaccine","",,,
"183","Yellow fever vaccine alternative formulation","",,,
"121","zoster vaccine, live","",,,
"173","cholera, BivWC","",,,
"88","influenza virus vaccine, unspecified formulation","",,,
"100","pneumococcal conjugate vaccine, 7 valent","",,,
"108","meningococcal ACWY vaccine, unspecified formulation","",,,
"94","measles, mumps, rubella, and varicella virus vaccine","",,,
"126","Novel influenza-H1N1-09, preservative-free, injectable","",,,
"162","meningococcal B vaccine, fully recombinant","",,,
"110","DTaP-hepatitis B and poliovirus vaccine","",,,
"149","influenza, live, intranasal, quadrivalent","",,,
"172","cholera, WC-rBS","",,,
"148","Meningococcal Groups C and Y and Haemophilus b Tetanus Toxoid Conjugate Vaccine","",,,
"178","Non-US bivalent oral polio vaccine (types 1 and 3)","",,,
"182","Oral Polio Vaccine, Unspecified formulation","",,,
"118","human papilloma virus vaccine, bivalent","",,,
"10","poliovirus vaccine, inactivated","",,,
"32","meningococcal polysaccharide vaccine (MPSV4)","",,,
"38","rubella and mumps virus vaccine","",,,
"78","tularemia vaccine","",,,
"62","human papilloma virus vaccine, quadrivalent","",,,
"180","tetanus immune globulin","",,,
"09","tetanus and diphtheria toxoids, adsorbed, preservative free, for adult use (2 Lf of tetanus toxoid and 2 Lf of diphtheria toxoid)","",,,
"106","diphtheria, tetanus toxoids and acellular pertussis vaccine, 5 pertussis antigens","",,,
"45","hepatitis B vaccine, unspecified formulation","",,,
"30","hepatitis B immune globulin","",,,
"66","Lyme disease vaccine","",,,
"186","Influenza, injectable, Madin Darby Canine Kidney,  quadrivalent with preservative","",,,
"171","Influenza, injectable, Madin Darby Canine Kidney, preservative free, quadrivalent","",,,
"24","anthrax vaccine","",,,
"165","Human Papillomavirus 9-valent vaccine","",,,
"140","Influenza, seasonal, injectable, preservative free","",,,
"185","Seasonal, quadrivalent, recombinant, injectable influenza vaccine, preservative free","",,,
"114","meningococcal polysaccharide (groups A, C, Y and W-135) diphtheria toxoid conjugate vaccine (MCV4P)","",,,
"107","diphtheria, tetanus toxoids and acellular pertussis vaccine, unspecified formulation","",,,
"152","Pneumococcal Conjugate, unspecified formulation","",,,
"117","varicella zoster immune globulin (Investigational New Drug)","",,,
"36","varicella zoster immune globulin","",,,
"28","diphtheria and tetanus toxoids, adsorbed for pediatric use","",,,
"177","pneumococcal conjugate vaccine, 10 valent","",,,
"82","adenovirus vaccine, unspecified formulation","",,,
"112","tetanus toxoid, unspecified formulation","",,,
"54","adenovirus vaccine, type 4, live, oral","",,,
"130","Diphtheria, tetanus toxoids and acellular pertussis vaccine, and poliovirus vaccine, inactivated","",,,
"11","pertussis vaccine","",,,
"150","Influenza, injectable, quadrivalent, preservative free","",,,
"76","Staphylococcus bacteriophage lysate","",,,
"41","typhoid vaccine, parenteral, other than acetone-killed, dried","",,,
"134","Japanese Encephalitis vaccine for intramuscular administration","",,,
"184","Yellow fever vaccine, unspecified formulation","",,,
"123","influenza virus vaccine, H5N1, A/Vietnam/1203/2004 (national stockpile)","",,,
"156","Rho(D) Immune globulin- IV or IM","",,,
"103","meningococcal C conjugate vaccine","",,,
"138","tetanus and diphtheria toxoids, not adsorbed, for adult use","",,,
"90","rabies vaccine, unspecified formulation","",,,
"105","vaccinia (smallpox) vaccine, diluted","",,,
"158","influenza, injectable, quadrivalent, contains preservative","",,,
"163","meningococcal B vaccine, recombinant, OMV, adjuvanted","",,,
"160","Influenza A monovalent (H5N1), adjuvanted, National stockpile 2013","",,,
"49","Haemophilus influenzae type b vaccine, PRP-OMP conjugate","",,,
"95","tuberculin skin test; old tuberculin, multipuncture device","",,,
"143","Adenovirus, type 4 and type 7, live, oral","",,,
"141","Influenza, seasonal, injectable","",,,
"46","Haemophilus influenzae type b vaccine, PRP-D conjugate","",,,
"55","adenovirus vaccine, type 7, live, oral","",,,
"157","Rho(D) Immune globulin - IM","",,,
"20","diphtheria, tetanus toxoids and acellular pertussis vaccine","",,,
"166","influenza, intradermal, quadrivalent, preservative free, injectable","",,,
"170","non-US diphtheria, tetanus toxoids and acellular pertussis vaccine, Haemophilus influenzae type b conjugate, and poliovirus vaccine, inactivated (DTaP-Hib-IPV)","",,,
"113","tetanus and diphtheria toxoids, adsorbed, preservative free, for adult use (5 Lf of tetanus toxoid and 2 Lf of diphtheria toxoid)","",,,
"101","typhoid Vi capsular polysaccharide vaccine","",,,
