"code","value","description","parent","reference data set","related terms"
"REGISTERED","Registered","The existence of the report is registered, but there is nothing yet available.",,"2e5d26d8-4986-4664-b06e-85d5aec8a84d",
"UNKNOWN","Unknown","The authoring/source system does not know which of the status values currently applies for this observation. Note: This concept is not to be used for ""other"" - one of the listed statuses is presumed to apply, but the authoring/source system does not know which.",,,
"PRELIMINARY","Preliminary","Verified early results are available, but not all  results are final.","PARTIAL",,
"CORRECTED","Corrected","Subsequent to being final, the report has been modified  to correct an error in the report or referenced results.","AMENDED",,
"APPENDED","Appended","Subsequent to being final, the report has been modified by adding new content. The existing content is unchanged.","AMENDED",,
"CANCELLED","Cancelled","The report is unavailable because the measurement was not started or not completed (also sometimes called ""aborted"").",,,
"FINAL","Final","The report is complete and verified by an authorized person.",,,
"AMENDED","Amended","Subsequent to being final, the report has been modified.  This includes any change in the results, diagnosis, narrative text, or other content of a report that has been issued.",,,
"PARTIAL","Partial","This is a partial (e.g. initial, interim or preliminary) report: data in the report may be incomplete or unverified.",,,
"ENTERED-IN-ERROR","Entered in Error","The report has been withdrawn following a previous final release.  This electronic record should never have existed, though it is possible that real-world decisions were based on it. (If real-world activity has occurred, the status should be ""cancelled"" rather than ""entered-in-error"".).",,,
