"code","value","description","parent","reference data set","related terms"
"C","TMJ treatment","Treatment associated with TMJ.",,"11fdc03e-f43a-490a-9c8c-f00fadb76ca8",
"X","None","None.",,,
"A","Repair of prior service or installation","Repair of prior service or installation.",,,
"B","Temporary service or installation","Temporary service or installation.",,,
"ROOH","Rush or Outside of office hours","A Rush service or service performed outside of normal office hours.",,,
"E","Implant or associated with an implant","Implant or associated with an implant.",,,
