"code","value","description","parent","reference data set","related terms"
"DRAFT","Draft","The request has been created but is not yet complete or ready for action.",,"6e58f668-7143-4cd5-8736-bf10e44e6d51",
"ENTERED-IN-ERROR","Entered in Error","This request should never have existed and should be considered 'void'.  (It is possible that real-world decisions were based on it.  If real-world activity has occurred, the status should be ""revoked"" rather than ""entered-in-error"".).",,,
"ON-HOLD","On Hold","The request (and any implicit authorization to act) has been temporarily withdrawn but is expected to resume in the future.",,,
"REVOKED","Revoked","The request (and any implicit authorization to act) has been terminated prior to the known full completion of the intended actions.  No further activity should occur.",,,
"ACTIVE","Active","The request is in force and ready to be acted upon.",,,
"COMPLETED","Completed","The activity described by the request has been fully performed.  No further activity will occur.",,,
"UNKNOWN","Unknown","The authoring/source system does not know which of the status values currently applies for this request.  Note: This concept is not to be used for ""other"" - one of the listed statuses is presumed to apply,  but the authoring/source system does not know which.",,,
