"code","value","description","parent","reference data set","related terms"
"RADIOLOGY","Radiology Diagnosis","A diagnosis based primarily on the results from medical imaging studies.",,"d95bb26d-d78b-4932-adad-9923a767eb3b",
"REMOTE","Remote Diagnosis","A diagnosis determined using telemedicine techniques.",,,
"ADMITTING","Admitting Diagnosis","The diagnosis given as the reason why the patient was admitted to the hospital.",,,
"CLINICAL","Clinical Diagnosis","A diagnosis made on the basis of medical signs and patient-reported symptoms, rather than diagnostic tests.",,,
"SELF","Self Diagnosis","A diagnosis determined by the patient.",,,
"RETROSPECTIVE","Retrospective Diagnosis","The labeling of an illness in a specific historical event using modern knowledge, methods and disease classifications.",,,
"NURSING","Nursing Diagnosis","A diagnosis which identifies people's responses to situations in their lives, such as a readiness to change or a willingness to accept assistance.",,,
"DISCHARGE","Discharge Diagnosis","The diagnosis given when the patient is discharged from the hospital.",,,
"PRENATAL","Prenatal Diagnosis","A diagnosis determined prior to birth.",,,
"LABORATORY","Laboratory Diagnosis","A diagnosis based significantly on laboratory reports or test results, rather than the physical examination of the patient.",,,
"DIFFERENTIAL","Differential Diagnosis","One of a set of the possible diagnoses that could be connected to the signs, symptoms, and lab findings.",,,
"PRINCIPAL","Principal Diagnosis","The single medical diagnosis that is most relevant to the patient's chief complaint or need for treatment.",,,
