"code","value","description","parent","reference data set","related terms"
"ME","Maine","",,"c02a106c-1692-42e5-8093-17949483c0f9",
"ID","Idaho","",,,
"FM","Federated States of Micronesia","",,,
"CO","Colorado","",,,
"MO","Missouri","",,,
"AZ","Arizona","",,,
"SC","South Carolina","",,,
"NH","New Hampshire","",,,
"WY","Wyoming","",,,
"MT","Montana","",,,
"AL","Alabama","",,,
"PR","Puerto Rico","",,,
"FL","Florida","",,,
"PW","Palau","",,,
"AS","American Samoa","",,,
"NV","Nevada","",,,
"SD","South Dakota","",,,
"NE","Nebraska","",,,
"OH","Ohio","",,,
"MA","Massachusetts","",,,
"IN","Indiana","",,,
"WA","Washington","",,,
"AR","Arkansas","",,,
"TN","Tennessee","",,,
"KY","Kentucky","",,,
"NC","North Carolina","",,,
"OK","Oklahoma","",,,
"WI","Wisconsin","",,,
"DC","District of Columbia","",,,
"MP","Northern Mariana Islands","",,,
"CT","Connecticut","",,,
"TX","Texas","",,,
"LA","Louisiana","",,,
"HI","Hawaii","",,,
"NY","New York","",,,
"IL","Illinois","",,,
"GA","Georgia","",,,
"OR","Oregon","",,,
"VT","Vermont","",,,
"GU","Guam","",,,
"PA","Pennsylvania","",,,
"IA","Iowa","",,,
"DE","Delaware","",,,
"MI","Michigan","",,,
"RI","Rhode Island","",,,
"NJ","New Jersey","",,,
"MD","Maryland","",,,
"UT","Utah","",,,
"KS","Kansas","",,,
"AK","Alaska","",,,
"VI","Virgin Islands of the U.S.","",,,
"CA","California","",,,
"NM","New Mexico","",,,
"MH","Marshall Islands","",,,
"MN","Minnesota","",,,
"MS","Mississippi","",,,
"ND","North Dakota","",,,
"WV","West Virginia","",,,
"VA","Virginia","",,,
