"code","value","description","parent","reference data set","related terms"
"PSY","Psychiatric hospital","The patient has been transferred to a psychiatric facility.",,"9879c6ea-a38d-4f5e-a04e-8c5eb007ea7f",
"HOME","Home","The patient was dicharged and has indicated that they are going to return home afterwards.",,,
"REHAB","Rehabilitation","The patient was discharged and is to receive post acute care rehabilitation services.",,,
"LONG","Long-term care","The patient has been discharged into long-term care where is likely to be monitored through an ongoing episode-of-care.",,,
"SNF","Skilled nursing facility","The patient has been discharged to a skilled nursing facility for the patient to receive additional care.",,,
"OTHER-HCF","Other healthcare facility","The patient was transferred to another healthcare facility.",,,
"EXP","Expired","The patient has deceased during this encounter.",,,
"ALT-HOME","Alternative home","The patient was discharged and has indicated that they are going to return home afterwards, but not the patient's home - e.g. a family member's home.",,,
"AADVICE","Left against advice","The patient self discharged against medical advice.",,,
"OTH","Other","The discharge disposition has not otherwise defined.",,,
"HOSP","Hospice","The patient has been discharged into palliative care.",,,
