"code","value","description","parent","reference data set","related terms"
"21212","Amalgam, 2 surface","Amalgam, 2 surface",,"15d538b2-d850-4008-833e-0f2c1ee0c56d",
"11104","Polishing, 4 unit","Polishing, 4 unit",,,
"1101","Exam, comp, primary","Exam, comp, primary",,,
"11103","Polishing, 3 unit","Polishing, 3 unit",,,
"21211","Amalgam, 1 surface","Amalgam, 1 surface",,,
"11101","Polishing, 1 unit","Polishing, 1 unit",,,
"67211","Maryland Bridge","Maryland Bridge",,,
"11102","Polishing, 2 unit","Polishing, 2 unit",,,
"1201","Exam, recall","Exam, recall",,,
"99555","Expense","Expense",,,
"27211","Crown, PFM","Crown, PFM",,,
"2101","Radiograph, series (12)","Radiograph, series (12)",,,
"99111","Lab, commercial","Lab, commercial",,,
"1103","Exam, comp, permanent","Exam, comp, permanent",,,
"1102","Exam, comp, mixed","Exam, comp, mixed",,,
"2601","Radiograph, panoramic","Radiograph, panoramic",,,
"2141","Radiograph, bitewing","Radiograph, bitewing",,,
"99333","Lab, in office","Lab, in office",,,
"1205","Exam, emergency","Exam, emergency",,,
"2102","Radiograph, series (16)","Radiograph, series (16)",,,
