"code","value","description","parent","reference data set","related terms"
"8","8","Deciduous teeth Mandibular left.",,"5f72f7a5-9d09-4146-95e9-4eb80b45a569",
"33","33","Lower Left Tooth 3 from the central axis, permanent dentition.",,,
"34","34","Lower Left Tooth 4 from the central axis, permanent dentition.",,,
"27","27","Upper Left Tooth 7 from the central axis, permanent dentition.",,,
"5","5","Deciduous teeth Maxillary right.",,,
"7","7","Deciduous teeth Mandibular right.",,,
"18","18","Upper Right Tooth 8 from the central axis, permanent dentition.",,,
"24","24","Upper Left Tooth 4 from the central axis, permanent dentition.",,,
"35","35","Lower Left Tooth 5 from the central axis, permanent dentition.",,,
"28","28","Upper Left Tooth 8 from the central axis, permanent dentition.",,,
"26","26","Upper Left Tooth 6 from the central axis, permanent dentition.",,,
"3","3","Permanent teeth Mandibular right.",,,
"22","22","Upper Left Tooth 2 from the central axis, permanent dentition.",,,
"13","13","Upper Right Tooth 3 from the central axis, permanent dentition.",,,
"1","1","Permanent teeth Maxillary right.",,,
"47","47","Lower Right Tooth 7 from the central axis, permanent dentition.",,,
"41","41","Lower Right Tooth 1 from the central axis, permanent dentition.",,,
"17","17","Upper Right Tooth 7 from the central axis, permanent dentition.",,,
"42","42","Lower Right Tooth 2 from the central axis, permanent dentition.",,,
"12","12","Upper Right Tooth 2 from the central axis, permanent dentition.",,,
"38","38","Lower Left Tooth 8 from the central axis, permanent dentition.",,,
"25","25","Upper Left Tooth 5 from the central axis, permanent dentition.",,,
"21","21","Upper Left Tooth 1 from the central axis, permanent dentition.",,,
"44","44","Lower Right Tooth 4 from the central axis, permanent dentition.",,,
"16","16","Upper Right Tooth 6 from the central axis, permanent dentition.",,,
"32","32","Lower Left Tooth 2 from the central axis, permanent dentition.",,,
"36","36","Lower Left Tooth 6 from the central axis, permanent dentition.",,,
"23","23","Upper Left Tooth 3 from the central axis, permanent dentition.",,,
"37","37","Lower Left Tooth 7 from the central axis, permanent dentition.",,,
"31","31","Lower Left Tooth 1 from the central axis, permanent dentition.",,,
"15","15","Upper Right Tooth 5 from the central axis, permanent dentition.",,,
"14","14","Upper Right Tooth 4 from the central axis, permanent dentition.",,,
"43","43","Lower Right Tooth 3 from the central axis, permanent dentition.",,,
"48","48","Lower Right Tooth 8 from the central axis, permanent dentition.",,,
"2","2","Permanent teeth Maxillary left.",,,
"45","45","Lower Right Tooth 5 from the central axis, permanent dentition.",,,
"46","46","Lower Right Tooth 6 from the central axis, permanent dentition.",,,
"0","Oral cavity","Oral cavity.",,,
"4","4","Permanent teeth Mandibular left.",,,
"6","6","Deciduous teeth Maxillary left.",,,
"11","11","Upper Right Tooth 1 from the central axis, permanent dentition.",,,
