"code","value","description","parent","reference data set","related terms"
"HLAB","hospital laboratory","Description: A location that plays the role of delivering services which may include tests done based on clinical specimens to get health information about a patient as pertaining to the diagnosis, treatment and prevention of disease.  Hospital laboratories may be further divided into specialized units such as Anatomic Pathology, Microbiology, and Biochemistry.","HU","093560a7-4e44-4357-ac84-f9e5deefe4db",
"SLEEP","Sleep disorders unit","(X12N 261QA1200N)","HU",,
"AMB","Ambulance","Location (mobile) where healthcare service was delivered, identified specifically as an ambulance.","MOBL",,
"OPH","Opthalmology clinic","Opthalmology clinic","OF",,
"OPTC","optometry clinic","Description: A location that plays the role of delivering services which may include examination, diagnosis, treatment, management, and prevention of diseases and disorders of the eye as well as prescribing and fitting appropriate corrective lenses (glasses or contact lenses) as needed.  Optometry clinics may also provide tests for visual field screening, measuring intra-ocular pressure and ophthalmoscopy, as and when required.","OF",,
"PROFF","Provider's Office","Location where healthcare service was delivered, identified as the healthcare provider's practice office.","OF",,
"PLS","Plastic surgery clinic","Plastic surgery clinic","SU",,
"_INCIDENTALSERVICEDELIVERYLOCATIONROLETYPE","IncidentalServiceDeliveryLocationRoleType","(ABSTRACT) IncidentalServiceDeliveryLocationRoleType",,,
"PRC","Pain rehabilitation center","Pain rehabilitation center","RTF",,
"PTRES","Patient's Residence","location where healthcare was delivered which is the residence of the Patient.","_INCIDENTALSERVICEDELIVERYLOCATIONROLETYPE",,
"ETU","Emergency trauma unit","Emergency trauma unit","ER",,
"ORTHO","Orthopedics clinic","Orthopedics clinic","OF",,
"OB","Obstetrics clinic","Obstetrics clinic","OF",,
"PEDE","Pediatric endocrinology clinic","Pediatric endocrinology clinic","ENDO",,
"CHEST","Chest unit","A specialty unit in hospital that focuses on chronic respirator patients and pulmonary failure","HU",,
"SU","Surgery clinic","Surgery clinic","OF",,
"CRS","Colon and rectal surgery clinic","Colon and rectal surgery clinic","OF",,
"_DEDICATEDCLINICALLOCATIONROLETYPE","DedicatedClinicalLocationRoleType","(ABSTRACT) A role of a place that further classifies the clinical setting (e.g., cardiology clinic, primary care clinic, rehabilitation hospital, skilled nursing facility) in which care is delivered during an encounter.","_DEDICATEDSERVICEDELIVERYLOCATIONROLETYPE",,
"RHPIVS","physical impairment - visual skills center","Description: A location that plays the role of delivering services for people with visual skill impairments.","RHPI",,
"CARD","Ambulatory Health Care Facilities; Clinic/Center; Rehabilitation: Cardiac Facilities","Ambulatory Health Care Facilities; Clinic/Center; Rehabilitation: Cardiac Facilities","OF",,
"URO","Urology clinic","Urology clinic","SU",,
"PEDNICU","Pediatric neonatal intensive care unit","Pediatric neonatal intensive care unit","PEDICU",,
"RHU","Rehabilitation hospital unit","Rehabilitation hospital unit","HU",,
"RHPIMS","physical impairment - motor skills center","Description: A location that plays the role of delivering services for people with motor skill impairments.","RHPI",,
"ACC","accident site","Location of an accident where healthcare service was delivered, such as a roadside.","_INCIDENTALSERVICEDELIVERYLOCATIONROLETYPE",,
"TRAVEL","Travel and geographic medicine clinic","Travel and geographic medicine clinic","OF",,
"COMM","Community Location","Community location where healthcare is delivered.","_INCIDENTALSERVICEDELIVERYLOCATIONROLETYPE",,
"LYMPH","Lympedema clinic","Lympedema clinic","OF",,
"RHMAD","parents with adjustment difficulties center","Description: A location that plays the role of delivering services which may social support services for adolescents who are pregnant or have child and are experiencing adaptation issues/difficulties in their current or eventual parenting role.","RH",,
"PSY","Psychiatry clinic","Psychiatry clinic","OF",,
"OUTLAB","outpatient laboratory","Description: A location that plays the role of delivering services which may include tests are done on clinical specimens to get health information about a patient pertaining to the diagnosis, treatment, and prevention of disease for same day visits.","HLAB",,
"ENDOS","Endoscopy lab","(X12N 261QD0000N)","GIDX",,
"INPHARM","inpatient pharmacy","Description: A location that plays the role of delivering services which may include providing judicious, safe, efficacious, appropriate and cost effective use of medicines for treatment of patients for visits longer than one day. The distinction between inpatient pharmacies and retail (or outpatient) pharmacies is that they are part of a patient's continuity of care while staying in the hospital.","HU",,
"AMPUT","Amputee clinic","Amputee clinic","OF",,
"RHAT","addiction treatment center","Description: A location that plays the role of delivering services which may include life training and/or social support to people with addictions.","RH",,
"NCCS","Neurology critical care and stroke unit","Neurology critical care and stroke unit","HU",,
"ENT","Otorhinolaryngology clinic","Otorhinolaryngology clinic","OF",,
"INV","Infertility clinic","Infertility clinic","OF",,
"HD","Hemodialysis unit","Hemodialysis unit","HU",,
"IEC","Impairment evaluation center","Focuses on assessing disability","OF",,
"_DEDICATEDNONCLINICALLOCATIONROLETYPE","DedicatedNonClinicalLocationRoleType","(ABSTRACT) A role of a place that further classifies a setting that is intended to house the provision of non-clinical services.","_DEDICATEDSERVICEDELIVERYLOCATIONROLETYPE",,
"PEDRHEUM","Pediatric rheumatology clinic","Pediatric rheumatology clinic","PEDC",,
"MHSP","Military Hospital","A health care facility operated by the Department of Defense or other military operation.","HOSP",,
"PREV","Preventive medicine clinic","Preventive medicine clinic","OF",,
"MOBL","Mobile Unit","Location (mobile) where healthcare service was delivered.","_DEDICATEDNONCLINICALLOCATIONROLETYPE",,
"PAINCL","Pain clinic","(X12N 261QP3300N)","OF",,
"PEDC","Pediatrics clinic","Pediatrics clinic","OF",,
"GYN","Gynecology clinic","Gynecology clinic","OF",,
"NEUR","Neurology clinic","Neurology clinic","OF",,
"PEDCARD","Pediatric cardiology clinic","Pediatric cardiology clinic","CARD",,
"DERM","Dermatology clinic","Dermatology clinic","OF",,
"RHPI","physical impairment center","Description: A location that plays the role of delivering services which may include adaptation, rehabilitation and social integration services for people with physical impairments.","RH",,
"SNF","Skilled nursing facility","(X12N 314000000N)","NCCF",,
"HAND","Hand clinic","Hand clinic","ORTHO",,
"SURF","Substance use rehabilitation facility","(X12N 324500000N)","RTF",,
"BMTU","Bone marrow transplant unit","Bone marrow transplant unit","HU",,
"WORK","work site","Location where healthcare service was delivered, identified as a work place.","_INCIDENTALSERVICEDELIVERYLOCATIONROLETYPE",,
"NCCF","Nursing or custodial care facility","Nursing or custodial care facility","_DEDICATEDCLINICALLOCATIONROLETYPE",,
"UPC","underage protection center","Description: A location that plays the role of delivering services which may include: social emergency services required for a young person as required under any jurisdictional youth laws, child placement, and family mediation in the defined geographical area the SDL is responsible for. It may provide expertise in a judiciary setting on child custody, adoption and biological history research.","_INCIDENTALSERVICEDELIVERYLOCATIONROLETYPE",,
"WND","Wound clinic","Wound clinic","OF",,
"PSYCHF","Psychatric Care Facility","Healthcare facility that cares for patients with psychiatric illness(s).","HOSP",,
"OMS","Oral and maxillofacial surgery clinic","Oral and maxillofacial surgery clinic","OF",,
"SCHOOL","school","Location where healthcare service was delivered, identified as a school or educational facility.","_INCIDENTALSERVICEDELIVERYLOCATIONROLETYPE",,
"PSI","Psychology clinic","Psychology clinic","OF",,
"CATH","Cardiac catheterization lab","Cardiac catheterization lab","CVDX",,
"CHR","Chronic Care Facility","(1) A hospital including a physical plant and personnel that provides multidisciplinary diagnosis and treatment for diseases that have one or more of the following characteristics: is permanent; leaves residual disability; is caused by nonreversible pathological alteration; requires special training of the patient for rehabilitation; and/or may be expected to require a long period of supervision or care. In addition, patients require the safety, security, and shelter of these specialized inpatient or partial hospitalization settings. (2) A hospital that provides medical and skilled nursing services to patients with long-term illnesses who are not in an acute phase but who require an intensity of services not available in nursing homes","HOSP",,
"RHII","intellectual impairment center","Description: A location that plays the role of delivering services which may include adaptation, rehabilitation and social integration services for people with intellectual and/or pervasive development disorders such as autism or severe behaviour disorder.","RH",,
"ALL","Allergy clinic","Allergy clinic","OF",,
"SPMED","Sports medicine clinic","Sports medicine clinic","OF",,
"BREAST","Breast clinic","Breast clinic","OF",,
"RNEU","Neuroradiology unit","Neuroradiology unit","RADDX",,
"POD","Podiatry clinic","(X12N 261QP1100N)","OF",,
"TR","Transplant clinic","Transplant clinic","OF",,
"OUTPHARM","outpatient pharmacy","Description: A location that plays the role of delivering services which may include providing judicious, safe, efficacious, appropriate and cost effective use of medicines for treatment of patients for outpatient visits and may also be used for discharge prescriptions.","HU",,
"GI","Gastroenterology clinic","Gastroenterology clinic","OF",,
"ONCL","Medical oncology clinic","Medical oncology clinic","OF",,
"ER","Emergency room","The section of a health care facility for providing rapid treatment to victims of sudden illness or trauma.","HU",,
"CVDX","Cardiovascular diagnostics or therapeutics unit","A practice setting where cardiovascular diagnostic procedures or therapeutic interventions are performed (e.g., cardiac catheterization lab, echocardiography suite)","DX",,
"PEDHO","Pediatric oncology clinic","Pediatric oncology clinic","ONCL",,
"HU","Hospital unit","Hospital unit","_DEDICATEDCLINICALLOCATIONROLETYPE",,
"PC","Primary care clinic","(X12N 261QP2300N)","OF",,
"CCU","Coronary care unit","Coronary care unit","HU",,
"DX","Diagnostics or therapeutics unit","A practice setting where diagnostic procedures or therapeutic interventions are performed","_DEDICATEDCLINICALLOCATIONROLETYPE",,
"COAG","Coagulation clinic","Coagulation clinic","OF",,
"PROS","Prosthodontics clinic","Prosthodontics clinic","OF",,
"PHU","Psychiatric hospital unit","(X12N 273R00000N)","HU",,
"RADO","Radiation oncology unit","(X12N 261QX0203N)","RADDX",,
"RTF","Residential treatment facility","Residential treatment facility","_DEDICATEDCLINICALLOCATIONROLETYPE",,
"RHEUM","Rheumatology clinic","Rheumatology clinic","OF",,
"HTN","Hypertension clinic","Hypertension clinic","OF",,
"BMTC","Bone marrow transplant clinic","Bone marrow transplant clinic","OF",,
"PEDID","Pediatric infectious disease clinic","Pediatric infectious disease clinic","INFD",,
"OF","Outpatient facility","Outpatient facility","_DEDICATEDCLINICALLOCATIONROLETYPE",,
"PEDNEPH","Pediatric nephrology clinic","Pediatric nephrology clinic","NEPH",,
"NS","Neurosurgery unit","Neurosurgery unit","HU",,
"PHARM","Pharmacy","Location where healthcare service was delivered, identified as a pharmacy.","_DEDICATEDNONCLINICALLOCATIONROLETYPE",,
"INLAB","inpatient laboratory","Description: A location that plays the role of delivering services which may include tests are done on clinical specimens to get health information about a patient pertaining to the diagnosis, treatment, and prevention of disease for a hospital visit longer than one day.","HLAB",,
"RADDX","Radiology diagnostics or therapeutics unit","A practice setting where radiology services (diagnostic or therapeutic) are provided            (X12N 261QR0200N)","DX",,
"CAPC","Child and adolescent psychiatry clinic","Child and adolescent psychiatry clinic","OF",,
"CANC","Child and adolescent neurology clinic","Child and adolescent neurology clinic","OF",,
"MGEN","Medical genetics clinic","Medical genetics clinic","OF",,
"_DEDICATEDSERVICEDELIVERYLOCATIONROLETYPE","DedicatedServiceDeliveryLocationRoleType","(ABSTRACT) A role of a place that further classifies a setting that is intended to house the provision of services.",,,
"PEDICU","Pediatric intensive care unit","Pediatric intensive care unit","ICU",,
"DADDR","Delivery Address","Location address where medical supplies were transported to for use.","_DEDICATEDNONCLINICALLOCATIONROLETYPE",,
"PEDU","Pediatric unit","Pediatric unit","HU",,
"HOSP","Hospital","An acute care institution that provides medical, surgical, or psychiatric care and treatment for the sick or the injured.","_DEDICATEDCLINICALLOCATIONROLETYPE",,
"INFD","Infectious disease clinic","Infectious disease clinic","OF",,
"ICU","Intensive care unit","Intensive care unit","HU",,
"MBL","medical laboratory","Description: A location that plays the role of delivering services which include biochemistry, hematology, microbiology, immunochemistry, and toxicology.","HU",,
"ECHO","Echocardiography lab","Echocardiography lab","CVDX",,
"FMC","Family medicine clinic","Family medicine clinic","OF",,
"GACH","Hospitals; General Acute Care Hospital","(X12N 282N00000N)","HOSP",,
"NEPH","Nephrology clinic","Nephrology clinic","OF",,
"PEDHEM","Pediatric hematology clinic","Pediatric hematology clinic","HEM",,
"GIM","General internal medicine clinic","General internal medicine clinic","OF",,
"PROCTO","Proctology clinic","Proctology clinic","OF",,
"HRAD","radiology unit","Description: A location that plays the role of delivering services which may include the branch of medicine that uses ionizing and non-ionizing radiation to diagnose and treat diseases.  The radiology unit may be further divided into subspecialties such as Imaging, Cardiovascular, Thoracic, and Ultrasound.","HU",,
"EPIL","Epilepsy unit","Epilepsy unit","HU",,
"HEM","Hematology clinic","Hematology clinic","OF",,
"HUSCS","specimen collection site","Description: A location that plays the role of delivering services which may include collecting specimens and/or samples from patients for laboratory testing purposes, but does not perform any tests or analysis functions.","HU",,
"GIDX","Gastroenterology diagnostics or therapeutics lab","A practice setting where GI procedures (such as endoscopies) are performed","DX",,
"RHPIH","physical impairment - hearing center","Description: A location that plays the role of delivering services for people with hearing impairments.","RHPI",,
"ENDO","Endocrinology clinic","Endocrinology clinic","OF",,
"RHYAD","youths with adjustment difficulties center","Description: A location that plays the role of delivering services which may include life training and/or social support services for the adaption, rehabilitation and social integration of youths with adjustment difficulties.","RH",,
"CSC","community service center","Description: A location that plays the role of delivering services which may include providing front-line services to the population of a defined geographic area such as: healthcare services and social services, preventive or curative, rehabilitation or reintegration.","COMM",,
"PEDGI","Pediatric gastroenterology clinic","Pediatric gastroenterology clinic","GI",,
"RH","Rehabilitation hospital","(X12N 283X00000N)","HOSP",,
