"code","value","description","parent","reference data set","related terms"
"VISION","Vision","Vision claims for professional services and products such as glasses and contact lenses.",,"f8042c87-58d8-4b7a-97f4-4854abfa50b4",
"INSTITUTIONAL","Institutional","Hospital, clinic and typically inpatient claims.",,,
"PHARMACY","Pharmacy","Pharmacy claims for goods and services.",,,
"PROFESSIONAL","Professional","Typically, outpatient claims from Physician, Psychological, Chiropractor, Physiotherapy, Speech Pathology, rehabilitative, consulting.",,,
"ORAL","Oral","Dental, Denture and Hygiene claims.",,,
