"code","value","description","parent","reference data set","related terms"
"SUBPLAN","SubPlan","A subset of a specific suite of benefits.",,"572170e7-88bd-47e9-adf2-c7924b7f2b88",
"SUBCLASS","SubClass","A subset of a class of benefits.",,,
"RXID","RX Id","A Pharmacy Benefit Manager specified Member ID.",,,
"RXBIN","RX BIN","Pharmacy benefit manager's Business Identification Number.",,,
"SUBGROUP","SubGroup","A sub-group of an employee group",,,
"RXGROUP","RX Group","A Pharmacy Benefit Manager specified Group number.",,,
"RXPCN","RX PCN","A Pharmacy Benefit Manager specified Processor Control Number.",,,
"GROUP","Group","An employee group",,,
"CLASS","Class","A class of benefits.",,,
"PLAN","Plan","A specific suite of benefits.",,,
"SEQUENCE","Sequence","A sequence number associated with a short-term continuance of the coverage.",,,
