"code","value","description","parent","reference data set","related terms"
"DEPT","Hospital Department","A department or ward within a hospital (Generally is not applicable to top level organizations)",,"8a678276-d2e6-46b9-9dcc-dad653480307",
"CRS","Clinical Research Sponsor","An organization that is identified as a Pharmaceutical/Clinical Research Sponsor.",,,
"RELI","Religious Institution","An organization that is identified as a part of a religious institution.",,,
"INS","Insurance Company","A company that provides insurance to its subscribers that may include healthcare related policies.",,,
"OTHER","Other","Other type of organization not already specified.",,,
"GOVT","Government","A political body, often used when including organization records for government bodies such as a Federal Government, State or Local Government.",,,
"BUS","Non-Healthcare Business or Corporation","An organization that is a registered business or corporation but not identified by other types.",,,
"PROV","Healthcare Provider","An organization that provides healthcare services.",,,
"CG","Community Group","An un-incorporated community group.",,,
"PAY","Payer","A company, charity, or governmental organization, which processes claims and/or issues payments to providers on behalf of patients or groups of patients.",,,
"EDU","Educational Institute","An educational institution that provides education or research facilities.",,,
"TEAM","Organizational team","An organizational team is usually a grouping of practitioners that perform a specific function within an organization (which could be a top level organization, or a department).",,,
