"code","value","description","parent","reference data set","related terms"
"EXCEPTION","Exception","Insurance policy exceptions.",,"d2c7c47a-021b-4f04-a710-457bf146ed4f",
"DISCHARGE","Discharge","Discharge status and discharge to locations.",,,
"OTHER","Other","Other information identified by the type.system.",,,
"MISSINGTOOTH","Missing Tooth","Teeth which are missing for any reason, for example: prior extraction, never developed.",,,
"ONSET","Onset","Period, start or end dates of aspects of the Condition.",,,
"INFO","Information","Codes conveying additional situation and condition information.",,,
"MATERIAL","Materials Forwarded","Materials being forwarded, e.g. Models, molds, images, documents.",,,
"ATTACHMENT","Attachment","Materials attached such as images, documents and resources.",,,
"EMPLOYMENTIMPACTED","EmploymentImpacted","An indication that the patient was unable to work, the period if known otherwise a Yes/No (boolean).",,,
"EXTERNALCAUSE","External Caause","The external cause of an illness or injury.",,,
"PROSTHESIS","Prosthesis","The type of prosthesis and date of supply if a previously supplied prosthesis.",,,
"RELATED","Related Services","Nature and date of the related event e.g. Last exam, service, X-ray etc.",,,
"PATIENTREASONFORVISIT","Patient Reason for Visit","The reason for the patient visit.",,,
"HOSPITALIZED","Hospitalized","An indication that the patient was hospitalized, the period if known otherwise a Yes/No (boolean).",,,
