"code","value","description","parent","reference data set","related terms","is_multi_mapped_to_c57cb90f-2126-3800-9c9f-9eab82021cdf"
"RUS","Russian Federation","Russian Federation",,"534561ac-1080-3714-b7aa-5a5809ff1f00",,
"EU","European Union","European Union",,,,
"BRA","Brazil","Brazil",,,,"SAO"
"JPN","Japan","Japan",,,,"OSA,TOK"
"CAN","Canada","Canada",,,,"TOR"
"GBR","United Kingdom of Great Britain and Northern Ireland","United Kingdom of Great Britain and Northern Ireland",,,,"LON"
"PRK","Korea (Democratic People's Republic of)","Korea (Democratic People's Republic of)",,,,
"BEL","Belgium","Belgium","EU",,,
"CHL","Chile","Chile",,,,
"TUR","Turkey","Turkey",,,,
"MEX","Mexico","Mexico",,,,
"PRT","Portugal","Portugal","EU",,,
"ARG","Argentina","Argentina",,,,
"NLD","Netherlands","Netherlands","EU",,,
"NZL","New Zealand","New Zealand",,,,
"FRA","France","France","EU",,,
"USA","United States of America","United States of America",,,,"DAL,WAS"
"ITA","Italy","Italy","EU",,,
"CHN","China","China",,,,
"AUS","Australia","Australia",,,,"SYD"
"DEU","Germany","Germany","EU",,,"FRA"
"HKG","Hong Kong","Hong Kong",,,,
