{"metadata":{"asset_id":"8f37668b-c333-48f8-8e65-ed71f78b5731","asset_attributes":["notebook"],"name":"SageMaker-Monitor-OpenScale","asset_type":"notebook","created_at":"2022-10-04T16:04:03Z","description":"","origin_country":"us","owner_id":"1000330999","project_id":"e5b5afd2-d9ee-45b7-984b-cd3d179312f4","size":87565,"tags":["notebook"],"usage":{"last_update_time":1664971765356,"last_updated_at":"2022-10-05T12:09:25Z"}},"entity":{"notebook":{"kernel":{"name":"python3","display_name":"Python 3.9","language":"python"},"originates_from":{"type":"blank"},"runtime":{"environment":"jupconda221-e5b5afd2-d9ee-45b7-984b-cd3d179312f4"}}},"attachments":[{"id":"050b3874-179d-4224-ba60-46f58a6f4dc0","version":2,"asset_type":"notebook","name":"attachment for notebook 8f37668b-c333-48f8-8e65-ed71f78b5731","description":"attachment for notebook 8f37668b-c333-48f8-8e65-ed71f78b5731","mime":"application/json","datasource_type":"81bafdbd-b7c6-45c5-a4fd-6ec135f66f4e","object_key":"notebook/SageMaker-Monitor-OpenScale_i7lIsT70g.ipynb","creator_id":"1000330999","create_time":1664899443620,"size":87565,"is_remote":false,"is_managed":false,"is_referenced":true,"is_object_key_read_only":false,"is_user_provided_path_key":true,"transfer_complete":true,"is_partitioned":false,"complete_time_ticks":1664899443620,"user_data":{},"test_doc":0,"handle":{"key":"notebook/SageMaker-Monitor-OpenScale_i7lIsT70g.ipynb","upload_id":"done","max_part_num":1},"usage":{"access_count":19,"last_accessor_id":"1000330999","last_access_time":1664971765355,"last_updater_id":"1000330999","last_update_time":1664971765355}}]}