[{"metadata":{"asset_id":"34fdd06c-9dd4-43ab-bfb2-bd0cab272469","asset_type":"data_intg_flow","catalog_id":"1403bac2-85f0-4e53-ab16-c3946f8dda51","create_time":"2023-05-11T13:38:02.000Z","creator_id":"1000331006","name":"DSF_Bank_Customers_filter_missing","origin_country":"us","size":37273,"project_id":"e680c69d-63be-4a7f-8410-c0bd1a990994","resource_key":"e680c69d-63be-4a7f-8410-c0bd1a990994/data_intg_flow/DSF_Bank_Customers_filter_missing","usage":{"last_access_time":"2023-05-11T13:38:08.219Z","last_accessor_id":"icp4d-dev","access_count":0}},"entity":{"data_intg_flow":{"mime_type":"application/json","dataset":false}},"attachments":[{"test_doc":0,"object_key":"data_intg_flow/d5b535b8-d8e8-411f-ad8b-3fc189025424ee3cc075-05f3-4268-8861-4a9ab4beabeapx_executables","create_time":1683812285378,"complete_time_ticks":1683812285378,"mime":"application/octet-stream","usage":{"access_count":0,"last_accessor_id":"icp4d-dev","last_access_time":1683812285378},"is_remote":false,"description":"","handle":{"max_part_num":1,"upload_id":"done","type":"assetfiles","key":"data_intg_flow/d5b535b8-d8e8-411f-ad8b-3fc189025424ee3cc075-05f3-4268-8861-4a9ab4beabeapx_executables"},"is_user_provided_path_key":true,"user_data":{},"version":2,"size":3891,"is_partitioned":false,"datasource_type":"81bafdbd-b7c6-45c5-a4fd-6ec135f66f4e","transfer_complete":true,"asset_type":"data_intg_flow","name":"px_executables","creator_id":"icp4d-dev","id":"4be66a2b-7672-47fa-8d95-ccdf3e0b4b58","is_referenced":true,"is_managed":false,"is_object_key_read_only":false},{"test_doc":0,"object_key":"data_intg_flow/e680c69d-63be-4a7f-8410-c0bd1a99099434fdd06c-9dd4-43ab-bfb2-bd0cab272469","create_time":1683812288218,"complete_time_ticks":1683812288218,"mime":"application/json","usage":{"access_count":0,"last_accessor_id":"icp4d-dev","last_access_time":1683812288218},"is_remote":false,"handle":{"max_part_num":1,"upload_id":"done","type":"assetfiles","key":"data_intg_flow/e680c69d-63be-4a7f-8410-c0bd1a99099434fdd06c-9dd4-43ab-bfb2-bd0cab272469"},"is_user_provided_path_key":true,"user_data":{},"version":2,"size":33382,"is_partitioned":false,"datasource_type":"81bafdbd-b7c6-45c5-a4fd-6ec135f66f4e","transfer_complete":true,"asset_type":"data_intg_flow","name":"data_intg_flows","creator_id":"icp4d-dev","id":"8709e7d2-7506-4d61-81c5-2ec01ce360b2","is_referenced":true,"is_managed":false,"is_object_key_read_only":false}]}]