{"metadata":{"asset_id":"84b66a6b-d741-4680-931b-e2f8d9436bb3","asset_attributes":["data_asset"],"name":"DB_2_BANK_CUSTOMERS_shaped","asset_type":"data_asset","created_at":"2023-05-11T13:37:59Z","origin_country":"us","owner_id":"1000331003","project_id":"e680c69d-63be-4a7f-8410-c0bd1a990994","size":418452,"usage":{"last_update_time":1683812280262,"last_updated_at":"2023-05-11T13:38:00Z"}},"entity":{"data_asset":{"mime_type":"text/csv","dataset":true}},"attachments":[{"id":"6071c86e-4be4-4e9b-be1a-8ac5151c43c3","version":2,"asset_type":"data_asset","name":"DB_2_BANK_CUSTOMERS_shaped","mime":"text/csv","datasource_type":"81bafdbd-b7c6-45c5-a4fd-6ec135f66f4e","object_key":"data_asset/DB_2_BANK_CUSTOMERS_shaped_7f0f8jeju9cmg0ja83rei7k12","creator_id":"icp4d-dev","create_time":1683812279551,"size":418452,"is_remote":false,"is_managed":false,"is_referenced":true,"is_object_key_read_only":false,"is_user_provided_path_key":true,"transfer_complete":true,"is_partitioned":false,"complete_time_ticks":1683812279551,"user_data":{},"test_doc":0,"handle":{"type":"assetfiles","key":"data_asset/DB_2_BANK_CUSTOMERS_shaped_7f0f8jeju9cmg0ja83rei7k12","upload_id":"done","max_part_num":1},"usage":{"access_count":0,"last_accessor_id":"icp4d-dev","last_access_time":1683812279551}}]}