{"metadata":{"asset_id":"1d5df722-0d7b-471b-8ad8-bab33c55036f","asset_attributes":["data_asset"],"name":"Joined_Bank_Customer_data.csv","asset_type":"data_asset","created_at":"2023-05-11T13:37:58Z","description":"","origin_country":"none","owner_id":"1000331003","project_id":"e680c69d-63be-4a7f-8410-c0bd1a990994","size":0,"tags":["connected-data"],"usage":{"last_update_time":1683812279347,"last_updated_at":"2023-05-11T13:37:59Z"}},"entity":{"data_asset":{"mime_type":"text/csv","dataset":true,"columns":[{"name":"COLUMN1","type":{"length":1024,"nullable":true,"type":"varchar","scale":0,"signed":false}},{"name":"COLUMN2","type":{"length":1024,"nullable":true,"type":"varchar","scale":0,"signed":false}},{"name":"COLUMN3","type":{"length":1024,"nullable":true,"type":"varchar","scale":0,"signed":false}},{"name":"COLUMN4","type":{"length":1024,"nullable":true,"type":"varchar","scale":0,"signed":false}},{"name":"COLUMN5","type":{"length":1024,"nullable":true,"type":"varchar","scale":0,"signed":false}},{"name":"COLUMN6","type":{"length":1024,"nullable":true,"type":"varchar","scale":0,"signed":false}},{"name":"COLUMN7","type":{"length":1024,"nullable":true,"type":"varchar","scale":0,"signed":false}},{"name":"COLUMN8","type":{"length":1024,"nullable":true,"type":"varchar","scale":0,"signed":false}},{"name":"COLUMN9","type":{"length":1024,"nullable":true,"type":"varchar","scale":0,"signed":false}},{"name":"COLUMN10","type":{"length":1024,"nullable":true,"type":"varchar","scale":0,"signed":false}},{"name":"COLUMN11","type":{"length":1024,"nullable":true,"type":"varchar","scale":0,"signed":false}},{"name":"COLUMN12","type":{"length":1024,"nullable":true,"type":"varchar","scale":0,"signed":false}},{"name":"COLUMN13","type":{"length":1024,"nullable":true,"type":"varchar","scale":0,"signed":false}},{"name":"COLUMN14","type":{"length":1024,"nullable":true,"type":"varchar","scale":0,"signed":false}},{"name":"COLUMN15","type":{"length":1024,"nullable":true,"type":"varchar","scale":0,"signed":false}},{"name":"COLUMN16","type":{"length":1024,"nullable":true,"type":"varchar","scale":0,"signed":false}}]}},"attachments":[{"id":"cc5de2fb-6131-4065-bedf-639786a32a41","version":2,"asset_type":"data_asset","name":"Joined_Bank_Customer_data.csv","description":"remote","mime":"text/csv","connection_id":"b06f1c00-2a12-436e-816f-9d7e51a855ea","connection_path":"/demoproject-cz-tec-datastage-customdemo1/Joined_Bank_Customer_data.csv","datasource_type":"193a97c1-4475-4a19-b90c-295c4fdc6517","creator_id":"icp4d-dev","create_time":1683812278915,"size":0,"is_remote":true,"is_managed":false,"is_referenced":false,"is_object_key_read_only":false,"is_user_provided_path_key":true,"transfer_complete":true,"is_partitioned":false,"complete_time_ticks":1683812278915,"user_data":{},"test_doc":0,"usage":{"access_count":0,"last_accessor_id":"icp4d-dev","last_access_time":1683812278915}}]}