{"metadata":{"asset_id":"7139105b-65a7-4be0-a7fe-e2dd9bf7d035","asset_attributes":["data_asset"],"name":"iris.csv","asset_type":"data_asset","created_at":"2022-12-09T16:04:52Z","origin_country":"us","owner_id":"1000330999","project_id":"a7e3acef-5e47-49af-bb68-02a44455fa0a","size":3976,"usage":{"last_update_time":1670601892589,"last_updated_at":"2022-12-09T16:04:52Z"}},"entity":{"data_asset":{"mime_type":"text/csv","dataset":false}},"attachments":[{"id":"de001772-9aed-4c34-a5dd-06c6fe9e0404","version":2,"asset_type":"data_asset","name":"iris.csv","mime":"text/csv","datasource_type":"81bafdbd-b7c6-45c5-a4fd-6ec135f66f4e","object_key":"data_asset/iris.csv","creator_id":"1000330999","create_time":1670601892646,"size":3976,"is_remote":false,"is_managed":false,"is_referenced":true,"is_object_key_read_only":true,"is_user_provided_path_key":true,"transfer_complete":true,"is_partitioned":false,"complete_time_ticks":1670601892646,"user_data":{},"test_doc":0,"handle":{"type":"assetfiles","key":"data_asset/iris.csv","upload_id":"done","max_part_num":1},"usage":{"access_count":0,"last_accessor_id":"1000330999","last_access_time":1670601892646}}]}