"id","first_name","height_feet","height_inches","last_name","position","id6","abbreviation","city","conference","division","full_name","name","weight_pounds"
"817","Michael","NULL","NULL","Curry","","23","PHI","Philadelphia","East","Atlantic","Philadelphia 76ers","76ers","NULL"
"1376","Eddy","NULL","NULL","Curry","","5","CHI","Chicago","East","Central","Chicago Bulls","Bulls","NULL"
"1790","JamesOn","NULL","NULL","Curry","","5","CHI","Chicago","East","Central","Chicago Bulls","Bulls","NULL"
"2719","Carey","NULL","NULL","Scurry","","29","UTA","Utah","West","Northwest","Utah Jazz","Jazz","NULL"
"2948","Dell","NULL","NULL","Curry","","4","CHA","Charlotte","East","Southeast","Charlotte Hornets","Hornets","NULL"
"114","Seth","6","2","Curry","G","3","BKN","Brooklyn","East","Atlantic","Brooklyn Nets","Nets","185"
"115","Stephen","6","3","Curry","G","10","GSW","Golden State","West","Pacific","Golden State Warriors","Warriors","190"
