"code","value","description","parent","reference data set","related terms"
"SENT","Sent","",,"cc58e307-d81d-4595-b1cb-0c0c74781469",
"CALL DROPPED BY AGENT","Call dropped by agent","",,,
"SUSPENDED","Suspended","",,,
"REQUESTED CALL BACK","Requested call back","",,,
"UNANSWERED","Unanswered","",,,
"SUPERSEDED","Superseded","",,,
"AWAITING FURTHER INFORMATION","Awaiting further information","",,,
"CONCLUDED","Concluded","",,,
"RECEIVED","Received","",,,
"CALL DROPPED BY CUSTOMER","Call dropped by customer","",,,
"CALL DROPPED BY SYSTEM","Call dropped by system","",,,
