"code","value","description","parent","reference data set","related terms"
"VIDEO RECORDING","Video Recording","",,"f94c5839-f9e8-48ee-99f5-a7531e432360",
"CONTRACT","Contract","",,,
"FORM","Form","",,,
"REGISTRATION","Registration","",,,
"CODE","Code","",,,
"TEXT BLOCK","Text Block","",,,
"CALL AUDIO","Call Audio","",,,
"IMAGE","Image","",,,
"SIGNATURE SPECIMEN","Signature Specimen","",,,
"DECLARATION","Declaration","",,,
"SCRIPT","Script","",,,
"COOKIE","Cookie","",,,
"WEB PAGE","Web Page","",,,
"DIGITAL CERTIFICATE","Digital Certificate","",,,
"PUBLICATION","Publication","",,,
"POLICY","Policy","",,,
"CALL LOG","Call Log","",,,
"REPORT","Report","",,,
"INSTRUCTION","Instruction","",,,
"CORRESPONDENCE","Correspondence","",,,
