"code","value","description","parent","reference data set","related terms"
"DIAGRAM","Diagram","",,"cbe49f26-3686-49d9-92b2-b396ffaf7db6",
"USER COMMENT‬","User Comment‬","",,,
"IRIS IMAGE","Iris Image","",,,
"PALM PRINT","Palm Print","",,,
"GRAPH","Graph","",,,
"FACIAL IMAGE","Facial Image","",,,
"TEXT","Text","",,,
"TABLE","Table","",,,
"HAND GEOMETRY","Hand Geometry","",,,
"AUDIO","Audio","",,,
"RETINA SCAN IMAGE","Retina Scan Image","",,,
"IMAGE","Image","",,,
"FINGER PRINT","Finger Print","",,,
"PHOTOGRAPH","Photograph","",,,
"VIDEO RECORDING","Video Recording","",,,
"‪SURVEY RESPONSE‬","‪Survey Response‬","",,,
