"code","value","description","parent","reference data set","related terms","is_multi_mapped_to_c57cb90f-2126-3800-9c9f-9eab82021cdf"
"ITA","Italy","Italy","EU","534561ac-1080-3714-b7aa-5a5809ff1f00",,
"TUR","Turkey","Turkey",,,,
"CAN","Canada","Canada",,,,"TOR"
"JPN","Japan","Japan",,,,"OSA,TOK"
"NZL","New Zealand","New Zealand",,,,
"EU","European Union","European Union",,,,
"CHN","China","China",,,,
"USA","United States of America","United States of America",,,,"DAL,WAS"
"CHL","Chile","Chile",,,,
"PRT","Portugal","Portugal","EU",,,
"HKG","Hong Kong","Hong Kong",,,,
"PRK","Korea (Democratic People's Republic of)","Korea (Democratic People's Republic of)",,,,
"ARG","Argentina","Argentina",,,,
"FRA","France","France","EU",,,
"BEL","Belgium","Belgium","EU",,,
"GBR","United Kingdom of Great Britain and Northern Ireland","United Kingdom of Great Britain and Northern Ireland",,,,"LON"
"RUS","Russian Federation","Russian Federation",,,,
"BRA","Brazil","Brazil",,,,"SAO"
"NLD","Netherlands","Netherlands","EU",,,
"MEX","Mexico","Mexico",,,,
"AUS","Australia","Australia",,,,"SYD"
"DEU","Germany","Germany","EU",,,"FRA"
