"code","value","description","parent","reference data set","related terms"
"PERSONAL DATA TRANSFER - INTERNATIONAL","Personal data transfer - international","Identifies a data processing request type that indicates if the request was for a international personal data transfer",,"877a22bc-6afe-4929-bc66-53e769f8b27a",
"PERSONAL DATA PROCESSING CONSENT WITHDRAWAL","Personal data processing consent withdrawal","Identifies a data processing request type that indicates if the request was for a personal data processing consent withdrawal",,,
"OBTAINING A COPY OF PERSONAL DATA","Obtaining a copy of personal data","Identifies a data processing request type that indicates if the request was for a copy of personal data",,,
"PERSONAL DATA RELATED DAMAGE COMPENSATION","Personal data related damage compensation","Identifies a data processing request type that indicates if the request was for a personal data related damage compensation",,,
"PERSONAL DATA TRANSFER","Personal data transfer","Identifies a data processing request type that indicates if the request was for a personal data transfer",,,
"ERASURE OF PERSONAL DATA","Erasure of personal data","Identifies a data processing request type that indicates if the request was for an erasure of personal data",,,
"CONFIRMATION THAT PERSONAL DATA ARE BEING PROCESSED","Confirmation that personal data are being processed","Identifies a data processing request type that indicates if the request was for a confirmation that personal data are being processed",,,
"PERSONAL DATA RELATED COMPLAINT","Personal data related complaint","Identifies a data processing request type that indicates if the request is a personal data related complaint",,,
"RESTRICTION OF PERSONAL DATA PROCESSING","Restriction of personal data processing","Identifies a data processing request type that indicates if the request was for a restriction of personal data processing",,,
"RECTIFICATION OF INACCURATE PERSONAL DATA","Rectification of inaccurate personal data","Identifies a data processing request type that indicates if the request was for a rectification of inaccurate personal data",,,
"OBTAINING COMPENSATION FOR BREACH OF PROCESSING RULE","Obtaining compensation for breach of processing rule","Identifies a data processing request type that indicates if the request was for a compensation for breach of processing rule",,,
"PERSONAL DATA TRANSFER - THIRD COUNTRY","Personal data transfer - third country","Identifies a data processing request type that indicates if the request was for a personal data transfer to a third country",,,
"INFORMATION ABOUT PERSONAL DATA RECIPIENTS","Information about personal data recipients","Identifies a data processing request type that indicates if the request was for an information about personal data recipients",,,
