{"metadata":{"asset_id":"aa47659d-8a9d-40ad-9d95-7af0fadc5199","asset_attributes":["data_asset","column_info","discovered_asset"],"name":"newtable","asset_type":"data_asset","created_at":"2023-06-21T20:27:01Z","origin_country":"us","owner_id":"1000330999","project_id":"fd45f770-5633-49cc-a55d-7fd75de556ea","size":0,"tags":["gdpr"],"usage":{"last_update_time":1687379221706,"last_updated_at":"2023-06-21T20:27:01Z"}},"entity":{"data_asset":{"mime_type":"application/x-ibm-rel-table","dataset":true,"columns":[{"name":"CUST_KEY","type":{"length":15,"nullable":true,"type":"double","scale":0,"signed":true}},{"name":"TOTALORDERS","type":{"length":31,"nullable":false,"type":"numeric","scale":0,"signed":true}},{"name":"Rule_name","type":{"length":8,"nullable":true,"type":"varchar","scale":0,"signed":false}},{"name":"System_timestamp","type":{"length":19,"nullable":true,"type":"timestamp","scale":0,"signed":false}},{"name":"System_date","type":{"length":10,"nullable":true,"type":"date","scale":0,"signed":false}},{"name":"Passing_rules","type":{"length":10,"nullable":true,"type":"integer","scale":0,"signed":true}},{"name":"Failing_rules","type":{"length":10,"nullable":true,"type":"integer","scale":0,"signed":true}},{"name":"Percent_passing_rules","type":{"length":5,"nullable":true,"type":"numeric","scale":2,"signed":true}},{"name":"Record_ID","type":{"length":10,"nullable":true,"type":"integer","scale":0,"signed":true}},{"name":"Percent_failing_rules","type":{"length":5,"nullable":true,"type":"numeric","scale":2,"signed":true}}],"properties":[{"name":"schema_name","value":"gdpr"},{"name":"table_name","value":"newtable"}]},"column_info":{"Rule_name":{},"Passing_rules":{},"Record_ID":{},"Percent_failing_rules":{},"Failing_rules":{},"System_timestamp":{},"TOTALORDERS":{},"Percent_passing_rules":{},"CUST_KEY":{},"System_date":{}},"discovered_asset":{"properties":{},"connection_id":"0390541d-5332-4c80-97cd-abcfd8df8226","connection_path":"/gdpr/newtable","discovery_id":"42548d35-994e-4cd2-bff1-cb3b9c6d9e84","extended_metadata":[{"name":"num_columns","value":10},{"name":"parent_tables","value":[]},{"name":"num_children","value":0},{"name":"table_schema","value":"gdpr"},{"name":"foreign_keys","value":[]},{"name":"primary_key","value":{"key_columns":[]}},{"name":"num_parents","value":0},{"name":"child_tables","value":[]},{"name":"table_type","value":"TABLE"}],"metadata_import_id":"bb8e2b11-5ca5-40d1-a542-fd99a5f3f28a","first_imported_timestamp":1687379221534,"last_imported_timestamp":1687379221534,"outdated_timestamp":0,"last_discovered_timestamp":1687379221534,"outdated_reason":""}},"attachments":[{"id":"16ba4267-72e2-461a-97a5-f975ad1d22a8","version":2,"asset_type":"data_asset","name":"reference_data","connection_id":"0390541d-5332-4c80-97cd-abcfd8df8226","connection_path":"/gdpr/newtable","datasource_type":"e1c23729-99d8-4407-b3df-336e33ffdc82","creator_id":"icp4d-dev","create_time":1687379221309,"size":0,"is_remote":true,"is_managed":false,"is_referenced":false,"is_object_key_read_only":false,"is_user_provided_path_key":true,"transfer_complete":true,"is_partitioned":false,"complete_time_ticks":1687379221309,"user_data":{},"test_doc":0,"usage":{"access_count":0,"last_accessor_id":"icp4d-dev","last_access_time":1687379221309}}]}