{"metadata":{"asset_id":"54cef650-8823-4ca4-a010-0b1be4c1c1f5","asset_attributes":["data_asset","column_info","discovered_asset"],"name":"test","asset_type":"data_asset","created_at":"2023-06-21T20:27:04Z","origin_country":"us","owner_id":"1000330999","project_id":"fd45f770-5633-49cc-a55d-7fd75de556ea","size":0,"tags":["university_library"],"usage":{"last_update_time":1687379224908,"last_updated_at":"2023-06-21T20:27:04Z"}},"entity":{"data_asset":{"mime_type":"application/x-ibm-rel-table","dataset":true,"columns":[{"name":"Record_ID","type":{"length":10,"nullable":true,"type":"integer","scale":0,"signed":true}},{"name":"Rule_name","type":{"length":12,"nullable":true,"type":"varchar","scale":0,"signed":false}},{"name":"System_date","type":{"length":10,"nullable":true,"type":"date","scale":0,"signed":false}},{"name":"System_timestamp","type":{"length":19,"nullable":true,"type":"timestamp","scale":0,"signed":false}},{"name":"Passing_rules","type":{"length":10,"nullable":true,"type":"integer","scale":0,"signed":true}},{"name":"Failing_rules","type":{"length":10,"nullable":true,"type":"integer","scale":0,"signed":true}},{"name":"Percent_passing_rules","type":{"length":5,"nullable":true,"type":"numeric","scale":2,"signed":true}},{"name":"Percent_failing_rules","type":{"length":5,"nullable":true,"type":"numeric","scale":2,"signed":true}}],"properties":[{"name":"schema_name","value":"university_library"},{"name":"table_name","value":"test"}]},"column_info":{"Record_ID":{},"Rule_name":{},"Passing_rules":{},"Percent_failing_rules":{},"Failing_rules":{},"System_timestamp":{},"Percent_passing_rules":{},"System_date":{}},"discovered_asset":{"properties":{},"connection_id":"0390541d-5332-4c80-97cd-abcfd8df8226","connection_path":"/university_library/test","discovery_id":"42548d35-994e-4cd2-bff1-cb3b9c6d9e84","extended_metadata":[{"name":"num_columns","value":8},{"name":"parent_tables","value":[]},{"name":"num_children","value":0},{"name":"table_schema","value":"university_library"},{"name":"foreign_keys","value":[]},{"name":"primary_key","value":{"key_columns":[]}},{"name":"num_parents","value":0},{"name":"child_tables","value":[]},{"name":"table_type","value":"TABLE"}],"metadata_import_id":"bb8e2b11-5ca5-40d1-a542-fd99a5f3f28a","first_imported_timestamp":1687379224829,"last_imported_timestamp":1687379224829,"outdated_timestamp":0,"last_discovered_timestamp":1687379224829,"outdated_reason":""}},"attachments":[{"id":"51963f2e-64bd-436f-addc-9be5996ffc8d","version":2,"asset_type":"data_asset","name":"reference_data","connection_id":"0390541d-5332-4c80-97cd-abcfd8df8226","connection_path":"/university_library/test","datasource_type":"e1c23729-99d8-4407-b3df-336e33ffdc82","creator_id":"icp4d-dev","create_time":1687379224635,"size":0,"is_remote":true,"is_managed":false,"is_referenced":false,"is_object_key_read_only":false,"is_user_provided_path_key":true,"transfer_complete":true,"is_partitioned":false,"complete_time_ticks":1687379224635,"user_data":{},"test_doc":0,"usage":{"access_count":0,"last_accessor_id":"icp4d-dev","last_access_time":1687379224635}}]}