{"metadata":{"asset_id":"3ed8f99a-3c5b-4566-886a-0a0d7d618f61","asset_attributes":["data_asset","column_info","discovered_asset"],"name":"cart_list","asset_type":"data_asset","created_at":"2023-06-21T20:27:06Z","origin_country":"us","owner_id":"1000330999","project_id":"fd45f770-5633-49cc-a55d-7fd75de556ea","size":0,"tags":["university_library"],"usage":{"last_update_time":1687379226740,"last_updated_at":"2023-06-21T20:27:06Z"}},"entity":{"data_asset":{"mime_type":"application/x-ibm-rel-table","dataset":true,"columns":[{"name":"student","type":{"length":1073741823,"nullable":true,"type":"longvarchar","scale":0,"signed":false}},{"name":"book","type":{"length":200,"nullable":true,"type":"char","scale":0,"signed":false}},{"name":"author","type":{"length":1073741823,"nullable":true,"type":"longvarchar","scale":0,"signed":false}}],"properties":[{"name":"schema_name","value":"university_library"},{"name":"table_name","value":"cart_list"}]},"column_info":{"student":{},"author":{},"book":{}},"discovered_asset":{"properties":{},"connection_id":"0390541d-5332-4c80-97cd-abcfd8df8226","connection_path":"/university_library/cart_list","discovery_id":"42548d35-994e-4cd2-bff1-cb3b9c6d9e84","extended_metadata":[{"name":"num_columns","value":3},{"name":"parent_tables","value":[]},{"name":"num_children","value":0},{"name":"table_schema","value":"university_library"},{"name":"foreign_keys","value":[]},{"name":"primary_key","value":{"key_columns":[]}},{"name":"num_parents","value":0},{"name":"child_tables","value":[]},{"name":"table_type","value":"VIEW"}],"metadata_import_id":"bb8e2b11-5ca5-40d1-a542-fd99a5f3f28a","first_imported_timestamp":1687379226635,"last_imported_timestamp":1687379226635,"outdated_timestamp":0,"last_discovered_timestamp":1687379226635,"outdated_reason":""}},"attachments":[{"id":"766fb555-c184-4165-8371-b5f8bc38c1cf","version":2,"asset_type":"data_asset","name":"reference_data","connection_id":"0390541d-5332-4c80-97cd-abcfd8df8226","connection_path":"/university_library/cart_list","datasource_type":"e1c23729-99d8-4407-b3df-336e33ffdc82","creator_id":"icp4d-dev","create_time":1687379226410,"size":0,"is_remote":true,"is_managed":false,"is_referenced":false,"is_object_key_read_only":false,"is_user_provided_path_key":true,"transfer_complete":true,"is_partitioned":false,"complete_time_ticks":1687379226410,"user_data":{},"test_doc":0,"usage":{"access_count":0,"last_accessor_id":"icp4d-dev","last_access_time":1687379226410}}]}