{"metadata":{"asset_id":"02d08d21-7df3-41e3-aa31-6c3141d33776","asset_attributes":["data_asset","column_info","discovered_asset"],"name":"address_exceptions","asset_type":"data_asset","created_at":"2023-06-21T20:26:57Z","origin_country":"us","owner_id":"1000330999","project_id":"fd45f770-5633-49cc-a55d-7fd75de556ea","size":0,"tags":["gdpr"],"usage":{"last_update_time":1687379218499,"last_updated_at":"2023-06-21T20:26:58Z"}},"entity":{"data_asset":{"mime_type":"application/x-ibm-rel-table","dataset":true,"columns":[{"name":"CA_ADDRESS_SK","type":{"length":20,"nullable":false,"type":"numeric","scale":0,"signed":true}},{"name":"CA_ADDRESS_ID","type":{"length":16,"nullable":false,"type":"varchar","scale":0,"signed":false}},{"name":"CA_STREET_NUMBER","type":{"length":10,"nullable":true,"type":"varchar","scale":0,"signed":false}},{"name":"CA_STREET_NAME","type":{"length":60,"nullable":true,"type":"varchar","scale":0,"signed":false}},{"name":"CA_STREET_TYPE","type":{"length":15,"nullable":true,"type":"varchar","scale":0,"signed":false}},{"name":"CA_SUITE_NUMBER","type":{"length":10,"nullable":true,"type":"varchar","scale":0,"signed":false}},{"name":"CA_CITY","type":{"length":60,"nullable":true,"type":"varchar","scale":0,"signed":false}},{"name":"CA_COUNTY","type":{"length":30,"nullable":true,"type":"varchar","scale":0,"signed":false}},{"name":"CA_STATE","type":{"length":2,"nullable":true,"type":"varchar","scale":0,"signed":false}},{"name":"CA_ZIP","type":{"length":10,"nullable":true,"type":"varchar","scale":0,"signed":false}},{"name":"CA_COUNTRY","type":{"length":20,"nullable":true,"type":"varchar","scale":0,"signed":false}},{"name":"CA_GMT_OFFSET","type":{"length":5,"nullable":true,"type":"numeric","scale":2,"signed":true}},{"name":"CA_LOCATION_TYPE","type":{"length":20,"nullable":true,"type":"varchar","scale":0,"signed":false}},{"name":"Record_ID","type":{"length":10,"nullable":true,"type":"integer","scale":0,"signed":true}},{"name":"Rule_name","type":{"length":31,"nullable":true,"type":"varchar","scale":0,"signed":false}},{"name":"System_date","type":{"length":10,"nullable":true,"type":"date","scale":0,"signed":false}},{"name":"System_timestamp","type":{"length":19,"nullable":true,"type":"timestamp","scale":0,"signed":false}},{"name":"Passing_rules","type":{"length":10,"nullable":true,"type":"integer","scale":0,"signed":true}},{"name":"Failing_rules","type":{"length":10,"nullable":true,"type":"integer","scale":0,"signed":true}},{"name":"Percent_passing_rules","type":{"length":5,"nullable":true,"type":"numeric","scale":2,"signed":true}},{"name":"Percent_failing_rules","type":{"length":5,"nullable":true,"type":"numeric","scale":2,"signed":true}},{"name":"invalid_address","type":{"length":7,"nullable":true,"type":"varchar","scale":0,"signed":false}}],"properties":[{"name":"schema_name","value":"gdpr"},{"name":"table_name","value":"address_exceptions"}]},"column_info":{"Record_ID":{},"Passing_rules":{},"Failing_rules":{},"CA_SUITE_NUMBER":{},"System_timestamp":{},"CA_STATE":{},"Percent_passing_rules":{},"CA_STREET_TYPE":{},"CA_CITY":{},"CA_COUNTY":{},"CA_GMT_OFFSET":{},"invalid_address":{},"Rule_name":{},"CA_ZIP":{},"Percent_failing_rules":{},"CA_STREET_NUMBER":{},"CA_ADDRESS_SK":{},"CA_ADDRESS_ID":{},"CA_STREET_NAME":{},"CA_COUNTRY":{},"CA_LOCATION_TYPE":{},"System_date":{}},"discovered_asset":{"properties":{},"connection_id":"0390541d-5332-4c80-97cd-abcfd8df8226","connection_path":"/gdpr/address_exceptions","discovery_id":"42548d35-994e-4cd2-bff1-cb3b9c6d9e84","extended_metadata":[{"name":"num_columns","value":22},{"name":"parent_tables","value":[]},{"name":"num_children","value":0},{"name":"table_schema","value":"gdpr"},{"name":"foreign_keys","value":[]},{"name":"primary_key","value":{"key_columns":[]}},{"name":"num_parents","value":0},{"name":"child_tables","value":[]},{"name":"table_type","value":"TABLE"}],"metadata_import_id":"bb8e2b11-5ca5-40d1-a542-fd99a5f3f28a","first_imported_timestamp":1687379218261,"last_imported_timestamp":1687379218261,"outdated_timestamp":0,"last_discovered_timestamp":1687379218261,"outdated_reason":""}},"attachments":[{"id":"f111dcb5-ffc7-4624-a4c4-68393b4dc0d7","version":2,"asset_type":"data_asset","name":"reference_data","connection_id":"0390541d-5332-4c80-97cd-abcfd8df8226","connection_path":"/gdpr/address_exceptions","datasource_type":"e1c23729-99d8-4407-b3df-336e33ffdc82","creator_id":"icp4d-dev","create_time":1687379218001,"size":0,"is_remote":true,"is_managed":false,"is_referenced":false,"is_object_key_read_only":false,"is_user_provided_path_key":true,"transfer_complete":true,"is_partitioned":false,"complete_time_ticks":1687379218001,"user_data":{},"test_doc":0,"usage":{"access_count":0,"last_accessor_id":"icp4d-dev","last_access_time":1687379218001}}]}