{"metadata":{"asset_id":"499ce8a9-4846-4c2a-8751-2e97657dcd72","asset_attributes":["data_asset","column_info","discovered_asset"],"name":"cst_eu_cp","asset_type":"data_asset","created_at":"2023-06-21T20:26:58Z","origin_country":"us","owner_id":"1000330999","project_id":"fd45f770-5633-49cc-a55d-7fd75de556ea","size":0,"tags":["gdpr"],"usage":{"last_update_time":1687379218694,"last_updated_at":"2023-06-21T20:26:58Z"}},"entity":{"data_asset":{"mime_type":"application/x-ibm-rel-table","dataset":true,"columns":[{"name":"cst_id","type":{"length":10,"nullable":false,"type":"integer","scale":0,"signed":true}},{"name":"frst_nm","type":{"length":30,"nullable":true,"type":"varchar","scale":0,"signed":false}},{"name":"lst_nm","type":{"length":30,"nullable":true,"type":"varchar","scale":0,"signed":false}},{"name":"brth_dt","type":{"length":10,"nullable":true,"type":"date","scale":0,"signed":false}},{"name":"zip_code","type":{"length":10,"nullable":true,"type":"integer","scale":0,"signed":true}},{"name":"cntry","type":{"length":15,"nullable":true,"type":"varchar","scale":0,"signed":false}},{"name":"email_adr","type":{"length":40,"nullable":true,"type":"varchar","scale":0,"signed":false}},{"name":"ph_nbr","type":{"length":12,"nullable":true,"type":"varchar","scale":0,"signed":false}},{"name":"gnd","type":{"length":6,"nullable":true,"type":"varchar","scale":0,"signed":false}},{"name":"refr_verf","type":{"length":1,"nullable":true,"type":"char","scale":0,"signed":false}},{"name":"slry","type":{"length":14,"nullable":true,"type":"numeric","scale":2,"signed":true}},{"name":"soc_scr_nbr","type":{"length":12,"nullable":true,"type":"varchar","scale":0,"signed":false}},{"name":"mrtl_st","type":{"length":20,"nullable":true,"type":"varchar","scale":0,"signed":false}},{"name":"cst_sts","type":{"length":10,"nullable":true,"type":"varchar","scale":0,"signed":false}},{"name":"lgl_grdn_id","type":{"length":10,"nullable":true,"type":"integer","scale":0,"signed":true}},{"name":"lgl_grdn_frst_nm","type":{"length":30,"nullable":true,"type":"varchar","scale":0,"signed":false}},{"name":"lgl_grdn_lst_nm","type":{"length":30,"nullable":true,"type":"varchar","scale":0,"signed":false}}],"properties":[{"name":"schema_name","value":"gdpr"},{"name":"table_name","value":"cst_eu_cp"}]},"column_info":{"cst_sts":{},"lgl_grdn_id":{},"soc_scr_nbr":{},"refr_verf":{},"lst_nm":{},"mrtl_st":{},"email_adr":{},"cst_id":{},"zip_code":{},"ph_nbr":{},"brth_dt":{},"slry":{},"cntry":{},"lgl_grdn_lst_nm":{},"gnd":{},"lgl_grdn_frst_nm":{},"frst_nm":{}},"discovered_asset":{"properties":{},"connection_id":"0390541d-5332-4c80-97cd-abcfd8df8226","connection_path":"/gdpr/cst_eu_cp","discovery_id":"42548d35-994e-4cd2-bff1-cb3b9c6d9e84","extended_metadata":[{"name":"num_columns","value":17},{"name":"parent_tables","value":[]},{"name":"num_children","value":0},{"name":"table_schema","value":"gdpr"},{"name":"foreign_keys","value":[]},{"name":"primary_key","value":{"key_columns":[]}},{"name":"num_parents","value":0},{"name":"child_tables","value":[]},{"name":"table_type","value":"TABLE"}],"metadata_import_id":"bb8e2b11-5ca5-40d1-a542-fd99a5f3f28a","first_imported_timestamp":1687379218577,"last_imported_timestamp":1687379218577,"outdated_timestamp":0,"last_discovered_timestamp":1687379218577,"outdated_reason":""}},"attachments":[{"id":"3ce72420-b3c5-428e-8ada-6040890bbd96","version":2,"asset_type":"data_asset","name":"reference_data","connection_id":"0390541d-5332-4c80-97cd-abcfd8df8226","connection_path":"/gdpr/cst_eu_cp","datasource_type":"e1c23729-99d8-4407-b3df-336e33ffdc82","creator_id":"icp4d-dev","create_time":1687379218106,"size":0,"is_remote":true,"is_managed":false,"is_referenced":false,"is_object_key_read_only":false,"is_user_provided_path_key":true,"transfer_complete":true,"is_partitioned":false,"complete_time_ticks":1687379218106,"user_data":{},"test_doc":0,"usage":{"access_count":0,"last_accessor_id":"icp4d-dev","last_access_time":1687379218106}}]}