{"metadata":{"asset_id":"17903814-9020-4214-be6a-edd8d9599c85","asset_attributes":["data_asset"],"name":"persons","asset_type":"data_asset","created_at":"2023-08-10T10:01:47Z","origin_country":"none","owner_id":"1000330999","project_id":"fd45f770-5633-49cc-a55d-7fd75de556ea","size":0,"tags":["connected-data"],"usage":{"last_update_time":1691661707725,"last_updated_at":"2023-08-10T10:01:47Z"}},"entity":{"data_asset":{"dataset":true,"mime_type":"application/x-ibm-rel-table","columns":[{"name":"personid","type":{"type":"integer","length":10,"scale":0,"nullable":true,"signed":true,"native_type":"INTEGER"}},{"name":"name","type":{"type":"char","length":100,"scale":0,"nullable":true,"signed":false,"native_type":"CHARACTER"}},{"name":"surname","type":{"type":"char","length":100,"scale":0,"nullable":true,"signed":false,"native_type":"CHARACTER"}},{"name":"birthdate","type":{"type":"date","length":10,"scale":0,"nullable":true,"signed":false,"native_type":"DATE"}},{"name":"gender","type":{"type":"char","length":1,"scale":0,"nullable":true,"signed":false,"native_type":"CHARACTER"}}]}},"attachments":[{"id":"bbe25877-873f-4f15-af66-281652a2a499","version":2,"asset_type":"data_asset","name":"persons","description":"remote","mime":"application/x-ibm-rel-table","connection_id":"39df6a4e-55d4-43e4-86be-8770dafed263","connection_path":"/university_library/persons","datasource_type":"e1c23729-99d8-4407-b3df-336e33ffdc82","creator_id":"1000330999","create_time":1691661707723,"size":0,"is_remote":true,"is_managed":false,"is_referenced":false,"is_object_key_read_only":false,"is_user_provided_path_key":true,"transfer_complete":true,"is_partitioned":false,"complete_time_ticks":1691661707723,"user_data":{},"test_doc":0,"usage":{"access_count":0,"last_accessor_id":"1000330999","last_access_time":1691661707723}}]}