{"metadata":{"asset_id":"1d41a115-5ef9-497a-9333-5cfad776de68","asset_attributes":["data_asset"],"name":"borrows","asset_type":"data_asset","created_at":"2023-08-10T10:01:46Z","origin_country":"none","owner_id":"1000330999","project_id":"fd45f770-5633-49cc-a55d-7fd75de556ea","size":0,"tags":["connected-data"],"usage":{"last_update_time":1691661706815,"last_updated_at":"2023-08-10T10:01:46Z"}},"entity":{"data_asset":{"dataset":true,"mime_type":"application/x-ibm-rel-table","columns":[{"name":"borrowid","type":{"type":"integer","length":10,"scale":0,"nullable":true,"signed":true,"native_type":"INTEGER"}},{"name":"studentid","type":{"type":"integer","length":10,"scale":0,"nullable":true,"signed":true,"native_type":"INTEGER"}},{"name":"bookid","type":{"type":"integer","length":10,"scale":0,"nullable":true,"signed":true,"native_type":"INTEGER"}},{"name":"takendate","type":{"type":"date","length":10,"scale":0,"nullable":true,"signed":false,"native_type":"DATE"}},{"name":"brougthdate","type":{"type":"date","length":10,"scale":0,"nullable":true,"signed":false,"native_type":"DATE"}}]}},"attachments":[{"id":"ea29d9e6-b8be-449e-9d37-8bcfcbce1393","version":2,"asset_type":"data_asset","name":"borrows","description":"remote","mime":"application/x-ibm-rel-table","connection_id":"39df6a4e-55d4-43e4-86be-8770dafed263","connection_path":"/university_library/borrows","datasource_type":"e1c23729-99d8-4407-b3df-336e33ffdc82","creator_id":"1000330999","create_time":1691661706799,"size":0,"is_remote":true,"is_managed":false,"is_referenced":false,"is_object_key_read_only":false,"is_user_provided_path_key":true,"transfer_complete":true,"is_partitioned":false,"complete_time_ticks":1691661706799,"user_data":{},"test_doc":0,"usage":{"access_count":0,"last_accessor_id":"1000330999","last_access_time":1691661706799}}]}