{"metadata":{"asset_id":"b51dd2a3-90d3-4484-9244-fb1dec1c3c28","asset_attributes":["job"],"name":"PGSQL_MDI1 job","asset_type":"job","created_at":"2023-06-21T20:26:30Z","description":"","origin_country":"us","owner_id":"1000330999","project_id":"fd45f770-5633-49cc-a55d-7fd75de556ea","size":0,"usage":{"last_update_time":1687379190572,"last_updated_at":"2023-06-21T20:26:30Z"}},"entity":{"job":{"asset_ref_type":"metadata_import","configuration":{"env_type":"","env_variables":[]},"last_run_initiator":"deprecated field","last_run_time":"deprecated field","last_run_status":"deprecated field","last_run_status_timestamp":0,"future_scheduled_runs":[],"enable_notifications":true,"project_name":"testing","asset_ref":"bb8e2b11-5ca5-40d1-a542-fd99a5f3f28a","schedule_id":"","schedule_creator_id":""}}}