{"metadata":{"asset_id":"b865addc-5ec4-4b52-9a8b-25674621c539","asset_attributes":["job_run"],"name":"job run","asset_type":"job_run","created_at":"2023-06-21T20:30:10Z","origin_country":"us","owner_id":"1000330999","project_id":"fd45f770-5633-49cc-a55d-7fd75de556ea","size":0,"usage":{"last_update_time":1687379749974,"last_updated_at":"2023-06-21T20:35:49Z"}},"entity":{"job_run":{"job_ref":"74789642-0f37-4ad3-aaca-81a6132e7a8d","job_name":"LIN_PGSQL job","job_type":"metadata_import","state":"Completed","isScheduledRun":false,"configuration":{"env_type":"","env_variables":[],"discovery":{"metadata":{"id":"19e0b856-bc9f-4e74-b852-3414aee8f6ea","invoked_by":"1000330999","bss_account_id":"999","created_at":1687379721756,"started_at":1687379410881,"discovered_at":1687379732310,"processed_at":1687379727001,"finished_at":1687379742670},"entity":{"statistics":{"discovered":39,"discovered_with_children":39,"submit_succ":39,"create_succ":39,"create_succ_with_children":39,"number_of_new_assets":39,"number_of_updated_assets":0,"number_of_removed_assets":0},"status":"COMPLETED","connection_id":"aaaaaaaa-bbbb-cccc-dddd-eeeeeeeeeeee","catalog_id":"ea61f72d-e415-408c-bf6f-ad46d1d7580a","connection_id_list":["0390541d-5332-4c80-97cd-abcfd8df8226"],"target_catalog_id":"ea61f72d-e415-408c-bf6f-ad46d1d7580a","project_id":"fd45f770-5633-49cc-a55d-7fd75de556ea","job_id":"74789642-0f37-4ad3-aaca-81a6132e7a8d","job_run_id":"b865addc-5ec4-4b52-9a8b-25674621c539","metadata_import_id":"df8f2f53-370c-4f02-bf68-519cfcd85efe","import_type":"lineage","scope":{"paths":["0390541d-5332-4c80-97cd-abcfd8df8226:/dsv","0390541d-5332-4c80-97cd-abcfd8df8226:/dwh","0390541d-5332-4c80-97cd-abcfd8df8226:/gdpr","0390541d-5332-4c80-97cd-abcfd8df8226:/ibm_extension","0390541d-5332-4c80-97cd-abcfd8df8226:/libtest","0390541d-5332-4c80-97cd-abcfd8df8226:/public","0390541d-5332-4c80-97cd-abcfd8df8226:/test","0390541d-5332-4c80-97cd-abcfd8df8226:/university_library"]},"extra_properties":{"workflow_executionid":"1","connection_id_reference_map":"{\"0390541d-5332-4c80-97cd-abcfd8df8226\":\"ac9f3e48-ef38-4b54-9c1a-98855dbf308b\"}"}}}},"project_name":"testing","last_state_change_timestamp":"2023-06-21T20:35:49Z","runtime_job_id":"19e0b856-bc9f-4e74-b852-3414aee8f6ea","duration":335}},"attachments":[{"id":"0789b972-1fa9-45dc-a2c3-5fa082c3255a","version":2,"asset_type":"job_run","name":"b865addc-5ec4-4b52-9a8b-25674621c539","description":"log for job run b865addc-5ec4-4b52-9a8b-25674621c539","mime":"application/json","datasource_type":"81bafdbd-b7c6-45c5-a4fd-6ec135f66f4e","object_key":"job_run/log/b865addc-5ec4-4b52-9a8b-25674621c539","creator_id":"icp4d-dev","create_time":1687379737823,"size":0,"is_remote":false,"is_managed":false,"is_referenced":true,"is_object_key_read_only":false,"is_user_provided_path_key":true,"transfer_complete":true,"is_partitioned":true,"complete_time_ticks":1687379737823,"user_data":{},"test_doc":0,"handle":{"type":"assetfiles","key":"job_run/log/b865addc-5ec4-4b52-9a8b-25674621c539","upload_id":"done","max_part_num":1},"usage":{"access_count":0,"last_accessor_id":"icp4d-dev","last_access_time":1687379737823}},{"id":"d13661ad-1654-4a20-ac83-0ba4ad53abba","version":2,"asset_type":"job_run","name":"b865addc-5ec4-4b52-9a8b-25674621c539","description":"log for job run b865addc-5ec4-4b52-9a8b-25674621c539","mime":"application/json","datasource_type":"81bafdbd-b7c6-45c5-a4fd-6ec135f66f4e","object_key":"job_run/log/b865addc-5ec4-4b52-9a8b-25674621c539","creator_id":"icp4d-dev","create_time":1687379747393,"size":0,"is_remote":false,"is_managed":false,"is_referenced":true,"is_object_key_read_only":false,"is_user_provided_path_key":true,"transfer_complete":true,"is_partitioned":true,"complete_time_ticks":1687379747393,"user_data":{},"test_doc":0,"handle":{"type":"assetfiles","key":"job_run/log/b865addc-5ec4-4b52-9a8b-25674621c539","upload_id":"done","max_part_num":1},"usage":{"access_count":0,"last_accessor_id":"icp4d-dev","last_access_time":1687379747393}},{"id":"8785bf5c-cec7-4e0e-b72c-2f4235870a05","version":2,"asset_type":"job_run","name":"b865addc-5ec4-4b52-9a8b-25674621c539","description":"log for job run b865addc-5ec4-4b52-9a8b-25674621c539","mime":"application/json","datasource_type":"81bafdbd-b7c6-45c5-a4fd-6ec135f66f4e","object_key":"job_run/log/b865addc-5ec4-4b52-9a8b-25674621c539","creator_id":"icp4d-dev","create_time":1687379749375,"size":0,"is_remote":false,"is_managed":false,"is_referenced":true,"is_object_key_read_only":false,"is_user_provided_path_key":true,"transfer_complete":true,"is_partitioned":true,"complete_time_ticks":1687379749375,"user_data":{},"test_doc":0,"handle":{"type":"assetfiles","key":"job_run/log/b865addc-5ec4-4b52-9a8b-25674621c539","upload_id":"done","max_part_num":1},"usage":{"access_count":0,"last_accessor_id":"icp4d-dev","last_access_time":1687379749375}}]}