{"metadata":{"asset_id":"5f3fcb8c-b5cc-4211-8793-5942d4390e1a","asset_attributes":["job_run"],"name":"job run","asset_type":"job_run","created_at":"2023-06-21T20:26:34Z","origin_country":"us","owner_id":"1000330999","project_id":"fd45f770-5633-49cc-a55d-7fd75de556ea","size":0,"usage":{"last_update_time":1687379234251,"last_updated_at":"2023-06-21T20:27:14Z"}},"entity":{"job_run":{"job_ref":"b51dd2a3-90d3-4484-9244-fb1dec1c3c28","job_name":"PGSQL_MDI1 job","job_type":"metadata_import","state":"Completed","isScheduledRun":false,"configuration":{"env_type":"","env_variables":[],"discovery":{"metadata":{"id":"42548d35-994e-4cd2-bff1-cb3b9c6d9e84","invoked_by":"1000330999","bss_account_id":"999","created_at":1687379195234,"started_at":1687379196280,"discovered_at":1687379210407,"processed_at":1687379221588,"finished_at":1687379232001},"entity":{"statistics":{"discovered":30,"discovered_with_children":30,"submit_succ":30,"create_succ":30,"create_succ_with_children":30,"number_of_new_assets":30,"number_of_updated_assets":0,"number_of_removed_assets":0},"status":"COMPLETED","connection_id":"0390541d-5332-4c80-97cd-abcfd8df8226","project_id":"fd45f770-5633-49cc-a55d-7fd75de556ea","job_id":"b51dd2a3-90d3-4484-9244-fb1dec1c3c28","job_run_id":"5f3fcb8c-b5cc-4211-8793-5942d4390e1a","metadata_import_id":"bb8e2b11-5ca5-40d1-a542-fd99a5f3f28a","import_type":"metadata","scope":{"paths":["/university_library","/gdpr"]}}}},"project_name":"testing","runtime_job_id":"42548d35-994e-4cd2-bff1-cb3b9c6d9e84","last_state_change_timestamp":"2023-06-21T20:27:14Z","duration":36}},"attachments":[{"id":"bc366dbd-74ac-4c87-a6e3-2cc1eeaf5cbf","version":2,"asset_type":"job_run","name":"5f3fcb8c-b5cc-4211-8793-5942d4390e1a","description":"log for job run 5f3fcb8c-b5cc-4211-8793-5942d4390e1a","mime":"application/json","datasource_type":"81bafdbd-b7c6-45c5-a4fd-6ec135f66f4e","object_key":"job_run/log/5f3fcb8c-b5cc-4211-8793-5942d4390e1a","creator_id":"icp4d-dev","create_time":1687379227172,"size":0,"is_remote":false,"is_managed":false,"is_referenced":true,"is_object_key_read_only":false,"is_user_provided_path_key":true,"transfer_complete":true,"is_partitioned":true,"complete_time_ticks":1687379227172,"user_data":{},"test_doc":0,"handle":{"type":"assetfiles","key":"job_run/log/5f3fcb8c-b5cc-4211-8793-5942d4390e1a","upload_id":"done","max_part_num":1},"usage":{"access_count":0,"last_accessor_id":"icp4d-dev","last_access_time":1687379227172}},{"id":"bf7a86e5-327a-4636-8b9e-2308da96b433","version":2,"asset_type":"job_run","name":"5f3fcb8c-b5cc-4211-8793-5942d4390e1a","description":"log for job run 5f3fcb8c-b5cc-4211-8793-5942d4390e1a","mime":"application/json","datasource_type":"81bafdbd-b7c6-45c5-a4fd-6ec135f66f4e","object_key":"job_run/log/5f3fcb8c-b5cc-4211-8793-5942d4390e1a","creator_id":"icp4d-dev","create_time":1687379233418,"size":0,"is_remote":false,"is_managed":false,"is_referenced":true,"is_object_key_read_only":false,"is_user_provided_path_key":true,"transfer_complete":true,"is_partitioned":true,"complete_time_ticks":1687379233418,"user_data":{},"test_doc":0,"handle":{"type":"assetfiles","key":"job_run/log/5f3fcb8c-b5cc-4211-8793-5942d4390e1a","upload_id":"done","max_part_num":1},"usage":{"access_count":0,"last_accessor_id":"icp4d-dev","last_access_time":1687379233418}},{"id":"78e48e4e-717c-46fa-8c36-759bbcb436ae","version":2,"asset_type":"job_run","name":"5f3fcb8c-b5cc-4211-8793-5942d4390e1a","description":"log for job run 5f3fcb8c-b5cc-4211-8793-5942d4390e1a","mime":"application/json","datasource_type":"81bafdbd-b7c6-45c5-a4fd-6ec135f66f4e","object_key":"job_run/log/5f3fcb8c-b5cc-4211-8793-5942d4390e1a","creator_id":"icp4d-dev","create_time":1687379234127,"size":0,"is_remote":false,"is_managed":false,"is_referenced":true,"is_object_key_read_only":false,"is_user_provided_path_key":true,"transfer_complete":true,"is_partitioned":true,"complete_time_ticks":1687379234127,"user_data":{},"test_doc":0,"handle":{"type":"assetfiles","key":"job_run/log/5f3fcb8c-b5cc-4211-8793-5942d4390e1a","upload_id":"done","max_part_num":1},"usage":{"access_count":0,"last_accessor_id":"icp4d-dev","last_access_time":1687379234127}}]}