Name,Artifact Type,Category,Artifact ID,Description,Tags,Classifications,Stewards,Related Terms,Business Start,Business End,Data Set Type,Parent Reference Data Sets,Secondary Categories,Custom Columns
Work order statuses,reference_data,7d13f71a-2054-410b-ac4a-81dd01ba6193,d939d486-2b21-44ee-9f25-bc0aa05b31d4,Standardised work order statuses,,,1000331003,7e8d728e-14f5-4ae4-9bff-34195b6171cf,2022-10-18 13:29:04,,TEXT,,,
Country Codes ISO-2,reference_data,eebd338d-dbd5-37e4-9e4a-1296de82963a,18d9cce3-571e-492c-b97d-d2206075bb3c,,,,1000331002,09fab537-20c4-49c6-9c1a-1b3db61a9572,2022-07-20 06:52:49,,TEXT,,,
"",,,,,,,1000331003,59d83bcf-d6b9-4925-9c77-b1c8dc5a24e9,,,,,,
"",,,,,,,,eafd4ddb-9e10-4c4d-9aab-d81194bd53af,,,,,,
Sovereign Locations,reference_data,eebd338d-dbd5-37e4-9e4a-1296de82963a,534561ac-1080-3714-b7aa-5a5809ff1f00,Sovereign Locations Reference Dataset (SLRDS) is defined as sovereign administration data.,,,,,2022-09-06 15:44:42,,TEXT,,,
UK Counties by Country,reference_data,eebd338d-dbd5-37e4-9e4a-1296de82963a,65fdc4cd-8a79-4e07-a8a8-e1ccc6712a9b,,,,1000331002,,2022-07-20 06:49:00,,TEXT,79d7a02c-5e9f-4977-82b6-1cc37480e3d9,,TEXT||COUNTRY
Country Codes,reference_data,eebd338d-dbd5-37e4-9e4a-1296de82963a,79d7a02c-5e9f-4977-82b6-1cc37480e3d9,,,,1000331003,09fab537-20c4-49c6-9c1a-1b3db61a9572,2022-07-20 06:56:19,,TEXT,c57cb90f-2126-3800-9c9f-9eab82021cdf,,TEXT||ALPHA2 CODE
"",,,,,,,1000331002,59d83bcf-d6b9-4925-9c77-b1c8dc5a24e9,,,,,,TEXT||ALPHA3 CODE
"",,,,,,,,eafd4ddb-9e10-4c4d-9aab-d81194bd53af,,,,,,TEXT||ISO-3166-2 CODE
Physical Locations,reference_data,eebd338d-dbd5-37e4-9e4a-1296de82963a,c57cb90f-2126-3800-9c9f-9eab82021cdf,Physical Locations Reference Dataset (PLRDS) is defined as geographical position data.,,,,,2022-09-06 15:44:42,,TEXT,,,
UK Counties,reference_data,,4691beac-bef4-4629-b22e-1e7593289c8a,,demo,,1000331003,,2022-01-04 19:50:45,,TEXT,,,
"",,,,,,,1000331002,,,,,,,
US State Codes,reference_data,,509bd23c-ef76-419f-9ec4-932b620a57ba,,,,1000331002,,2022-07-20 06:59:29,,TEXT,79d7a02c-5e9f-4977-82b6-1cc37480e3d9,,TEXT||ABBREVIATION
"",,,,,,,1000331003,,,,,,,
