{"metadata":{"asset_id":"bbdaedd0-a176-40bc-866b-f9b51d1cf38d","asset_attributes":["notebook"],"name":"ajs-test-ntebok","asset_type":"notebook","created_at":"2023-03-27T14:21:41Z","description":"","origin_country":"us","owner_id":"1000330999","project_id":"2308b344-abfa-4608-b981-77cde85ada00","size":1477,"tags":["notebook"],"usage":{"last_update_time":1679927195089,"last_updated_at":"2023-03-27T14:26:35Z"}},"entity":{"notebook":{"kernel":{"name":"python3","display_name":"Python 3.10","language":"python"},"originates_from":{"type":"blank"},"runtime":{"environment":"rt222py-2308b344-abfa-4608-b981-77cde85ada00"}}},"attachments":[{"id":"02f860c4-8719-4607-97a4-55d3707945f2","version":2,"asset_type":"notebook","name":"attachment for notebook bbdaedd0-a176-40bc-866b-f9b51d1cf38d","description":"attachment for notebook bbdaedd0-a176-40bc-866b-f9b51d1cf38d","mime":"application/json","datasource_type":"81bafdbd-b7c6-45c5-a4fd-6ec135f66f4e","object_key":"notebook/ajs-test-ntebok_qHs-wXRZq.ipynb","creator_id":"1000330999","create_time":1679926901424,"size":1477,"is_remote":false,"is_managed":false,"is_referenced":true,"is_object_key_read_only":false,"is_user_provided_path_key":true,"transfer_complete":true,"is_partitioned":false,"complete_time_ticks":1679926901424,"user_data":{},"test_doc":0,"handle":{"type":"assetfiles","key":"notebook/ajs-test-ntebok_qHs-wXRZq.ipynb","upload_id":"done","max_part_num":1},"usage":{"access_count":3,"last_accessor_id":"1000330999","last_access_time":1679927195087,"last_updater_id":"1000330999","last_update_time":1679927195087}}]}