Name,Artifact Type,Category,Artifact ID,Description,Tags,Classifications,Stewards,Related Terms,Business Start,Business End,Data Set Type,Parent Reference Data Sets,Secondary Categories,Custom Columns
Sovereign Locations,reference_data,eebd338d-dbd5-37e4-9e4a-1296de82963a,534561ac-1080-3714-b7aa-5a5809ff1f00,Sovereign Locations Reference Dataset (SLRDS) is defined as sovereign administration data.,,,,,,,TEXT,,,
Physical Locations,reference_data,eebd338d-dbd5-37e4-9e4a-1296de82963a,c57cb90f-2126-3800-9c9f-9eab82021cdf,Physical Locations Reference Dataset (PLRDS) is defined as geographical position data.,,,,,,,TEXT,,,
NAICS,reference_data,d3a338fd-edb2-4d29-b5a1-19421f98d7d6,84a9438b-c478-475d-9b1f-b617dc896ee0,,,,,ca9f2524-594b-4f65-b89a-2e578cabf646,2022-10-13 00:44:29,,TEXT,,,TEXT||SEQ_NO||
Emp_Status,reference_data,d3a338fd-edb2-4d29-b5a1-19421f98d7d6,a59302ca-e609-4c1d-81c8-99fb9912dc5b,,,,,,2022-10-13 00:55:41,,TEXT,,,
