{"description":"Connection credentials asset type","fields":[{"key":"connection_id","type":"string","facet":false,"is_array":false,"is_searchable_across_types":false},{"key":"owner_id","type":"string","facet":false,"is_array":false,"is_searchable_across_types":false}],"relationships":[{"key":"connection_id","target_asset_type":"connection","on_delete_target":"CASCADE","on_delete":"IGNORE","on_clone_target":"IGNORE","on_clone":"IGNORE","on_promote":"IGNORE","on_publish":"IGNORE"}],"global_search_searchable":[],"attribute_only":false,"version":1,"name":"connection_credentials","scope":"GLOBAL"}