{"description":"An asset that represents a table structure in the physical data model","fields":[],"relationships":[],"properties":{"description":{"type":"string","description":"Text description of the table used as a comment"},"notes":{"type":"string","description":"Free form textual notes that a user can add"}},"localized_metadata_attributes":{"name":{"default":"Physical Data Model Table","en":"Physical Data Model Table"}},"global_search_searchable":[],"attribute_only":false,"version":1,"name":"ibm_physical_model_table","scope":"GLOBAL"}