"code","value","description","parent","reference data set","related terms","is_multi_mapped_to_c57cb90f-2126-3800-9c9f-9eab82021cdf"
"JPN","Japan","Japan",,"534561ac-1080-3714-b7aa-5a5809ff1f00",,"OSA,TOK"
"PRT","Portugal","Portugal","EU",,,
"ITA","Italy","Italy","EU",,,
"DEU","Germany","Germany","EU",,,"FRA"
"PRK","Korea (Democratic People's Republic of)","Korea (Democratic People's Republic of)",,,,
"HKG","Hong Kong","Hong Kong",,,,
"USA","United States of America","United States of America",,,,"DAL,WAS"
"NLD","Netherlands","Netherlands","EU",,,
"CAN","Canada","Canada",,,,"TOR"
"AUS","Australia","Australia",,,,"SYD"
"CHN","China","China",,,,
"TUR","Turkey","Turkey",,,,
"CHL","Chile","Chile",,,,
"MEX","Mexico","Mexico",,,,
"NZL","New Zealand","New Zealand",,,,
"GBR","United Kingdom of Great Britain and Northern Ireland","United Kingdom of Great Britain and Northern Ireland",,,,"LON"
"BRA","Brazil","Brazil",,,,"SAO"
"ARG","Argentina","Argentina",,,,
"EU","European Union","European Union",,,,
"BEL","Belgium","Belgium","EU",,,
"RUS","Russian Federation","Russian Federation",,,,
"FRA","France","France","EU",,,
