{"metadata":{"asset_id":"1ab21305-2f54-48a3-bb86-a891c83c9d9d","asset_attributes":["data_asset"],"name":"banking_demo_test.csv","asset_type":"data_asset","created_at":"2022-07-13T11:10:23Z","origin_country":"us","owner_id":"1000330999","project_id":"6d8022e5-71c7-41c7-a697-e6c26fabebeb","size":689623,"usage":{"last_update_time":1657710625165,"last_updated_at":"2022-07-13T11:10:25Z"}},"entity":{"data_asset":{"mime_type":"text/csv","dataset":false}},"attachments":[{"id":"8e500bad-765c-4728-a937-6a9067731d7c","version":2,"asset_type":"data_asset","name":"banking_demo_test.csv","mime":"text/csv","datasource_type":"81bafdbd-b7c6-45c5-a4fd-6ec135f66f4e","object_key":"data_asset/banking_demo_test.csv","creator_id":"1000330999","create_time":1657710625164,"size":689623,"is_remote":false,"is_managed":false,"is_referenced":true,"is_object_key_read_only":true,"is_user_provided_path_key":true,"transfer_complete":true,"is_partitioned":false,"complete_time_ticks":1657710625164,"user_data":{},"test_doc":0,"handle":{"key":"data_asset/banking_demo_test.csv","upload_id":"done","max_part_num":1},"usage":{"access_count":0,"last_accessor_id":"1000330999","last_access_time":1657710625164}}]}