{"metadata":{"asset_id":"bb09fb40-1a0c-4b46-b6f5-edfefe91dad9","asset_attributes":["data_asset","column_info","discovered_asset","metadata_enrichment_area_info","metadata_enrichment_info"],"name":"ENTITYGROUPS","asset_type":"data_asset","created_at":"2022-11-16T16:26:35Z","origin_country":"us","owner_id":"1000330999","project_id":"3f06ede8-0d0b-41a2-b331-a5b1eb10bcfb","size":0,"tags":["cactus"],"usage":{"last_update_time":1668616057681,"last_updated_at":"2022-11-16T16:27:37Z"}},"entity":{"data_asset":{"mime_type":"application/x-ibm-rel-table","dataset":true,"columns":[{"name":"ENTITYGROUP_K","type":{"length":10,"nullable":false,"type":"char","scale":0,"signed":false}},{"name":"ENTITY_K","type":{"length":10,"nullable":false,"type":"char","scale":0,"signed":false}},{"name":"MEMBERENTITY_K","type":{"length":10,"nullable":false,"type":"char","scale":0,"signed":false}},{"name":"TYPE_RTK","type":{"length":10,"nullable":false,"type":"char","scale":0,"signed":false}},{"name":"CACHETIMESTAMP","type":{"length":23,"nullable":true,"type":"timestamp","scale":3,"signed":false}},{"name":"CTC_REQUIRED","type":{"length":1,"nullable":false,"type":"bit","scale":0,"signed":false}},{"name":"CTC_MODIFIEDDATE","type":{"length":23,"nullable":true,"type":"timestamp","scale":3,"signed":false}},{"name":"INS_DT","type":{"length":23,"nullable":true,"type":"timestamp","scale":3,"signed":false}},{"name":"ROW_STATUS_CD","type":{"length":1,"nullable":true,"type":"varchar","scale":0,"signed":false}},{"name":"ETL_JOB_ID","type":{"length":5,"nullable":true,"type":"smallint","scale":0,"signed":true}}],"properties":[{"name":"schema_name","value":"cactus"},{"name":"table_name","value":"ENTITYGROUPS"}]},"column_info":{"CTC_MODIFIEDDATE":{},"CTC_REQUIRED":{},"ENTITY_K":{},"MEMBERENTITY_K":{},"INS_DT":{},"ETL_JOB_ID":{},"CACHETIMESTAMP":{},"ENTITYGROUP_K":{},"TYPE_RTK":{},"ROW_STATUS_CD":{}},"discovered_asset":{"connection_id":"a4f9a17a-5792-4434-bc54-23f30a49dbbe","connection_path":"/cactus/ENTITYGROUPS","discovery_id":"a5899b50-1049-4d77-a300-5edf3c6c6051","metadata_import_id":"f2362e7f-850d-4856-856b-78d696e7456c","first_imported_timestamp":1668615995186,"last_imported_timestamp":1668615995186,"outdated_timestamp":0,"last_discovered_timestamp":1668615995186,"outdated_reason":""},"metadata_enrichment_area_info":{"area_id":"912abf57-0daf-4ffc-ad96-deb8cde332a6","added_date":1668616055617},"metadata_enrichment_info":{"MDE_instrumented":true}},"attachments":[{"id":"202df604-9e74-41f1-920f-083b56ee1b62","version":2,"asset_type":"data_asset","name":"reference_data","connection_id":"a4f9a17a-5792-4434-bc54-23f30a49dbbe","connection_path":"/cactus/ENTITYGROUPS","datasource_type":"48695e79-6279-474a-b539-342625d3dfc2","creator_id":"icp4d-dev","create_time":1668615995045,"size":0,"is_remote":true,"is_managed":false,"is_referenced":false,"is_object_key_read_only":false,"is_user_provided_path_key":true,"transfer_complete":true,"is_partitioned":false,"complete_time_ticks":1668615995045,"user_data":{},"test_doc":0,"usage":{"access_count":0,"last_accessor_id":"icp4d-dev","last_access_time":1668615995045}}]}