{"metadata":{"asset_id":"bf667b36-6052-4a62-ae1a-036de12eda1b","asset_attributes":["data_asset","column_info","discovered_asset","metadata_enrichment_area_info","metadata_enrichment_info"],"name":"LANGUAGE_DIM","asset_type":"data_asset","created_at":"2022-11-16T16:28:53Z","origin_country":"us","owner_id":"1000330999","project_id":"3f06ede8-0d0b-41a2-b331-a5b1eb10bcfb","size":0,"tags":["pdi"],"usage":{"last_update_time":1668616181134,"last_updated_at":"2022-11-16T16:29:41Z"}},"entity":{"data_asset":{"mime_type":"application/x-ibm-rel-table","dataset":true,"columns":[{"name":"LANGUAGE_ID","type":{"length":10,"nullable":false,"type":"integer","scale":0,"signed":true}},{"name":"ENTITY_ID","type":{"length":10,"nullable":false,"type":"integer","scale":0,"signed":true}},{"name":"ENTITY_NAME","type":{"length":40,"nullable":false,"type":"varchar","scale":0,"signed":false}},{"name":"TYPE_NAME","type":{"length":65,"nullable":true,"type":"varchar","scale":0,"signed":false}},{"name":"CD","type":{"length":12,"nullable":false,"type":"varchar","scale":0,"signed":false}},{"name":"DESCR","type":{"length":80,"nullable":true,"type":"varchar","scale":0,"signed":false}},{"name":"DSHS_CD","type":{"length":2,"nullable":true,"type":"varchar","scale":0,"signed":false}},{"name":"STATE_RPT_CD","type":{"length":2,"nullable":true,"type":"varchar","scale":0,"signed":false}},{"name":"HEDIS_CD","type":{"length":10,"nullable":true,"type":"varchar","scale":0,"signed":false}},{"name":"HEDIS_DESC","type":{"length":50,"nullable":true,"type":"varchar","scale":0,"signed":false}},{"name":"ISO6392_CD","type":{"length":3,"nullable":true,"type":"varchar","scale":0,"signed":false}},{"name":"PRIMARY_IND","type":{"length":1,"nullable":true,"type":"bit","scale":0,"signed":false}},{"name":"INS_DT","type":{"length":16,"nullable":true,"type":"timestamp","scale":0,"signed":false}},{"name":"UPDT_DT","type":{"length":16,"nullable":true,"type":"timestamp","scale":0,"signed":false}},{"name":"ROW_SOURCE_ID","type":{"length":3,"nullable":false,"type":"tinyint","scale":0,"signed":false}},{"name":"ROW_STATUS_CD","type":{"length":1,"nullable":false,"type":"char","scale":0,"signed":false}},{"name":"ETL_JOB_ID","type":{"length":5,"nullable":false,"type":"smallint","scale":0,"signed":true}}],"properties":[{"name":"schema_name","value":"pdi"},{"name":"table_name","value":"LANGUAGE_DIM"}]},"column_info":{"CD":{},"DSHS_CD":{},"STATE_RPT_CD":{},"ENTITY_ID":{},"INS_DT":{},"HEDIS_DESC":{},"PRIMARY_IND":{},"ISO6392_CD":{},"ETL_JOB_ID":{},"HEDIS_CD":{},"ROW_SOURCE_ID":{},"LANGUAGE_ID":{},"TYPE_NAME":{},"ROW_STATUS_CD":{},"ENTITY_NAME":{},"DESCR":{},"UPDT_DT":{}},"discovered_asset":{"connection_id":"a4f9a17a-5792-4434-bc54-23f30a49dbbe","connection_path":"/pdi/LANGUAGE_DIM","discovery_id":"5c4bc50d-0bba-4093-a1a7-d28c3e1a3b28","metadata_import_id":"6be672ae-3cc1-487c-aaff-df95ebf678e1","first_imported_timestamp":1668616134046,"last_imported_timestamp":1668616134046,"outdated_timestamp":0,"last_discovered_timestamp":1668616134046,"outdated_reason":""},"metadata_enrichment_area_info":{"area_id":"4209faa6-3e86-40ad-81da-c0f642d66537","added_date":1668616180515},"metadata_enrichment_info":{"MDE_instrumented":true}},"attachments":[{"id":"a46fee84-c3d4-443c-ab43-e9a365479ac8","version":2,"asset_type":"data_asset","name":"reference_data","connection_id":"a4f9a17a-5792-4434-bc54-23f30a49dbbe","connection_path":"/pdi/LANGUAGE_DIM","datasource_type":"48695e79-6279-474a-b539-342625d3dfc2","creator_id":"icp4d-dev","create_time":1668616133814,"size":0,"is_remote":true,"is_managed":false,"is_referenced":false,"is_object_key_read_only":false,"is_user_provided_path_key":true,"transfer_complete":true,"is_partitioned":false,"complete_time_ticks":1668616133814,"user_data":{},"test_doc":0,"usage":{"access_count":0,"last_accessor_id":"icp4d-dev","last_access_time":1668616133814}}]}