{"metadata":{"asset_id":"2fe86cd1-e7a3-435f-82df-8d6f7b8ee483","asset_attributes":["data_asset","column_info","discovered_asset","metadata_enrichment_area_info","metadata_enrichment_info"],"name":"CREDENTIALING","asset_type":"data_asset","created_at":"2022-11-16T16:26:33Z","origin_country":"us","owner_id":"1000330999","project_id":"3f06ede8-0d0b-41a2-b331-a5b1eb10bcfb","size":0,"tags":["cactus"],"usage":{"last_update_time":1668616057681,"last_updated_at":"2022-11-16T16:27:37Z"}},"entity":{"data_asset":{"mime_type":"application/x-ibm-rel-table","dataset":true,"columns":[{"name":"CREDENTIALING_K","type":{"length":10,"nullable":false,"type":"varchar","scale":0,"signed":false}},{"name":"CREDENTIALINGGROUP_K","type":{"length":10,"nullable":true,"type":"varchar","scale":0,"signed":false}},{"name":"PROVIDER_K","type":{"length":10,"nullable":true,"type":"varchar","scale":0,"signed":false}},{"name":"TYPE_RTK","type":{"length":10,"nullable":true,"type":"varchar","scale":0,"signed":false}},{"name":"ENTITY_K","type":{"length":10,"nullable":true,"type":"varchar","scale":0,"signed":false}},{"name":"COMPLETED","type":{"length":1,"nullable":true,"type":"bit","scale":0,"signed":false}},{"name":"CREDENTIALINGSTATUS_RTK","type":{"length":10,"nullable":true,"type":"varchar","scale":0,"signed":false}},{"name":"CREDENTIALINGSTATUS_ASOF","type":{"length":16,"nullable":true,"type":"timestamp","scale":0,"signed":false}},{"name":"CREDENTIALING_STARTDATE","type":{"length":16,"nullable":true,"type":"timestamp","scale":0,"signed":false}},{"name":"APPLICATION_SENT","type":{"length":16,"nullable":true,"type":"timestamp","scale":0,"signed":false}},{"name":"APPLICATION_RECEIVED","type":{"length":16,"nullable":true,"type":"timestamp","scale":0,"signed":false}},{"name":"PRIVILEGES_ROLLFOWARD","type":{"length":1,"nullable":true,"type":"bit","scale":0,"signed":false}},{"name":"PRIVILEGES_STARTDATE","type":{"length":16,"nullable":true,"type":"timestamp","scale":0,"signed":false}},{"name":"PRIVILEGES_ENDDATE","type":{"length":16,"nullable":true,"type":"timestamp","scale":0,"signed":false}},{"name":"USERDEF_RTK1","type":{"length":10,"nullable":true,"type":"varchar","scale":0,"signed":false}},{"name":"USERDEF_RTK2","type":{"length":10,"nullable":true,"type":"varchar","scale":0,"signed":false}},{"name":"USERDEF_RTK3","type":{"length":10,"nullable":true,"type":"varchar","scale":0,"signed":false}},{"name":"USERDEF_C1","type":{"length":30,"nullable":true,"type":"varchar","scale":0,"signed":false}},{"name":"USERDEF_C2","type":{"length":30,"nullable":true,"type":"varchar","scale":0,"signed":false}},{"name":"USERDEF_C3","type":{"length":30,"nullable":true,"type":"varchar","scale":0,"signed":false}},{"name":"USERDEF_D1","type":{"length":23,"nullable":true,"type":"timestamp","scale":3,"signed":false}},{"name":"USERDEF_D2","type":{"length":23,"nullable":true,"type":"timestamp","scale":3,"signed":false}},{"name":"USERDEF_D3","type":{"length":23,"nullable":true,"type":"timestamp","scale":3,"signed":false}},{"name":"USERDEF_N1","type":{"length":15,"nullable":true,"type":"float","scale":0,"signed":true}},{"name":"USERDEF_N2","type":{"length":15,"nullable":true,"type":"float","scale":0,"signed":true}},{"name":"USERDEF_N3","type":{"length":15,"nullable":true,"type":"float","scale":0,"signed":true}},{"name":"USERDEF_L1","type":{"length":1,"nullable":true,"type":"bit","scale":0,"signed":false}},{"name":"USERDEF_L2","type":{"length":1,"nullable":true,"type":"bit","scale":0,"signed":false}},{"name":"USERDEF_L3","type":{"length":1,"nullable":true,"type":"bit","scale":0,"signed":false}},{"name":"USERDEF_M1","type":{"length":8000,"nullable":true,"type":"varchar","scale":0,"signed":false}},{"name":"USERDEF_M2","type":{"length":8000,"nullable":true,"type":"varchar","scale":0,"signed":false}},{"name":"USERDEF_M3","type":{"length":8000,"nullable":true,"type":"varchar","scale":0,"signed":false}},{"name":"ACTIVE","type":{"length":1,"nullable":true,"type":"bit","scale":0,"signed":false}},{"name":"WEBPUBLISHSTATUS_RTK","type":{"length":10,"nullable":true,"type":"varchar","scale":0,"signed":false}},{"name":"RESPONSIBLE_WORKGROUP_RTK","type":{"length":10,"nullable":true,"type":"varchar","scale":0,"signed":false}},{"name":"ATTESTATION_DATE","type":{"length":16,"nullable":true,"type":"timestamp","scale":0,"signed":false}},{"name":"COMPLETED_DATE","type":{"length":16,"nullable":true,"type":"timestamp","scale":0,"signed":false}},{"name":"ISSUES","type":{"length":1,"nullable":true,"type":"bit","scale":0,"signed":false}},{"name":"CREDACTIVITYCOMPLETESINSTANCE","type":{"length":1,"nullable":true,"type":"bit","scale":0,"signed":false}},{"name":"CREDENTIALING_ROLLFWDBEHAVIOR","type":{"length":10,"nullable":true,"type":"integer","scale":0,"signed":true}},{"name":"CREDENTIALING_ROLLFWDPRIVS","type":{"length":1,"nullable":true,"type":"bit","scale":0,"signed":false}},{"name":"INS_DT","type":{"length":16,"nullable":true,"type":"timestamp","scale":0,"signed":false}},{"name":"ROW_STATUS_CD","type":{"length":1,"nullable":true,"type":"varchar","scale":0,"signed":false}},{"name":"ETL_JOB_ID","type":{"length":5,"nullable":true,"type":"smallint","scale":0,"signed":true}}],"properties":[{"name":"schema_name","value":"cactus"},{"name":"table_name","value":"CREDENTIALING"}]},"column_info":{"RESPONSIBLE_WORKGROUP_RTK":{},"ACTIVE":{},"USERDEF_C1":{},"PRIVILEGES_ROLLFOWARD":{},"USERDEF_C3":{},"USERDEF_C2":{},"ATTESTATION_DATE":{},"USERDEF_M1":{},"CREDENTIALINGSTATUS_ASOF":{},"COMPLETED":{},"USERDEF_M3":{},"USERDEF_M2":{},"CREDENTIALING_STARTDATE":{},"CREDENTIALING_ROLLFWDPRIVS":{},"PROVIDER_K":{},"PRIVILEGES_ENDDATE":{},"CREDENTIALING_K":{},"USERDEF_RTK3":{},"USERDEF_RTK2":{},"INS_DT":{},"USERDEF_RTK1":{},"CREDENTIALING_ROLLFWDBEHAVIOR":{},"USERDEF_D2":{},"USERDEF_D1":{},"CREDACTIVITYCOMPLETESINSTANCE":{},"TYPE_RTK":{},"APPLICATION_SENT":{},"USERDEF_D3":{},"APPLICATION_RECEIVED":{},"USERDEF_N2":{},"ISSUES":{},"USERDEF_N1":{},"USERDEF_L2":{},"USERDEF_N3":{},"USERDEF_L1":{},"PRIVILEGES_STARTDATE":{},"WEBPUBLISHSTATUS_RTK":{},"CREDENTIALINGGROUP_K":{},"ENTITY_K":{},"USERDEF_L3":{},"COMPLETED_DATE":{},"ETL_JOB_ID":{},"CREDENTIALINGSTATUS_RTK":{},"ROW_STATUS_CD":{}},"discovered_asset":{"connection_id":"a4f9a17a-5792-4434-bc54-23f30a49dbbe","connection_path":"/cactus/CREDENTIALING","discovery_id":"a5899b50-1049-4d77-a300-5edf3c6c6051","metadata_import_id":"f2362e7f-850d-4856-856b-78d696e7456c","first_imported_timestamp":1668615993598,"last_imported_timestamp":1668615993598,"outdated_timestamp":0,"last_discovered_timestamp":1668615993598,"outdated_reason":""},"metadata_enrichment_area_info":{"area_id":"912abf57-0daf-4ffc-ad96-deb8cde332a6","added_date":1668616055617},"metadata_enrichment_info":{"MDE_instrumented":true}},"attachments":[{"id":"57c3d157-17af-461e-9e0a-70cbaa65e163","version":2,"asset_type":"data_asset","name":"reference_data","connection_id":"a4f9a17a-5792-4434-bc54-23f30a49dbbe","connection_path":"/cactus/CREDENTIALING","datasource_type":"48695e79-6279-474a-b539-342625d3dfc2","creator_id":"icp4d-dev","create_time":1668615993343,"size":0,"is_remote":true,"is_managed":false,"is_referenced":false,"is_object_key_read_only":false,"is_user_provided_path_key":true,"transfer_complete":true,"is_partitioned":false,"complete_time_ticks":1668615993343,"user_data":{},"test_doc":0,"usage":{"access_count":0,"last_accessor_id":"icp4d-dev","last_access_time":1668615993343}}]}