{"metadata":{"asset_id":"deea46e7-791c-4deb-94c9-e597bd6b513b","asset_attributes":["data_asset","column_info","discovered_asset","metadata_enrichment_area_info","metadata_enrichment_info"],"name":"VENDOR_DIM","asset_type":"data_asset","created_at":"2022-11-16T16:28:57Z","origin_country":"us","owner_id":"1000330999","project_id":"3f06ede8-0d0b-41a2-b331-a5b1eb10bcfb","size":0,"tags":["pdi"],"usage":{"last_update_time":1668616181134,"last_updated_at":"2022-11-16T16:29:41Z"}},"entity":{"data_asset":{"mime_type":"application/x-ibm-rel-table","dataset":true,"columns":[{"name":"VENDOR_ID","type":{"length":10,"nullable":false,"type":"integer","scale":0,"signed":true}},{"name":"EXT_VENDOR_ID","type":{"length":15,"nullable":true,"type":"varchar","scale":0,"signed":false}},{"name":"VENDOR_NAME","type":{"length":65,"nullable":true,"type":"varchar","scale":0,"signed":false}},{"name":"PRACTICE_NAME","type":{"length":65,"nullable":true,"type":"varchar","scale":0,"signed":false}},{"name":"TYPE_NAME","type":{"length":65,"nullable":true,"type":"varchar","scale":0,"signed":false}},{"name":"NPI","type":{"length":10,"nullable":true,"type":"varchar","scale":0,"signed":false}},{"name":"START_DT","type":{"length":16,"nullable":true,"type":"timestamp","scale":0,"signed":false}},{"name":"END_DT","type":{"length":16,"nullable":true,"type":"timestamp","scale":0,"signed":false}},{"name":"FED_TAX_ID","type":{"length":50,"nullable":true,"type":"varchar","scale":0,"signed":false}},{"name":"MEDICAID_NO","type":{"length":20,"nullable":true,"type":"varchar","scale":0,"signed":false}},{"name":"MEDICARE_NO","type":{"length":20,"nullable":true,"type":"varchar","scale":0,"signed":false}},{"name":"SEPERATE_1099_IND","type":{"length":1,"nullable":true,"type":"bit","scale":0,"signed":false}},{"name":"ACTIVE_IND","type":{"length":1,"nullable":true,"type":"bit","scale":0,"signed":false}},{"name":"INS_DT","type":{"length":16,"nullable":false,"type":"timestamp","scale":3,"signed":false}},{"name":"UPDT_DT","type":{"length":16,"nullable":true,"type":"timestamp","scale":0,"signed":false}},{"name":"ROW_SOURCE_ID","type":{"length":3,"nullable":false,"type":"tinyint","scale":0,"signed":false}},{"name":"ROW_STATUS_CD","type":{"length":1,"nullable":false,"type":"char","scale":0,"signed":false}},{"name":"INFERRED_IND","type":{"length":1,"nullable":false,"type":"bit","scale":0,"signed":false}},{"name":"ETL_JOB_ID","type":{"length":5,"nullable":false,"type":"smallint","scale":0,"signed":true}},{"name":"CREATED_BY","type":{"length":8,"nullable":true,"type":"varchar","scale":0,"signed":false}},{"name":"MODIFIED_BY","type":{"length":8,"nullable":true,"type":"varchar","scale":0,"signed":false}}],"properties":[{"name":"schema_name","value":"pdi"},{"name":"table_name","value":"VENDOR_DIM"}]},"column_info":{"VENDOR_NAME":{},"MEDICAID_NO":{},"CREATED_BY":{},"PRACTICE_NAME":{},"MODIFIED_BY":{},"INS_DT":{},"NPI":{},"INFERRED_IND":{},"START_DT":{},"VENDOR_ID":{},"FED_TAX_ID":{},"SEPERATE_1099_IND":{},"ACTIVE_IND":{},"ETL_JOB_ID":{},"ROW_SOURCE_ID":{},"MEDICARE_NO":{},"TYPE_NAME":{},"END_DT":{},"ROW_STATUS_CD":{},"EXT_VENDOR_ID":{},"UPDT_DT":{}},"discovered_asset":{"connection_id":"a4f9a17a-5792-4434-bc54-23f30a49dbbe","connection_path":"/pdi/VENDOR_DIM","discovery_id":"5c4bc50d-0bba-4093-a1a7-d28c3e1a3b28","metadata_import_id":"6be672ae-3cc1-487c-aaff-df95ebf678e1","first_imported_timestamp":1668616137557,"last_imported_timestamp":1668616137557,"outdated_timestamp":0,"last_discovered_timestamp":1668616137557,"outdated_reason":""},"metadata_enrichment_area_info":{"area_id":"4209faa6-3e86-40ad-81da-c0f642d66537","added_date":1668616180515},"metadata_enrichment_info":{"MDE_instrumented":true}},"attachments":[{"id":"db146d34-0508-41c1-8f68-d5b57e3c031e","version":2,"asset_type":"data_asset","name":"reference_data","connection_id":"a4f9a17a-5792-4434-bc54-23f30a49dbbe","connection_path":"/pdi/VENDOR_DIM","datasource_type":"48695e79-6279-474a-b539-342625d3dfc2","creator_id":"icp4d-dev","create_time":1668616137373,"size":0,"is_remote":true,"is_managed":false,"is_referenced":false,"is_object_key_read_only":false,"is_user_provided_path_key":true,"transfer_complete":true,"is_partitioned":false,"complete_time_ticks":1668616137373,"user_data":{},"test_doc":0,"usage":{"access_count":0,"last_accessor_id":"icp4d-dev","last_access_time":1668616137373}}]}