{"metadata":{"asset_id":"5de31730-1a7d-4861-9929-7fcb18a64878","asset_attributes":["data_asset","column_info","discovered_asset","metadata_enrichment_area_info","metadata_enrichment_info"],"name":"NPINUMBER","asset_type":"data_asset","created_at":"2022-11-16T16:26:38Z","origin_country":"us","owner_id":"1000330999","project_id":"3f06ede8-0d0b-41a2-b331-a5b1eb10bcfb","size":0,"tags":["cactus"],"usage":{"last_update_time":1668616057681,"last_updated_at":"2022-11-16T16:27:37Z"}},"entity":{"data_asset":{"mime_type":"application/x-ibm-rel-table","dataset":true,"columns":[{"name":"NPINUMBER_K","type":{"length":10,"nullable":false,"type":"varchar","scale":0,"signed":false}},{"name":"NPIPROFILE_K","type":{"length":10,"nullable":false,"type":"varchar","scale":0,"signed":false}},{"name":"ENTITY_K","type":{"length":10,"nullable":false,"type":"varchar","scale":0,"signed":false}},{"name":"CMSINTERFACEUPDATE","type":{"length":1,"nullable":false,"type":"bit","scale":0,"signed":false}},{"name":"INDIVIDUALORGANIZATIONFLAG","type":{"length":10,"nullable":false,"type":"integer","scale":0,"signed":true}},{"name":"NPI","type":{"length":10,"nullable":false,"type":"varchar","scale":0,"signed":false}},{"name":"ENUMERATIONDATE","type":{"length":16,"nullable":true,"type":"timestamp","scale":0,"signed":false}},{"name":"ACTIVE","type":{"length":1,"nullable":false,"type":"bit","scale":0,"signed":false}},{"name":"REPLACEMENT","type":{"length":1,"nullable":false,"type":"bit","scale":0,"signed":false}},{"name":"PREVIOUS","type":{"length":1,"nullable":false,"type":"bit","scale":0,"signed":false}},{"name":"DEACTIVATION","type":{"length":1,"nullable":false,"type":"bit","scale":0,"signed":false}},{"name":"DEACTIVATIONDATE","type":{"length":16,"nullable":true,"type":"timestamp","scale":0,"signed":false}},{"name":"DEACTIVATIONSTATUS_RTK","type":{"length":10,"nullable":false,"type":"varchar","scale":0,"signed":false}},{"name":"DEACTIVATIONREASON","type":{"length":8000,"nullable":true,"type":"varchar","scale":0,"signed":false}},{"name":"REACTIVATIONDATE","type":{"length":16,"nullable":true,"type":"timestamp","scale":0,"signed":false}},{"name":"WEBPUBLISHSTATUS_RTK","type":{"length":10,"nullable":false,"type":"varchar","scale":0,"signed":false}},{"name":"SYSTEMCREATED","type":{"length":16,"nullable":true,"type":"timestamp","scale":0,"signed":false}},{"name":"INS_DT","type":{"length":23,"nullable":true,"type":"timestamp","scale":3,"signed":false}},{"name":"ROW_STATUS_CD","type":{"length":1,"nullable":true,"type":"varchar","scale":0,"signed":false}},{"name":"ETL_JOB_ID","type":{"length":5,"nullable":true,"type":"smallint","scale":0,"signed":true}}],"properties":[{"name":"schema_name","value":"cactus"},{"name":"table_name","value":"NPINUMBER"}]},"column_info":{"ENUMERATIONDATE":{},"CMSINTERFACEUPDATE":{},"DEACTIVATIONREASON":{},"ACTIVE":{},"INS_DT":{},"NPINUMBER_K":{},"NPI":{},"INDIVIDUALORGANIZATIONFLAG":{},"DEACTIVATIONDATE":{},"PREVIOUS":{},"DEACTIVATIONSTATUS_RTK":{},"REPLACEMENT":{},"WEBPUBLISHSTATUS_RTK":{},"ENTITY_K":{},"ETL_JOB_ID":{},"NPIPROFILE_K":{},"SYSTEMCREATED":{},"ROW_STATUS_CD":{},"DEACTIVATION":{},"REACTIVATIONDATE":{}},"discovered_asset":{"connection_id":"a4f9a17a-5792-4434-bc54-23f30a49dbbe","connection_path":"/cactus/NPINUMBER","discovery_id":"a5899b50-1049-4d77-a300-5edf3c6c6051","metadata_import_id":"f2362e7f-850d-4856-856b-78d696e7456c","first_imported_timestamp":1668615999559,"last_imported_timestamp":1668615999559,"outdated_timestamp":0,"last_discovered_timestamp":1668615999559,"outdated_reason":""},"metadata_enrichment_area_info":{"area_id":"912abf57-0daf-4ffc-ad96-deb8cde332a6","added_date":1668616055617},"metadata_enrichment_info":{"MDE_instrumented":true}},"attachments":[{"id":"9c4fef6a-05e5-4f25-bd63-84e1f28f75ba","version":2,"asset_type":"data_asset","name":"reference_data","connection_id":"a4f9a17a-5792-4434-bc54-23f30a49dbbe","connection_path":"/cactus/NPINUMBER","datasource_type":"48695e79-6279-474a-b539-342625d3dfc2","creator_id":"icp4d-dev","create_time":1668615998915,"size":0,"is_remote":true,"is_managed":false,"is_referenced":false,"is_object_key_read_only":false,"is_user_provided_path_key":true,"transfer_complete":true,"is_partitioned":false,"complete_time_ticks":1668615998915,"user_data":{},"test_doc":0,"usage":{"access_count":0,"last_accessor_id":"icp4d-dev","last_access_time":1668615998915}}]}