{"metadata":{"asset_id":"f75a50e9-72e6-437b-97ed-657cad831a54","asset_attributes":["data_asset","column_info","discovered_asset","metadata_enrichment_area_info","metadata_enrichment_info"],"name":"plan_provider_language","asset_type":"data_asset","created_at":"2022-11-16T15:39:32Z","origin_country":"us","owner_id":"1000330999","project_id":"3f06ede8-0d0b-41a2-b331-a5b1eb10bcfb","size":0,"tags":["dbo"],"usage":{"last_update_time":1668613294000,"last_updated_at":"2022-11-16T15:41:34Z"}},"entity":{"data_asset":{"mime_type":"application/x-ibm-rel-table","dataset":true,"columns":[{"name":"provider_language_id","type":{"length":10,"nullable":false,"type":"integer","scale":0,"signed":true}},{"name":"provider_id","type":{"length":10,"nullable":false,"type":"integer","scale":0,"signed":true}},{"name":"seq_no","type":{"length":5,"nullable":true,"type":"smallint","scale":0,"signed":true}},{"name":"language","type":{"length":255,"nullable":true,"type":"varchar","scale":0,"signed":false}},{"name":"orig_provider_language_id","type":{"length":255,"nullable":false,"type":"varchar","scale":0,"signed":false}},{"name":"orig_provider_id","type":{"length":255,"nullable":false,"type":"varchar","scale":0,"signed":false}},{"name":"orig_source_id","type":{"length":255,"nullable":false,"type":"varchar","scale":0,"signed":false}},{"name":"source_id","type":{"length":10,"nullable":false,"type":"integer","scale":0,"signed":true}},{"name":"insert_timestamp","type":{"length":23,"nullable":false,"type":"timestamp","scale":3,"signed":false}},{"name":"update_timestamp","type":{"length":23,"nullable":false,"type":"timestamp","scale":3,"signed":false}},{"name":"create_timestamp","type":{"length":23,"nullable":true,"type":"timestamp","scale":3,"signed":false}},{"name":"modify_timestamp","type":{"length":23,"nullable":true,"type":"timestamp","scale":3,"signed":false}},{"name":"created_by","type":{"length":50,"nullable":true,"type":"varchar","scale":0,"signed":false}},{"name":"modified_by","type":{"length":50,"nullable":true,"type":"varchar","scale":0,"signed":false}},{"name":"delete_ind","type":{"length":1,"nullable":false,"type":"char","scale":0,"signed":false}},{"name":"loaded_from_file","type":{"length":255,"nullable":true,"type":"varchar","scale":0,"signed":false}}],"properties":[{"name":"schema_name","value":"dbo"},{"name":"table_name","value":"plan_provider_language"}]},"column_info":{"provider_language_id":{},"seq_no":{},"insert_timestamp":{},"orig_source_id":{},"language":{},"orig_provider_id":{},"created_by":{},"loaded_from_file":{},"orig_provider_language_id":{},"update_timestamp":{},"create_timestamp":{},"modify_timestamp":{},"modified_by":{},"provider_id":{},"delete_ind":{},"source_id":{}},"discovered_asset":{"connection_id":"a4f9a17a-5792-4434-bc54-23f30a49dbbe","connection_path":"/dbo/plan_provider_language","discovery_id":"366422c6-643d-4630-a9bd-c812096e227d","metadata_import_id":"65517ed3-0cb6-480d-b515-9476c78986a9","first_imported_timestamp":1668613172360,"last_imported_timestamp":1668613172360,"outdated_timestamp":0,"last_discovered_timestamp":1668613172360,"outdated_reason":""},"metadata_enrichment_area_info":{"area_id":"e4988153-7c4b-4147-bf08-ad9655ddeffb","added_date":1668613292117},"metadata_enrichment_info":{"MDE_instrumented":true}},"attachments":[{"id":"0345dc53-745a-4750-a7af-3203dacce840","version":2,"asset_type":"data_asset","name":"reference_data","connection_id":"a4f9a17a-5792-4434-bc54-23f30a49dbbe","connection_path":"/dbo/plan_provider_language","datasource_type":"48695e79-6279-474a-b539-342625d3dfc2","creator_id":"icp4d-dev","create_time":1668613172149,"size":0,"is_remote":true,"is_managed":false,"is_referenced":false,"is_object_key_read_only":false,"is_user_provided_path_key":true,"transfer_complete":true,"is_partitioned":false,"complete_time_ticks":1668613172149,"user_data":{},"test_doc":0,"usage":{"access_count":0,"last_accessor_id":"icp4d-dev","last_access_time":1668613172149}}]}