{"metadata":{"asset_id":"c576bca4-7c21-482c-b880-32e546bcaff7","asset_attributes":["data_asset","column_info","discovered_asset","metadata_enrichment_area_info","metadata_enrichment_info"],"name":"PROVIDERADDRESSES","asset_type":"data_asset","created_at":"2022-11-16T16:26:39Z","origin_country":"us","owner_id":"1000330999","project_id":"3f06ede8-0d0b-41a2-b331-a5b1eb10bcfb","size":0,"tags":["cactus"],"usage":{"last_update_time":1668616057681,"last_updated_at":"2022-11-16T16:27:37Z"}},"entity":{"data_asset":{"mime_type":"application/x-ibm-rel-table","dataset":true,"columns":[{"name":"PROVIDERADDRESS_K","type":{"length":10,"nullable":false,"type":"varchar","scale":0,"signed":false}},{"name":"ADDRESS_K","type":{"length":10,"nullable":false,"type":"varchar","scale":0,"signed":false}},{"name":"PROVIDER_K","type":{"length":10,"nullable":false,"type":"varchar","scale":0,"signed":false}},{"name":"ENTITY_K","type":{"length":10,"nullable":false,"type":"varchar","scale":0,"signed":false}},{"name":"SALUTATION","type":{"length":50,"nullable":false,"type":"varchar","scale":0,"signed":false}},{"name":"ATTENTION","type":{"length":50,"nullable":false,"type":"varchar","scale":0,"signed":false}},{"name":"ADDRESSTYPE_RTK","type":{"length":10,"nullable":false,"type":"varchar","scale":0,"signed":false}},{"name":"DISPLAYORDER","type":{"length":10,"nullable":false,"type":"integer","scale":0,"signed":true}},{"name":"COSTCENTER_RTK","type":{"length":10,"nullable":false,"type":"varchar","scale":0,"signed":false}},{"name":"STATUS_RTK","type":{"length":10,"nullable":false,"type":"varchar","scale":0,"signed":false}},{"name":"SILENT","type":{"length":1,"nullable":false,"type":"bit","scale":0,"signed":false}},{"name":"SEEPATIENTS","type":{"length":1,"nullable":false,"type":"bit","scale":0,"signed":false}},{"name":"FROMDATE","type":{"length":16,"nullable":true,"type":"timestamp","scale":0,"signed":false}},{"name":"TODATE","type":{"length":16,"nullable":true,"type":"timestamp","scale":0,"signed":false}},{"name":"ACTIVE","type":{"length":1,"nullable":false,"type":"bit","scale":0,"signed":false}},{"name":"ONSITEREVIEW","type":{"length":1,"nullable":false,"type":"bit","scale":0,"signed":false}},{"name":"MONDAY_AMOPEN","type":{"length":4,"nullable":false,"type":"varchar","scale":0,"signed":false}},{"name":"MONDAY_AMCLOSE","type":{"length":4,"nullable":false,"type":"varchar","scale":0,"signed":false}},{"name":"MONDAY_PMOPEN","type":{"length":4,"nullable":false,"type":"varchar","scale":0,"signed":false}},{"name":"MONDAY_PMCLOSE","type":{"length":4,"nullable":false,"type":"varchar","scale":0,"signed":false}},{"name":"TUESDAY_AMOPEN","type":{"length":4,"nullable":false,"type":"varchar","scale":0,"signed":false}},{"name":"TUESDAY_AMCLOSE","type":{"length":4,"nullable":false,"type":"varchar","scale":0,"signed":false}},{"name":"TUESDAY_PMOPEN","type":{"length":4,"nullable":false,"type":"varchar","scale":0,"signed":false}},{"name":"TUESDAY_PMCLOSE","type":{"length":4,"nullable":false,"type":"varchar","scale":0,"signed":false}},{"name":"WEDNESDAY_AMOPEN","type":{"length":4,"nullable":false,"type":"varchar","scale":0,"signed":false}},{"name":"WEDNESDAY_AMCLOSE","type":{"length":4,"nullable":false,"type":"varchar","scale":0,"signed":false}},{"name":"WEDNESDAY_PMOPEN","type":{"length":4,"nullable":false,"type":"varchar","scale":0,"signed":false}},{"name":"WEDNESDAY_PMCLOSE","type":{"length":4,"nullable":false,"type":"varchar","scale":0,"signed":false}},{"name":"THURSDAY_AMOPEN","type":{"length":4,"nullable":false,"type":"varchar","scale":0,"signed":false}},{"name":"THURSDAY_AMCLOSE","type":{"length":4,"nullable":false,"type":"varchar","scale":0,"signed":false}},{"name":"THURSDAY_PMOPEN","type":{"length":4,"nullable":false,"type":"varchar","scale":0,"signed":false}},{"name":"THURSDAY_PMCLOSE","type":{"length":4,"nullable":false,"type":"varchar","scale":0,"signed":false}},{"name":"FRIDAY_AMOPEN","type":{"length":4,"nullable":false,"type":"varchar","scale":0,"signed":false}},{"name":"FRIDAY_AMCLOSE","type":{"length":4,"nullable":false,"type":"varchar","scale":0,"signed":false}},{"name":"FRIDAY_PMOPEN","type":{"length":4,"nullable":false,"type":"varchar","scale":0,"signed":false}},{"name":"FRIDAY_PMCLOSE","type":{"length":4,"nullable":false,"type":"varchar","scale":0,"signed":false}},{"name":"SATURDAY_AMOPEN","type":{"length":4,"nullable":false,"type":"varchar","scale":0,"signed":false}},{"name":"SATURDAY_AMCLOSE","type":{"length":4,"nullable":false,"type":"varchar","scale":0,"signed":false}},{"name":"SATURDAY_PMOPEN","type":{"length":4,"nullable":false,"type":"varchar","scale":0,"signed":false}},{"name":"SATURDAY_PMCLOSE","type":{"length":4,"nullable":false,"type":"varchar","scale":0,"signed":false}},{"name":"SUNDAY_AMOPEN","type":{"length":4,"nullable":false,"type":"varchar","scale":0,"signed":false}},{"name":"SUNDAY_AMCLOSE","type":{"length":4,"nullable":false,"type":"varchar","scale":0,"signed":false}},{"name":"SUNDAY_PMOPEN","type":{"length":4,"nullable":false,"type":"varchar","scale":0,"signed":false}},{"name":"SUNDAY_PMCLOSE","type":{"length":4,"nullable":false,"type":"varchar","scale":0,"signed":false}},{"name":"TAXIDNUMBER","type":{"length":15,"nullable":false,"type":"varchar","scale":0,"signed":false}},{"name":"MEDICARENUMBER","type":{"length":20,"nullable":false,"type":"varchar","scale":0,"signed":false}},{"name":"MEDICAIDNUMBER","type":{"length":20,"nullable":false,"type":"varchar","scale":0,"signed":false}},{"name":"SERVICEZONE_RTK","type":{"length":10,"nullable":false,"type":"varchar","scale":0,"signed":false}},{"name":"TRAVELTIP1","type":{"length":8000,"nullable":true,"type":"varchar","scale":0,"signed":false}},{"name":"TRAVELTIP2","type":{"length":8000,"nullable":true,"type":"varchar","scale":0,"signed":false}},{"name":"GENERALHOURS1","type":{"length":8000,"nullable":true,"type":"varchar","scale":0,"signed":false}},{"name":"GENERALHOURS2","type":{"length":8000,"nullable":true,"type":"varchar","scale":0,"signed":false}},{"name":"USERDEF_C1","type":{"length":50,"nullable":true,"type":"char","scale":0,"signed":false}},{"name":"USERDEF_C2","type":{"length":50,"nullable":true,"type":"char","scale":0,"signed":false}},{"name":"USERDEF_C3","type":{"length":50,"nullable":true,"type":"char","scale":0,"signed":false}},{"name":"USERDEF_D1","type":{"length":16,"nullable":true,"type":"timestamp","scale":0,"signed":false}},{"name":"USERDEF_D2","type":{"length":16,"nullable":true,"type":"timestamp","scale":0,"signed":false}},{"name":"USERDEF_D3","type":{"length":16,"nullable":true,"type":"timestamp","scale":0,"signed":false}},{"name":"USERDEF_N1","type":{"length":15,"nullable":false,"type":"float","scale":0,"signed":true}},{"name":"USERDEF_N2","type":{"length":15,"nullable":false,"type":"float","scale":0,"signed":true}},{"name":"USERDEF_N3","type":{"length":15,"nullable":false,"type":"float","scale":0,"signed":true}},{"name":"USERDEF_L1","type":{"length":1,"nullable":false,"type":"bit","scale":0,"signed":false}},{"name":"USERDEF_L2","type":{"length":1,"nullable":false,"type":"bit","scale":0,"signed":false}},{"name":"USERDEF_L3","type":{"length":1,"nullable":false,"type":"bit","scale":0,"signed":false}},{"name":"USERDEF_M1","type":{"length":8000,"nullable":true,"type":"varchar","scale":0,"signed":false}},{"name":"USERDEF_M2","type":{"length":8000,"nullable":true,"type":"varchar","scale":0,"signed":false}},{"name":"USERDEF_M3","type":{"length":8000,"nullable":true,"type":"varchar","scale":0,"signed":false}},{"name":"USERDEF_RTK1","type":{"length":10,"nullable":false,"type":"varchar","scale":0,"signed":false}},{"name":"USERDEF_RTK2","type":{"length":10,"nullable":false,"type":"varchar","scale":0,"signed":false}},{"name":"USERDEF_RTK3","type":{"length":10,"nullable":false,"type":"varchar","scale":0,"signed":false}},{"name":"PROVIDERSPECIFIC_TAXID","type":{"length":15,"nullable":false,"type":"varchar","scale":0,"signed":false}},{"name":"PROVIDERSPECIFIC_PHONE","type":{"length":10,"nullable":false,"type":"varchar","scale":0,"signed":false}},{"name":"PROVIDERSPECIFIC_OTHERPHONE","type":{"length":10,"nullable":false,"type":"varchar","scale":0,"signed":false}},{"name":"PROVIDERSPECIFIC_FAX","type":{"length":10,"nullable":false,"type":"varchar","scale":0,"signed":false}},{"name":"EMAILADDRESS","type":{"length":150,"nullable":false,"type":"varchar","scale":0,"signed":false}},{"name":"HOMEPAGEURL","type":{"length":150,"nullable":true,"type":"char","scale":0,"signed":false}},{"name":"WEBPUBLISHSTATUS_RTK","type":{"length":10,"nullable":false,"type":"varchar","scale":0,"signed":false}},{"name":"PROVIDERSPECIFIC_ALTEXT","type":{"length":10,"nullable":true,"type":"char","scale":0,"signed":false}},{"name":"PROVIDERSPECIFIC_CELL","type":{"length":10,"nullable":false,"type":"varchar","scale":0,"signed":false}},{"name":"PROVIDERSPECIFIC_EXTENSION","type":{"length":10,"nullable":true,"type":"char","scale":0,"signed":false}},{"name":"PROVIDERSPECIFIC_PAGER","type":{"length":10,"nullable":false,"type":"varchar","scale":0,"signed":false}},{"name":"ACCEPTNEWPATIENTS","type":{"length":1,"nullable":false,"type":"bit","scale":0,"signed":false}},{"name":"UNITNAME","type":{"length":60,"nullable":false,"type":"varchar","scale":0,"signed":false}},{"name":"NPI","type":{"length":10,"nullable":false,"type":"varchar","scale":0,"signed":false}},{"name":"NPIPROFILE_K","type":{"length":10,"nullable":false,"type":"varchar","scale":0,"signed":false}},{"name":"PROVIDERSPECIFIC_PAGEREXT","type":{"length":10,"nullable":true,"type":"char","scale":0,"signed":false}},{"name":"PROVIDERSPECIFIC_FAXEXT","type":{"length":10,"nullable":true,"type":"char","scale":0,"signed":false}},{"name":"INS_DT","type":{"length":23,"nullable":true,"type":"timestamp","scale":3,"signed":false}},{"name":"ROW_STATUS_CD","type":{"length":1,"nullable":true,"type":"varchar","scale":0,"signed":false}},{"name":"ETL_JOB_ID","type":{"length":5,"nullable":true,"type":"smallint","scale":0,"signed":true}}],"properties":[{"name":"schema_name","value":"cactus"},{"name":"table_name","value":"PROVIDERADDRESSES"}]},"column_info":{"ATTENTION":{},"PROVIDERSPECIFIC_ALTEXT":{},"PROVIDERSPECIFIC_EXTENSION":{},"PROVIDERSPECIFIC_PAGEREXT":{},"HOMEPAGEURL":{},"DISPLAYORDER":{},"USERDEF_C1":{},"USERDEF_C3":{},"USERDEF_C2":{},"FRIDAY_AMOPEN":{},"MEDICAIDNUMBER":{},"PROVIDERSPECIFIC_PHONE":{},"PROVIDERSPECIFIC_TAXID":{},"SALUTATION":{},"ADDRESS_K":{},"NPIPROFILE_K":{},"TUESDAY_PMCLOSE":{},"WEDNESDAY_AMCLOSE":{},"SILENT":{},"PROVIDERSPECIFIC_CELL":{},"THURSDAY_PMOPEN":{},"SATURDAY_PMOPEN":{},"THURSDAY_PMCLOSE":{},"FROMDATE":{},"INS_DT":{},"PROVIDERSPECIFIC_PAGER":{},"SATURDAY_AMOPEN":{},"FRIDAY_PMCLOSE":{},"TRAVELTIP2":{},"TRAVELTIP1":{},"THURSDAY_AMOPEN":{},"SUNDAY_PMOPEN":{},"USERDEF_N2":{},"UNITNAME":{},"USERDEF_N1":{},"COSTCENTER_RTK":{},"USERDEF_N3":{},"ENTITY_K":{},"PROVIDERSPECIFIC_OTHERPHONE":{},"ETL_JOB_ID":{},"STATUS_RTK":{},"PROVIDERADDRESS_K":{},"SATURDAY_AMCLOSE":{},"MONDAY_PMOPEN":{},"ACTIVE":{},"NPI":{},"SUNDAY_AMOPEN":{},"WEDNESDAY_PMCLOSE":{},"EMAILADDRESS":{},"SUNDAY_AMCLOSE":{},"MONDAY_AMCLOSE":{},"ACCEPTNEWPATIENTS":{},"TAXIDNUMBER":{},"USERDEF_M1":{},"USERDEF_M3":{},"USERDEF_M2":{},"MONDAY_AMOPEN":{},"FRIDAY_PMOPEN":{},"TUESDAY_PMOPEN":{},"MEDICARENUMBER":{},"ONSITEREVIEW":{},"PROVIDER_K":{},"PROVIDERSPECIFIC_FAX":{},"PROVIDERSPECIFIC_FAXEXT":{},"TUESDAY_AMCLOSE":{},"WEDNESDAY_PMOPEN":{},"WEDNESDAY_AMOPEN":{},"USERDEF_RTK3":{},"USERDEF_RTK2":{},"USERDEF_RTK1":{},"GENERALHOURS2":{},"USERDEF_D2":{},"GENERALHOURS1":{},"USERDEF_D1":{},"USERDEF_D3":{},"SATURDAY_PMCLOSE":{},"SERVICEZONE_RTK":{},"USERDEF_L2":{},"SEEPATIENTS":{},"THURSDAY_AMCLOSE":{},"USERDEF_L1":{},"WEBPUBLISHSTATUS_RTK":{},"USERDEF_L3":{},"SUNDAY_PMCLOSE":{},"ADDRESSTYPE_RTK":{},"TODATE":{},"MONDAY_PMCLOSE":{},"TUESDAY_AMOPEN":{},"FRIDAY_AMCLOSE":{},"ROW_STATUS_CD":{}},"discovered_asset":{"connection_id":"a4f9a17a-5792-4434-bc54-23f30a49dbbe","connection_path":"/cactus/PROVIDERADDRESSES","discovery_id":"a5899b50-1049-4d77-a300-5edf3c6c6051","metadata_import_id":"f2362e7f-850d-4856-856b-78d696e7456c","first_imported_timestamp":1668615999539,"last_imported_timestamp":1668615999539,"outdated_timestamp":0,"last_discovered_timestamp":1668615999539,"outdated_reason":""},"metadata_enrichment_area_info":{"area_id":"912abf57-0daf-4ffc-ad96-deb8cde332a6","added_date":1668616055617},"metadata_enrichment_info":{"MDE_instrumented":true}},"attachments":[{"id":"96fcaaff-ef3e-46be-9511-d0ce6ff80cce","version":2,"asset_type":"data_asset","name":"reference_data","connection_id":"a4f9a17a-5792-4434-bc54-23f30a49dbbe","connection_path":"/cactus/PROVIDERADDRESSES","datasource_type":"48695e79-6279-474a-b539-342625d3dfc2","creator_id":"icp4d-dev","create_time":1668615999128,"size":0,"is_remote":true,"is_managed":false,"is_referenced":false,"is_object_key_read_only":false,"is_user_provided_path_key":true,"transfer_complete":true,"is_partitioned":false,"complete_time_ticks":1668615999128,"user_data":{},"test_doc":0,"usage":{"access_count":0,"last_accessor_id":"icp4d-dev","last_access_time":1668615999128}}]}