{"metadata":{"asset_id":"acadab5d-bd2c-4ab0-ad54-8559d73274a7","asset_attributes":["data_asset","column_info","discovered_asset","metadata_enrichment_area_info","metadata_enrichment_info"],"name":"PHARMACY_DIM","asset_type":"data_asset","created_at":"2022-11-16T16:28:54Z","origin_country":"us","owner_id":"1000330999","project_id":"3f06ede8-0d0b-41a2-b331-a5b1eb10bcfb","size":0,"tags":["pdi"],"usage":{"last_update_time":1668616181134,"last_updated_at":"2022-11-16T16:29:41Z"}},"entity":{"data_asset":{"mime_type":"application/x-ibm-rel-table","dataset":true,"columns":[{"name":"PHARMACY_ID","type":{"length":10,"nullable":false,"type":"integer","scale":0,"signed":true}},{"name":"PHARMACY_UID","type":{"length":19,"nullable":true,"type":"bigint","scale":0,"signed":true}},{"name":"PAYEE_NAME","type":{"length":65,"nullable":true,"type":"varchar","scale":0,"signed":false}},{"name":"CHAIN_CD","type":{"length":10,"nullable":true,"type":"integer","scale":0,"signed":true}},{"name":"NABP_NO","type":{"length":15,"nullable":true,"type":"varchar","scale":0,"signed":false}},{"name":"PHARMACY_SVC_TYPE_CD","type":{"length":1,"nullable":true,"type":"varchar","scale":0,"signed":false}},{"name":"PHARMACY_SVC_TYPE_DESC","type":{"length":20,"nullable":true,"type":"varchar","scale":0,"signed":false}},{"name":"NPI_PHARMACY_ID","type":{"length":10,"nullable":true,"type":"varchar","scale":0,"signed":false}},{"name":"INS_DT","type":{"length":16,"nullable":false,"type":"timestamp","scale":3,"signed":false}},{"name":"UPD_DT","type":{"length":16,"nullable":true,"type":"timestamp","scale":0,"signed":false}},{"name":"ROW_SOURCE_ID","type":{"length":3,"nullable":false,"type":"tinyint","scale":0,"signed":false}},{"name":"ROW_STATUS_CD","type":{"length":1,"nullable":false,"type":"char","scale":0,"signed":false}},{"name":"INFERRED_IND","type":{"length":1,"nullable":false,"type":"bit","scale":0,"signed":false}},{"name":"ETL_JOB_ID","type":{"length":5,"nullable":false,"type":"smallint","scale":0,"signed":true}}],"properties":[{"name":"schema_name","value":"pdi"},{"name":"table_name","value":"PHARMACY_DIM"}]},"column_info":{"PHARMACY_ID":{},"PAYEE_NAME":{},"INS_DT":{},"INFERRED_IND":{},"NABP_NO":{},"PHARMACY_SVC_TYPE_DESC":{},"PHARMACY_SVC_TYPE_CD":{},"UPD_DT":{},"ETL_JOB_ID":{},"NPI_PHARMACY_ID":{},"PHARMACY_UID":{},"ROW_SOURCE_ID":{},"CHAIN_CD":{},"ROW_STATUS_CD":{}},"discovered_asset":{"connection_id":"a4f9a17a-5792-4434-bc54-23f30a49dbbe","connection_path":"/pdi/PHARMACY_DIM","discovery_id":"5c4bc50d-0bba-4093-a1a7-d28c3e1a3b28","metadata_import_id":"6be672ae-3cc1-487c-aaff-df95ebf678e1","first_imported_timestamp":1668616135260,"last_imported_timestamp":1668616135260,"outdated_timestamp":0,"last_discovered_timestamp":1668616135260,"outdated_reason":""},"metadata_enrichment_area_info":{"area_id":"4209faa6-3e86-40ad-81da-c0f642d66537","added_date":1668616180515},"metadata_enrichment_info":{"MDE_instrumented":true}},"attachments":[{"id":"0472b280-6ae7-45be-a24b-0a51e0bfa0b2","version":2,"asset_type":"data_asset","name":"reference_data","connection_id":"a4f9a17a-5792-4434-bc54-23f30a49dbbe","connection_path":"/pdi/PHARMACY_DIM","datasource_type":"48695e79-6279-474a-b539-342625d3dfc2","creator_id":"icp4d-dev","create_time":1668616134955,"size":0,"is_remote":true,"is_managed":false,"is_referenced":false,"is_object_key_read_only":false,"is_user_provided_path_key":true,"transfer_complete":true,"is_partitioned":false,"complete_time_ticks":1668616134955,"user_data":{},"test_doc":0,"usage":{"access_count":0,"last_accessor_id":"icp4d-dev","last_access_time":1668616134955}}]}