{"metadata":{"asset_id":"34d19a40-3e07-4b37-8a19-d26c1e04d94c","asset_attributes":["data_asset","column_info","discovered_asset","metadata_enrichment_area_info","metadata_enrichment_info"],"name":"PLAN_DIM","asset_type":"data_asset","created_at":"2022-11-16T16:28:54Z","origin_country":"us","owner_id":"1000330999","project_id":"3f06ede8-0d0b-41a2-b331-a5b1eb10bcfb","size":0,"tags":["pdi"],"usage":{"last_update_time":1668616181134,"last_updated_at":"2022-11-16T16:29:41Z"}},"entity":{"data_asset":{"mime_type":"application/x-ibm-rel-table","dataset":true,"columns":[{"name":"PLAN_ID","type":{"length":3,"nullable":false,"type":"tinyint","scale":0,"signed":false}},{"name":"PLAN_NO_SOURCE","type":{"length":50,"nullable":false,"type":"varchar","scale":0,"signed":false}},{"name":"SHORT_NAME","type":{"length":25,"nullable":false,"type":"varchar","scale":0,"signed":false}},{"name":"FULL_NAME","type":{"length":45,"nullable":false,"type":"varchar","scale":0,"signed":false}},{"name":"TYPE","type":{"length":20,"nullable":true,"type":"varchar","scale":0,"signed":false}},{"name":"PLAN_ID_CHP","type":{"length":10,"nullable":false,"type":"integer","scale":0,"signed":true}},{"name":"PLAN_NO","type":{"length":50,"nullable":false,"type":"varchar","scale":0,"signed":false}},{"name":"PLAN_NAME","type":{"length":100,"nullable":false,"type":"varchar","scale":0,"signed":false}},{"name":"PLAN_DESCRIPTION","type":{"length":100,"nullable":false,"type":"varchar","scale":0,"signed":false}},{"name":"PLAN_TYPE","type":{"length":50,"nullable":false,"type":"varchar","scale":0,"signed":false}},{"name":"IS_MEDICAL","type":{"length":3,"nullable":false,"type":"tinyint","scale":0,"signed":false}},{"name":"IS_DENTAL","type":{"length":3,"nullable":false,"type":"tinyint","scale":0,"signed":false}},{"name":"IS_PHARMACY","type":{"length":3,"nullable":false,"type":"tinyint","scale":0,"signed":false}},{"name":"IS_VISION","type":{"length":3,"nullable":false,"type":"tinyint","scale":0,"signed":false}},{"name":"PLAN_START_DATE","type":{"length":16,"nullable":false,"type":"timestamp","scale":3,"signed":false}},{"name":"PLAN_STOP_DATE","type":{"length":16,"nullable":true,"type":"timestamp","scale":0,"signed":false}},{"name":"ACTIVE_IND","type":{"length":1,"nullable":false,"type":"bit","scale":0,"signed":false}},{"name":"COVERAGE_ORDER","type":{"length":10,"nullable":false,"type":"integer","scale":0,"signed":true}},{"name":"CMS_PBP","type":{"length":3,"nullable":true,"type":"char","scale":0,"signed":false}},{"name":"ESI_BPL","type":{"length":20,"nullable":true,"type":"varchar","scale":0,"signed":false}},{"name":"ESI_PLAN_TYPE","type":{"length":20,"nullable":true,"type":"varchar","scale":0,"signed":false}},{"name":"ESI_BPL_CUP","type":{"length":5,"nullable":true,"type":"char","scale":0,"signed":false}},{"name":"ESI_PLAN_TYPE_CUP","type":{"length":4,"nullable":true,"type":"char","scale":0,"signed":false}},{"name":"CARENET_CODE_PLAN","type":{"length":50,"nullable":true,"type":"varchar","scale":0,"signed":false}},{"name":"JIVA_CODE_PLAN","type":{"length":50,"nullable":false,"type":"varchar","scale":0,"signed":false}},{"name":"JIVA_DESCRIPTION_PLAN","type":{"length":50,"nullable":false,"type":"varchar","scale":0,"signed":false}},{"name":"LOB_ID","type":{"length":3,"nullable":false,"type":"tinyint","scale":0,"signed":false}},{"name":"LOB_NO","type":{"length":3,"nullable":false,"type":"tinyint","scale":0,"signed":false}},{"name":"LOB","type":{"length":10,"nullable":false,"type":"varchar","scale":0,"signed":false}},{"name":"LOB_OLD","type":{"length":10,"nullable":false,"type":"varchar","scale":0,"signed":false}},{"name":"LOB_DESCR","type":{"length":75,"nullable":false,"type":"varchar","scale":0,"signed":false}},{"name":"GROUP_ID","type":{"length":3,"nullable":false,"type":"tinyint","scale":0,"signed":false}},{"name":"EXT_GROUP_NO","type":{"length":10,"nullable":false,"type":"varchar","scale":0,"signed":false}},{"name":"GROUP_CD","type":{"length":15,"nullable":false,"type":"varchar","scale":0,"signed":false}},{"name":"GROUP_NAME","type":{"length":65,"nullable":false,"type":"varchar","scale":0,"signed":false}},{"name":"GROUP_TYPE","type":{"length":15,"nullable":false,"type":"varchar","scale":0,"signed":false}},{"name":"SIC_CODE","type":{"length":7,"nullable":false,"type":"varchar","scale":0,"signed":false}},{"name":"FED_TAX_ID","type":{"length":15,"nullable":false,"type":"varchar","scale":0,"signed":false}},{"name":"INS_DT","type":{"length":16,"nullable":false,"type":"timestamp","scale":3,"signed":false}},{"name":"UPD_DT","type":{"length":16,"nullable":true,"type":"timestamp","scale":0,"signed":false}},{"name":"ROW_SOURCE_ID","type":{"length":3,"nullable":false,"type":"tinyint","scale":0,"signed":false}},{"name":"ROW_STATUS_CD","type":{"length":1,"nullable":false,"type":"char","scale":0,"signed":false}},{"name":"INFERRED_IND","type":{"length":1,"nullable":false,"type":"bit","scale":0,"signed":false}},{"name":"ETL_JOB_ID","type":{"length":5,"nullable":false,"type":"smallint","scale":0,"signed":true}}],"properties":[{"name":"schema_name","value":"pdi"},{"name":"table_name","value":"PLAN_DIM"}]},"column_info":{"JIVA_CODE_PLAN":{},"GROUP_TYPE":{},"COVERAGE_ORDER":{},"IS_DENTAL":{},"PLAN_STOP_DATE":{},"LOB_NO":{},"PLAN_NAME":{},"PLAN_NO":{},"EXT_GROUP_NO":{},"SHORT_NAME":{},"PLAN_ID_CHP":{},"LOB_OLD":{},"IS_MEDICAL":{},"LOB_ID":{},"GROUP_CD":{},"UPD_DT":{},"ACTIVE_IND":{},"FULL_NAME":{},"ROW_SOURCE_ID":{},"CARENET_CODE_PLAN":{},"TYPE":{},"LOB":{},"ESI_PLAN_TYPE":{},"JIVA_DESCRIPTION_PLAN":{},"LOB_DESCR":{},"INS_DT":{},"INFERRED_IND":{},"SIC_CODE":{},"ESI_PLAN_TYPE_CUP":{},"PLAN_ID":{},"PLAN_NO_SOURCE":{},"PLAN_DESCRIPTION":{},"PLAN_START_DATE":{},"CMS_PBP":{},"GROUP_ID":{},"GROUP_NAME":{},"FED_TAX_ID":{},"IS_PHARMACY":{},"ETL_JOB_ID":{},"ESI_BPL_CUP":{},"ESI_BPL":{},"IS_VISION":{},"PLAN_TYPE":{},"ROW_STATUS_CD":{}},"discovered_asset":{"connection_id":"a4f9a17a-5792-4434-bc54-23f30a49dbbe","connection_path":"/pdi/PLAN_DIM","discovery_id":"5c4bc50d-0bba-4093-a1a7-d28c3e1a3b28","metadata_import_id":"6be672ae-3cc1-487c-aaff-df95ebf678e1","first_imported_timestamp":1668616134955,"last_imported_timestamp":1668616134955,"outdated_timestamp":0,"last_discovered_timestamp":1668616134955,"outdated_reason":""},"metadata_enrichment_area_info":{"area_id":"4209faa6-3e86-40ad-81da-c0f642d66537","added_date":1668616180515},"metadata_enrichment_info":{"MDE_instrumented":true}},"attachments":[{"id":"f4f2d792-3dc0-4497-9d6b-326e092dce06","version":2,"asset_type":"data_asset","name":"reference_data","connection_id":"a4f9a17a-5792-4434-bc54-23f30a49dbbe","connection_path":"/pdi/PLAN_DIM","datasource_type":"48695e79-6279-474a-b539-342625d3dfc2","creator_id":"icp4d-dev","create_time":1668616134622,"size":0,"is_remote":true,"is_managed":false,"is_referenced":false,"is_object_key_read_only":false,"is_user_provided_path_key":true,"transfer_complete":true,"is_partitioned":false,"complete_time_ticks":1668616134622,"user_data":{},"test_doc":0,"usage":{"access_count":0,"last_accessor_id":"icp4d-dev","last_access_time":1668616134622}}]}