{"metadata":{"asset_id":"383d6202-975b-4cf7-b65b-d438a1632aa9","asset_attributes":["data_asset","column_info","discovered_asset","metadata_enrichment_area_info","metadata_enrichment_info"],"name":"PROVIDER_DIM","asset_type":"data_asset","created_at":"2022-11-16T16:28:56Z","origin_country":"us","owner_id":"1000330999","project_id":"3f06ede8-0d0b-41a2-b331-a5b1eb10bcfb","size":0,"tags":["pdi"],"usage":{"last_update_time":1668616181134,"last_updated_at":"2022-11-16T16:29:41Z"}},"entity":{"data_asset":{"mime_type":"application/x-ibm-rel-table","dataset":true,"columns":[{"name":"PROVIDER_ID","type":{"length":10,"nullable":false,"type":"integer","scale":0,"signed":true}},{"name":"EXT_PROVIDER_ID","type":{"length":14,"nullable":true,"type":"varchar","scale":0,"signed":false}},{"name":"MSO_ID","type":{"length":5,"nullable":true,"type":"smallint","scale":0,"signed":true}},{"name":"DEA_NO","type":{"length":20,"nullable":true,"type":"varchar","scale":0,"signed":false}},{"name":"NPI","type":{"length":10,"nullable":true,"type":"varchar","scale":0,"signed":false}},{"name":"SORT_NAME","type":{"length":65,"nullable":true,"type":"varchar","scale":0,"signed":false}},{"name":"LICENSE","type":{"length":5,"nullable":true,"type":"varchar","scale":0,"signed":false}},{"name":"FIRST_NAME","type":{"length":50,"nullable":true,"type":"varchar","scale":0,"signed":false}},{"name":"MIDDLE_NAME","type":{"length":50,"nullable":true,"type":"varchar","scale":0,"signed":false}},{"name":"LAST_NAME","type":{"length":75,"nullable":true,"type":"varchar","scale":0,"signed":false}},{"name":"GENDER_CD","type":{"length":1,"nullable":true,"type":"char","scale":0,"signed":false}},{"name":"TYPE_DESC","type":{"length":60,"nullable":true,"type":"varchar","scale":0,"signed":false}},{"name":"EMAIL","type":{"length":60,"nullable":true,"type":"varchar","scale":0,"signed":false}},{"name":"UPIN","type":{"length":15,"nullable":true,"type":"varchar","scale":0,"signed":false}},{"name":"INSTITUTIONAL_FLAG","type":{"length":1,"nullable":true,"type":"bit","scale":0,"signed":false}},{"name":"ACTIVE_IND","type":{"length":1,"nullable":true,"type":"bit","scale":0,"signed":false}},{"name":"INS_DT","type":{"length":16,"nullable":false,"type":"timestamp","scale":3,"signed":false}},{"name":"UPDT_DT","type":{"length":16,"nullable":true,"type":"timestamp","scale":0,"signed":false}},{"name":"ROW_SOURCE_ID","type":{"length":3,"nullable":false,"type":"tinyint","scale":0,"signed":false}},{"name":"ROW_STATUS_CD","type":{"length":1,"nullable":false,"type":"char","scale":0,"signed":false}},{"name":"INFERRED_IND","type":{"length":1,"nullable":false,"type":"bit","scale":0,"signed":false}},{"name":"ETL_JOB_ID","type":{"length":5,"nullable":false,"type":"smallint","scale":0,"signed":true}},{"name":"PROVIDER_ID_LINK","type":{"length":10,"nullable":true,"type":"integer","scale":0,"signed":true}},{"name":"MEDICARE_HOSPITAL_CD","type":{"length":15,"nullable":true,"type":"varchar","scale":0,"signed":false}},{"name":"MEDICAID_HOSPITAL_CD","type":{"length":15,"nullable":true,"type":"varchar","scale":0,"signed":false}},{"name":"PROVIDER_TYPE","type":{"length":15,"nullable":true,"type":"varchar","scale":0,"signed":false}},{"name":"PROVIDER_TYPE_DESC","type":{"length":60,"nullable":true,"type":"varchar","scale":0,"signed":false}},{"name":"CREATED_BY","type":{"length":8,"nullable":true,"type":"varchar","scale":0,"signed":false}},{"name":"MODIFIED_BY","type":{"length":8,"nullable":true,"type":"varchar","scale":0,"signed":false}},{"name":"PROVIDER_LICENSE","type":{"length":15,"nullable":true,"type":"varchar","scale":0,"signed":false}},{"name":"DIRECTORY_INCL","type":{"length":1,"nullable":true,"type":"varchar","scale":0,"signed":false}},{"name":"Provider_Validated","type":{"length":1,"nullable":true,"type":"varchar","scale":0,"signed":false}}],"properties":[{"name":"schema_name","value":"pdi"},{"name":"table_name","value":"PROVIDER_DIM"}]},"column_info":{"MEDICARE_HOSPITAL_CD":{},"PROVIDER_TYPE":{},"MODIFIED_BY":{},"NPI":{},"LAST_NAME":{},"EMAIL":{},"PROVIDER_ID":{},"FIRST_NAME":{},"GENDER_CD":{},"ACTIVE_IND":{},"PROVIDER_TYPE_DESC":{},"MIDDLE_NAME":{},"ROW_SOURCE_ID":{},"EXT_PROVIDER_ID":{},"LICENSE":{},"PROVIDER_ID_LINK":{},"CREATED_BY":{},"INS_DT":{},"INFERRED_IND":{},"UPIN":{},"MSO_ID":{},"SORT_NAME":{},"PROVIDER_LICENSE":{},"DEA_NO":{},"DIRECTORY_INCL":{},"ETL_JOB_ID":{},"MEDICAID_HOSPITAL_CD":{},"INSTITUTIONAL_FLAG":{},"TYPE_DESC":{},"ROW_STATUS_CD":{},"Provider_Validated":{},"UPDT_DT":{}},"discovered_asset":{"connection_id":"a4f9a17a-5792-4434-bc54-23f30a49dbbe","connection_path":"/pdi/PROVIDER_DIM","discovery_id":"5c4bc50d-0bba-4093-a1a7-d28c3e1a3b28","metadata_import_id":"6be672ae-3cc1-487c-aaff-df95ebf678e1","first_imported_timestamp":1668616136569,"last_imported_timestamp":1668616136569,"outdated_timestamp":0,"last_discovered_timestamp":1668616136569,"outdated_reason":""},"metadata_enrichment_area_info":{"area_id":"4209faa6-3e86-40ad-81da-c0f642d66537","added_date":1668616180515},"metadata_enrichment_info":{"MDE_instrumented":true}},"attachments":[{"id":"733125b8-1931-468c-95c9-94eb9536ae22","version":2,"asset_type":"data_asset","name":"reference_data","connection_id":"a4f9a17a-5792-4434-bc54-23f30a49dbbe","connection_path":"/pdi/PROVIDER_DIM","datasource_type":"48695e79-6279-474a-b539-342625d3dfc2","creator_id":"icp4d-dev","create_time":1668616136350,"size":0,"is_remote":true,"is_managed":false,"is_referenced":false,"is_object_key_read_only":false,"is_user_provided_path_key":true,"transfer_complete":true,"is_partitioned":false,"complete_time_ticks":1668616136350,"user_data":{},"test_doc":0,"usage":{"access_count":0,"last_accessor_id":"icp4d-dev","last_access_time":1668616136350}}]}