{"metadata":{"asset_id":"3a340e2b-78cf-4333-8818-66b42d84c7aa","asset_attributes":["data_asset","column_info","discovered_asset","metadata_enrichment_area_info","metadata_enrichment_info"],"name":"PROVIDEREDUCATION","asset_type":"data_asset","created_at":"2022-11-16T16:26:39Z","origin_country":"us","owner_id":"1000330999","project_id":"3f06ede8-0d0b-41a2-b331-a5b1eb10bcfb","size":0,"tags":["cactus"],"usage":{"last_update_time":1668616059518,"last_updated_at":"2022-11-16T16:27:39Z"}},"entity":{"data_asset":{"mime_type":"application/x-ibm-rel-table","dataset":true,"columns":[{"name":"PROVIDEREDUCATION_K","type":{"length":10,"nullable":false,"type":"varchar","scale":0,"signed":false}},{"name":"PROVIDER_K","type":{"length":10,"nullable":false,"type":"varchar","scale":0,"signed":false}},{"name":"DEGREE_RTK","type":{"length":10,"nullable":false,"type":"varchar","scale":0,"signed":false}},{"name":"DEGREETYPE_RTK","type":{"length":10,"nullable":false,"type":"varchar","scale":0,"signed":false}},{"name":"ENTITY_K","type":{"length":10,"nullable":false,"type":"varchar","scale":0,"signed":false}},{"name":"SPECIALTY_RTK","type":{"length":10,"nullable":false,"type":"varchar","scale":0,"signed":false}},{"name":"TITLE_RTK","type":{"length":10,"nullable":false,"type":"varchar","scale":0,"signed":false}},{"name":"PROGRAM_RTK","type":{"length":10,"nullable":false,"type":"varchar","scale":0,"signed":false}},{"name":"INSTITUTION_K","type":{"length":10,"nullable":false,"type":"varchar","scale":0,"signed":false}},{"name":"CONTACT_NAME","type":{"length":40,"nullable":false,"type":"varchar","scale":0,"signed":false}},{"name":"CONTACT_PHONE","type":{"length":10,"nullable":false,"type":"varchar","scale":0,"signed":false}},{"name":"CONTACT_FAX","type":{"length":10,"nullable":false,"type":"varchar","scale":0,"signed":false}},{"name":"CONTACT_EMAIL","type":{"length":50,"nullable":false,"type":"varchar","scale":0,"signed":false}},{"name":"EDUCATIONTYPE_RTK","type":{"length":10,"nullable":false,"type":"varchar","scale":0,"signed":false}},{"name":"CONTACTINFO","type":{"length":8000,"nullable":true,"type":"varchar","scale":0,"signed":false}},{"name":"STARTDATE","type":{"length":16,"nullable":true,"type":"timestamp","scale":0,"signed":false}},{"name":"FINISHDATE","type":{"length":16,"nullable":true,"type":"timestamp","scale":0,"signed":false}},{"name":"GRADUATE_COMPLETE","type":{"length":1,"nullable":false,"type":"bit","scale":0,"signed":false}},{"name":"PERSISTENTVERIFICATIONS","type":{"length":1,"nullable":false,"type":"bit","scale":0,"signed":false}},{"name":"CLASS_RANK","type":{"length":10,"nullable":false,"type":"integer","scale":0,"signed":true}},{"name":"CLASS_COUNT","type":{"length":10,"nullable":false,"type":"integer","scale":0,"signed":true}},{"name":"CLASS_PERCENTILE","type":{"length":15,"nullable":false,"type":"float","scale":0,"signed":true}},{"name":"WEBPUBLISHSTATUS_RTK","type":{"length":10,"nullable":false,"type":"varchar","scale":0,"signed":false}},{"name":"USERDEF_RTK1","type":{"length":10,"nullable":false,"type":"varchar","scale":0,"signed":false}},{"name":"USERDEF_RTK2","type":{"length":10,"nullable":false,"type":"varchar","scale":0,"signed":false}},{"name":"USERDEF_RTK3","type":{"length":10,"nullable":false,"type":"varchar","scale":0,"signed":false}},{"name":"USERDEF_C1","type":{"length":30,"nullable":false,"type":"varchar","scale":0,"signed":false}},{"name":"USERDEF_C2","type":{"length":30,"nullable":false,"type":"varchar","scale":0,"signed":false}},{"name":"USERDEF_C3","type":{"length":30,"nullable":false,"type":"varchar","scale":0,"signed":false}},{"name":"USERDEF_M1","type":{"length":8000,"nullable":true,"type":"varchar","scale":0,"signed":false}},{"name":"USERDEF_M2","type":{"length":8000,"nullable":true,"type":"varchar","scale":0,"signed":false}},{"name":"USERDEF_M3","type":{"length":8000,"nullable":true,"type":"varchar","scale":0,"signed":false}},{"name":"USERDEF_D1","type":{"length":16,"nullable":true,"type":"timestamp","scale":0,"signed":false}},{"name":"USERDEF_D2","type":{"length":16,"nullable":true,"type":"timestamp","scale":0,"signed":false}},{"name":"USERDEF_D3","type":{"length":16,"nullable":true,"type":"timestamp","scale":0,"signed":false}},{"name":"USERDEF_L1","type":{"length":1,"nullable":false,"type":"bit","scale":0,"signed":false}},{"name":"USERDEF_L2","type":{"length":1,"nullable":false,"type":"bit","scale":0,"signed":false}},{"name":"USERDEF_L3","type":{"length":1,"nullable":false,"type":"bit","scale":0,"signed":false}},{"name":"USERDEF_N1","type":{"length":15,"nullable":false,"type":"float","scale":0,"signed":true}},{"name":"USERDEF_N2","type":{"length":15,"nullable":false,"type":"float","scale":0,"signed":true}},{"name":"USERDEF_N3","type":{"length":15,"nullable":false,"type":"float","scale":0,"signed":true}},{"name":"CERTIFICATENUMBER","type":{"length":20,"nullable":false,"type":"varchar","scale":0,"signed":false}},{"name":"INS_DT","type":{"length":23,"nullable":true,"type":"timestamp","scale":3,"signed":false}},{"name":"ROW_STATUS_CD","type":{"length":1,"nullable":true,"type":"varchar","scale":0,"signed":false}},{"name":"ETL_JOB_ID","type":{"length":5,"nullable":true,"type":"smallint","scale":0,"signed":true}}],"properties":[{"name":"schema_name","value":"cactus"},{"name":"table_name","value":"PROVIDEREDUCATION"}]},"column_info":{"STARTDATE":{},"USERDEF_C1":{},"DEGREE_RTK":{},"USERDEF_C3":{},"PROGRAM_RTK":{},"USERDEF_C2":{},"CLASS_PERCENTILE":{},"USERDEF_M1":{},"FINISHDATE":{},"USERDEF_M3":{},"USERDEF_M2":{},"PROVIDEREDUCATION_K":{},"PROVIDER_K":{},"GRADUATE_COMPLETE":{},"TITLE_RTK":{},"CONTACT_NAME":{},"CONTACTINFO":{},"PERSISTENTVERIFICATIONS":{},"USERDEF_RTK3":{},"USERDEF_RTK2":{},"INS_DT":{},"SPECIALTY_RTK":{},"USERDEF_RTK1":{},"CONTACT_FAX":{},"CLASS_COUNT":{},"USERDEF_D2":{},"CONTACT_PHONE":{},"USERDEF_D1":{},"EDUCATIONTYPE_RTK":{},"CLASS_RANK":{},"USERDEF_D3":{},"USERDEF_N2":{},"CERTIFICATENUMBER":{},"INSTITUTION_K":{},"USERDEF_N1":{},"USERDEF_L2":{},"USERDEF_L1":{},"USERDEF_N3":{},"WEBPUBLISHSTATUS_RTK":{},"ENTITY_K":{},"USERDEF_L3":{},"CONTACT_EMAIL":{},"DEGREETYPE_RTK":{},"ETL_JOB_ID":{},"ROW_STATUS_CD":{}},"discovered_asset":{"connection_id":"a4f9a17a-5792-4434-bc54-23f30a49dbbe","connection_path":"/cactus/PROVIDEREDUCATION","discovery_id":"a5899b50-1049-4d77-a300-5edf3c6c6051","metadata_import_id":"f2362e7f-850d-4856-856b-78d696e7456c","first_imported_timestamp":1668615999965,"last_imported_timestamp":1668615999965,"outdated_timestamp":0,"last_discovered_timestamp":1668615999965,"outdated_reason":""},"metadata_enrichment_area_info":{"area_id":"912abf57-0daf-4ffc-ad96-deb8cde332a6","added_date":1668616055617},"metadata_enrichment_info":{"MDE_instrumented":true}},"attachments":[{"id":"973afa0f-39a4-4749-9d42-a2771db7a94c","version":2,"asset_type":"data_asset","name":"reference_data","connection_id":"a4f9a17a-5792-4434-bc54-23f30a49dbbe","connection_path":"/cactus/PROVIDEREDUCATION","datasource_type":"48695e79-6279-474a-b539-342625d3dfc2","creator_id":"icp4d-dev","create_time":1668615999662,"size":0,"is_remote":true,"is_managed":false,"is_referenced":false,"is_object_key_read_only":false,"is_user_provided_path_key":true,"transfer_complete":true,"is_partitioned":false,"complete_time_ticks":1668615999662,"user_data":{},"test_doc":0,"usage":{"access_count":0,"last_accessor_id":"icp4d-dev","last_access_time":1668615999662}}]}