{"metadata":{"asset_id":"0cfb7867-3865-47b6-b299-eb65021e23f7","asset_attributes":["data_asset","column_info","discovered_asset","metadata_enrichment_area_info","metadata_enrichment_info"],"name":"PROVIDER_CONTRACT_FACT","asset_type":"data_asset","created_at":"2022-11-16T16:28:55Z","origin_country":"us","owner_id":"1000330999","project_id":"3f06ede8-0d0b-41a2-b331-a5b1eb10bcfb","size":0,"tags":["pdi"],"usage":{"last_update_time":1668616181134,"last_updated_at":"2022-11-16T16:29:41Z"}},"entity":{"data_asset":{"mime_type":"application/x-ibm-rel-table","dataset":true,"columns":[{"name":"PROVIDER_CONTRACT_ID","type":{"length":10,"nullable":false,"type":"integer","scale":0,"signed":true}},{"name":"MSO_ID","type":{"length":5,"nullable":true,"type":"smallint","scale":0,"signed":true}},{"name":"CLINIC_ID","type":{"length":5,"nullable":true,"type":"smallint","scale":0,"signed":true}},{"name":"PROVIDER_ID","type":{"length":10,"nullable":true,"type":"integer","scale":0,"signed":true}},{"name":"VENDOR_ID","type":{"length":10,"nullable":true,"type":"integer","scale":0,"signed":true}},{"name":"VENDOR_ADDRESS_ID","type":{"length":10,"nullable":true,"type":"integer","scale":0,"signed":true}},{"name":"LOB_ID","type":{"length":3,"nullable":true,"type":"tinyint","scale":0,"signed":false}},{"name":"PROVIDER_SPECIALTY_ID","type":{"length":10,"nullable":true,"type":"integer","scale":0,"signed":true}},{"name":"PROVIDER_TAXONOMY_ID","type":{"length":10,"nullable":true,"type":"integer","scale":0,"signed":true}},{"name":"CONTRACT_TYPE","type":{"length":15,"nullable":true,"type":"varchar","scale":0,"signed":false}},{"name":"PCP_IND","type":{"length":1,"nullable":true,"type":"char","scale":0,"signed":false}},{"name":"PAR_IND","type":{"length":1,"nullable":true,"type":"char","scale":0,"signed":false}},{"name":"EFF_DT","type":{"length":16,"nullable":true,"type":"timestamp","scale":0,"signed":false}},{"name":"TERM_DT","type":{"length":16,"nullable":true,"type":"timestamp","scale":0,"signed":false}},{"name":"TERM_REASON","type":{"length":5,"nullable":true,"type":"varchar","scale":0,"signed":false}},{"name":"ACCEPT_NEW_PATIENTS_IND","type":{"length":1,"nullable":true,"type":"char","scale":0,"signed":false}},{"name":"FED_TAX_ID","type":{"length":15,"nullable":true,"type":"varchar","scale":0,"signed":false}},{"name":"INCLUDE_DIRECTORY_IND","type":{"length":1,"nullable":true,"type":"char","scale":0,"signed":false}},{"name":"INS_DT","type":{"length":16,"nullable":false,"type":"timestamp","scale":3,"signed":false}},{"name":"UPD_DT","type":{"length":16,"nullable":true,"type":"timestamp","scale":0,"signed":false}},{"name":"ROW_SOURCE_ID","type":{"length":3,"nullable":false,"type":"tinyint","scale":0,"signed":false}},{"name":"ROW_STATUS_CD","type":{"length":1,"nullable":false,"type":"char","scale":0,"signed":false}},{"name":"INFERRED_IND","type":{"length":1,"nullable":false,"type":"bit","scale":0,"signed":false}},{"name":"ETL_JOB_ID","type":{"length":5,"nullable":false,"type":"smallint","scale":0,"signed":true}},{"name":"EXT_CONTRACT_ID","type":{"length":10,"nullable":true,"type":"varchar","scale":0,"signed":false}},{"name":"CREATED_BY","type":{"length":8,"nullable":true,"type":"varchar","scale":0,"signed":false}},{"name":"MODIFIED_BY","type":{"length":8,"nullable":true,"type":"varchar","scale":0,"signed":false}}],"properties":[{"name":"schema_name","value":"pdi"},{"name":"table_name","value":"PROVIDER_CONTRACT_FACT"}]},"column_info":{"MODIFIED_BY":{},"PROVIDER_SPECIALTY_ID":{},"PAR_IND":{},"PROVIDER_ID":{},"VENDOR_ADDRESS_ID":{},"PROVIDER_CONTRACT_ID":{},"LOB_ID":{},"ACCEPT_NEW_PATIENTS_IND":{},"INCLUDE_DIRECTORY_IND":{},"UPD_DT":{},"ROW_SOURCE_ID":{},"CREATED_BY":{},"EXT_CONTRACT_ID":{},"INS_DT":{},"INFERRED_IND":{},"PCP_IND":{},"PROVIDER_TAXONOMY_ID":{},"MSO_ID":{},"VENDOR_ID":{},"CONTRACT_TYPE":{},"EFF_DT":{},"TERM_DT":{},"FED_TAX_ID":{},"TERM_REASON":{},"CLINIC_ID":{},"ETL_JOB_ID":{},"ROW_STATUS_CD":{}},"discovered_asset":{"connection_id":"a4f9a17a-5792-4434-bc54-23f30a49dbbe","connection_path":"/pdi/PROVIDER_CONTRACT_FACT","discovery_id":"5c4bc50d-0bba-4093-a1a7-d28c3e1a3b28","metadata_import_id":"6be672ae-3cc1-487c-aaff-df95ebf678e1","first_imported_timestamp":1668616136149,"last_imported_timestamp":1668616136149,"outdated_timestamp":0,"last_discovered_timestamp":1668616136149,"outdated_reason":""},"metadata_enrichment_area_info":{"area_id":"4209faa6-3e86-40ad-81da-c0f642d66537","added_date":1668616180515},"metadata_enrichment_info":{"MDE_instrumented":true}},"attachments":[{"id":"5e8a5980-39e4-4e46-ae39-24b60fbdb49e","version":2,"asset_type":"data_asset","name":"reference_data","connection_id":"a4f9a17a-5792-4434-bc54-23f30a49dbbe","connection_path":"/pdi/PROVIDER_CONTRACT_FACT","datasource_type":"48695e79-6279-474a-b539-342625d3dfc2","creator_id":"icp4d-dev","create_time":1668616135736,"size":0,"is_remote":true,"is_managed":false,"is_referenced":false,"is_object_key_read_only":false,"is_user_provided_path_key":true,"transfer_complete":true,"is_partitioned":false,"complete_time_ticks":1668616135736,"user_data":{},"test_doc":0,"usage":{"access_count":0,"last_accessor_id":"icp4d-dev","last_access_time":1668616135736}}]}