{"metadata":{"asset_id":"b07af846-24b7-409a-88e1-5a22ec76d370","asset_attributes":["data_asset","column_info","discovered_asset","metadata_enrichment_area_info","metadata_enrichment_info"],"name":"MSO_DIM","asset_type":"data_asset","created_at":"2022-11-16T16:28:55Z","origin_country":"us","owner_id":"1000330999","project_id":"3f06ede8-0d0b-41a2-b331-a5b1eb10bcfb","size":0,"tags":["pdi"],"usage":{"last_update_time":1668616181134,"last_updated_at":"2022-11-16T16:29:41Z"}},"entity":{"data_asset":{"mime_type":"application/x-ibm-rel-table","dataset":true,"columns":[{"name":"MSO_ID","type":{"length":5,"nullable":false,"type":"smallint","scale":0,"signed":true}},{"name":"MSO_NO","type":{"length":5,"nullable":true,"type":"smallint","scale":0,"signed":true}},{"name":"IPA_NO","type":{"length":3,"nullable":true,"type":"char","scale":0,"signed":false}},{"name":"NAME","type":{"length":65,"nullable":true,"type":"varchar","scale":0,"signed":false}},{"name":"ABBREV","type":{"length":25,"nullable":true,"type":"varchar","scale":0,"signed":false}},{"name":"START_DT","type":{"length":16,"nullable":true,"type":"timestamp","scale":0,"signed":false}},{"name":"STOP_DT","type":{"length":16,"nullable":true,"type":"timestamp","scale":0,"signed":false}},{"name":"AFFILIATE_CD","type":{"length":1,"nullable":true,"type":"char","scale":0,"signed":false}},{"name":"ACTIVE_IND","type":{"length":1,"nullable":true,"type":"bit","scale":0,"signed":false}},{"name":"INS_DT","type":{"length":16,"nullable":true,"type":"timestamp","scale":0,"signed":false}},{"name":"UPDT_DT","type":{"length":16,"nullable":true,"type":"timestamp","scale":0,"signed":false}},{"name":"ROW_SOURCE_ID","type":{"length":3,"nullable":false,"type":"tinyint","scale":0,"signed":false}},{"name":"ROW_STATUS_CD","type":{"length":1,"nullable":false,"type":"char","scale":0,"signed":false}},{"name":"INFERRED_IND","type":{"length":1,"nullable":false,"type":"bit","scale":0,"signed":false}},{"name":"ETL_JOB_ID","type":{"length":5,"nullable":false,"type":"smallint","scale":0,"signed":true}}],"properties":[{"name":"schema_name","value":"pdi"},{"name":"table_name","value":"MSO_DIM"}]},"column_info":{"INS_DT":{},"INFERRED_IND":{},"MSO_NO":{},"MSO_ID":{},"ABBREV":{},"START_DT":{},"NAME":{},"STOP_DT":{},"ACTIVE_IND":{},"ETL_JOB_ID":{},"ROW_SOURCE_ID":{},"AFFILIATE_CD":{},"IPA_NO":{},"ROW_STATUS_CD":{},"UPDT_DT":{}},"discovered_asset":{"connection_id":"a4f9a17a-5792-4434-bc54-23f30a49dbbe","connection_path":"/pdi/MSO_DIM","discovery_id":"5c4bc50d-0bba-4093-a1a7-d28c3e1a3b28","metadata_import_id":"6be672ae-3cc1-487c-aaff-df95ebf678e1","first_imported_timestamp":1668616135675,"last_imported_timestamp":1668616135675,"outdated_timestamp":0,"last_discovered_timestamp":1668616135675,"outdated_reason":""},"metadata_enrichment_area_info":{"area_id":"4209faa6-3e86-40ad-81da-c0f642d66537","added_date":1668616180515},"metadata_enrichment_info":{"MDE_instrumented":true}},"attachments":[{"id":"935b7248-b90c-4475-b9e4-f1e27c055c1a","version":2,"asset_type":"data_asset","name":"reference_data","connection_id":"a4f9a17a-5792-4434-bc54-23f30a49dbbe","connection_path":"/pdi/MSO_DIM","datasource_type":"48695e79-6279-474a-b539-342625d3dfc2","creator_id":"icp4d-dev","create_time":1668616135247,"size":0,"is_remote":true,"is_managed":false,"is_referenced":false,"is_object_key_read_only":false,"is_user_provided_path_key":true,"transfer_complete":true,"is_partitioned":false,"complete_time_ticks":1668616135247,"user_data":{},"test_doc":0,"usage":{"access_count":0,"last_accessor_id":"icp4d-dev","last_access_time":1668616135247}}]}