{"metadata":{"asset_id":"0b38efbc-891c-40f2-bea8-70b530e3ba5d","asset_attributes":["data_asset","column_info","discovered_asset","metadata_enrichment_area_info","metadata_enrichment_info"],"name":"plan_billing_provider_address","asset_type":"data_asset","created_at":"2022-11-16T15:39:28Z","origin_country":"us","owner_id":"1000330999","project_id":"3f06ede8-0d0b-41a2-b331-a5b1eb10bcfb","size":0,"tags":["dbo"],"usage":{"last_update_time":1668613294000,"last_updated_at":"2022-11-16T15:41:34Z"}},"entity":{"data_asset":{"mime_type":"application/x-ibm-rel-table","dataset":true,"columns":[{"name":"billing_provider_address_id","type":{"length":10,"nullable":false,"type":"integer","scale":0,"signed":true}},{"name":"orig_billing_provider_address_id","type":{"length":255,"nullable":false,"type":"varchar","scale":0,"signed":false}},{"name":"billing_provider_id","type":{"length":10,"nullable":false,"type":"integer","scale":0,"signed":true}},{"name":"orig_billing_provider_id","type":{"length":255,"nullable":false,"type":"varchar","scale":0,"signed":false}},{"name":"primary_address_ind","type":{"length":1,"nullable":false,"type":"char","scale":0,"signed":false}},{"name":"address_type","type":{"length":30,"nullable":false,"type":"varchar","scale":0,"signed":false}},{"name":"address_type_unscrubbed","type":{"length":255,"nullable":false,"type":"varchar","scale":0,"signed":false}},{"name":"address_line1","type":{"length":255,"nullable":true,"type":"varchar","scale":0,"signed":false}},{"name":"address_line2","type":{"length":255,"nullable":true,"type":"varchar","scale":0,"signed":false}},{"name":"city","type":{"length":50,"nullable":true,"type":"varchar","scale":0,"signed":false}},{"name":"state","type":{"length":50,"nullable":true,"type":"varchar","scale":0,"signed":false}},{"name":"zip","type":{"length":50,"nullable":true,"type":"varchar","scale":0,"signed":false}},{"name":"county_unscrubbed","type":{"length":255,"nullable":true,"type":"varchar","scale":0,"signed":false}},{"name":"county","type":{"length":255,"nullable":true,"type":"varchar","scale":0,"signed":false}},{"name":"country","type":{"length":255,"nullable":true,"type":"varchar","scale":0,"signed":false}},{"name":"source_id","type":{"length":10,"nullable":false,"type":"integer","scale":0,"signed":true}},{"name":"orig_source_id","type":{"length":255,"nullable":false,"type":"varchar","scale":0,"signed":false}},{"name":"insert_timestamp","type":{"length":23,"nullable":false,"type":"timestamp","scale":3,"signed":false}},{"name":"update_timestamp","type":{"length":23,"nullable":false,"type":"timestamp","scale":3,"signed":false}},{"name":"create_timestamp","type":{"length":23,"nullable":true,"type":"timestamp","scale":3,"signed":false}},{"name":"modify_timestamp","type":{"length":23,"nullable":true,"type":"timestamp","scale":3,"signed":false}},{"name":"created_by","type":{"length":50,"nullable":true,"type":"varchar","scale":0,"signed":false}},{"name":"modified_by","type":{"length":50,"nullable":true,"type":"varchar","scale":0,"signed":false}},{"name":"delete_ind","type":{"length":1,"nullable":false,"type":"char","scale":0,"signed":false}},{"name":"loaded_from_file","type":{"length":255,"nullable":true,"type":"varchar","scale":0,"signed":false}}],"properties":[{"name":"schema_name","value":"dbo"},{"name":"table_name","value":"plan_billing_provider_address"}]},"column_info":{"country":{},"city":{},"address_type_unscrubbed":{},"orig_billing_provider_address_id":{},"county":{},"address_line2":{},"update_timestamp":{},"create_timestamp":{},"address_line1":{},"modify_timestamp":{},"state":{},"orig_billing_provider_id":{},"primary_address_ind":{},"zip":{},"address_type":{},"insert_timestamp":{},"billing_provider_id":{},"county_unscrubbed":{},"orig_source_id":{},"billing_provider_address_id":{},"created_by":{},"loaded_from_file":{},"modified_by":{},"delete_ind":{},"source_id":{}},"discovered_asset":{"connection_id":"a4f9a17a-5792-4434-bc54-23f30a49dbbe","connection_path":"/dbo/plan_billing_provider_address","discovery_id":"366422c6-643d-4630-a9bd-c812096e227d","metadata_import_id":"65517ed3-0cb6-480d-b515-9476c78986a9","first_imported_timestamp":1668613169010,"last_imported_timestamp":1668613169010,"outdated_timestamp":0,"last_discovered_timestamp":1668613169010,"outdated_reason":""},"metadata_enrichment_area_info":{"area_id":"e4988153-7c4b-4147-bf08-ad9655ddeffb","added_date":1668613292117},"metadata_enrichment_info":{"MDE_instrumented":true}},"attachments":[{"id":"a3bc0bea-ef58-4ca7-bd2e-cce14e7888c8","version":2,"asset_type":"data_asset","name":"reference_data","connection_id":"a4f9a17a-5792-4434-bc54-23f30a49dbbe","connection_path":"/dbo/plan_billing_provider_address","datasource_type":"48695e79-6279-474a-b539-342625d3dfc2","creator_id":"icp4d-dev","create_time":1668613168801,"size":0,"is_remote":true,"is_managed":false,"is_referenced":false,"is_object_key_read_only":false,"is_user_provided_path_key":true,"transfer_complete":true,"is_partitioned":false,"complete_time_ticks":1668613168801,"user_data":{},"test_doc":0,"usage":{"access_count":0,"last_accessor_id":"icp4d-dev","last_access_time":1668613168801}}]}