{"metadata":{"asset_id":"19031090-b46f-4e79-a143-fc9f48b3b46f","asset_attributes":["data_asset","column_info","discovered_asset","metadata_enrichment_area_info","metadata_enrichment_info"],"name":"MEDICARE_PARTICIPATING_COUNTIES","asset_type":"data_asset","created_at":"2022-11-16T16:26:36Z","origin_country":"us","owner_id":"1000330999","project_id":"3f06ede8-0d0b-41a2-b331-a5b1eb10bcfb","size":0,"tags":["cactus"],"usage":{"last_update_time":1668616057681,"last_updated_at":"2022-11-16T16:27:37Z"}},"entity":{"data_asset":{"mime_type":"application/x-ibm-rel-table","dataset":true,"columns":[{"name":"COUNTY","type":{"length":255,"nullable":true,"type":"nvarchar","scale":0,"signed":false}},{"name":"COUNTY_CODE","type":{"length":255,"nullable":true,"type":"nvarchar","scale":0,"signed":false}},{"name":"STATE","type":{"length":255,"nullable":true,"type":"nvarchar","scale":0,"signed":false}},{"name":"BORDERING_WA_COUNTIES","type":{"length":255,"nullable":true,"type":"nvarchar","scale":0,"signed":false}},{"name":"BORDERING_OR_COUNTIES","type":{"length":255,"nullable":true,"type":"nvarchar","scale":0,"signed":false}},{"name":"BORDERING_ID_COUNTIES","type":{"length":255,"nullable":true,"type":"nvarchar","scale":0,"signed":false}}],"properties":[{"name":"schema_name","value":"cactus"},{"name":"table_name","value":"MEDICARE_PARTICIPATING_COUNTIES"}]},"column_info":{"BORDERING_ID_COUNTIES":{},"STATE":{},"COUNTY_CODE":{},"BORDERING_WA_COUNTIES":{},"BORDERING_OR_COUNTIES":{},"COUNTY":{}},"discovered_asset":{"connection_id":"a4f9a17a-5792-4434-bc54-23f30a49dbbe","connection_path":"/cactus/MEDICARE_PARTICIPATING_COUNTIES","discovery_id":"a5899b50-1049-4d77-a300-5edf3c6c6051","metadata_import_id":"f2362e7f-850d-4856-856b-78d696e7456c","first_imported_timestamp":1668615996575,"last_imported_timestamp":1668615996575,"outdated_timestamp":0,"last_discovered_timestamp":1668615996575,"outdated_reason":""},"metadata_enrichment_area_info":{"area_id":"912abf57-0daf-4ffc-ad96-deb8cde332a6","added_date":1668616055617},"metadata_enrichment_info":{"MDE_instrumented":true}},"attachments":[{"id":"6e58a998-b1a5-4ecf-a94c-29232d83f8e7","version":2,"asset_type":"data_asset","name":"reference_data","connection_id":"a4f9a17a-5792-4434-bc54-23f30a49dbbe","connection_path":"/cactus/MEDICARE_PARTICIPATING_COUNTIES","datasource_type":"48695e79-6279-474a-b539-342625d3dfc2","creator_id":"icp4d-dev","create_time":1668615996231,"size":0,"is_remote":true,"is_managed":false,"is_referenced":false,"is_object_key_read_only":false,"is_user_provided_path_key":true,"transfer_complete":true,"is_partitioned":false,"complete_time_ticks":1668615996231,"user_data":{},"test_doc":0,"usage":{"access_count":0,"last_accessor_id":"icp4d-dev","last_access_time":1668615996231}}]}