{"metadata":{"asset_id":"a7b8230d-2d00-4bc6-9111-f865aea7de52","asset_attributes":["data_asset","column_info","discovered_asset","metadata_enrichment_area_info","metadata_enrichment_info"],"name":"plan_billing_provider_npi","asset_type":"data_asset","created_at":"2022-11-16T15:39:28Z","origin_country":"us","owner_id":"1000330999","project_id":"3f06ede8-0d0b-41a2-b331-a5b1eb10bcfb","size":0,"tags":["dbo"],"usage":{"last_update_time":1668613294000,"last_updated_at":"2022-11-16T15:41:34Z"}},"entity":{"data_asset":{"mime_type":"application/x-ibm-rel-table","dataset":true,"columns":[{"name":"billing_provider_npi_id","type":{"length":10,"nullable":false,"type":"integer","scale":0,"signed":true}},{"name":"orig_billing_provider_npi_id","type":{"length":255,"nullable":false,"type":"varchar","scale":0,"signed":false}},{"name":"billing_provider_id","type":{"length":10,"nullable":false,"type":"integer","scale":0,"signed":true}},{"name":"orig_billing_provider_id","type":{"length":255,"nullable":false,"type":"varchar","scale":0,"signed":false}},{"name":"npi","type":{"length":50,"nullable":false,"type":"varchar","scale":0,"signed":false}},{"name":"primary_npi_ind","type":{"length":1,"nullable":false,"type":"char","scale":0,"signed":false}},{"name":"start_date_unscrubbed","type":{"length":23,"nullable":true,"type":"timestamp","scale":3,"signed":false}},{"name":"start_date","type":{"length":23,"nullable":true,"type":"timestamp","scale":3,"signed":false}},{"name":"end_date_unscrubbed","type":{"length":23,"nullable":true,"type":"timestamp","scale":3,"signed":false}},{"name":"end_date","type":{"length":23,"nullable":true,"type":"timestamp","scale":3,"signed":false}},{"name":"term_reason","type":{"length":50,"nullable":true,"type":"varchar","scale":0,"signed":false}},{"name":"term_reason_unscrubbed","type":{"length":255,"nullable":true,"type":"varchar","scale":0,"signed":false}},{"name":"inactive_ind","type":{"length":1,"nullable":false,"type":"char","scale":0,"signed":false}},{"name":"source_id","type":{"length":10,"nullable":false,"type":"integer","scale":0,"signed":true}},{"name":"orig_source_id","type":{"length":255,"nullable":false,"type":"varchar","scale":0,"signed":false}},{"name":"insert_timestamp","type":{"length":23,"nullable":false,"type":"timestamp","scale":3,"signed":false}},{"name":"update_timestamp","type":{"length":23,"nullable":false,"type":"timestamp","scale":3,"signed":false}},{"name":"create_timestamp","type":{"length":23,"nullable":true,"type":"timestamp","scale":3,"signed":false}},{"name":"modify_timestamp","type":{"length":23,"nullable":true,"type":"timestamp","scale":3,"signed":false}},{"name":"created_by","type":{"length":50,"nullable":true,"type":"varchar","scale":0,"signed":false}},{"name":"modified_by","type":{"length":50,"nullable":true,"type":"varchar","scale":0,"signed":false}},{"name":"delete_ind","type":{"length":1,"nullable":false,"type":"char","scale":0,"signed":false}},{"name":"loaded_from_file","type":{"length":255,"nullable":true,"type":"varchar","scale":0,"signed":false}}],"properties":[{"name":"schema_name","value":"dbo"},{"name":"table_name","value":"plan_billing_provider_npi"}]},"column_info":{"end_date":{},"primary_npi_ind":{},"insert_timestamp":{},"npi":{},"billing_provider_id":{},"orig_source_id":{},"term_reason_unscrubbed":{},"created_by":{},"loaded_from_file":{},"inactive_ind":{},"start_date_unscrubbed":{},"update_timestamp":{},"create_timestamp":{},"orig_billing_provider_npi_id":{},"modify_timestamp":{},"modified_by":{},"delete_ind":{},"billing_provider_npi_id":{},"source_id":{},"end_date_unscrubbed":{},"term_reason":{},"orig_billing_provider_id":{},"start_date":{}},"discovered_asset":{"connection_id":"a4f9a17a-5792-4434-bc54-23f30a49dbbe","connection_path":"/dbo/plan_billing_provider_npi","discovery_id":"366422c6-643d-4630-a9bd-c812096e227d","metadata_import_id":"65517ed3-0cb6-480d-b515-9476c78986a9","first_imported_timestamp":1668613169330,"last_imported_timestamp":1668613169330,"outdated_timestamp":0,"last_discovered_timestamp":1668613169330,"outdated_reason":""},"metadata_enrichment_area_info":{"area_id":"e4988153-7c4b-4147-bf08-ad9655ddeffb","added_date":1668613292117},"metadata_enrichment_info":{"MDE_instrumented":true}},"attachments":[{"id":"0f5e138b-8a08-4d5d-be53-ed3e04d54575","version":2,"asset_type":"data_asset","name":"reference_data","connection_id":"a4f9a17a-5792-4434-bc54-23f30a49dbbe","connection_path":"/dbo/plan_billing_provider_npi","datasource_type":"48695e79-6279-474a-b539-342625d3dfc2","creator_id":"icp4d-dev","create_time":1668613169074,"size":0,"is_remote":true,"is_managed":false,"is_referenced":false,"is_object_key_read_only":false,"is_user_provided_path_key":true,"transfer_complete":true,"is_partitioned":false,"complete_time_ticks":1668613169074,"user_data":{},"test_doc":0,"usage":{"access_count":0,"last_accessor_id":"icp4d-dev","last_access_time":1668613169074}}]}