{"metadata":{"asset_id":"a3af871e-5833-4119-9963-d4573bc9b5ea","asset_attributes":["data_asset","column_info","discovered_asset","metadata_enrichment_area_info","metadata_enrichment_info","metadata_enrichment_publish_info","data_profile"],"name":"group_master","asset_type":"data_asset","created_at":"2022-11-16T05:33:20Z","origin_country":"us","owner_id":"1000330999","project_id":"3f06ede8-0d0b-41a2-b331-a5b1eb10bcfb","size":0,"tags":["xcelys"],"usage":{"last_update_time":1668618075833,"last_updated_at":"2022-11-16T17:01:15Z"}},"entity":{"data_asset":{"mime_type":"application/x-ibm-rel-table","dataset":true,"columns":[{"name":"SEQ_GROUP_ID","type":{"length":9,"nullable":false,"type":"numeric","scale":0,"signed":true}},{"name":"GROUP_ID","type":{"length":50,"nullable":true,"type":"varchar","scale":0,"signed":false}},{"name":"SHORT_NAME","type":{"length":15,"nullable":false,"type":"varchar","scale":0,"signed":false}},{"name":"LEVEL_CODE","type":{"length":1,"nullable":false,"type":"char","scale":0,"signed":false}},{"name":"SEQ_PARENT_ID","type":{"length":9,"nullable":true,"type":"numeric","scale":0,"signed":true}},{"name":"GROUP_NAME_1","type":{"length":40,"nullable":true,"type":"varchar","scale":0,"signed":false}},{"name":"GROUP_NAME_2","type":{"length":40,"nullable":true,"type":"varchar","scale":0,"signed":false}},{"name":"ADDRESS_LINE_1","type":{"length":40,"nullable":true,"type":"varchar","scale":0,"signed":false}},{"name":"ADDRESS_LINE_2","type":{"length":40,"nullable":true,"type":"varchar","scale":0,"signed":false}},{"name":"CITY","type":{"length":30,"nullable":true,"type":"varchar","scale":0,"signed":false}},{"name":"STATE","type":{"length":6,"nullable":true,"type":"varchar","scale":0,"signed":false}},{"name":"ZIP_CODE","type":{"length":15,"nullable":true,"type":"varchar","scale":0,"signed":false}},{"name":"GROUP_TYPE","type":{"length":1,"nullable":true,"type":"char","scale":0,"signed":false}},{"name":"SIC_CODE","type":{"length":7,"nullable":true,"type":"varchar","scale":0,"signed":false}},{"name":"USER_DEFINED_1","type":{"length":15,"nullable":true,"type":"varchar","scale":0,"signed":false}},{"name":"USER_DEFINED_2","type":{"length":15,"nullable":true,"type":"varchar","scale":0,"signed":false}},{"name":"PRORATION_METHOD","type":{"length":1,"nullable":false,"type":"char","scale":0,"signed":false}},{"name":"NO_OF_RETRO_MONTHS","type":{"length":2,"nullable":true,"type":"numeric","scale":0,"signed":true}},{"name":"GRACE_PERIOD","type":{"length":3,"nullable":true,"type":"numeric","scale":0,"signed":true}},{"name":"SORT_OPTION","type":{"length":1,"nullable":true,"type":"char","scale":0,"signed":false}},{"name":"NEXT_OPEN_START_DT","type":{"length":16,"nullable":true,"type":"timestamp","scale":0,"signed":false}},{"name":"NEXT_OPEN_END_DATE","type":{"length":16,"nullable":true,"type":"timestamp","scale":0,"signed":false}},{"name":"HOLD_REASON","type":{"length":5,"nullable":true,"type":"varchar","scale":0,"signed":false}},{"name":"HOLD_DATE","type":{"length":16,"nullable":true,"type":"timestamp","scale":0,"signed":false}},{"name":"SECURITY_CODE","type":{"length":1,"nullable":true,"type":"char","scale":0,"signed":false}},{"name":"INSERT_DATETIME","type":{"length":16,"nullable":true,"type":"timestamp","scale":0,"signed":false}},{"name":"INSERT_USER","type":{"length":8,"nullable":true,"type":"varchar","scale":0,"signed":false}},{"name":"INSERT_PROCESS","type":{"length":8,"nullable":true,"type":"varchar","scale":0,"signed":false}},{"name":"UPDATE_DATETIME","type":{"length":16,"nullable":true,"type":"timestamp","scale":0,"signed":false}},{"name":"UPDATE_USER","type":{"length":8,"nullable":true,"type":"varchar","scale":0,"signed":false}},{"name":"UPDATE_PROCESS","type":{"length":8,"nullable":true,"type":"varchar","scale":0,"signed":false}},{"name":"PAID_THROUGH_DATE","type":{"length":16,"nullable":true,"type":"timestamp","scale":0,"signed":false}},{"name":"COUNTRY","type":{"length":20,"nullable":true,"type":"varchar","scale":0,"signed":false}},{"name":"RATE_FREEZE_CALC","type":{"length":1,"nullable":true,"type":"char","scale":0,"signed":false}},{"name":"INVOICE_PRINT_FORMAT","type":{"length":3,"nullable":true,"type":"varchar","scale":0,"signed":false}},{"name":"USE_EFT_FLG","type":{"length":1,"nullable":true,"type":"char","scale":0,"signed":false}},{"name":"ADULT_DEP_AGE_PARAM","type":{"length":4,"nullable":true,"type":"numeric","scale":1,"signed":true}},{"name":"MAX_DEPENDENTS_CHARGE","type":{"length":3,"nullable":true,"type":"numeric","scale":0,"signed":true}},{"name":"CALC_DUE_DATE_RULE","type":{"length":1,"nullable":true,"type":"char","scale":0,"signed":false}},{"name":"CALC_DUE_DATE_DAYS","type":{"length":2,"nullable":true,"type":"numeric","scale":0,"signed":true}},{"name":"PTD_USE_REASON_CDE","type":{"length":5,"nullable":true,"type":"varchar","scale":0,"signed":false}},{"name":"NATIONAL_EMPLOYER_ID","type":{"length":9,"nullable":true,"type":"varchar","scale":0,"signed":false}},{"name":"TAX_ID","type":{"length":15,"nullable":true,"type":"varchar","scale":0,"signed":false}},{"name":"USER_DEFINED_3","type":{"length":30,"nullable":true,"type":"varchar","scale":0,"signed":false}},{"name":"USER_DEFINED_4","type":{"length":30,"nullable":true,"type":"varchar","scale":0,"signed":false}},{"name":"USER_DEFINED_5","type":{"length":30,"nullable":true,"type":"varchar","scale":0,"signed":false}},{"name":"USER_DEFINED_6","type":{"length":30,"nullable":true,"type":"varchar","scale":0,"signed":false}},{"name":"USER_DEFINED_7","type":{"length":30,"nullable":true,"type":"varchar","scale":0,"signed":false}},{"name":"USER_DEFINED_8","type":{"length":30,"nullable":true,"type":"varchar","scale":0,"signed":false}},{"name":"USER_DEFINED_9","type":{"length":30,"nullable":true,"type":"varchar","scale":0,"signed":false}},{"name":"USER_DEFINED_10","type":{"length":30,"nullable":true,"type":"varchar","scale":0,"signed":false}},{"name":"USER_DEFINED_11","type":{"length":30,"nullable":true,"type":"varchar","scale":0,"signed":false}},{"name":"USER_DEFINED_12","type":{"length":30,"nullable":true,"type":"varchar","scale":0,"signed":false}},{"name":"USER_DEFINED_13","type":{"length":30,"nullable":true,"type":"varchar","scale":0,"signed":false}},{"name":"USER_DEFINED_14","type":{"length":30,"nullable":true,"type":"varchar","scale":0,"signed":false}},{"name":"USER_DEFINED_15","type":{"length":30,"nullable":true,"type":"varchar","scale":0,"signed":false}},{"name":"USER_DEFINED_16","type":{"length":30,"nullable":true,"type":"varchar","scale":0,"signed":false}},{"name":"USER_DEFINED_17","type":{"length":30,"nullable":true,"type":"varchar","scale":0,"signed":false}},{"name":"USER_DEFINED_18","type":{"length":30,"nullable":true,"type":"varchar","scale":0,"signed":false}},{"name":"USER_DEFINED_19","type":{"length":30,"nullable":true,"type":"varchar","scale":0,"signed":false}},{"name":"USER_DEFINED_20","type":{"length":30,"nullable":true,"type":"varchar","scale":0,"signed":false}},{"name":"USER_DEFINED_21","type":{"length":30,"nullable":true,"type":"varchar","scale":0,"signed":false}},{"name":"USER_DEFINED_22","type":{"length":30,"nullable":true,"type":"varchar","scale":0,"signed":false}},{"name":"USER_DATE_3","type":{"length":16,"nullable":true,"type":"timestamp","scale":0,"signed":false}},{"name":"USER_DATE_4","type":{"length":16,"nullable":true,"type":"timestamp","scale":0,"signed":false}},{"name":"USER_DATE_5","type":{"length":16,"nullable":true,"type":"timestamp","scale":0,"signed":false}},{"name":"USER_DATE_6","type":{"length":16,"nullable":true,"type":"timestamp","scale":0,"signed":false}},{"name":"USER_DATE_7","type":{"length":16,"nullable":true,"type":"timestamp","scale":0,"signed":false}},{"name":"USER_DATE_8","type":{"length":16,"nullable":true,"type":"timestamp","scale":0,"signed":false}},{"name":"USER_DATE_9","type":{"length":16,"nullable":true,"type":"timestamp","scale":0,"signed":false}},{"name":"USER_DATE_10","type":{"length":16,"nullable":true,"type":"timestamp","scale":0,"signed":false}},{"name":"USER_DATE_11","type":{"length":16,"nullable":true,"type":"timestamp","scale":0,"signed":false}},{"name":"USER_DATE_12","type":{"length":16,"nullable":true,"type":"timestamp","scale":0,"signed":false}},{"name":"USER_DATE_13","type":{"length":16,"nullable":true,"type":"timestamp","scale":0,"signed":false}},{"name":"USER_DATE_14","type":{"length":16,"nullable":true,"type":"timestamp","scale":0,"signed":false}},{"name":"USER_DATE_15","type":{"length":16,"nullable":true,"type":"timestamp","scale":0,"signed":false}},{"name":"USER_DATE_16","type":{"length":16,"nullable":true,"type":"timestamp","scale":0,"signed":false}},{"name":"USER_DATE_17","type":{"length":16,"nullable":true,"type":"timestamp","scale":0,"signed":false}},{"name":"USER_DATE_18","type":{"length":16,"nullable":true,"type":"timestamp","scale":0,"signed":false}},{"name":"USER_DATE_19","type":{"length":16,"nullable":true,"type":"timestamp","scale":0,"signed":false}},{"name":"USER_DATE_20","type":{"length":16,"nullable":true,"type":"timestamp","scale":0,"signed":false}},{"name":"USER_DATE_21","type":{"length":16,"nullable":true,"type":"timestamp","scale":0,"signed":false}},{"name":"USER_DATE_22","type":{"length":16,"nullable":true,"type":"timestamp","scale":0,"signed":false}},{"name":"ALLOW_BYPASS_EDIT","type":{"length":1,"nullable":true,"type":"varchar","scale":0,"signed":false}},{"name":"USER_DEFINED_23","type":{"length":60,"nullable":true,"type":"varchar","scale":0,"signed":false}},{"name":"USER_DEFINED_24","type":{"length":60,"nullable":true,"type":"varchar","scale":0,"signed":false}},{"name":"USER_DATE_1","type":{"length":16,"nullable":true,"type":"timestamp","scale":0,"signed":false}},{"name":"USER_DATE_2","type":{"length":16,"nullable":true,"type":"timestamp","scale":0,"signed":false}},{"name":"PAPLESS_SRC_IDENTIFIER","type":{"length":5,"nullable":true,"type":"varchar","scale":0,"signed":false}},{"name":"CONTRACT_YR_TIME_FRAME","type":{"length":1,"nullable":true,"type":"varchar","scale":0,"signed":false}},{"name":"ASO_INDICATOR","type":{"length":1,"nullable":true,"type":"varchar","scale":0,"signed":false}},{"name":"INS_DT","type":{"length":16,"nullable":false,"type":"timestamp","scale":3,"signed":false}},{"name":"ROW_STATUS_CD","type":{"length":1,"nullable":false,"type":"char","scale":0,"signed":false}},{"name":"ETL_JOB_ID","type":{"length":5,"nullable":false,"type":"smallint","scale":0,"signed":true}},{"name":"PROCESS_DATE","type":{"length":23,"nullable":true,"type":"timestamp","scale":3,"signed":false}}],"properties":[{"name":"schema_name","value":"xcelys"},{"name":"table_name","value":"group_master"}]},"column_info":{"INSERT_PROCESS":{},"GROUP_TYPE":{},"SECURITY_CODE":{},"SHORT_NAME":{},"PRORATION_METHOD":{},"INSERT_DATETIME":{},"UPDATE_PROCESS":{},"COUNTRY":{},"LEVEL_CODE":{},"NEXT_OPEN_START_DT":{},"PAPLESS_SRC_IDENTIFIER":{},"USER_DEFINED_13":{},"HOLD_REASON":{},"USER_DEFINED_14":{},"USER_DEFINED_15":{},"USER_DEFINED_16":{},"ADDRESS_LINE_1":{},"NATIONAL_EMPLOYER_ID":{},"USER_DEFINED_10":{},"INS_DT":{},"USER_DEFINED_11":{},"ADDRESS_LINE_2":{},"USER_DEFINED_12":{},"ADULT_DEP_AGE_PARAM":{},"SEQ_PARENT_ID":{},"PTD_USE_REASON_CDE":{},"GROUP_ID":{},"RATE_FREEZE_CALC":{},"USER_DEFINED_1":{},"PROCESS_DATE":{},"CALC_DUE_DATE_DAYS":{},"ETL_JOB_ID":{},"USER_DEFINED_4":{},"USER_DEFINED_5":{},"USER_DEFINED_2":{},"USER_DEFINED_3":{},"USER_DEFINED_8":{},"USER_DEFINED_17":{},"USER_DEFINED_9":{},"USER_DEFINED_18":{},"USER_DEFINED_6":{},"USER_DEFINED_19":{},"USER_DEFINED_7":{},"USER_DATE_20":{},"USER_DEFINED_24":{},"CONTRACT_YR_TIME_FRAME":{},"MAX_DEPENDENTS_CHARGE":{},"USER_DEFINED_20":{},"ZIP_CODE":{},"USER_DEFINED_21":{},"USER_DEFINED_22":{},"USER_DATE_22":{},"USER_DATE_21":{},"USER_DEFINED_23":{},"SEQ_GROUP_ID":{},"STATE":{},"ALLOW_BYPASS_EDIT":{},"USER_DATE_3":{},"USER_DATE_4":{},"USER_DATE_1":{},"CALC_DUE_DATE_RULE":{},"USER_DATE_2":{},"PAID_THROUGH_DATE":{},"ASO_INDICATOR":{},"GROUP_NAME_1":{},"GROUP_NAME_2":{},"HOLD_DATE":{},"USER_DATE_17":{},"USER_DATE_16":{},"USER_DATE_9":{},"USER_DATE_15":{},"TAX_ID":{},"USER_DATE_14":{},"USER_DATE_7":{},"SORT_OPTION":{},"USER_DATE_8":{},"USER_DATE_5":{},"USER_DATE_19":{},"USER_DATE_6":{},"USER_DATE_18":{},"INSERT_USER":{},"GRACE_PERIOD":{},"USER_DATE_13":{},"INVOICE_PRINT_FORMAT":{},"USER_DATE_12":{},"USER_DATE_11":{},"NO_OF_RETRO_MONTHS":{},"USER_DATE_10":{},"SIC_CODE":{},"UPDATE_USER":{},"UPDATE_DATETIME":{},"USE_EFT_FLG":{},"CITY":{},"ROW_STATUS_CD":{},"NEXT_OPEN_END_DATE":{}},"discovered_asset":{"connection_id":"a4f9a17a-5792-4434-bc54-23f30a49dbbe","connection_path":"/xcelys/group_master","discovery_id":"4281d399-240e-40a0-acd6-9aaa9651c0ee","metadata_import_id":"b332ae62-65cb-4df4-b13d-e150c1914f45","first_imported_timestamp":1668576800889,"last_imported_timestamp":1668576800889,"outdated_timestamp":0,"last_discovered_timestamp":1668576800889,"outdated_reason":""},"metadata_enrichment_area_info":{"area_id":"8870cc55-2738-46b1-bf01-29594835f636","added_date":1668576937193},"metadata_enrichment_info":{"MDE_instrumented":true},"metadata_enrichment_publish_info":{"last_published_timestamp":1668618075483,"catalog_id":"f089e3c6-48f1-4413-89c1-5a0692643f4e","status":"updated"},"data_profile":{"c4a7971a-7da8-4ce6-8843-e5c3c94ee469":{"metadata":{"guid":"c4a7971a-7da8-4ce6-8843-e5c3c94ee469","asset_id":"c4a7971a-7da8-4ce6-8843-e5c3c94ee469","dataset_id":"a3af871e-5833-4119-9963-d4573bc9b5ea","dataset_ids":[],"url":"https://internal-nginx-svc.cpd.svc:12443/v2/data_profiles/c4a7971a-7da8-4ce6-8843-e5c3c94ee469?project_id=3f06ede8-0d0b-41a2-b331-a5b1eb10bcfb&dataset_id=a3af871e-5833-4119-9963-d4573bc9b5ea","project_id":"3f06ede8-0d0b-41a2-b331-a5b1eb10bcfb","created_at":"2022-11-16T05:54:00.552Z","accessed_at":"2022-11-16T05:54:00.552Z","owner":"icp4d-dev","owner_id":"1000330999","last_updater_id":"1000330999"},"entity":{"data_profile":{"options":{"disable_profiling":false,"max_row_count":1000,"max_distribution_size":100,"max_numeric_stats_bins":100,"max_columns_per_task":250,"max_rows_per_batch":10000,"enable_fast_classification":true,"enable_dqa":true,"nullability_threshold":0.05,"uniqueness_threshold":0.95,"data_classification_confidence_threshold":0.75,"min_data_classification_confidence_threshold":0.25,"classification_options":{"disabled":false,"use_all_ibm_classes":true,"use_all_custom_classes":true,"ibm_class_codes":[],"custom_class_codes":[],"class_categories":["e39ada11-8338-3704-90e3-681a71e7c839","43a7ccea-598d-4203-bdce-f2c24d25c36b","7321aef6-1c11-4e0a-91c8-5ec124b0cb58","463722ae-354a-4484-b6fb-fec479274701","0932a62f-1b32-48d2-8180-c9e02ebde98b","7b443c89-5306-4069-90b4-af58479d800e","869329e0-db78-4c2f-b539-a831722602f7","625cca4c-c566-4b6e-8519-dd04013fd25e","1bc69e7d-922c-4e4c-868e-110aa727b956","a73490f9-0489-4797-97f0-7c4d48773fab","a3e34666-836f-47fc-93e7-b78d7ebc4762","c4cfdd71-43bd-4676-b2c4-69fdadc37954","70f78c65-a867-41c9-80b3-b29eb7dbb342","f5f1403a-6dd9-4863-8034-011c09b99df6","740a852d-96c9-4882-82b6-60d728eb2d9a","1a8525b2-0832-49a8-ac4c-77afe7b1f3f2","0701eec1-aa02-43de-8888-389388c6095b","006a10a2-9872-4c6d-8f6d-c0f9788f920b","3987bddc-f950-46dc-ab8b-d6734e8f777a","7fa127e4-331e-4cad-ac50-f9f38a536125","b7c94cb8-c9e4-4be6-b40a-f41666a48472","2a71b562-cc08-40dc-8be0-b4d4a7108e58","6e76f8eb-ba47-4cfe-881d-6ce4ad693b1b","c49fd70e-d54a-45e4-a844-2591a9ffe4dc","c71f549d-bbd7-4ff8-81ee-ec3800994fb9","62755581-d85a-4c0e-821c-f6b98ace64d1","373de29b-75f4-4d91-9088-b0cd3e98ecff","fa856472-fd24-417e-8d11-e69e6d06ee8b","e7d4e3b0-464b-4df3-bb6a-e4699345be98","86aec73f-02d1-45a0-b871-5ff0d5e0ebed","e9280932-5ed5-4146-8cc5-a5426ba190bf","3e0951db-d6bf-4887-a565-8b84c94ee174","dc567b40-f13d-48b5-b121-2c74142d0707","7cc7ba75-9f1a-43c5-b83c-01d91516908f","7b7a6457-2630-482f-8b49-e46d632b012d","46929f30-5e52-4a97-bea2-20868d73d74f","7c127606-b500-4cb5-8d15-4bfa75bd2cc8","5c301957-fb6d-4558-8ea3-edd01fae5f62","102f9188-0451-45b8-bd06-0e746b74c43c","f8065bc6-c1a7-498a-9dbe-41bb8f8e6734","c0e6446f-6bc6-421f-ac2e-830f163d036d","e4ce460d-5e53-48c6-a7f8-6e133165e1cd","3d697862-c3f4-4f7f-8950-d14993146561","89dac02b-177f-4828-9992-f3df4a07ff0b","5817cc43-ac31-4f73-b6db-600579bf1b32","07d5c4ef-7ea6-43a8-9b82-38136a353820","cb5d3d86-2494-4250-a1ff-4ceb824cc64d","6bfbd36d-8d2a-41d1-8ac7-7eddc74f8fa3","22edd7a2-a383-4d07-813d-f65d130d3c54","f40460a3-79e7-48a9-aed2-cb2010998b58","e22e25cf-c6de-472d-9344-2b96ff8b4219","cf9b1e18-d581-45c9-b7dc-cbfca73c233b","bee64c6c-c791-4d3a-bce9-0bcce3981336","64576267-d5d8-460a-86a8-060c8cd9ddbf","3571cc81-5b1b-4626-b13d-ccd4923191f0","489e50a4-4dc1-4fb3-b157-528d00a4e84b","a8f884d7-bee8-418f-b13d-666ea27af921","ba481f92-4b2d-4aa5-b2ea-553caf35397a","9a7c8f98-dbdf-426f-a2db-b6309e08249a","66e8c544-2a3e-4084-8f13-13e85bc41f0a","6104ac70-57bf-400a-ae4e-2084c366d6cf","2fb26bf8-3c62-43d2-9300-a3e5fb1e47bb","fedb1993-cbbd-4b6c-96da-c76669098964","5d2add5a-33ea-4d0a-835d-335ce5ca0110","0d906852-3c7c-4403-a703-277e4434f18f"]}},"execution":{"status":"aborted","bulk":true,"run_by":"999                             ","is_supported":true,"create_time":"2022-11-16T05:54:05.005Z","completed_date":"2022-11-16T05:54:21.021Z"},"columns":[],"failed_assets":[],"logs":[{"date":"2022-11-16T05:54:21.021Z","event_id":"0","message_text":"Job requested","type":"info"},{"date":"2022-11-16T05:54:23.023Z","event_id":"500","message_text":"Job execution ended","type":"fatal"}]},"columns":[]},"href":"https://internal-nginx-svc.cpd.svc:12443/v2/data_profiles/c4a7971a-7da8-4ce6-8843-e5c3c94ee469?project_id=3f06ede8-0d0b-41a2-b331-a5b1eb10bcfb&dataset_id=a3af871e-5833-4119-9963-d4573bc9b5ea"}}},"attachments":[{"id":"3763c559-8dd2-4e62-b487-f0a9ae079c9c","version":2,"asset_type":"data_asset","name":"reference_data","connection_id":"a4f9a17a-5792-4434-bc54-23f30a49dbbe","connection_path":"/xcelys/group_master","datasource_type":"48695e79-6279-474a-b539-342625d3dfc2","creator_id":"icp4d-dev","create_time":1668576800540,"size":0,"is_remote":true,"is_managed":false,"is_referenced":false,"is_object_key_read_only":false,"is_user_provided_path_key":true,"transfer_complete":true,"is_partitioned":false,"complete_time_ticks":1668576800540,"user_data":{},"test_doc":0,"usage":{"access_count":0,"last_accessor_id":"icp4d-dev","last_access_time":1668576800540}}]}