{"metadata":{"asset_id":"693b365c-d40a-4e4e-9617-41a2567ac03e","asset_attributes":["data_asset","column_info","discovered_asset","metadata_enrichment_area_info","metadata_enrichment_info"],"name":"EAADDRESSSPECIALTY","asset_type":"data_asset","created_at":"2022-11-16T16:26:33Z","origin_country":"us","owner_id":"1000330999","project_id":"3f06ede8-0d0b-41a2-b331-a5b1eb10bcfb","size":0,"tags":["cactus"],"usage":{"last_update_time":1668616057681,"last_updated_at":"2022-11-16T16:27:37Z"}},"entity":{"data_asset":{"mime_type":"application/x-ibm-rel-table","dataset":true,"columns":[{"name":"EAADDRESSSPECIALTY_K","type":{"length":10,"nullable":false,"type":"char","scale":0,"signed":false}},{"name":"EAADDRESS_K","type":{"length":10,"nullable":false,"type":"char","scale":0,"signed":false}},{"name":"PROVIDERSPECIALTY_K","type":{"length":10,"nullable":false,"type":"char","scale":0,"signed":false}},{"name":"EFFECTIVEFROM","type":{"length":23,"nullable":true,"type":"timestamp","scale":3,"signed":false}},{"name":"EFFECTIVETO","type":{"length":23,"nullable":true,"type":"timestamp","scale":3,"signed":false}},{"name":"USERDEF_C1","type":{"length":50,"nullable":false,"type":"char","scale":0,"signed":false}},{"name":"USERDEF_C2","type":{"length":50,"nullable":false,"type":"char","scale":0,"signed":false}},{"name":"USERDEF_C3","type":{"length":50,"nullable":false,"type":"char","scale":0,"signed":false}},{"name":"USERDEF_RTK1","type":{"length":10,"nullable":false,"type":"char","scale":0,"signed":false}},{"name":"USERDEF_RTK2","type":{"length":10,"nullable":false,"type":"char","scale":0,"signed":false}},{"name":"USERDEF_RTK3","type":{"length":10,"nullable":false,"type":"char","scale":0,"signed":false}},{"name":"USERDEF_M1","type":{"length":2147483647,"nullable":true,"type":"longvarchar","scale":0,"signed":false}},{"name":"USERDEF_M2","type":{"length":2147483647,"nullable":true,"type":"longvarchar","scale":0,"signed":false}},{"name":"USERDEF_M3","type":{"length":2147483647,"nullable":true,"type":"longvarchar","scale":0,"signed":false}},{"name":"USERDEF_L1","type":{"length":1,"nullable":false,"type":"bit","scale":0,"signed":false}},{"name":"USERDEF_L2","type":{"length":1,"nullable":false,"type":"bit","scale":0,"signed":false}},{"name":"USERDEF_L3","type":{"length":1,"nullable":false,"type":"bit","scale":0,"signed":false}},{"name":"USERDEF_N1","type":{"length":15,"nullable":false,"type":"float","scale":0,"signed":true}},{"name":"USERDEF_N2","type":{"length":15,"nullable":false,"type":"float","scale":0,"signed":true}},{"name":"USERDEF_N3","type":{"length":15,"nullable":false,"type":"float","scale":0,"signed":true}},{"name":"USERDEF_D1","type":{"length":23,"nullable":true,"type":"timestamp","scale":3,"signed":false}},{"name":"USERDEF_D2","type":{"length":23,"nullable":true,"type":"timestamp","scale":3,"signed":false}},{"name":"USERDEF_D3","type":{"length":23,"nullable":true,"type":"timestamp","scale":3,"signed":false}},{"name":"WEBPUBLISHSTATUS_RTK","type":{"length":10,"nullable":false,"type":"char","scale":0,"signed":false}},{"name":"INS_DT","type":{"length":23,"nullable":true,"type":"timestamp","scale":3,"signed":false}},{"name":"ROW_STATUS_CD","type":{"length":1,"nullable":true,"type":"varchar","scale":0,"signed":false}},{"name":"ETL_JOB_ID","type":{"length":5,"nullable":true,"type":"smallint","scale":0,"signed":true}}],"properties":[{"name":"schema_name","value":"cactus"},{"name":"table_name","value":"EAADDRESSSPECIALTY"}]},"column_info":{"EAADDRESS_K":{},"USERDEF_C1":{},"USERDEF_C3":{},"USERDEF_C2":{},"USERDEF_M1":{},"USERDEF_M3":{},"USERDEF_M2":{},"PROVIDERSPECIALTY_K":{},"USERDEF_RTK3":{},"USERDEF_RTK2":{},"INS_DT":{},"USERDEF_RTK1":{},"EFFECTIVETO":{},"EFFECTIVEFROM":{},"USERDEF_D2":{},"USERDEF_D1":{},"USERDEF_D3":{},"USERDEF_N2":{},"USERDEF_N1":{},"USERDEF_L2":{},"USERDEF_L1":{},"USERDEF_N3":{},"WEBPUBLISHSTATUS_RTK":{},"USERDEF_L3":{},"ETL_JOB_ID":{},"EAADDRESSSPECIALTY_K":{},"ROW_STATUS_CD":{}},"discovered_asset":{"connection_id":"a4f9a17a-5792-4434-bc54-23f30a49dbbe","connection_path":"/cactus/EAADDRESSSPECIALTY","discovery_id":"a5899b50-1049-4d77-a300-5edf3c6c6051","metadata_import_id":"f2362e7f-850d-4856-856b-78d696e7456c","first_imported_timestamp":1668615993828,"last_imported_timestamp":1668615993828,"outdated_timestamp":0,"last_discovered_timestamp":1668615993828,"outdated_reason":""},"metadata_enrichment_area_info":{"area_id":"912abf57-0daf-4ffc-ad96-deb8cde332a6","added_date":1668616055617},"metadata_enrichment_info":{"MDE_instrumented":true}},"attachments":[{"id":"21212509-76ce-489e-af37-caaa7c2ad36d","version":2,"asset_type":"data_asset","name":"reference_data","connection_id":"a4f9a17a-5792-4434-bc54-23f30a49dbbe","connection_path":"/cactus/EAADDRESSSPECIALTY","datasource_type":"48695e79-6279-474a-b539-342625d3dfc2","creator_id":"icp4d-dev","create_time":1668615993603,"size":0,"is_remote":true,"is_managed":false,"is_referenced":false,"is_object_key_read_only":false,"is_user_provided_path_key":true,"transfer_complete":true,"is_partitioned":false,"complete_time_ticks":1668615993603,"user_data":{},"test_doc":0,"usage":{"access_count":0,"last_accessor_id":"icp4d-dev","last_access_time":1668615993603}}]}