{"metadata":{"asset_id":"b7df7cae-9e86-410b-b854-72d91c1d7274","asset_attributes":["data_asset","column_info","discovered_asset","metadata_enrichment_area_info","metadata_enrichment_info"],"name":"GROUP_DIM","asset_type":"data_asset","created_at":"2022-11-16T16:28:53Z","origin_country":"us","owner_id":"1000330999","project_id":"3f06ede8-0d0b-41a2-b331-a5b1eb10bcfb","size":0,"tags":["pdi"],"usage":{"last_update_time":1668616181134,"last_updated_at":"2022-11-16T16:29:41Z"}},"entity":{"data_asset":{"mime_type":"application/x-ibm-rel-table","dataset":true,"columns":[{"name":"GROUP_ID","type":{"length":3,"nullable":false,"type":"tinyint","scale":0,"signed":false}},{"name":"EXT_GROUP_NO","type":{"length":10,"nullable":false,"type":"varchar","scale":0,"signed":false}},{"name":"GROUP_CD","type":{"length":15,"nullable":false,"type":"varchar","scale":0,"signed":false}},{"name":"GROUP_NAME","type":{"length":65,"nullable":true,"type":"varchar","scale":0,"signed":false}},{"name":"TYPE","type":{"length":15,"nullable":true,"type":"varchar","scale":0,"signed":false}},{"name":"SIC_CODE","type":{"length":7,"nullable":true,"type":"varchar","scale":0,"signed":false}},{"name":"FED_TAX_ID","type":{"length":15,"nullable":true,"type":"varchar","scale":0,"signed":false}},{"name":"ACTIVE_IND","type":{"length":1,"nullable":true,"type":"bit","scale":0,"signed":false}},{"name":"INS_DT","type":{"length":16,"nullable":false,"type":"timestamp","scale":3,"signed":false}},{"name":"UPD_DT","type":{"length":16,"nullable":true,"type":"timestamp","scale":0,"signed":false}},{"name":"ROW_SOURCE_ID","type":{"length":3,"nullable":false,"type":"tinyint","scale":0,"signed":false}},{"name":"ROW_STATUS_CD","type":{"length":1,"nullable":false,"type":"char","scale":0,"signed":false}},{"name":"INFERRED_IND","type":{"length":1,"nullable":false,"type":"bit","scale":0,"signed":false}},{"name":"ETL_JOB_ID","type":{"length":5,"nullable":false,"type":"smallint","scale":0,"signed":true}},{"name":"COMPANY_CD","type":{"length":5,"nullable":true,"type":"varchar","scale":0,"signed":false}},{"name":"COMPANY_NAME","type":{"length":30,"nullable":true,"type":"varchar","scale":0,"signed":false}}],"properties":[{"name":"schema_name","value":"pdi"},{"name":"table_name","value":"GROUP_DIM"}]},"column_info":{"COMPANY_CD":{},"INS_DT":{},"INFERRED_IND":{},"SIC_CODE":{},"EXT_GROUP_NO":{},"GROUP_ID":{},"GROUP_NAME":{},"COMPANY_NAME":{},"FED_TAX_ID":{},"GROUP_CD":{},"UPD_DT":{},"ACTIVE_IND":{},"ETL_JOB_ID":{},"ROW_SOURCE_ID":{},"TYPE":{},"ROW_STATUS_CD":{}},"discovered_asset":{"connection_id":"a4f9a17a-5792-4434-bc54-23f30a49dbbe","connection_path":"/pdi/GROUP_DIM","discovery_id":"5c4bc50d-0bba-4093-a1a7-d28c3e1a3b28","metadata_import_id":"6be672ae-3cc1-487c-aaff-df95ebf678e1","first_imported_timestamp":1668616133753,"last_imported_timestamp":1668616133753,"outdated_timestamp":0,"last_discovered_timestamp":1668616133753,"outdated_reason":""},"metadata_enrichment_area_info":{"area_id":"4209faa6-3e86-40ad-81da-c0f642d66537","added_date":1668616180515},"metadata_enrichment_info":{"MDE_instrumented":true}},"attachments":[{"id":"ccf1f23f-eb16-4f9b-ad64-5b076df63eeb","version":2,"asset_type":"data_asset","name":"reference_data","connection_id":"a4f9a17a-5792-4434-bc54-23f30a49dbbe","connection_path":"/pdi/GROUP_DIM","datasource_type":"48695e79-6279-474a-b539-342625d3dfc2","creator_id":"icp4d-dev","create_time":1668616133565,"size":0,"is_remote":true,"is_managed":false,"is_referenced":false,"is_object_key_read_only":false,"is_user_provided_path_key":true,"transfer_complete":true,"is_partitioned":false,"complete_time_ticks":1668616133565,"user_data":{},"test_doc":0,"usage":{"access_count":0,"last_accessor_id":"icp4d-dev","last_access_time":1668616133565}}]}