{"metadata":{"asset_id":"90c1b8d9-5dcf-4b1e-a096-6163c4418406","asset_attributes":["data_asset","column_info","discovered_asset","metadata_enrichment_area_info","metadata_enrichment_info"],"name":"REFTABLE","asset_type":"data_asset","created_at":"2022-11-16T16:26:33Z","origin_country":"us","owner_id":"1000330999","project_id":"3f06ede8-0d0b-41a2-b331-a5b1eb10bcfb","size":0,"tags":["cactus"],"usage":{"last_update_time":1668616059518,"last_updated_at":"2022-11-16T16:27:39Z"}},"entity":{"data_asset":{"mime_type":"application/x-ibm-rel-table","dataset":true,"columns":[{"name":"REFTABLE_K","type":{"length":10,"nullable":false,"type":"varchar","scale":0,"signed":false}},{"name":"ENTITY_K","type":{"length":10,"nullable":true,"type":"varchar","scale":0,"signed":false}},{"name":"REFERENCEMASTER_K","type":{"length":10,"nullable":true,"type":"varchar","scale":0,"signed":false}},{"name":"DESCRIPTION","type":{"length":60,"nullable":true,"type":"varchar","scale":0,"signed":false}},{"name":"SHORTDESCRIPTION","type":{"length":20,"nullable":true,"type":"varchar","scale":0,"signed":false}},{"name":"DISPLAYORDER","type":{"length":10,"nullable":true,"type":"integer","scale":0,"signed":true}},{"name":"INTERFACEKEY","type":{"length":15,"nullable":true,"type":"varchar","scale":0,"signed":false}},{"name":"FORIEGN_K","type":{"length":10,"nullable":true,"type":"varchar","scale":0,"signed":false}},{"name":"PARENT_K","type":{"length":10,"nullable":true,"type":"varchar","scale":0,"signed":false}},{"name":"INDENTLEVEL","type":{"length":10,"nullable":true,"type":"integer","scale":0,"signed":true}},{"name":"DATE_1","type":{"length":16,"nullable":true,"type":"timestamp","scale":0,"signed":false}},{"name":"smalldatetime_1","type":{"length":16,"nullable":true,"type":"timestamp","scale":0,"signed":false}},{"name":"LOGICAL_1","type":{"length":1,"nullable":true,"type":"bit","scale":0,"signed":false}},{"name":"NUMERIC_1","type":{"length":15,"nullable":true,"type":"float","scale":0,"signed":true}},{"name":"LASTUPDATE","type":{"length":16,"nullable":true,"type":"timestamp","scale":0,"signed":false}},{"name":"ACTIVE","type":{"length":1,"nullable":true,"type":"bit","scale":0,"signed":false}},{"name":"DELETED","type":{"length":1,"nullable":true,"type":"bit","scale":0,"signed":false}},{"name":"HOTKEY","type":{"length":10,"nullable":true,"type":"varchar","scale":0,"signed":false}},{"name":"INDENT","type":{"length":10,"nullable":true,"type":"integer","scale":0,"signed":true}},{"name":"CTC_REQUIRED","type":{"length":1,"nullable":true,"type":"bit","scale":0,"signed":false}},{"name":"CTC_K","type":{"length":10,"nullable":true,"type":"varchar","scale":0,"signed":false}},{"name":"CTC_PROPERTIES","type":{"length":8000,"nullable":true,"type":"varchar","scale":0,"signed":false}},{"name":"USERDEF_C1","type":{"length":10,"nullable":true,"type":"varchar","scale":0,"signed":false}},{"name":"USERDEF_C2","type":{"length":10,"nullable":true,"type":"varchar","scale":0,"signed":false}},{"name":"USERDEF_C3","type":{"length":10,"nullable":true,"type":"varchar","scale":0,"signed":false}},{"name":"USERDEF_D1","type":{"length":16,"nullable":true,"type":"timestamp","scale":0,"signed":false}},{"name":"USERDEF_D2","type":{"length":16,"nullable":true,"type":"timestamp","scale":0,"signed":false}},{"name":"USERDEF_D3","type":{"length":16,"nullable":true,"type":"timestamp","scale":0,"signed":false}},{"name":"USERDEF_N1","type":{"length":15,"nullable":true,"type":"float","scale":0,"signed":true}},{"name":"USERDEF_N2","type":{"length":15,"nullable":true,"type":"float","scale":0,"signed":true}},{"name":"USERDEF_N3","type":{"length":15,"nullable":true,"type":"float","scale":0,"signed":true}},{"name":"USERDEF_L1","type":{"length":1,"nullable":true,"type":"bit","scale":0,"signed":false}},{"name":"USERDEF_L2","type":{"length":1,"nullable":true,"type":"bit","scale":0,"signed":false}},{"name":"USERDEF_L3","type":{"length":1,"nullable":true,"type":"bit","scale":0,"signed":false}},{"name":"USERDEF_M1","type":{"length":8000,"nullable":true,"type":"varchar","scale":0,"signed":false}},{"name":"USERDEF_M2","type":{"length":8000,"nullable":true,"type":"varchar","scale":0,"signed":false}},{"name":"USERDEF_M3","type":{"length":8000,"nullable":true,"type":"varchar","scale":0,"signed":false}},{"name":"HCOL_VALUE","type":{"length":25,"nullable":true,"type":"varchar","scale":0,"signed":false}},{"name":"WEBPUBLISHSTATUS_RTK","type":{"length":10,"nullable":true,"type":"varchar","scale":0,"signed":false}},{"name":"CACHETIMESTAMP","type":{"length":16,"nullable":true,"type":"timestamp","scale":0,"signed":false}},{"name":"CTC_MODIFIEDDATE","type":{"length":16,"nullable":true,"type":"timestamp","scale":0,"signed":false}},{"name":"USERDEF_RTK1","type":{"length":10,"nullable":true,"type":"varchar","scale":0,"signed":false}},{"name":"USERDEF_RTK2","type":{"length":10,"nullable":true,"type":"varchar","scale":0,"signed":false}},{"name":"USERDEF_RTK3","type":{"length":10,"nullable":true,"type":"varchar","scale":0,"signed":false}},{"name":"INS_DT","type":{"length":16,"nullable":true,"type":"timestamp","scale":0,"signed":false}},{"name":"ROW_STATUS_CD","type":{"length":1,"nullable":true,"type":"varchar","scale":0,"signed":false}},{"name":"ETL_JOB_ID","type":{"length":5,"nullable":true,"type":"smallint","scale":0,"signed":true}}],"properties":[{"name":"schema_name","value":"cactus"},{"name":"table_name","value":"REFTABLE"}]},"column_info":{"ACTIVE":{},"PARENT_K":{},"FORIEGN_K":{},"DISPLAYORDER":{},"USERDEF_C1":{},"DELETED":{},"USERDEF_C3":{},"USERDEF_C2":{},"smalldatetime_1":{},"INDENT":{},"USERDEF_M1":{},"CTC_MODIFIEDDATE":{},"CTC_REQUIRED":{},"LASTUPDATE":{},"USERDEF_M3":{},"LOGICAL_1":{},"USERDEF_M2":{},"DESCRIPTION":{},"CACHETIMESTAMP":{},"REFERENCEMASTER_K":{},"NUMERIC_1":{},"REFTABLE_K":{},"DATE_1":{},"USERDEF_RTK3":{},"USERDEF_RTK2":{},"INS_DT":{},"USERDEF_RTK1":{},"CTC_K":{},"USERDEF_D2":{},"USERDEF_D1":{},"USERDEF_D3":{},"HOTKEY":{},"USERDEF_N2":{},"USERDEF_N1":{},"USERDEF_L2":{},"USERDEF_N3":{},"USERDEF_L1":{},"HCOL_VALUE":{},"WEBPUBLISHSTATUS_RTK":{},"ENTITY_K":{},"USERDEF_L3":{},"INTERFACEKEY":{},"ETL_JOB_ID":{},"INDENTLEVEL":{},"SHORTDESCRIPTION":{},"CTC_PROPERTIES":{},"ROW_STATUS_CD":{}},"discovered_asset":{"connection_id":"a4f9a17a-5792-4434-bc54-23f30a49dbbe","connection_path":"/cactus/REFTABLE","discovery_id":"a5899b50-1049-4d77-a300-5edf3c6c6051","metadata_import_id":"f2362e7f-850d-4856-856b-78d696e7456c","first_imported_timestamp":1668615993617,"last_imported_timestamp":1668615993617,"outdated_timestamp":0,"last_discovered_timestamp":1668615993617,"outdated_reason":""},"metadata_enrichment_area_info":{"area_id":"912abf57-0daf-4ffc-ad96-deb8cde332a6","added_date":1668616055617},"metadata_enrichment_info":{"MDE_instrumented":true}},"attachments":[{"id":"797f3fd4-094d-45e7-bb98-64c16226baa4","version":2,"asset_type":"data_asset","name":"reference_data","connection_id":"a4f9a17a-5792-4434-bc54-23f30a49dbbe","connection_path":"/cactus/REFTABLE","datasource_type":"48695e79-6279-474a-b539-342625d3dfc2","creator_id":"icp4d-dev","create_time":1668615993481,"size":0,"is_remote":true,"is_managed":false,"is_referenced":false,"is_object_key_read_only":false,"is_user_provided_path_key":true,"transfer_complete":true,"is_partitioned":false,"complete_time_ticks":1668615993481,"user_data":{},"test_doc":0,"usage":{"access_count":0,"last_accessor_id":"icp4d-dev","last_access_time":1668615993481}}]}