{"metadata":{"asset_id":"5137254b-83f1-49e6-9bbb-057473e09568","asset_attributes":["data_asset","column_info","discovered_asset","metadata_enrichment_area_info","metadata_enrichment_info"],"name":"PROVIDER_CREDENTIAL_DIM","asset_type":"data_asset","created_at":"2022-11-16T16:28:55Z","origin_country":"us","owner_id":"1000330999","project_id":"3f06ede8-0d0b-41a2-b331-a5b1eb10bcfb","size":0,"tags":["pdi"],"usage":{"last_update_time":1668616181134,"last_updated_at":"2022-11-16T16:29:41Z"}},"entity":{"data_asset":{"mime_type":"application/x-ibm-rel-table","dataset":true,"columns":[{"name":"CREDENTIAL_ID","type":{"length":10,"nullable":false,"type":"integer","scale":0,"signed":true}},{"name":"EXT_CREDENTIAL_ID","type":{"length":10,"nullable":true,"type":"integer","scale":0,"signed":true}},{"name":"PROVIDER_ID","type":{"length":10,"nullable":true,"type":"integer","scale":0,"signed":true}},{"name":"LICENSE","type":{"length":25,"nullable":true,"type":"varchar","scale":0,"signed":false}},{"name":"STATE_CD","type":{"length":2,"nullable":true,"type":"char","scale":0,"signed":false}},{"name":"LICENSE_EXPIRE_DT","type":{"length":16,"nullable":true,"type":"timestamp","scale":0,"signed":false}},{"name":"DEA_LICENSE","type":{"length":25,"nullable":true,"type":"varchar","scale":0,"signed":false}},{"name":"DEA_EXPIRE_DT","type":{"length":16,"nullable":true,"type":"timestamp","scale":0,"signed":false}},{"name":"INS_CARRIER","type":{"length":25,"nullable":true,"type":"varchar","scale":0,"signed":false}},{"name":"INS_POLICY_NO","type":{"length":20,"nullable":true,"type":"varchar","scale":0,"signed":false}},{"name":"INS_EFF_FROM_DT","type":{"length":16,"nullable":true,"type":"timestamp","scale":0,"signed":false}},{"name":"INS_EFF_TO_DT","type":{"length":16,"nullable":true,"type":"timestamp","scale":0,"signed":false}},{"name":"INS_POLICY_DESCR","type":{"length":50,"nullable":true,"type":"varchar","scale":0,"signed":false}},{"name":"MEDICAL_SCHOOL","type":{"length":35,"nullable":true,"type":"varchar","scale":0,"signed":false}},{"name":"MED_SCHOOL_DT","type":{"length":16,"nullable":true,"type":"timestamp","scale":0,"signed":false}},{"name":"INTERNSHIP","type":{"length":35,"nullable":true,"type":"varchar","scale":0,"signed":false}},{"name":"INTERNSHIP_DT","type":{"length":16,"nullable":true,"type":"timestamp","scale":0,"signed":false}},{"name":"RESIDENCY","type":{"length":35,"nullable":true,"type":"varchar","scale":0,"signed":false}},{"name":"RESIDENCY_DT","type":{"length":16,"nullable":true,"type":"timestamp","scale":0,"signed":false}},{"name":"SPECIALTY_BOARD","type":{"length":100,"nullable":true,"type":"varchar","scale":0,"signed":false}},{"name":"BOARD_FROM_DT","type":{"length":16,"nullable":true,"type":"timestamp","scale":0,"signed":false}},{"name":"BOARD_TO_DT","type":{"length":16,"nullable":true,"type":"timestamp","scale":0,"signed":false}},{"name":"DIRECTORY_IND","type":{"length":1,"nullable":true,"type":"bit","scale":0,"signed":false}},{"name":"COUNTRY","type":{"length":20,"nullable":true,"type":"varchar","scale":0,"signed":false}},{"name":"INS_DT","type":{"length":16,"nullable":false,"type":"timestamp","scale":3,"signed":false}},{"name":"UPD_DT","type":{"length":16,"nullable":true,"type":"timestamp","scale":0,"signed":false}},{"name":"ROW_SOURCE_ID","type":{"length":3,"nullable":false,"type":"tinyint","scale":0,"signed":false}},{"name":"ROW_STATUS_CD","type":{"length":1,"nullable":false,"type":"char","scale":0,"signed":false}},{"name":"ETL_JOB_ID","type":{"length":5,"nullable":false,"type":"smallint","scale":0,"signed":true}},{"name":"CREDENTIAL_STATUS","type":{"length":25,"nullable":true,"type":"varchar","scale":0,"signed":false}}],"properties":[{"name":"schema_name","value":"pdi"},{"name":"table_name","value":"PROVIDER_CREDENTIAL_DIM"}]},"column_info":{"MEDICAL_SCHOOL":{},"BOARD_FROM_DT":{},"RESIDENCY_DT":{},"RESIDENCY":{},"INS_CARRIER":{},"PROVIDER_ID":{},"DEA_EXPIRE_DT":{},"COUNTRY":{},"INTERNSHIP":{},"UPD_DT":{},"STATE_CD":{},"INS_EFF_TO_DT":{},"DIRECTORY_IND":{},"SPECIALTY_BOARD":{},"ROW_SOURCE_ID":{},"LICENSE":{},"MED_SCHOOL_DT":{},"INS_DT":{},"INTERNSHIP_DT":{},"CREDENTIAL_STATUS":{},"INS_EFF_FROM_DT":{},"EXT_CREDENTIAL_ID":{},"INS_POLICY_DESCR":{},"BOARD_TO_DT":{},"LICENSE_EXPIRE_DT":{},"DEA_LICENSE":{},"INS_POLICY_NO":{},"ETL_JOB_ID":{},"CREDENTIAL_ID":{},"ROW_STATUS_CD":{}},"discovered_asset":{"connection_id":"a4f9a17a-5792-4434-bc54-23f30a49dbbe","connection_path":"/pdi/PROVIDER_CREDENTIAL_DIM","discovery_id":"5c4bc50d-0bba-4093-a1a7-d28c3e1a3b28","metadata_import_id":"6be672ae-3cc1-487c-aaff-df95ebf678e1","first_imported_timestamp":1668616135872,"last_imported_timestamp":1668616135872,"outdated_timestamp":0,"last_discovered_timestamp":1668616135872,"outdated_reason":""},"metadata_enrichment_area_info":{"area_id":"4209faa6-3e86-40ad-81da-c0f642d66537","added_date":1668616180515},"metadata_enrichment_info":{"MDE_instrumented":true}},"attachments":[{"id":"1b3f4b2f-a98e-4bee-9518-ab274c243d22","version":2,"asset_type":"data_asset","name":"reference_data","connection_id":"a4f9a17a-5792-4434-bc54-23f30a49dbbe","connection_path":"/pdi/PROVIDER_CREDENTIAL_DIM","datasource_type":"48695e79-6279-474a-b539-342625d3dfc2","creator_id":"icp4d-dev","create_time":1668616135653,"size":0,"is_remote":true,"is_managed":false,"is_referenced":false,"is_object_key_read_only":false,"is_user_provided_path_key":true,"transfer_complete":true,"is_partitioned":false,"complete_time_ticks":1668616135653,"user_data":{},"test_doc":0,"usage":{"access_count":0,"last_accessor_id":"icp4d-dev","last_access_time":1668616135653}}]}