{"metadata":{"asset_id":"17dd5050-0efa-4ebb-906c-b515f5009e1a","asset_attributes":["data_asset","column_info","discovered_asset","metadata_enrichment_area_info","metadata_enrichment_info"],"name":"INSTITUTIONS","asset_type":"data_asset","created_at":"2022-11-16T16:26:36Z","origin_country":"us","owner_id":"1000330999","project_id":"3f06ede8-0d0b-41a2-b331-a5b1eb10bcfb","size":0,"tags":["cactus"],"usage":{"last_update_time":1668616057681,"last_updated_at":"2022-11-16T16:27:37Z"}},"entity":{"data_asset":{"mime_type":"application/x-ibm-rel-table","dataset":true,"columns":[{"name":"INSTITUTION_K","type":{"length":10,"nullable":false,"type":"varchar","scale":0,"signed":false}},{"name":"LOOKUP","type":{"length":10,"nullable":false,"type":"varchar","scale":0,"signed":false}},{"name":"AMAINSTITUTIONCODE","type":{"length":15,"nullable":false,"type":"varchar","scale":0,"signed":false}},{"name":"NAME","type":{"length":150,"nullable":false,"type":"varchar","scale":0,"signed":false}},{"name":"SALUTATION","type":{"length":20,"nullable":false,"type":"varchar","scale":0,"signed":false}},{"name":"CONTACT","type":{"length":50,"nullable":false,"type":"varchar","scale":0,"signed":false}},{"name":"ADDRESS1","type":{"length":50,"nullable":false,"type":"varchar","scale":0,"signed":false}},{"name":"ADDRESS2","type":{"length":50,"nullable":false,"type":"varchar","scale":0,"signed":false}},{"name":"CITY","type":{"length":30,"nullable":false,"type":"varchar","scale":0,"signed":false}},{"name":"STATE","type":{"length":2,"nullable":false,"type":"varchar","scale":0,"signed":false}},{"name":"ZIPCODE","type":{"length":11,"nullable":false,"type":"varchar","scale":0,"signed":false}},{"name":"COUNTRY","type":{"length":50,"nullable":false,"type":"varchar","scale":0,"signed":false}},{"name":"FACILITYTYPE_RTK","type":{"length":10,"nullable":false,"type":"varchar","scale":0,"signed":false}},{"name":"FACILITYTYPE_AFFILIATIONS","type":{"length":1,"nullable":false,"type":"bit","scale":0,"signed":false}},{"name":"FACILITYTYPE_BOARDS","type":{"length":1,"nullable":false,"type":"bit","scale":0,"signed":false}},{"name":"FACILITYTYPE_EDUCATION","type":{"length":1,"nullable":false,"type":"bit","scale":0,"signed":false}},{"name":"FACILITYTYPE_INSURANCE","type":{"length":1,"nullable":false,"type":"bit","scale":0,"signed":false}},{"name":"FACILITYTYPE_LICENSES","type":{"length":1,"nullable":false,"type":"bit","scale":0,"signed":false}},{"name":"FACILITYTYPE_PLANS","type":{"length":1,"nullable":false,"type":"bit","scale":0,"signed":false}},{"name":"FACILITYTYPE_MEETING","type":{"length":1,"nullable":false,"type":"bit","scale":0,"signed":false}},{"name":"FACILITYTYPE_ENTITY","type":{"length":1,"nullable":false,"type":"bit","scale":0,"signed":false}},{"name":"INTERNATIONALCODE","type":{"length":2,"nullable":false,"type":"varchar","scale":0,"signed":false}},{"name":"PHONE_PRIMARY","type":{"length":10,"nullable":false,"type":"varchar","scale":0,"signed":false}},{"name":"PHONE_PRIMARYEXT","type":{"length":6,"nullable":false,"type":"varchar","scale":0,"signed":false}},{"name":"PHONE_ALTERNATE","type":{"length":10,"nullable":false,"type":"varchar","scale":0,"signed":false}},{"name":"PHONE_ALTERNATEEXT","type":{"length":6,"nullable":false,"type":"varchar","scale":0,"signed":false}},{"name":"FAX","type":{"length":10,"nullable":false,"type":"varchar","scale":0,"signed":false}},{"name":"EMAIL","type":{"length":150,"nullable":false,"type":"varchar","scale":0,"signed":false}},{"name":"HOMEPAGEURL","type":{"length":150,"nullable":false,"type":"varchar","scale":0,"signed":false}},{"name":"PAGER","type":{"length":10,"nullable":false,"type":"varchar","scale":0,"signed":false}},{"name":"LOCAL","type":{"length":1,"nullable":false,"type":"bit","scale":0,"signed":false}},{"name":"MEMBERHOSPITAL","type":{"length":1,"nullable":false,"type":"bit","scale":0,"signed":false}},{"name":"INTERFACEKEY","type":{"length":15,"nullable":false,"type":"varchar","scale":0,"signed":false}},{"name":"ENTITY_K","type":{"length":10,"nullable":false,"type":"varchar","scale":0,"signed":false}},{"name":"LONGITUDE","type":{"length":15,"nullable":false,"type":"float","scale":0,"signed":true}},{"name":"LATITUDE","type":{"length":15,"nullable":false,"type":"float","scale":0,"signed":true}},{"name":"MASTERINSTITUTION","type":{"length":1,"nullable":false,"type":"bit","scale":0,"signed":false}},{"name":"ACTIVE","type":{"length":1,"nullable":false,"type":"bit","scale":0,"signed":false}},{"name":"CTC_REQUIRED","type":{"length":1,"nullable":false,"type":"bit","scale":0,"signed":false}},{"name":"WEBPUBLISHSTATUS_RTK","type":{"length":10,"nullable":false,"type":"varchar","scale":0,"signed":false}},{"name":"COUNTRY_K","type":{"length":10,"nullable":false,"type":"varchar","scale":0,"signed":false}},{"name":"CAQH_SCHOOL_ID","type":{"length":3,"nullable":false,"type":"varchar","scale":0,"signed":false}},{"name":"USERDEF_C1","type":{"length":25,"nullable":false,"type":"varchar","scale":0,"signed":false}},{"name":"USERDEF_C2","type":{"length":25,"nullable":false,"type":"varchar","scale":0,"signed":false}},{"name":"USERDEF_C3","type":{"length":25,"nullable":false,"type":"varchar","scale":0,"signed":false}},{"name":"USERDEF_N1","type":{"length":15,"nullable":false,"type":"float","scale":0,"signed":true}},{"name":"USERDEF_N2","type":{"length":15,"nullable":false,"type":"float","scale":0,"signed":true}},{"name":"USERDEF_N3","type":{"length":15,"nullable":false,"type":"float","scale":0,"signed":true}},{"name":"USERDEF_RTK1","type":{"length":10,"nullable":false,"type":"varchar","scale":0,"signed":false}},{"name":"USERDEF_RTK2","type":{"length":10,"nullable":false,"type":"varchar","scale":0,"signed":false}},{"name":"USERDEF_RTK3","type":{"length":10,"nullable":false,"type":"varchar","scale":0,"signed":false}},{"name":"USERDEF_D1","type":{"length":16,"nullable":true,"type":"timestamp","scale":0,"signed":false}},{"name":"USERDEF_D2","type":{"length":16,"nullable":true,"type":"timestamp","scale":0,"signed":false}},{"name":"USERDEF_D3","type":{"length":16,"nullable":true,"type":"timestamp","scale":0,"signed":false}},{"name":"USERDEF_M1","type":{"length":8000,"nullable":true,"type":"varchar","scale":0,"signed":false}},{"name":"USERDEF_M2","type":{"length":8000,"nullable":true,"type":"varchar","scale":0,"signed":false}},{"name":"USERDEF_M3","type":{"length":8000,"nullable":true,"type":"varchar","scale":0,"signed":false}},{"name":"USERDEF_L1","type":{"length":1,"nullable":false,"type":"bit","scale":0,"signed":false}},{"name":"USERDEF_L2","type":{"length":1,"nullable":false,"type":"bit","scale":0,"signed":false}},{"name":"USERDEF_L3","type":{"length":1,"nullable":false,"type":"bit","scale":0,"signed":false}},{"name":"NPI","type":{"length":10,"nullable":false,"type":"varchar","scale":0,"signed":false}},{"name":"NPIPROFILE_K","type":{"length":10,"nullable":false,"type":"varchar","scale":0,"signed":false}},{"name":"PAGEREXTENSION","type":{"length":6,"nullable":false,"type":"varchar","scale":0,"signed":false}},{"name":"FAXEXTENSION","type":{"length":6,"nullable":false,"type":"varchar","scale":0,"signed":false}},{"name":"INS_DT","type":{"length":23,"nullable":true,"type":"timestamp","scale":3,"signed":false}},{"name":"ROW_STATUS_CD","type":{"length":1,"nullable":true,"type":"varchar","scale":0,"signed":false}},{"name":"ETL_JOB_ID","type":{"length":5,"nullable":true,"type":"smallint","scale":0,"signed":true}}],"properties":[{"name":"schema_name","value":"cactus"},{"name":"table_name","value":"INSTITUTIONS"}]},"column_info":{"CONTACT":{},"HOMEPAGEURL":{},"USERDEF_C1":{},"EMAIL":{},"USERDEF_C3":{},"USERDEF_C2":{},"FACILITYTYPE_BOARDS":{},"INTERNATIONALCODE":{},"CTC_REQUIRED":{},"COUNTRY":{},"SALUTATION":{},"PHONE_PRIMARY":{},"LOCAL":{},"FACILITYTYPE_EDUCATION":{},"NPIPROFILE_K":{},"FACILITYTYPE_ENTITY":{},"FACILITYTYPE_AFFILIATIONS":{},"FACILITYTYPE_LICENSES":{},"PHONE_PRIMARYEXT":{},"FACILITYTYPE_RTK":{},"INS_DT":{},"PHONE_ALTERNATEEXT":{},"PAGER":{},"NAME":{},"USERDEF_N2":{},"AMAINSTITUTIONCODE":{},"USERDEF_N1":{},"FACILITYTYPE_INSURANCE":{},"USERDEF_N3":{},"ENTITY_K":{},"INTERFACEKEY":{},"ETL_JOB_ID":{},"PHONE_ALTERNATE":{},"CAQH_SCHOOL_ID":{},"FAXEXTENSION":{},"LATITUDE":{},"FACILITYTYPE_MEETING":{},"ACTIVE":{},"PAGEREXTENSION":{},"NPI":{},"LONGITUDE":{},"STATE":{},"MASTERINSTITUTION":{},"USERDEF_M1":{},"USERDEF_M3":{},"FACILITYTYPE_PLANS":{},"USERDEF_M2":{},"LOOKUP":{},"ADDRESS1":{},"ADDRESS2":{},"USERDEF_RTK3":{},"USERDEF_RTK2":{},"USERDEF_RTK1":{},"ZIPCODE":{},"USERDEF_D2":{},"USERDEF_D1":{},"USERDEF_D3":{},"INSTITUTION_K":{},"USERDEF_L2":{},"USERDEF_L1":{},"CITY":{},"WEBPUBLISHSTATUS_RTK":{},"COUNTRY_K":{},"USERDEF_L3":{},"MEMBERHOSPITAL":{},"FAX":{},"ROW_STATUS_CD":{}},"discovered_asset":{"connection_id":"a4f9a17a-5792-4434-bc54-23f30a49dbbe","connection_path":"/cactus/INSTITUTIONS","discovery_id":"a5899b50-1049-4d77-a300-5edf3c6c6051","metadata_import_id":"f2362e7f-850d-4856-856b-78d696e7456c","first_imported_timestamp":1668615997387,"last_imported_timestamp":1668615997387,"outdated_timestamp":0,"last_discovered_timestamp":1668615997387,"outdated_reason":""},"metadata_enrichment_area_info":{"area_id":"912abf57-0daf-4ffc-ad96-deb8cde332a6","added_date":1668616055617},"metadata_enrichment_info":{"MDE_instrumented":true}},"attachments":[{"id":"58de0852-5dca-4115-9460-3ce1061e5206","version":2,"asset_type":"data_asset","name":"reference_data","connection_id":"a4f9a17a-5792-4434-bc54-23f30a49dbbe","connection_path":"/cactus/INSTITUTIONS","datasource_type":"48695e79-6279-474a-b539-342625d3dfc2","creator_id":"icp4d-dev","create_time":1668615997049,"size":0,"is_remote":true,"is_managed":false,"is_referenced":false,"is_object_key_read_only":false,"is_user_provided_path_key":true,"transfer_complete":true,"is_partitioned":false,"complete_time_ticks":1668615997049,"user_data":{},"test_doc":0,"usage":{"access_count":0,"last_accessor_id":"icp4d-dev","last_access_time":1668615997049}}]}