{"metadata":{"asset_id":"81dc2d9a-c428-436b-ac91-3be4a07c30b1","asset_attributes":["data_asset","column_info","discovered_asset","metadata_enrichment_area_info","metadata_enrichment_info"],"name":"LOB_DIM","asset_type":"data_asset","created_at":"2022-11-16T16:28:53Z","origin_country":"us","owner_id":"1000330999","project_id":"3f06ede8-0d0b-41a2-b331-a5b1eb10bcfb","size":0,"tags":["pdi"],"usage":{"last_update_time":1668616181134,"last_updated_at":"2022-11-16T16:29:41Z"}},"entity":{"data_asset":{"mime_type":"application/x-ibm-rel-table","dataset":true,"columns":[{"name":"LOB_ID","type":{"length":3,"nullable":false,"type":"tinyint","scale":0,"signed":false}},{"name":"LOB_NO","type":{"length":3,"nullable":false,"type":"tinyint","scale":0,"signed":false}},{"name":"LOB","type":{"length":10,"nullable":false,"type":"varchar","scale":0,"signed":false}},{"name":"LOB_CHP","type":{"length":10,"nullable":false,"type":"varchar","scale":0,"signed":false}},{"name":"LOB_DESCR","type":{"length":75,"nullable":true,"type":"varchar","scale":0,"signed":false}},{"name":"GROUP_ID","type":{"length":3,"nullable":false,"type":"tinyint","scale":0,"signed":false}},{"name":"ACTIVE_IND","type":{"length":1,"nullable":false,"type":"bit","scale":0,"signed":false}},{"name":"INS_DT","type":{"length":16,"nullable":false,"type":"timestamp","scale":3,"signed":false}},{"name":"UPD_DT","type":{"length":16,"nullable":true,"type":"timestamp","scale":0,"signed":false}},{"name":"ROW_SOURCE_ID","type":{"length":3,"nullable":false,"type":"tinyint","scale":0,"signed":false}},{"name":"ROW_STATUS_CD","type":{"length":1,"nullable":false,"type":"char","scale":0,"signed":false}},{"name":"INFERRED_IND","type":{"length":1,"nullable":false,"type":"bit","scale":0,"signed":false}},{"name":"ETL_JOB_ID","type":{"length":5,"nullable":false,"type":"smallint","scale":0,"signed":true}}],"properties":[{"name":"schema_name","value":"pdi"},{"name":"table_name","value":"LOB_DIM"}]},"column_info":{"LOB_DESCR":{},"INS_DT":{},"INFERRED_IND":{},"LOB_NO":{},"GROUP_ID":{},"LOB_ID":{},"UPD_DT":{},"ACTIVE_IND":{},"ETL_JOB_ID":{},"ROW_SOURCE_ID":{},"LOB_CHP":{},"LOB":{},"ROW_STATUS_CD":{}},"discovered_asset":{"connection_id":"a4f9a17a-5792-4434-bc54-23f30a49dbbe","connection_path":"/pdi/LOB_DIM","discovery_id":"5c4bc50d-0bba-4093-a1a7-d28c3e1a3b28","metadata_import_id":"6be672ae-3cc1-487c-aaff-df95ebf678e1","first_imported_timestamp":1668616134186,"last_imported_timestamp":1668616134186,"outdated_timestamp":0,"last_discovered_timestamp":1668616134186,"outdated_reason":""},"metadata_enrichment_area_info":{"area_id":"4209faa6-3e86-40ad-81da-c0f642d66537","added_date":1668616180515},"metadata_enrichment_info":{"MDE_instrumented":true}},"attachments":[{"id":"333c8345-f9f3-45b6-9942-06bc808e532d","version":2,"asset_type":"data_asset","name":"reference_data","connection_id":"a4f9a17a-5792-4434-bc54-23f30a49dbbe","connection_path":"/pdi/LOB_DIM","datasource_type":"48695e79-6279-474a-b539-342625d3dfc2","creator_id":"icp4d-dev","create_time":1668616133930,"size":0,"is_remote":true,"is_managed":false,"is_referenced":false,"is_object_key_read_only":false,"is_user_provided_path_key":true,"transfer_complete":true,"is_partitioned":false,"complete_time_ticks":1668616133930,"user_data":{},"test_doc":0,"usage":{"access_count":0,"last_accessor_id":"icp4d-dev","last_access_time":1668616133930}}]}