{"metadata":{"asset_id":"fa12ce1a-96cb-4f47-8153-351c05d1efd4","asset_attributes":["job"],"name":"MDI-DIS-DBO job","asset_type":"job","created_at":"2022-11-16T15:39:18Z","description":"","origin_country":"us","owner_id":"1000330999","project_id":"3f06ede8-0d0b-41a2-b331-a5b1eb10bcfb","size":0,"usage":{"last_update_time":1668613158366,"last_updated_at":"2022-11-16T15:39:18Z"}},"entity":{"job":{"asset_ref_type":"metadata_import","configuration":{"env_type":"","env_variables":[]},"last_run_initiator":"None","last_run_time":"","last_run_status":"None","last_run_status_timestamp":0,"future_scheduled_runs":[],"enable_notifications":true,"project_name":"CHPW Ingestion","asset_ref":"65517ed3-0cb6-480d-b515-9476c78986a9","schedule_id":"","schedule_creator_id":""}}}