{"metadata":{"asset_id":"994ea552-e484-4e91-8acb-c108a1b77da1","asset_attributes":["job"],"name":"MDE-dbo","asset_type":"job","created_at":"2022-11-16T15:41:30Z","origin_country":"us","owner_id":"1000330999","project_id":"3f06ede8-0d0b-41a2-b331-a5b1eb10bcfb","size":0,"usage":{"last_update_time":1668613292115,"last_updated_at":"2022-11-16T15:41:32Z"}},"entity":{"job":{"asset_ref_type":"metadata_enrichment_area","configuration":{"env_type":"","env_variables":[]},"schedule_info":{},"last_run_initiator":"None","last_run_time":"","last_run_status":"None","last_run_status_timestamp":0,"future_scheduled_runs":[],"enable_notifications":true,"project_name":"CHPW Ingestion","asset_ref":"e4988153-7c4b-4147-bf08-ad9655ddeffb","schedule_id":"","schedule_creator_id":""}}}