{"metadata":{"asset_id":"a64430a7-b509-4cb7-81fd-18713b1e3597","asset_attributes":["job"],"name":"MDE-Cactus","asset_type":"job","created_at":"2022-11-16T16:27:34Z","origin_country":"us","owner_id":"1000330999","project_id":"3f06ede8-0d0b-41a2-b331-a5b1eb10bcfb","size":0,"usage":{"last_update_time":1668616055649,"last_updated_at":"2022-11-16T16:27:35Z"}},"entity":{"job":{"asset_ref_type":"metadata_enrichment_area","configuration":{"env_type":"","env_variables":[]},"schedule_info":{},"last_run_initiator":"None","last_run_time":"","last_run_status":"None","last_run_status_timestamp":0,"future_scheduled_runs":[],"enable_notifications":true,"project_name":"CHPW Ingestion","asset_ref":"912abf57-0daf-4ffc-ad96-deb8cde332a6","schedule_id":"","schedule_creator_id":""}}}