{"metadata":{"asset_id":"3f54593e-43c5-4152-820b-94556ce59a8f","asset_attributes":["job"],"name":"MDE-1-xcelrys","asset_type":"job","created_at":"2022-11-16T05:35:35Z","origin_country":"us","owner_id":"1000330999","project_id":"3f06ede8-0d0b-41a2-b331-a5b1eb10bcfb","size":0,"usage":{"last_update_time":1668578023126,"last_updated_at":"2022-11-16T05:53:43Z"}},"entity":{"job":{"asset_ref_type":"metadata_enrichment_area","configuration":{"env_type":"","env_variables":[]},"schedule_info":{},"last_run_initiator":"None","last_run_time":"","last_run_status":"None","last_run_status_timestamp":0,"future_scheduled_runs":[],"enable_notifications":true,"project_name":"CHPW Ingestion","asset_ref":"8870cc55-2738-46b1-bf01-29594835f636","schedule_id":"","schedule_creator_id":""}}}