{"metadata":{"asset_id":"9cb032f6-fce2-4d56-96e3-400b8ba475b0","asset_attributes":["job"],"name":"MDI-DIS-cactus job","asset_type":"job","created_at":"2022-11-16T16:26:22Z","description":"","origin_country":"us","owner_id":"1000330999","project_id":"3f06ede8-0d0b-41a2-b331-a5b1eb10bcfb","size":0,"usage":{"last_update_time":1668615982417,"last_updated_at":"2022-11-16T16:26:22Z"}},"entity":{"job":{"asset_ref_type":"metadata_import","configuration":{"env_type":"","env_variables":[]},"last_run_initiator":"None","last_run_time":"","last_run_status":"None","last_run_status_timestamp":0,"future_scheduled_runs":[],"enable_notifications":true,"project_name":"CHPW Ingestion","asset_ref":"f2362e7f-850d-4856-856b-78d696e7456c","schedule_id":"","schedule_creator_id":""}}}