{"metadata":{"asset_id":"8ef8f8cd-096c-4080-94a6-6f1a6b8f13be","asset_attributes":["job"],"name":"MDI-DIS-xcelys job","asset_type":"job","created_at":"2022-11-16T01:17:31Z","description":"","origin_country":"us","owner_id":"1000330999","project_id":"3f06ede8-0d0b-41a2-b331-a5b1eb10bcfb","size":0,"usage":{"last_update_time":1668561451705,"last_updated_at":"2022-11-16T01:17:31Z"}},"entity":{"job":{"asset_ref_type":"metadata_import","configuration":{"env_type":"","env_variables":[]},"last_run_initiator":"None","last_run_time":"","last_run_status":"None","last_run_status_timestamp":0,"future_scheduled_runs":[],"enable_notifications":true,"project_name":"CHPW Ingestion","asset_ref":"b332ae62-65cb-4df4-b13d-e150c1914f45","schedule_id":"","schedule_creator_id":""}}}