{"metadata":{"asset_id":"78a9b8bf-6354-4d9f-9b94-26dcc00de787","asset_attributes":["job_run"],"name":"job run","asset_type":"job_run","created_at":"2022-11-16T05:40:05Z","origin_country":"us","owner_id":"1000330999","project_id":"3f06ede8-0d0b-41a2-b331-a5b1eb10bcfb","size":254,"usage":{"last_update_time":1668577275290,"last_updated_at":"2022-11-16T05:41:15Z"}},"entity":{"job_run":{"job_ref":"8a4c269a-0de7-46d9-99b8-c7a28d71b9ce","job_name":"MDE-1-xcelrys_publish_job","job_type":"metadata_enrichment_area_publish","state":"Completed","isScheduledRun":false,"configuration":{"metadata_enrichment_area_id":"8870cc55-2738-46b1-bf01-29594835f636","env_type":"metadata_enrichment_area_publish","env_variables":[],"catalog_id":"f089e3c6-48f1-4413-89c1-5a0692643f4e","duplicate_action":"UPDATE","asset_ids":["d99e9717-c0db-483f-98b3-463cc56d6bfc","f941bd69-fc63-4685-a543-b0d681582de2","ecc447dd-6dee-4916-b13a-24e68183322c","267e2f0f-a7d3-4ccd-b690-1e2d747be20e","138ddb3b-a3b2-4420-a268-63c60f84b549","a3af871e-5833-4119-9963-d4573bc9b5ea","4f706bed-330b-43d4-81f3-092b7aca70d0","6ec1e3f3-28ed-45ee-8f62-d3f2c29d33e5","1d8011a2-b5f9-4dca-b0f1-d93e37699dbe","139333bf-7ace-464f-93d6-6b999d6f7b02","33dd16b7-a3c5-4ea6-8413-dc86c855c4b7","d305b3e8-1486-4fba-9b02-8571e1278504","4a1ec044-3522-4645-9296-0b613ea5af5e","8c5b36a4-bdef-4a38-8714-0c853f88bc3e","cc83553f-22fc-4130-9422-b1b336d5aa49","c77d6446-1916-4956-8ead-364ff714091f","aaee5754-20eb-46ca-af7e-351344e05732","6946dfde-76f4-438b-a31c-e2c78ae84541","4a699b16-ec29-47f6-a241-c9324464fa2f","f084bc59-1655-46f2-a64e-98f9a9dd7668","f85362de-1ef7-4924-b731-55149b53c518","c4d05e57-a9a6-40c2-8481-5b5509583f49","1503d838-5a59-40b8-9905-2034a6a950f2","b7e7815a-7e1d-4e40-85d5-75e68c2115de","67597219-3a4e-4f53-a2af-66d574b21eb2","2e3a8fc3-2d6c-4546-8a72-8f8a6b505f9a"]},"project_name":"CHPW Ingestion","last_state_change_timestamp":"2022-11-16T05:41:15Z","duration":69}},"attachments":[{"id":"426d81a4-2e12-4252-8fbc-56663b8551c5","version":2,"asset_type":"job_run","name":"jobRunLog_33db0d96-42bf-4f7c-9eac-cf53dc3d9f81","mime":"text/plain","datasource_type":"81bafdbd-b7c6-45c5-a4fd-6ec135f66f4e","object_key":"mdesm/jobRunLog_33db0d96-42bf-4f7c-9eac-cf53dc3d9f81.txt","creator_id":"icp4d-dev","create_time":1668577274753,"size":254,"is_remote":false,"is_managed":false,"is_referenced":true,"is_object_key_read_only":false,"is_user_provided_path_key":true,"transfer_complete":true,"is_partitioned":false,"complete_time_ticks":1668577274753,"user_data":{},"test_doc":0,"handle":{"key":"mdesm/jobRunLog_33db0d96-42bf-4f7c-9eac-cf53dc3d9f81.txt","upload_id":"done","max_part_num":1},"usage":{"access_count":0,"last_accessor_id":"icp4d-dev","last_access_time":1668577274753}},{"id":"ad5f0d55-4a3e-4b25-94a0-003ad272bacc","version":2,"asset_type":"job_run","name":"78a9b8bf-6354-4d9f-9b94-26dcc00de787","description":"log for job run 78a9b8bf-6354-4d9f-9b94-26dcc00de787","mime":"application/json","datasource_type":"81bafdbd-b7c6-45c5-a4fd-6ec135f66f4e","object_key":"mdesm/jobRunLog_33db0d96-42bf-4f7c-9eac-cf53dc3d9f81.txt","creator_id":"icp4d-dev","create_time":1668577275157,"size":0,"is_remote":false,"is_managed":false,"is_referenced":true,"is_object_key_read_only":false,"is_user_provided_path_key":true,"transfer_complete":true,"is_partitioned":true,"complete_time_ticks":1668577275157,"user_data":{},"test_doc":0,"handle":{"key":"mdesm/jobRunLog_33db0d96-42bf-4f7c-9eac-cf53dc3d9f81.txt","upload_id":"done","max_part_num":1},"usage":{"access_count":0,"last_accessor_id":"icp4d-dev","last_access_time":1668577275157}}]}