{"metadata":{"asset_id":"649e27de-81ca-42dd-9fbe-9e905f3aa596","asset_attributes":["job_run"],"name":"job run","asset_type":"job_run","created_at":"2022-11-16T16:26:26Z","origin_country":"us","owner_id":"1000330999","project_id":"3f06ede8-0d0b-41a2-b331-a5b1eb10bcfb","size":0,"usage":{"last_update_time":1668616004651,"last_updated_at":"2022-11-16T16:26:44Z"}},"entity":{"job_run":{"job_ref":"9cb032f6-fce2-4d56-96e3-400b8ba475b0","job_name":"MDI-DIS-cactus job","job_type":"metadata_import","state":"Completed","isScheduledRun":false,"configuration":{"env_type":"","env_variables":[],"discovery":{"metadata":{"id":"a5899b50-1049-4d77-a300-5edf3c6c6051","invoked_by":"1000330999","bss_account_id":"999","created_at":1668615987061,"started_at":1668615987935,"discovered_at":1668615997035,"processed_at":1668615997035,"finished_at":1668616002362},"entity":{"statistics":{"discovered":34,"discovered_with_children":34,"submit_succ":34,"create_succ":34,"create_succ_with_children":34},"status":"COMPLETED","connection_id":"a4f9a17a-5792-4434-bc54-23f30a49dbbe","project_id":"3f06ede8-0d0b-41a2-b331-a5b1eb10bcfb","job_id":"9cb032f6-fce2-4d56-96e3-400b8ba475b0","job_run_id":"649e27de-81ca-42dd-9fbe-9e905f3aa596","metadata_import_id":"f2362e7f-850d-4856-856b-78d696e7456c","import_type":"metadata","scope":{"paths":["/cactus/ADDRESSES","/cactus/CACTUS_CMS_SPECIALTY_MAPPING","/cactus/CREDENTIALING","/cactus/EAADDRESSES","/cactus/EAADDRESSSPECIALTY","/cactus/ENTITYASSIGNMENTID","/cactus/ENTITYASSIGNMENTS","/cactus/ENTITYGROUPS","/cactus/GROUPADDRESS","/cactus/GROUPID","/cactus/GROUPS","/cactus/GROUPSPECIALTIES","/cactus/GROUPSPROVIDERSADDRESSES","/cactus/INSTITUTIONS","/cactus/LANGUAGEREFERENCES","/cactus/MEDICARE_PARTICIPATING_COUNTIES","/cactus/NPINUMBER","/cactus/PRIVILEGERESTRICTION","/cactus/PRIVILEGESMASTER","/cactus/PROVIDERADDRESSES","/cactus/PROVIDERADDRESSLIMITATIONS","/cactus/PROVIDERADDRESSSPECIALTY","/cactus/PROVIDERAFFILIATIONS","/cactus/PROVIDERAREAOFINTEREST","/cactus/PROVIDERBOARDS","/cactus/PROVIDEREDUCATION","/cactus/PROVIDERID","/cactus/PROVIDERLANGUAGES","/cactus/PROVIDERLICENSES","/cactus/PROVIDERPRIVILEGES","/cactus/PROVIDERS","/cactus/PROVIDERSPECIALTIES","/cactus/REFTABLE","/cactus/SERVICECATEGORYREFERENCES"]}}}},"project_name":"CHPW Ingestion","runtime_job_id":"a5899b50-1049-4d77-a300-5edf3c6c6051","last_state_change_timestamp":"2022-11-16T16:26:44Z","duration":15}},"attachments":[{"id":"d99db737-b5df-4ebb-9057-a31cbfaa60a3","version":2,"asset_type":"job_run","name":"649e27de-81ca-42dd-9fbe-9e905f3aa596","description":"log for job run 649e27de-81ca-42dd-9fbe-9e905f3aa596","mime":"application/json","datasource_type":"81bafdbd-b7c6-45c5-a4fd-6ec135f66f4e","object_key":"job_run/log/649e27de-81ca-42dd-9fbe-9e905f3aa596","creator_id":"icp4d-dev","create_time":1668616004553,"size":0,"is_remote":false,"is_managed":false,"is_referenced":true,"is_object_key_read_only":false,"is_user_provided_path_key":true,"transfer_complete":true,"is_partitioned":true,"complete_time_ticks":1668616004553,"user_data":{},"test_doc":0,"handle":{"key":"job_run/log/649e27de-81ca-42dd-9fbe-9e905f3aa596","upload_id":"done","max_part_num":1},"usage":{"access_count":0,"last_accessor_id":"icp4d-dev","last_access_time":1668616004553}}]}