{"metadata":{"asset_id":"774178e7-74b4-420a-bca7-9f0525a4e46e","asset_attributes":["job_run"],"name":"job run","asset_type":"job_run","created_at":"2022-11-16T05:29:08Z","origin_country":"us","owner_id":"1000330999","project_id":"3f06ede8-0d0b-41a2-b331-a5b1eb10bcfb","size":0,"usage":{"last_update_time":1668576568477,"last_updated_at":"2022-11-16T05:29:28Z"}},"entity":{"job_run":{"job_ref":"8ef8f8cd-096c-4080-94a6-6f1a6b8f13be","job_name":"MDI-DIS-xcelys job","job_type":"metadata_import","state":"Completed","isScheduledRun":false,"configuration":{"env_type":"","env_variables":[],"discovery":{"metadata":{"id":"edc11fe4-d3b3-4183-8726-324f5e533dac","invoked_by":"1000330999","bss_account_id":"999","created_at":1668576549500,"started_at":1668576550232,"discovered_at":1668576555523,"processed_at":1668576566702,"finished_at":1668576566702},"entity":{"statistics":{"discovered":26,"discovered_with_children":26,"submit_succ":26,"create_succ":26,"create_succ_with_children":26},"status":"COMPLETED","connection_id":"a4f9a17a-5792-4434-bc54-23f30a49dbbe","project_id":"3f06ede8-0d0b-41a2-b331-a5b1eb10bcfb","job_id":"8ef8f8cd-096c-4080-94a6-6f1a6b8f13be","job_run_id":"774178e7-74b4-420a-bca7-9f0525a4e46e","metadata_import_id":"b332ae62-65cb-4df4-b13d-e150c1914f45","import_type":"metadata","scope":{"paths":["/xcelys/group_master","/xcelys/group_master_copy","/xcelys/prov_address","/xcelys/prov_address_contact","/xcelys/prov_address_lang","/xcelys/PROV_ADDRESS_PAR","/xcelys/PROV_ADDRESS_SPECIALTY","/xcelys/prov_contract","/xcelys/prov_contract_specialty","/xcelys/prov_contract_taxonomy","/xcelys/prov_contract_vendor","/xcelys/prov_credential","/xcelys/PROV_LANGUAGE","/xcelys/prov_master","/xcelys/prov_npi","/xcelys/prov_privilege","/xcelys/prov_specialty","/xcelys/prov_type_master","/xcelys/taxonomy_master","/xcelys/vendor_address","/xcelys/vendor_address_contact","/xcelys/vendor_master","/xcelys/VENDOR_NPI","/xcelys/VENDOR_PAR","/xcelys/vendor_tin","/xcelys/vw_group_master"]}}}},"project_name":"CHPW Ingestion","runtime_job_id":"edc11fe4-d3b3-4183-8726-324f5e533dac","last_state_change_timestamp":"2022-11-16T05:29:28Z","duration":17}},"attachments":[{"id":"87d4e6b4-6abb-4cca-916f-d4643bc84866","version":2,"asset_type":"job_run","name":"774178e7-74b4-420a-bca7-9f0525a4e46e","description":"log for job run 774178e7-74b4-420a-bca7-9f0525a4e46e","mime":"application/json","datasource_type":"81bafdbd-b7c6-45c5-a4fd-6ec135f66f4e","object_key":"job_run/log/774178e7-74b4-420a-bca7-9f0525a4e46e","creator_id":"icp4d-dev","create_time":1668576568375,"size":0,"is_remote":false,"is_managed":false,"is_referenced":true,"is_object_key_read_only":false,"is_user_provided_path_key":true,"transfer_complete":true,"is_partitioned":true,"complete_time_ticks":1668576568375,"user_data":{},"test_doc":0,"handle":{"key":"job_run/log/774178e7-74b4-420a-bca7-9f0525a4e46e","upload_id":"done","max_part_num":1},"usage":{"access_count":0,"last_accessor_id":"icp4d-dev","last_access_time":1668576568375}}]}