{"metadata":{"asset_id":"8ca5e3ce-544d-4e43-a764-4bac574e12ec","asset_attributes":["job_run"],"name":"job run","asset_type":"job_run","created_at":"2022-11-16T15:41:33Z","origin_country":"us","owner_id":"1000330999","project_id":"3f06ede8-0d0b-41a2-b331-a5b1eb10bcfb","size":0,"usage":{"last_update_time":1668613303660,"last_updated_at":"2022-11-16T15:41:43Z"}},"entity":{"job_run":{"job_ref":"994ea552-e484-4e91-8acb-c108a1b77da1","job_name":"MDE-dbo","job_type":"metadata_enrichment_area","state":"Completed","isScheduledRun":false,"configuration":{"env_type":"","env_variables":[]},"project_name":"CHPW Ingestion","last_state_change_timestamp":"2022-11-16T15:41:43Z","duration":8}},"attachments":[{"id":"4c1006ca-6ec9-4cf7-9b7a-4353f279ac65","version":2,"asset_type":"job_run","name":"8ca5e3ce-544d-4e43-a764-4bac574e12ec","description":"log for job run 8ca5e3ce-544d-4e43-a764-4bac574e12ec","mime":"application/json","datasource_type":"81bafdbd-b7c6-45c5-a4fd-6ec135f66f4e","object_key":"job_run/log/8ca5e3ce-544d-4e43-a764-4bac574e12ec","creator_id":"icp4d-dev","create_time":1668613303378,"size":0,"is_remote":false,"is_managed":false,"is_referenced":true,"is_object_key_read_only":false,"is_user_provided_path_key":true,"transfer_complete":true,"is_partitioned":true,"complete_time_ticks":1668613303378,"user_data":{},"test_doc":0,"handle":{"key":"job_run/log/8ca5e3ce-544d-4e43-a764-4bac574e12ec","upload_id":"done","max_part_num":1},"usage":{"access_count":0,"last_accessor_id":"icp4d-dev","last_access_time":1668613303378}}]}