{"metadata":{"asset_id":"d644d188-7201-420a-bdd2-b1a4d52e6f9f","asset_attributes":["job_run"],"name":"job run","asset_type":"job_run","created_at":"2022-11-16T15:39:23Z","origin_country":"us","owner_id":"1000330999","project_id":"3f06ede8-0d0b-41a2-b331-a5b1eb10bcfb","size":0,"usage":{"last_update_time":1668613180625,"last_updated_at":"2022-11-16T15:39:40Z"}},"entity":{"job_run":{"job_ref":"fa12ce1a-96cb-4f47-8153-351c05d1efd4","job_name":"MDI-DIS-DBO job","job_type":"metadata_import","state":"Completed","isScheduledRun":false,"configuration":{"env_type":"","env_variables":[],"discovery":{"metadata":{"id":"366422c6-643d-4630-a9bd-c812096e227d","invoked_by":"1000330999","bss_account_id":"999","created_at":1668613163637,"started_at":1668613164214,"discovered_at":1668613172416,"processed_at":1668613172416,"finished_at":1668613177664},"entity":{"statistics":{"discovered":17,"discovered_with_children":17,"submit_succ":17,"create_succ":17,"create_succ_with_children":17},"status":"COMPLETED","connection_id":"a4f9a17a-5792-4434-bc54-23f30a49dbbe","project_id":"3f06ede8-0d0b-41a2-b331-a5b1eb10bcfb","job_id":"fa12ce1a-96cb-4f47-8153-351c05d1efd4","job_run_id":"d644d188-7201-420a-bdd2-b1a4d52e6f9f","metadata_import_id":"65517ed3-0cb6-480d-b515-9476c78986a9","import_type":"metadata","scope":{"paths":["/dbo/plan_billing_provider","/dbo/plan_billing_provider_address","/dbo/plan_billing_provider_npi","/dbo/plan_billing_provider_par","/dbo/plan_lob","/dbo/plan_location","/dbo/plan_location_address","/dbo/plan_payor","/dbo/plan_provider","/dbo/plan_provider_address","/dbo/plan_provider_address_par","/dbo/plan_provider_contract","/dbo/plan_provider_language","/dbo/plan_provider_specialty","/dbo/plan_site","/dbo/plan_site_address","/dbo/plan_source"]}}}},"project_name":"CHPW Ingestion","runtime_job_id":"366422c6-643d-4630-a9bd-c812096e227d","last_state_change_timestamp":"2022-11-16T15:39:40Z","duration":15}},"attachments":[{"id":"8c5fe32b-07d7-4199-82a6-74d2470598e7","version":2,"asset_type":"job_run","name":"d644d188-7201-420a-bdd2-b1a4d52e6f9f","description":"log for job run d644d188-7201-420a-bdd2-b1a4d52e6f9f","mime":"application/json","datasource_type":"81bafdbd-b7c6-45c5-a4fd-6ec135f66f4e","object_key":"job_run/log/d644d188-7201-420a-bdd2-b1a4d52e6f9f","creator_id":"icp4d-dev","create_time":1668613180536,"size":0,"is_remote":false,"is_managed":false,"is_referenced":true,"is_object_key_read_only":false,"is_user_provided_path_key":true,"transfer_complete":true,"is_partitioned":true,"complete_time_ticks":1668613180536,"user_data":{},"test_doc":0,"handle":{"key":"job_run/log/d644d188-7201-420a-bdd2-b1a4d52e6f9f","upload_id":"done","max_part_num":1},"usage":{"access_count":0,"last_accessor_id":"icp4d-dev","last_access_time":1668613180536}}]}