{"metadata":{"asset_id":"7f83c705-318c-447e-9856-8de0cb275570","asset_attributes":["job_run"],"name":"job run","asset_type":"job_run","created_at":"2022-11-16T16:28:48Z","origin_country":"us","owner_id":"1000330999","project_id":"3f06ede8-0d0b-41a2-b331-a5b1eb10bcfb","size":0,"usage":{"last_update_time":1668616144312,"last_updated_at":"2022-11-16T16:29:04Z"}},"entity":{"job_run":{"job_ref":"06a68bff-cdf6-44ad-8d47-b8672d0dc3e5","job_name":"MDI-DIS-pdi job","job_type":"metadata_import","state":"Completed","isScheduledRun":false,"configuration":{"env_type":"","env_variables":[],"discovery":{"metadata":{"id":"5c4bc50d-0bba-4093-a1a7-d28c3e1a3b28","invoked_by":"1000330999","bss_account_id":"999","created_at":1668616128843,"started_at":1668616129442,"discovered_at":1668616137123,"processed_at":1668616137123,"finished_at":1668616142392},"entity":{"statistics":{"discovered":17,"discovered_with_children":17,"submit_succ":17,"create_succ":17,"create_succ_with_children":17},"status":"COMPLETED","connection_id":"a4f9a17a-5792-4434-bc54-23f30a49dbbe","project_id":"3f06ede8-0d0b-41a2-b331-a5b1eb10bcfb","job_id":"06a68bff-cdf6-44ad-8d47-b8672d0dc3e5","job_run_id":"7f83c705-318c-447e-9856-8de0cb275570","metadata_import_id":"6be672ae-3cc1-487c-aaff-df95ebf678e1","import_type":"metadata","scope":{"paths":["/pdi/ADDRESS_DIM","/pdi/CLINIC_DIM","/pdi/GROUP_DIM","/pdi/LANGUAGE_DIM","/pdi/LOB_DIM","/pdi/MSO_DIM","/pdi/PHARMACY_DIM","/pdi/PHONE_DIM","/pdi/PLAN_DIM","/pdi/PROVIDER_ADDRESS_PAR_DIM","/pdi/PROVIDER_CONTRACT_FACT","/pdi/PROVIDER_CREDENTIAL_DIM","/pdi/PROVIDER_DIM","/pdi/PROVIDER_SPECIALTY_DIM","/pdi/PROVIDER_TAXONOMY_DIM","/pdi/VENDOR_DIM","/pdi/VENDOR_PAR_DIM"]}}}},"project_name":"CHPW Ingestion","runtime_job_id":"5c4bc50d-0bba-4093-a1a7-d28c3e1a3b28","last_state_change_timestamp":"2022-11-16T16:29:04Z","duration":14}},"attachments":[{"id":"b3de2926-36ef-4bbf-85c3-df978fc18844","version":2,"asset_type":"job_run","name":"7f83c705-318c-447e-9856-8de0cb275570","description":"log for job run 7f83c705-318c-447e-9856-8de0cb275570","mime":"application/json","datasource_type":"81bafdbd-b7c6-45c5-a4fd-6ec135f66f4e","object_key":"job_run/log/7f83c705-318c-447e-9856-8de0cb275570","creator_id":"icp4d-dev","create_time":1668616144229,"size":0,"is_remote":false,"is_managed":false,"is_referenced":true,"is_object_key_read_only":false,"is_user_provided_path_key":true,"transfer_complete":true,"is_partitioned":true,"complete_time_ticks":1668616144229,"user_data":{},"test_doc":0,"handle":{"key":"job_run/log/7f83c705-318c-447e-9856-8de0cb275570","upload_id":"done","max_part_num":1},"usage":{"access_count":0,"last_accessor_id":"icp4d-dev","last_access_time":1668616144229}}]}