{"metadata":{"asset_id":"8870cc55-2738-46b1-bf01-29594835f636","asset_attributes":["metadata_enrichment_area"],"name":"MDE-1-xcelrys","asset_type":"metadata_enrichment_area","created_at":"2022-11-16T05:35:33Z","description":"This job will enrich the Data Asset that were discovered but the MDI-DIS-xcelrys job. The next step will be to review, adjust and publish to the catalog.","origin_country":"us","owner_id":"1000330999","project_id":"3f06ede8-0d0b-41a2-b331-a5b1eb10bcfb","size":0,"tags":[],"usage":{"last_update_time":1668577199111,"last_updated_at":"2022-11-16T05:39:59Z"}},"entity":{"metadata_enrichment_area":{"description":"This job will enrich the Data Asset that were discovered but the MDI-DIS-xcelrys job. The next step will be to review, adjust and publish to the catalog.","name":"MDE-1-xcelrys","job":{"name":"MDE-1-xcelrys","id":"3f54593e-43c5-4152-820b-94556ce59a8f"},"objective":{"enrichment_options":{"structured":{"profile":true,"assign_terms":true,"analyze_quality":true}},"governance_scope":[{"type":"CATEGORY","id":"e39ada11-8338-3704-90e3-681a71e7c839"},{"type":"CATEGORY","id":"43a7ccea-598d-4203-bdce-f2c24d25c36b"},{"type":"CATEGORY","id":"7321aef6-1c11-4e0a-91c8-5ec124b0cb58"},{"type":"CATEGORY","id":"463722ae-354a-4484-b6fb-fec479274701"},{"type":"CATEGORY","id":"0932a62f-1b32-48d2-8180-c9e02ebde98b"},{"type":"CATEGORY","id":"7b443c89-5306-4069-90b4-af58479d800e"},{"type":"CATEGORY","id":"869329e0-db78-4c2f-b539-a831722602f7"},{"type":"CATEGORY","id":"625cca4c-c566-4b6e-8519-dd04013fd25e"},{"type":"CATEGORY","id":"1bc69e7d-922c-4e4c-868e-110aa727b956"},{"type":"CATEGORY","id":"a73490f9-0489-4797-97f0-7c4d48773fab"},{"type":"CATEGORY","id":"a3e34666-836f-47fc-93e7-b78d7ebc4762"},{"type":"CATEGORY","id":"c4cfdd71-43bd-4676-b2c4-69fdadc37954"},{"type":"CATEGORY","id":"70f78c65-a867-41c9-80b3-b29eb7dbb342"},{"type":"CATEGORY","id":"f5f1403a-6dd9-4863-8034-011c09b99df6"},{"type":"CATEGORY","id":"740a852d-96c9-4882-82b6-60d728eb2d9a"},{"type":"CATEGORY","id":"1a8525b2-0832-49a8-ac4c-77afe7b1f3f2"},{"type":"CATEGORY","id":"0701eec1-aa02-43de-8888-389388c6095b"},{"type":"CATEGORY","id":"006a10a2-9872-4c6d-8f6d-c0f9788f920b"},{"type":"CATEGORY","id":"3987bddc-f950-46dc-ab8b-d6734e8f777a"},{"type":"CATEGORY","id":"7fa127e4-331e-4cad-ac50-f9f38a536125"},{"type":"CATEGORY","id":"b7c94cb8-c9e4-4be6-b40a-f41666a48472"},{"type":"CATEGORY","id":"2a71b562-cc08-40dc-8be0-b4d4a7108e58"},{"type":"CATEGORY","id":"6e76f8eb-ba47-4cfe-881d-6ce4ad693b1b"},{"type":"CATEGORY","id":"c49fd70e-d54a-45e4-a844-2591a9ffe4dc"},{"type":"CATEGORY","id":"c71f549d-bbd7-4ff8-81ee-ec3800994fb9"},{"type":"CATEGORY","id":"62755581-d85a-4c0e-821c-f6b98ace64d1"},{"type":"CATEGORY","id":"373de29b-75f4-4d91-9088-b0cd3e98ecff"},{"type":"CATEGORY","id":"fa856472-fd24-417e-8d11-e69e6d06ee8b"},{"type":"CATEGORY","id":"e7d4e3b0-464b-4df3-bb6a-e4699345be98"},{"type":"CATEGORY","id":"86aec73f-02d1-45a0-b871-5ff0d5e0ebed"},{"type":"CATEGORY","id":"e9280932-5ed5-4146-8cc5-a5426ba190bf"},{"type":"CATEGORY","id":"3e0951db-d6bf-4887-a565-8b84c94ee174"},{"type":"CATEGORY","id":"dc567b40-f13d-48b5-b121-2c74142d0707"},{"type":"CATEGORY","id":"7cc7ba75-9f1a-43c5-b83c-01d91516908f"},{"type":"CATEGORY","id":"7b7a6457-2630-482f-8b49-e46d632b012d"},{"type":"CATEGORY","id":"46929f30-5e52-4a97-bea2-20868d73d74f"},{"type":"CATEGORY","id":"7c127606-b500-4cb5-8d15-4bfa75bd2cc8"},{"type":"CATEGORY","id":"5c301957-fb6d-4558-8ea3-edd01fae5f62"},{"type":"CATEGORY","id":"102f9188-0451-45b8-bd06-0e746b74c43c"},{"type":"CATEGORY","id":"f8065bc6-c1a7-498a-9dbe-41bb8f8e6734"},{"type":"CATEGORY","id":"c0e6446f-6bc6-421f-ac2e-830f163d036d"},{"type":"CATEGORY","id":"e4ce460d-5e53-48c6-a7f8-6e133165e1cd"},{"type":"CATEGORY","id":"3d697862-c3f4-4f7f-8950-d14993146561"},{"type":"CATEGORY","id":"89dac02b-177f-4828-9992-f3df4a07ff0b"},{"type":"CATEGORY","id":"5817cc43-ac31-4f73-b6db-600579bf1b32"},{"type":"CATEGORY","id":"07d5c4ef-7ea6-43a8-9b82-38136a353820"},{"type":"CATEGORY","id":"cb5d3d86-2494-4250-a1ff-4ceb824cc64d"},{"type":"CATEGORY","id":"6bfbd36d-8d2a-41d1-8ac7-7eddc74f8fa3"},{"type":"CATEGORY","id":"22edd7a2-a383-4d07-813d-f65d130d3c54"},{"type":"CATEGORY","id":"f40460a3-79e7-48a9-aed2-cb2010998b58"},{"type":"CATEGORY","id":"e22e25cf-c6de-472d-9344-2b96ff8b4219"},{"type":"CATEGORY","id":"cf9b1e18-d581-45c9-b7dc-cbfca73c233b"},{"type":"CATEGORY","id":"bee64c6c-c791-4d3a-bce9-0bcce3981336"},{"type":"CATEGORY","id":"64576267-d5d8-460a-86a8-060c8cd9ddbf"},{"type":"CATEGORY","id":"3571cc81-5b1b-4626-b13d-ccd4923191f0"},{"type":"CATEGORY","id":"489e50a4-4dc1-4fb3-b157-528d00a4e84b"},{"type":"CATEGORY","id":"a8f884d7-bee8-418f-b13d-666ea27af921"},{"type":"CATEGORY","id":"ba481f92-4b2d-4aa5-b2ea-553caf35397a"},{"type":"CATEGORY","id":"9a7c8f98-dbdf-426f-a2db-b6309e08249a"},{"type":"CATEGORY","id":"66e8c544-2a3e-4084-8f13-13e85bc41f0a"},{"type":"CATEGORY","id":"6104ac70-57bf-400a-ae4e-2084c366d6cf"},{"type":"CATEGORY","id":"2fb26bf8-3c62-43d2-9300-a3e5fb1e47bb"},{"type":"CATEGORY","id":"fedb1993-cbbd-4b6c-96da-c76669098964"},{"type":"CATEGORY","id":"5d2add5a-33ea-4d0a-835d-335ce5ca0110"},{"type":"CATEGORY","id":"0d906852-3c7c-4403-a703-277e4434f18f"}],"sampling":{"structured":{"method":"TOP","sample_size":{"name":"BASIC","options":{"row_number":1000,"classify_value_number":100}}}},"datascope_of_reruns":"ALL"},"status":"READY","publish_job":{"id":"8a4c269a-0de7-46d9-99b8-c7a28d71b9ce"}}},"attachments":[]}