{"metadata":{"asset_id":"43cbd3d7-be57-46d2-8c29-6a8230d7e577","asset_attributes":["project_mde_settings"],"name":"MDE settings for project 3f06ede8-0d0b-41a2-b331-a5b1eb10bcfb","asset_type":"project_mde_settings","created_at":"2022-11-16T01:25:51Z","origin_country":"us","owner_id":"1000330999","project_id":"3f06ede8-0d0b-41a2-b331-a5b1eb10bcfb","size":0,"tags":[],"usage":{"last_update_time":1668561951516,"last_updated_at":"2022-11-16T01:25:51Z"}},"entity":{"project_mde_settings":{"settings":"{\"structured_profiling\":{\"null_threshold\":0.05,\"uniqueness_threshold\":0.95,\"constant_threshold\":0.99,\"quality_score_threshold\":0.8,\"data_class_assignment_threshold\":0.75,\"data_class_suggestion_threshold\":0.25},\"term_assignment\":{\"term_assignment_threshold\":0.9,\"term_suggestion_threshold\":0.75,\"class_based_assignments\":true,\"ml_based_assignments\":true,\"name_matching\":true}}"}}}