{"description":"An asset type that you can use to assign terms from a business glossary to any asset.  Attach items of this type as attributes to other assets.","fields":[{"key":"asset_term_display_name","type":"string","facet":true,"is_array":false,"search_path":"list[].term_display_name","is_searchable_across_types":true},{"key":"asset_term_id","type":"string","facet":true,"is_array":false,"search_path":"list[].term_id","is_searchable_across_types":false}],"relationships":[],"global_search_searchable":[],"attribute_only":false,"version":1,"name":"asset_terms","scope":"GLOBAL"}