[{"metadata":{"asset_id":"c7285d71-1484-4d67-b824-b51150a837b8","asset_type":"data_intg_flow","catalog_id":"06d7665a-4648-4cf6-9ee0-2c4a4941c08c","create_time":"2022-05-26T15:26:31.000Z","creator_id":"1000330999","name":"data stage test","origin_country":"us","size":5071,"project_id":"69deb67b-eb59-492c-b70c-227127fe35a2","resource_key":"69deb67b-eb59-492c-b70c-227127fe35a2/data_intg_flow/data stage test","description":"","tags":[],"usage":{"last_access_time":"2022-05-26T15:28:51.455Z","last_accessor_id":"1000330999","access_count":0}},"entity":{"data_intg_flow":{"mime_type":"application/json","dataset":false}},"attachments":[{"test_doc":0,"object_key":"data_intg_flow/69deb67b-eb59-492c-b70c-227127fe35a2c7285d71-1484-4d67-b824-b51150a837b8","create_time":1653578919745,"complete_time_ticks":1653578919745,"mime":"application/json","usage":{"access_count":0,"last_accessor_id":"1000330999","last_access_time":1653578919745},"is_remote":false,"handle":{"max_part_num":1,"upload_id":"done","key":"data_intg_flow/69deb67b-eb59-492c-b70c-227127fe35a2c7285d71-1484-4d67-b824-b51150a837b8"},"is_user_provided_path_key":true,"user_data":{},"version":2,"size":4356,"is_partitioned":false,"datasource_type":"81bafdbd-b7c6-45c5-a4fd-6ec135f66f4e","transfer_complete":true,"asset_type":"data_intg_flow","name":"data_intg_flows","creator_id":"1000330999","id":"471215f3-6d31-4af8-a3bb-672fb3f4d149","is_referenced":true,"is_managed":false,"is_object_key_read_only":false},{"test_doc":0,"object_key":"data_intg_flow/69deb67b-eb59-492c-b70c-227127fe35a2c7285d71-1484-4d67-b824-b51150a837b8px_executables","create_time":1653578931454,"complete_time_ticks":1653578931454,"mime":"application/octet-stream","usage":{"access_count":0,"last_accessor_id":"1000330999","last_access_time":1653578931454},"is_remote":false,"handle":{"max_part_num":1,"upload_id":"done","key":"data_intg_flow/69deb67b-eb59-492c-b70c-227127fe35a2c7285d71-1484-4d67-b824-b51150a837b8px_executables"},"is_user_provided_path_key":true,"user_data":{},"version":2,"size":715,"is_partitioned":false,"datasource_type":"81bafdbd-b7c6-45c5-a4fd-6ec135f66f4e","transfer_complete":true,"asset_type":"data_intg_flow","name":"px_executables","creator_id":"1000330999","id":"a9fc5746-04b3-4c5d-9f57-75413d571d56","is_referenced":true,"is_managed":false,"is_object_key_read_only":false}]}]