{"metadata":{"asset_id":"2cb9ae02-24a5-4264-8501-47e7a0a7cd2b","asset_attributes":["job"],"name":"data stage test.DataStage job","asset_type":"job","created_at":"2022-05-26T15:29:02Z","description":"","origin_country":"us","owner_id":"1000330999","project_id":"69deb67b-eb59-492c-b70c-227127fe35a2","size":0,"tags":[],"usage":{"last_update_time":1653578942784,"last_updated_at":"2022-05-26T15:29:02Z"}},"entity":{"job":{"asset_ref_type":"data_intg_flow","configuration":{"env_variables":[],"flow_limits":{"warn_limit":100},"job_parameters":[],"env_type":""},"last_run_initiator":"None","last_run_time":"","last_run_status":"None","last_run_status_timestamp":0,"future_scheduled_runs":[],"enable_notifications":true,"project_name":"test","asset_ref":"c7285d71-1484-4d67-b824-b51150a837b8","schedule_id":"","schedule_creator_id":""}}}