Name,Artifact Type,Category,Artifact ID,Description,Tags,Stewards
Locations,category,,eebd338d-dbd5-37e4-9e4a-1296de82963a,Locations Category (LC) is defined as parent for locations reference datasets.,,
Account,category,,d3a338fd-edb2-4d29-b5a1-19421f98d7d6,,Governance,
IBM Industry Models,category,,125490c7-342e-46e4-8633-c220ef42e19f,,Governance,
Personal Information,category,125490c7-342e-46e4-8633-c220ef42e19f,18d3750c-3f69-48c3-9d38-6c3f5e3d86bf,Terms describing the concept of a person.,Governance,
Customer Information,category,125490c7-342e-46e4-8633-c220ef42e19f,3d2969cc-e20a-4972-870d-5a5fee52662c,Terms pertaining to those persons or organizations that acquire or use products or services,Governance,
Party And Role,category,125490c7-342e-46e4-8633-c220ef42e19f,64a98280-c549-407d-83ad-6052beb0d9bb,This category groups terms describing individuals and organizations as well as the roles that they play. This also describes the contact preferences.,Governance,
Location Information,category,125490c7-342e-46e4-8633-c220ef42e19f,776bfb69-cd90-4a1b-8038-59136f05debb,Information describing physical and electronic addresses and coordinates.,Governance,
Calendar Information,category,125490c7-342e-46e4-8633-c220ef42e19f,7ba4f681-0af0-4867-ba84-1feb261908f1,Terms describing the concept of a Calendar date.,Governance,
Patient Information,category,125490c7-342e-46e4-8633-c220ef42e19f,d0e0571e-c997-4903-b98b-e2e9e6011306,Terms describing the characteristics and concepts of a patient.,Governance,
Financial Information,category,125490c7-342e-46e4-8633-c220ef42e19f,e876a1f3-6ef0-4171-b091-afd16ab41712,Terms describing financial concepts.,Governance,
Asset Information,category,125490c7-342e-46e4-8633-c220ef42e19f,fb81f72f-c15e-4422-ba9d-b1983e677d3a,Terms describing characteristics of assets.,Governance,
Electronic Address,category,776bfb69-cd90-4a1b-8038-59136f05debb,12969552-bd6e-48d5-8f8e-4bf6ab8b7cf4,"Contains terms describing components of electronic addresses, such as email, social media, and web site domains.",Governance,
Telephonic Address,category,776bfb69-cd90-4a1b-8038-59136f05debb,1f21262d-21e8-4ee2-9086-f084a93cc72c,Contains terms describing components of telephonic addresses such as phone numbers.,Governance,
Physical Address,category,776bfb69-cd90-4a1b-8038-59136f05debb,f47051da-7c2a-47c1-b52f-8b005fd59ab8,"Contains terms describing components of addresses for buildings, homes, etc.",Governance,
Secondary Terms,category,64a98280-c549-407d-83ad-6052beb0d9bb,6ca2a014-8352-4508-b890-850fadda2bd9,This category groups terms that describe other terms of the parent Business Category.,Governance,
JK Loans,category,,c23b8c53-2150-488f-badd-c4b44afc03e0,,"Governance,Risk",
Basel Framework,category,c23b8c53-2150-488f-badd-c4b44afc03e0,02f4d240-8249-400b-a0a3-caa65a9c031d,,"Governance,Risk",
Risk Reporting,category,c23b8c53-2150-488f-badd-c4b44afc03e0,6b1b7c0c-85d5-49ab-abcb-ab862633e638,This category contains a number of aspects that are recommendations on banking laws and regulations issued by the Basel Committee on Banking Supervision and other related organizations.,"Governance,Risk",
