Name,Artifact Type,Category,Artifact ID,Description,Tags,Stewards,Related Terms,Business Start,Business End,Parent Classification,Secondary Categories
property,classification,,051035b5-1b7d-4ec4-8921-8bbba597378e,Indicates that the business term is a property term.,,,,2022-10-21 00:09:43,,,
relationship,classification,,0ffa0c9c-657c-434a-8ba2-9d7b4a30fa48,Indicates that the business term is a relationship term.,,,,2022-10-21 00:09:43,,,
group term,classification,,19a2dc46-dc0c-4b1c-a0c2-6cb74d4e397d,Indicates that a business term is a higher level terms in an Industry Alignment Vocabulary.,,,,2022-10-21 00:09:43,,,
report element,classification,,1bf5c3cd-c10e-4566-8e32-e5059182289c,Indicates that the business term is a report element term.,,,,2022-10-21 00:09:43,,,
healthcare,classification,,200409f7-5ced-4f4b-85ce-4df14e18176b,Indicates that the category is part of the Knowledge Accelerator for Healthcare.,,,,2022-10-21 00:09:43,,,
document term,classification,,26e8aca5-82d3-4446-b230-db880dad1208,Indicates that a business term is a document term in an Industry Alignment Vocabulary.,,,,2022-10-21 00:09:43,,,
insurance,classification,,28b8cfb5-e905-4ca4-8f28-eec648314970,Indicates that the category is part of the Knowledge Accelerator for Insurance.,,,,2022-10-21 00:09:43,,,
Personally Identifiable Information,classification,,32dd4e99-9ddf-4331-a5e9-835068119dde,Personally identifiable information (PII) is defined as any data that could potentially identify a specific individual. Any information that can be used to distinguish one person from another can be considered PII.,,,,2023-01-10 12:19:48,,,
core area,classification,,396b38a4-4b15-4177-8f76-7abb08cd0833,Indicates that the category is part of the Business Core Vocabulary area of the Knowledge Accelerator.,,,,2022-10-21 00:09:43,,,
performance area,classification,,58f3ed24-6255-4429-b1d7-84a7ae0d76ad,Indicates that the category is part of the Business Performance Indicator area of the Knowledge Accelerator.,,,,2022-10-21 00:09:43,,,
alignment term,classification,,5e7c6694-a00c-47b6-b780-68abbd0a92ef,Indicates that the business term is part of an Industry Alignment Vocabulary.,,,,2022-10-21 00:09:43,,,
energy and utilities,classification,,62f0e3d0-b84f-425f-9785-585b728dd93f,Indicates that the category is part of the Knowledge Accelerator for Energy and Utilities.,,,,2022-10-21 00:09:43,,,
Sensitive Personal Information,classification,,6c1d2e1a-dada-4bf5-b455-21ec5eeb22dc,Sensitive personal data is defined as personal data consisting of information relating to an individual with regard to racial or ethnic origin; political opinions; religious beliefs or other beliefs of a similar nature; trade union membership; physical or mental health or condition; sexual life; or any criminal or alleged criminal history of a person.,,,,2023-01-10 12:19:48,,,
preferred,classification,,7ef0a68f-677c-4ebf-978f-1206ee36eefb,Indicates that the business term is a preferred term in the group of synonyms.,,,,2022-10-21 00:09:43,,,
defined term,classification,,960cfba0-7782-4340-98d7-8b8c33970da4,Indicates that a business term is a defined term in an Industry Alignment Vocabulary.,,,,2022-10-21 00:09:43,,,
vocabulary,classification,,a13062c4-0f32-4a24-a962-84655ccf57cd,Indicates that the category is the root for a Knowledge Accelerator.,,,,2022-10-21 00:09:43,,,
alignment topic,classification,,a317ecf0-c498-406d-91bf-6c178cbd9f30,Indicates that the category is sub category of the Industry Alignment Vocabulary area of the Knowledge Accelerator.,,,,2022-10-21 00:09:43,,,
performance analysis,classification,,a6fd7b52-0232-4be5-aab6-62b381b05e36,Indicates that the business term is a performance analysis term.,,,,2022-10-21 00:09:43,,,
scope area,classification,,abf2bd9d-8318-4b97-aaed-362a2fc77dd6,Indicates that the category is part of the Business Scopes area of the Knowledge Accelerator.,,,,2022-10-21 00:09:43,,,
Confidential,classification,,b135489c-5f73-4203-a7e4-d5c6222e3cd8,"Confidential data is data that if compromised in some form, is likely to result in significant and/or long-term harm to the institution and/or individuals whose data it is. Access to confidential information is restricted to those who have a legitimate purpose for accessing such information.",,,,2023-01-10 12:19:48,,,
measure,classification,,cba7a6ab-5c7c-4f7f-9f65-8e41f37b8742,Indicates that the business term is a measure term.,,,,2022-10-21 00:09:43,,,
Personal Information,classification,,e59186e3-800f-467f-9951-40a4b5094f70,"Personal Information (PI) is defined as any data relating to an identified or identifiable individual. PI includes both identifiers, such as someone's name or employee serial number, as well as any personal information that can be reasonably associated with an individual, such as age, profession, preferences, net worth or mobile device location.",,,,2023-01-10 12:19:48,,,
financial services,classification,,e84d564d-a102-48d4-b8c6-29b5184d31fc,Indicates that the category is part of the Knowledge Accelerator for Financial Services.,,,,2022-10-21 00:09:43,,,
concept,classification,,f5ee0f00-7482-43db-a4ab-e4e2a1d962d4,Indicates that the business term is a concept term.,,,,2022-10-21 00:09:43,,,
alignment area,classification,,ffdd49b4-fdf5-4856-a453-f8be7be52292,Indicates that the category is part of the Industry Alignment Vocabulary area of the Knowledge Accelerator.,,,,2022-10-21 00:09:43,,,
