{"description":"Notebooks are defined by ipynb files according to Jupyter layout","fields":[{"key":"kernel","type":"object","facet":false,"is_array":false,"is_searchable_across_types":false},{"key":"compute","type":"string","facet":false,"is_array":false,"is_searchable_across_types":false},{"key":"originates_from","type":"object","facet":false,"is_array":false,"is_searchable_across_types":false}],"relationships":[],"localized_metadata_attributes":{"name":{"default":"Notebook","en":"Notebook"}},"global_search_searchable":[],"attribute_only":false,"is_column_custom_attribute":false,"version":1,"name":"notebook","scope":"GLOBAL","allow_decorators":true}