"code","value","description","parent","reference data set","related terms","is_multi_mapped_to_c57cb90f-2126-3800-9c9f-9eab82021cdf"
"BEL","Belgium","Belgium","EU","534561ac-1080-3714-b7aa-5a5809ff1f00",,
"HKG","Hong Kong","Hong Kong",,,,
"US","United States of America","United States of America",,,,
"EU","European Union","European Union",,,,
"CHN","China","China",,,,
"UK","United Kingdom","United Kingdom",,,,
"PRK","Korea (Democratic People's Republic of)","Korea (Democratic People's Republic of)",,,,
"TUR","Turkey","Turkey",,,,
"JPN","Japan","Japan",,,,"OSA,TOK"
"NZL","New Zealand","New Zealand",,,,
"MEX","Mexico","Mexico",,,,
"DE","Germany","Germany","EU",,,
"RUS","Russian Federation","Russian Federation",,,,
"GBR","United Kingdom of Great Britain and Northern Ireland","United Kingdom of Great Britain and Northern Ireland",,,,"LON"
"NLD","Netherlands","Netherlands","EU",,,
"AUS","Australia","Australia",,,,"SYD"
"CHL","Chile","Chile",,,,
"DEU","Germany","Germany","EU",,,"FRA"
"CAN","Canada","Canada",,,,"TOR"
"JP","Japan","Japan",,,,
"ARG","Argentina","Argentina",,,,
"PRT","Portugal","Portugal","EU",,,
"USA","United States of America","United States of America",,,,"DAL,WAS"
"ITA","Italy","Italy","EU",,,
"FRA","France","France","EU",,,
"BRA","Brazil","Brazil",,,,"SAO"
