Name,Artifact Type,Category,Artifact ID,Description,Tags,Stewards
Locations,category,,eebd338d-dbd5-37e4-9e4a-1296de82963a,Locations Category (LC) is defined as parent for locations reference datasets.,,
Data Privacy,category,,78b88f91-63e9-4af0-8770-568853f535f5,Data Privacy,,
Student Demograph,category,78b88f91-63e9-4af0-8770-568853f535f5,67bf5cd7-aaf9-4c25-a4f2-bb4b125bef7c,,,
GDPR,category,78b88f91-63e9-4af0-8770-568853f535f5,a4d936fa-75df-425e-95c7-dcc39d90076d,GDPR Related Items,,
CCPA,category,78b88f91-63e9-4af0-8770-568853f535f5,e4d3dd96-f090-45ea-b445-1135c7e60aed,CCPA Related Items,,
