SITENUM,SUBID,SUBNUM,VISNAME,PAGENAME,VISITID,VISITSEQ,PAGEID,PAGESEQ,STATUSID,STATUSID_DEC,PAGELMDT,DATALMDT,AEREF,AEVNT,AETMCN,REPORTDAT,AESTDT,AEENDT,AEENDT_DEC,AECONT,AESEV,AESEV_DEC,AEREL,AEREL_DEC,AEACN,AEACN_DEC,AEOUT,AEOUT_DEC,AEUPLOAD,AETRANS,DELETETEST,DELETED
101,131376,SE-10100001,Events,Adverse Event,40,0,10,1,5,Data Entered,7/9/2020 1:27,4/23/2020 13:54,AE-101-001,Increased Back pain,,1/1/2019,1/18/2019,2/12/2019,2/12/2019,,2,Grade 2 / Moderate,1,Not Related to Study Drug,1,Study Drug dose decreased,3,"Not Recovered, Event still ongoing",,,,f
102,131499,SE-10200001,Events,Adverse Event,40,0,10,1,5,Data Entered,12/19/2019 22:21,12/19/2019 22:21,AE-102-001,Hand and Foot,,10/8/2019,9/19/2019,,,X,3,Grade 3 / Severe,3,Probably Related to Study Drug,2,Study Drug stopped,3,"Not Recovered, Event still ongoing",,,,f
201,131501,SE-20100001,Events,Adverse Event,40,0,10,1,10,Complete,5/8/2020 14:55,5/8/2020 14:55,AE-SE-20100001-5,stroke,,5/8/2020,,,,X,,,,,,,,,,,,f
102,131525,SE-10200004,Events,Adverse Event,40,0,10,1,5,Data Entered,12/19/2019 2:40,12/19/2019 2:40,AE-102-007,Pain in the neck,,10/15/2019,9/11/2019,12/4/2019,12/4/2019,,1,Grade 1 / Mild,2,Possibly Related to Study Drug,,,1,Recovered,,,,f
101,131678,SE-10100002,Events,Adverse Event,40,0,10,1,5,Data Entered,2/2/2021 1:01,12/18/2019 23:23,AE-101-008,Congestive Heart Failure,,12/27/2018,12/3/2018,12/3/2019,12/3/2019,,4,Grade 4 / Life Threatening,2,Possibly Related to Study Drug,2,Study Drug stopped,4,Fatal,,,,f
201,132189,SE-20100003,Events,Adverse Event,40,0,10,1,5,Data Entered,12/20/2019 15:13,12/20/2019 15:13,AE-201-002,Pain,,12/20/2019,6/26/2019,,,X,2,Grade 2 / Moderate,3,Probably Related to Study Drug,4,New Concomitant Medication given,3,"Not Recovered, Event still ongoing",,,,f
101,132203,SE-10100003,Events,Adverse Event,40,0,10,1,5,Data Entered,12/18/2019 23:04,12/18/2019 23:04,AE-101-003,cough,,9/23/2018,9/13/2018,,,X,2,Grade 2 / Moderate,1,Not Related to Study Drug,N,No action taken,3,"Not Recovered, Event still ongoing",,,,f
101,132778,SE-10100004,Events,Adverse Event,40,0,10,1,10,Complete,4/5/2021 18:45,2/19/2020 15:56,AE-101-009,Stubbed toe,,11/5/2019,9/10/2019,,,X,3,Grade 3 / Severe,2,Possibly Related to Study Drug,4,New Concomitant Medication given,3,"Not Recovered, Event still ongoing",,,,f
101,132781,SE-10100005,Events,Adverse Event,40,0,10,1,5,Data Entered,12/20/2019 4:12,12/20/2019 4:12,AE-101-002,CHF,,2/4/2019,9/12/2018,12/19/2019,12/19/2019,,3,Grade 3 / Severe,,,1,Study Drug dose decreased,3,"Not Recovered, Event still ongoing",,,,f
101,132786,SE-10100007,Events,Adverse Event,40,0,10,1,20,Signed,3/27/2020 3:28,8/7/2019 18:42,AE-101-019,cough,,,8/7/2018,,,X,1,Grade 1 / Mild,1,Not Related to Study Drug,,,3,"Not Recovered, Event still ongoing",,,,f
101,132804,SE-10100009,Events,Adverse Event,40,0,10,1,5,Data Entered,12/19/2019 22:25,12/19/2019 22:25,AE-101-011,CHF,,12/4/2019,2/8/2019,,,X,2,Grade 2 / Moderate,2,Possibly Related to Study Drug,1,Study Drug dose decreased,3,"Not Recovered, Event still ongoing",Consent Document.pdf,,,f
101,132805,SE-10100010,Events,Adverse Event,40,0,10,1,10,Complete,6/4/2020 14:25,6/4/2020 14:25,AE-SE-10100010-50,CHF,,6/4/2020,,,,X,4,Grade 4 / Life Threatening,,,,,,,,,,f
101,132808,SE-10100011,Events,Adverse Event,40,0,10,1,5,Data Entered,12/20/2019 15:12,12/20/2019 15:12,AE-101-006,Congestive Heart Failure,,5/5/2019,12/2/2018,,,X,4,Grade 4 / Life Threatening,2,Possibly Related to Study Drug,2,Study Drug stopped,3,"Not Recovered, Event still ongoing",,,,f
101,132856,SE-10100017,Events,Adverse Event,40,0,10,1,5,Data Entered,12/3/2018 18:30,12/3/2018 18:30,AE-101-007,Congestive Heart Failure,,,12/3/2018,12/3/2018,12/3/2018,,4,Grade 4 / Life Threatening,2,Possibly Related to Study Drug,2,Study Drug stopped,4,Fatal,,,,f
101,133896,SE-10100018,Events,Adverse Event,40,0,10,1,5,Data Entered,12/19/2019 2:33,12/19/2019 2:33,AE-101-014,CHF,,9/18/2019,8/14/2019,,,X,4,Grade 4 / Life Threatening,3,Probably Related to Study Drug,1,Study Drug dose decreased,3,"Not Recovered, Event still ongoing",,,,f
101,133956,SE-10100019,Events,Adverse Event,40,0,10,1,10,Complete,6/4/2020 12:46,6/4/2020 12:46,AE-SE-10100019-47,CHF,,6/4/2020,,,,X,,,,,,,,,,,,f
101,138736,SE-10100028,Events,Adverse Event,40,0,10,1,5,Data Entered,11/14/2018 18:19,11/14/2018 18:19,AE-101-005,Stroke,,,11/14/2018,,,X,2,Grade 2 / Moderate,2,Possibly Related to Study Drug,2,Study Drug stopped,3,"Not Recovered, Event still ongoing",,,,f
101,140076,SE-10100029,Events,Adverse Event,40,0,10,1,5,Data Entered,6/6/2019 17:06,6/6/2019 17:06,AE-101-015,hypertension,,,12/11/2018,,,X,3,Grade 3 / Severe,2,Possibly Related to Study Drug,,,3,"Not Recovered, Event still ongoing",,,,f
201,140077,SE-20100010,Events,Adverse Event,40,0,10,1,5,Data Entered,12/3/2018 3:33,12/3/2018 3:33,AE-201-001,headache,,,12/2/2018,12/2/2018,12/2/2018,X,2,Grade 2 / Moderate,,,,,,,,,,f
101,140896,SE-10100035,Events,Adverse Event,40,0,10,1,10,Complete,9/14/2020 18:41,9/14/2020 18:41,AE-SE-10100035-62,SOB,,9/14/2020,,,,X,4,Grade 4 / Life Threatening,2,Possibly Related to Study Drug,1,Study Drug dose decreased,,,,,,f
101,140978,SE-10100037,Events,Adverse Event,40,0,10,1,5,Data Entered,2/11/2020 4:45,2/11/2020 4:45,AE-SE-10100037-28,Myocardial Infarction,,2/10/2020,1/27/2020,,,X,3,Grade 3 / Severe,2,Possibly Related to Study Drug,4,New Concomitant Medication given,3,"Not Recovered, Event still ongoing",,,,f
101,140980,SE-10100039,Events,Adverse Event,40,0,10,1,5,Data Entered,4/15/2020 15:08,4/15/2020 15:05,AE-SE-10100039-44,Stubbed Toe,,4/1/2020,,,,X,2,Grade 2 / Moderate,,,1,Study Drug dose decreased,3,"Not Recovered, Event still ongoing",,,,f
101,142621,SE-10100049,Events,Adverse Event,40,0,10,1,5,Data Entered,10/5/2020 20:14,9/20/2019 16:05,AE-101-027,CHF,,,9/20/2019,,,X,3,Grade 3 / Severe,2,Possibly Related to Study Drug,5,Procedure performed or Therapy given,3,"Not Recovered, Event still ongoing",,,,f
101,142721,SE-10100050,Events,Adverse Event,40,0,10,1,10,Complete,7/22/2020 12:20,7/22/2020 12:20,AE-SE-10100050-29,Influenza with mod body aches and cough,,6/5/2019,,,,X,3,Grade 3 / Severe,1,Not Related to Study Drug,,,,,,,,f
101,143241,SE-10100052,Events,Adverse Event,40,0,10,1,10,Complete,6/10/2021 13:47,6/10/2021 13:34,AE-SE-10100052-81,rash,,,6/10/2021,,,X,3,Grade 3 / Severe,1,Not Related to Study Drug,N,No action taken,,,,,,f
101,144022,SE-10100059,Events,Adverse Event,40,0,10,1,5,Data Entered,6/26/2019 14:39,6/26/2019 14:39,AE-101-010,Heart attack,,,11/4/2019,,,X,2,Grade 2 / Moderate,2,Possibly Related to Study Drug,,,3,"Not Recovered, Event still ongoing",,,,f
101,144345,SE-10100064,Events,Adverse Event,40,0,10,1,5,Data Entered,2/13/2019 18:20,2/13/2019 18:20,AE-101-012,Migraine Headaches,,,2/13/2019,,,X,2,Grade 2 / Moderate,2,Possibly Related to Study Drug,1,Study Drug dose decreased,3,"Not Recovered, Event still ongoing",,,,f
101,145343,SE-10100069,Events,Adverse Event,40,0,10,1,5,Data Entered,2/26/2019 21:27,2/26/2019 21:27,AE-101-013,CHF,,,2/26/2019,,,X,4,Grade 4 / Life Threatening,2,Possibly Related to Study Drug,,,3,"Not Recovered, Event still ongoing",,,,f
101,149441,SE-10100089,Events,Adverse Event,40,0,10,1,5,Data Entered,12/19/2019 2:35,12/19/2019 2:35,,Neck Pain,,4/9/2019,4/7/2019,4/30/2019,4/30/2019,,1,Grade 1 / Mild,2,Possibly Related to Study Drug,N,No action taken,1,Recovered,,,,f
101,149622,SE-10100092,Events,Adverse Event,40,0,10,1,10,Complete,6/17/2020 19:43,6/17/2020 19:43,AE-SE-10100092-55,Shortness of breath,,6/17/2020,6/17/2020,,,X,3,Grade 3 / Severe,2,Possibly Related to Study Drug,,,3,"Not Recovered, Event still ongoing",,,,f
102,149681,SE-10200054,Events,Adverse Event,40,0,10,1,5,Data Entered,12/20/2019 4:13,12/20/2019 4:13,AE-102-006,CHF,,10/2/2019,7/12/2019,8/18/2019,8/18/2019,,3,Grade 3 / Severe,1,Not Related to Study Drug,N,No action taken,U,Unknown,,,,f
102,150344,SE-10200060,Events,Adverse Event,40,0,10,1,5,Data Entered,12/20/2019 4:09,12/20/2019 4:09,AE-102-005,CHF,,12/2/2019,6/26/2019,,,X,4,Grade 4 / Life Threatening,3,Probably Related to Study Drug,2,Study Drug stopped,3,"Not Recovered, Event still ongoing",,,,f
101,150941,SE-10100104,Events,Adverse Event,40,0,10,1,10,Complete,5/5/2020 0:51,5/5/2020 0:51,AE-SE-10100104-45,CHF,,,,,,X,4,Grade 4 / Life Threatening,2,Possibly Related to Study Drug,3,Concomitant Medication dose changed,3,"Not Recovered, Event still ongoing",,,,f
101,151001,SE-10100105,Events,Adverse Event,40,0,10,1,5,Data Entered,12/19/2019 2:37,12/19/2019 2:37,,Anger Explosion,,9/11/2019,6/12/2019,9/26/2019,9/26/2019,,4,Grade 4 / Life Threatening,N,Related to concomitant medication or condition,3,Concomitant Medication dose changed,1,Recovered,,,,f
101,157382,SE-10100108,Events,Adverse Event,40,0,10,1,10,Complete,4/26/2021 22:40,4/26/2021 22:40,AE-SE-10100108-76,Covid-19 positive,,4/26/2021,,,,X,3,Grade 3 / Severe,1,Not Related to Study Drug,2,Study Drug stopped,3,"Not Recovered, Event still ongoing",,,,f
101,157541,SE-10100112,Events,Adverse Event,40,0,10,1,5,Data Entered,7/17/2019 16:15,7/17/2019 16:15,AE-101-016,heart attack,,,7/17/2019,,,X,3,Grade 3 / Severe,1,Not Related to Study Drug,3,Concomitant Medication dose changed,3,"Not Recovered, Event still ongoing",,,,f
101,158301,SE-10100117,Events,Adverse Event,40,0,10,1,5,Data Entered,7/25/2019 15:11,7/25/2019 15:11,AE-101-018,CHF,,,7/25/2019,,,X,2,Grade 2 / Moderate,1,Not Related to Study Drug,N,No action taken,1,Recovered,,,,f
201,160281,SE-20100030,Events,Adverse Event,40,0,10,1,5,Data Entered,12/19/2019 2:42,12/19/2019 2:42,AE-201-003,Stubbed toe,,8/14/2019,8/13/2019,9/10/2019,9/10/2019,,2,Grade 2 / Moderate,1,Not Related to Study Drug,N,No action taken,U,Unknown,,,,f
101,161422,SE-10100138,Events,Adverse Event,40,0,10,1,10,Complete,2/24/2021 13:48,2/24/2021 13:48,AE-SE-10100138-73,Atrial Fibrilaation,Afib,2/24/2021,2/24/2021,,,X,3,Grade 3 / Severe,1,Not Related to Study Drug,2,Study Drug stopped,3,"Not Recovered, Event still ongoing",,,,f
101,162283,SE-10100145,Events,Adverse Event,40,0,10,1,10,Complete,10/8/2020 18:19,10/8/2020 18:19,AE-SE-10100145-46,Migraine,,,,,,,2,Grade 2 / Moderate,,,,,,,,,,f
101,162501,SE-10100149,Events,Adverse Event,40,0,10,1,10,Complete,2/3/2021 0:32,2/3/2021 0:32,AE-SE-10100149-71,CHF,,2/2/2021,,,,X,4,Grade 4 / Life Threatening,,,,,,,,,,f
101,164455,SE-10100193,Events,Adverse Event,40,0,10,1,10,Complete,6/17/2020 19:49,6/17/2020 19:49,AE-SE-10100193-56,COVID-19,,6/17/2020,6/17/2020,,,X,4,Grade 4 / Life Threatening,1,Not Related to Study Drug,2,Study Drug stopped,3,"Not Recovered, Event still ongoing",,,,f
102,164546,SE-10200113,Events,Adverse Event,40,0,10,1,5,Data Entered,2/9/2020 5:59,2/9/2020 5:57,,Pain,,2/9/2020,2/9/2020,,,X,,,,,,,,,,,,f
201,164589,SE-20100041,Events,Adverse Event,40,0,10,1,5,Data Entered,2/10/2020 22:47,2/10/2020 22:47,,mylasia,,2/10/2020,2/10/2020,,,X,2,Grade 2 / Moderate,1,Not Related to Study Drug,N,No action taken,,,,,,f
201,164590,SE-20100042,Events,Adverse Event,40,0,10,1,5,Data Entered,2/10/2020 23:29,2/10/2020 23:29,SE-20100042,eczema,,2/3/2020,,,,X,2,Grade 2 / Moderate,1,Not Related to Study Drug,N,No action taken,,,,,,f
102,164864,SE-10200114,Events,Adverse Event,40,0,10,1,5,Data Entered,2/28/2020 18:36,2/28/2020 18:36,AE-SE-10200114-9,CHF,,2/28/2020,,,,X,3,Grade 3 / Severe,2,Possibly Related to Study Drug,2,Study Drug stopped,3,"Not Recovered, Event still ongoing",,,,f
201,165084,SE-20100049,Events,Adverse Event,40,0,10,1,5,Data Entered,3/24/2020 16:22,3/24/2020 16:22,AE-SE-20100049-4,Migraine,,1,,,,,,,,,,,,,,,,f
101,165170,SE-10100218,Events,Adverse Event,40,0,10,1,10,Complete,3/30/2020 21:46,3/30/2020 21:46,AE-SE-10100218-38,Stubbed Toe,,3/30/2020,,,,X,4,Grade 4 / Life Threatening,3,Probably Related to Study Drug,5,Procedure performed or Therapy given,4,Fatal,,,,f
101,165171,SE-10100219,Events,Adverse Event,40,0,10,1,5,Data Entered,3/31/2020 15:07,3/31/2020 15:07,AE-SE-10100219-39,Headache,,,3/31/2020,,,,1,Grade 1 / Mild,,,,,,,,,,f
101,166007,SE-10100269,Events,Adverse Event,40,0,10,1,10,Complete,6/4/2020 14:09,6/4/2020 14:09,AE-SE-10100269-49,CHF,,,6/4/2020,,,X,,,,,,,,,,,,f
101,166081,SE-10100274,Events,Adverse Event,40,0,10,1,10,Complete,5/25/2021 15:05,5/25/2021 15:05,AE-SE-10100274-78,SOB,,5/25/2021,,,,,,,,,,,,,,,,f
101,166131,SE-10100275,Events,Adverse Event,40,0,10,1,10,Complete,6/15/2020 21:17,6/15/2020 21:17,AE-SE-10100275-51,Stroke,,6/15/2020,6/15/2020,,,X,,,,,,,,,,,,f
101,166162,SE-10100283,Events,Adverse Event,40,0,10,1,10,Complete,6/17/2020 13:18,6/17/2020 13:18,AE-SE-10100283-52,lung cancer,,6/17/2020,6/17/2020,,,X,4,Grade 4 / Life Threatening,1,Not Related to Study Drug,4,New Concomitant Medication given,3,"Not Recovered, Event still ongoing",,,,f
101,166276,SE-10100288,Events,Adverse Event,40,0,10,1,10,Complete,10/8/2020 18:20,10/8/2020 18:20,AE-SE-10100288-59,Shortness of Breath,,,,,,,,,,,,,,,,,,f
102,166705,SE-10200146,Events,Adverse Event,40,0,10,1,10,Complete,7/31/2020 15:51,7/31/2020 15:51,AE-SE-10200146-10,Pain,,7/31/2020,,,,X,2,Grade 2 / Moderate,1,Not Related to Study Drug,N,No action taken,3,"Not Recovered, Event still ongoing",,,,f
101,167972,SE-10100325,Events,Adverse Event,40,0,10,1,15,Monitored,9/28/2020 17:37,9/28/2020 17:37,AE-SE-10100325-63,Stubbed Toe,,9/28/2020,,,,X,3,Grade 3 / Severe,2,Possibly Related to Study Drug,2,Study Drug stopped,3,"Not Recovered, Event still ongoing",,,,f
201,168056,SE-20100061,Events,Adverse Event,40,0,10,1,10,Complete,10/6/2020 15:11,10/6/2020 15:11,AE-SE-20100061-8,Cough,,10/6/2020,,,,X,2,Grade 2 / Moderate,1,Not Related to Study Drug,N,No action taken,3,"Not Recovered, Event still ongoing",,,,f
101,168242,SE-10100341,Events,Adverse Event,40,0,10,1,10,Complete,10/23/2020 15:59,10/23/2020 15:59,AE-SE-10100341-64,Intense Migraine,,,,,,,3,Grade 3 / Severe,2,Possibly Related to Study Drug,2,Study Drug stopped,3,"Not Recovered, Event still ongoing",,,,f
101,168719,SE-10100353,Events,Adverse Event,40,0,10,1,10,Complete,11/12/2020 16:16,11/12/2020 16:15,AE-SE-10100353-65,Bad toe Serious fast growing tumor- Fatal,,,,,,,4,Grade 4 / Life Threatening,,,1,Study Drug dose decreased,3,"Not Recovered, Event still ongoing",,,,f
101,168893,SE-10100363,Events,Adverse Event,40,0,10,1,10,Complete,4/5/2021 14:24,4/5/2021 14:24,AE-SE-10100363-68,Congestive heart failure,,,,,,,4,Grade 4 / Life Threatening,,,,,,,,,,f
201,170108,SE-20100073,Events,Adverse Event,40,0,10,1,10,Complete,12/9/2020 13:42,12/9/2020 13:42,AE-SE-20100073-10,CHF,,12/9/2020,,,,X,4,Grade 4 / Life Threatening,1,Not Related to Study Drug,2,Study Drug stopped,3,"Not Recovered, Event still ongoing",,,,f
101,170551,SE-10100373,Events,Adverse Event,40,0,10,1,10,Complete,1/11/2021 13:24,1/11/2021 13:24,AE-SE-10100373-69,Patient became dizzy and fainted,,2021-01-UNK,1/11/2021,,,X,3,Grade 3 / Severe,2,Possibly Related to Study Drug,1,Study Drug dose decreased,3,"Not Recovered, Event still ongoing",,,,f
201,172192,SE-20100097,Events,Adverse Event,40,0,10,1,10,Complete,4/26/2021 22:36,4/26/2021 22:36,AE-SE-20100097-11,COVID-19 positive,,4/26/2021,,,,X,3,Grade 3 / Severe,1,Not Related to Study Drug,,,,,,,,f
101,172279,SE-10100440,Events,Adverse Event,40,0,10,1,5,Data Entered,4/28/2021 13:15,4/28/2021 13:13,AE-SE-10100440-77,Cancer at base of tongue,squamous cell carcinoma,4/28/2021,4/1/2021,,,X,1,Grade 1 / Mild,1,Not Related to Study Drug,N,No action taken,3,"Not Recovered, Event still ongoing",,,,f
101,173067,SE-10100449,Events,Adverse Event,40,0,10,1,10,Complete,5/25/2021 19:10,5/25/2021 19:07,AE-SE-10100449-79,Congestive heart failure,,5/25/2021,,,,X,,,,,,,,,,,,f
102,173194,SE-10200187,Events,Adverse Event,40,0,10,1,10,Complete,5/26/2021 11:37,5/26/2021 11:37,AE-SE-10200187-11,Shoulder pain,,5/26/2021,,,,X,2,Grade 2 / Moderate,1,Not Related to Study Drug,N,No action taken,3,"Not Recovered, Event still ongoing",,,,f
101,173364,SE-10100454,Events,Adverse Event,40,0,10,1,10,Complete,6/9/2021 13:32,6/9/2021 13:32,AE-SE-10100454-80,cough,,6/9/2021,,,,X,3,Grade 3 / Severe,,,,,,,,,,f
101,174431,SE-10100470,Events,Adverse Event,40,0,10,1,10,Complete,7/8/2021 13:16,7/8/2021 13:16,AE-SE-10100470-82,Congestive heart failure,,7/8/2021,7/8/2021,,,X,4,Grade 4 / Life Threatening,2,Possibly Related to Study Drug,2,Study Drug stopped,U,Unknown,,,,f
101,131376,SE-10100001,Events,Adverse Event,40,0,10,2,5,Data Entered,6/24/2020 15:33,3/31/2020 19:28,AE-SE-10100001-36,Back Pain,,8/21/2018,9/21/2018,11/18/2018,11/18/2018,,1,Grade 1 / Mild,1,Not Related to Study Drug,N,No action taken,1,Recovered,,,,f
102,131499,SE-10200001,Events,Adverse Event,40,0,10,2,5,Data Entered,9/13/2018 14:38,9/13/2018 14:38,AE-102-002,Rash,,,9/13/2018,,,X,2,Grade 2 / Moderate,2,Possibly Related to Study Drug,1,Study Drug dose decreased,3,"Not Recovered, Event still ongoing",,,,f
201,131501,SE-20100001,Events,Adverse Event,40,0,10,2,5,Data Entered,9/18/2020 13:03,9/18/2020 13:03,AE-SE-20100001-6,,痛风,,,,,,,,,,,,,,,,,f
102,131525,SE-10200004,Events,Adverse Event,40,0,10,2,5,Data Entered,12/19/2019 2:41,12/19/2019 2:41,AE-102-008,Stubbed Toe,,8/1/2018,7/26/2018,8/8/2018,8/8/2018,,2,Grade 2 / Moderate,1,Not Related to Study Drug,5,Procedure performed or Therapy given,1,Recovered,,,,f
101,131678,SE-10100002,Events,Adverse Event,40,0,10,2,5,Data Entered,12/19/2019 22:24,12/19/2019 22:24,,increased aggression,,12/19/2018,12/9/2018,12/1/2019,12/1/2019,,3,Grade 3 / Severe,3,Probably Related to Study Drug,2,Study Drug stopped,2,Recovered with sequelae,,,,f
101,132203,SE-10100003,Events,Adverse Event,40,0,10,2,5,Data Entered,12/18/2019 23:24,12/18/2019 23:24,AE-101-004,Stroke,,12/3/2018,11/14/2018,2/22/2019,2/22/2019,,4,Grade 4 / Life Threatening,2,Possibly Related to Study Drug,2,Study Drug stopped,3,"Not Recovered, Event still ongoing",,,,f
101,132778,SE-10100004,Events,Adverse Event,40,0,10,2,5,Data Entered,12/18/2019 23:11,12/18/2019 23:11,AE-101-020,High Blood Pressure,,10/17/2019,9/18/2019,,,X,3,Grade 3 / Severe,3,Probably Related to Study Drug,,,3,"Not Recovered, Event still ongoing",,,,f
101,132786,SE-10100007,Events,Adverse Event,40,0,10,2,20,Signed,3/27/2020 3:28,3/27/2020 3:19,AE-SE-10100007-31,Meningitis,,7/24/2019,7/24/2019,8/14/2019,8/14/2019,,3,Grade 3 / Severe,1,Not Related to Study Drug,5,Procedure performed or Therapy given,1,Recovered,,,,f
101,132804,SE-10100009,Events,Adverse Event,40,0,10,2,5,Data Entered,12/19/2019 22:26,12/19/2019 22:26,,Aggression Aggrevated,,10/1/2019,7/11/2019,9/11/2019,9/11/2019,,3,Grade 3 / Severe,3,Probably Related to Study Drug,1,Study Drug dose decreased,1,Recovered,,,,f
101,132856,SE-10100017,Events,Adverse Event,40,0,10,2,10,Complete,9/1/2020 15:48,9/1/2020 15:48,AE-SE-10100017-61,death,,9/1/2020,,,,,,,,,,,,,,,,f
101,133956,SE-10100019,Events,Adverse Event,40,0,10,2,10,Complete,6/4/2020 12:47,6/4/2020 12:47,AE-SE-10100019-48,Death,,6/4/2020,,,,,,,,,,,,,,,,f
101,140978,SE-10100037,Events,Adverse Event,40,0,10,2,10,Complete,2/24/2021 15:31,2/24/2021 15:31,AE-SE-10100037-74,head ahce,head ahce,,,,,X,2,Grade 2 / Moderate,1,Not Related to Study Drug,N,No action taken,3,"Not Recovered, Event still ongoing",,,,f
101,142721,SE-10100050,Events,Adverse Event,40,0,10,2,5,Data Entered,2/27/2020 1:03,2/19/2020 21:47,AE-SE-10100050-30,Hand and Foot,,11/12/2019,,,,X,2,Grade 2 / Moderate,2,Possibly Related to Study Drug,,,,,,,,f
101,144022,SE-10100059,Events,Adverse Event,40,0,10,2,5,Data Entered,12/20/2019 17:35,12/20/2019 17:35,AE-101-011,Fluttery heart,,9/3/2019,9/2/2019,,,X,1,Grade 1 / Mild,1,Not Related to Study Drug,3,Concomitant Medication dose changed,3,"Not Recovered, Event still ongoing",,,,f
101,149441,SE-10100089,Events,Adverse Event,40,0,10,2,10,Complete,7/13/2021 23:40,7/13/2021 23:40,,Aggression,,6/4/2019,6/1/2019,12/3/2019,12/3/2019,,2,Grade 2 / Moderate,3,Probably Related to Study Drug,1,Study Drug dose decreased,2,Recovered with sequelae,,,,f
101,157541,SE-10100112,Events,Adverse Event,40,0,10,2,5,Data Entered,7/17/2019 16:15,7/17/2019 16:15,AE-101-017,headache,,,7/17/2019,,,X,1,Grade 1 / Mild,1,Not Related to Study Drug,2,Study Drug stopped,,,,,,f
101,162501,SE-10100149,Events,Adverse Event,40,0,10,2,10,Complete,2/3/2021 0:32,2/3/2021 0:32,AE-SE-10100149-72,death,,2/2/2021,,,,,4,Grade 4 / Life Threatening,,,,,4,Fatal,,,,f
101,166162,SE-10100283,Events,Adverse Event,40,0,10,2,10,Complete,6/19/2020 19:33,6/19/2020 19:33,AE-SE-10100283-53,angina,,6/14/2020,6/17/2020,,,X,3,Grade 3 / Severe,1,Not Related to Study Drug,5,Procedure performed or Therapy given,3,"Not Recovered, Event still ongoing",,,,f
201,168056,SE-20100061,Events,Adverse Event,40,0,10,2,10,Complete,10/6/2020 15:12,10/6/2020 15:12,AE-SE-20100061-9,fever,,10/6/2020,10/6/2020,,,X,2,Grade 2 / Moderate,2,Possibly Related to Study Drug,1,Study Drug dose decreased,3,"Not Recovered, Event still ongoing",,,,f
101,170551,SE-10100373,Events,Adverse Event,40,0,10,2,10,Complete,4/5/2021 14:19,4/5/2021 14:19,AE-SE-10100373-70,Hypertension,cn,1/13/2021,,1/13/2021,1/13/2021,,2,Grade 2 / Moderate,1,Not Related to Study Drug,2,Study Drug stopped,1,Recovered,,,,f
201,172192,SE-20100097,Events,Adverse Event,40,0,10,2,5,Data Entered,4/28/2021 14:06,4/26/2021 22:37,AE-SE-20100097-12,Reflux,,4/26/2021,,,,X,2,Grade 2 / Moderate,2,Possibly Related to Study Drug,,,,,,,,f
101,131376,SE-10100001,Events,Adverse Event,40,0,10,3,5,Data Entered,3/31/2020 19:27,3/31/2020 19:27,AE-SE-10100001-37,Pulmonary Embolsm,,12/17/2018,12/14/2018,12/28/2018,12/28/2018,,4,Grade 4 / Life Threatening,2,Possibly Related to Study Drug,5,Procedure performed or Therapy given,1,Recovered,,,,f
102,131499,SE-10200001,Events,Adverse Event,40,0,10,3,5,Data Entered,9/13/2018 14:39,9/13/2018 14:39,AE-102-003,myalgia,,,9/13/2018,,,X,2,Grade 2 / Moderate,1,Not Related to Study Drug,N,No action taken,3,"Not Recovered, Event still ongoing",,,,f
201,131501,SE-20100001,Events,Adverse Event,40,0,10,3,5,Data Entered,9/18/2020 13:03,9/18/2020 13:03,AE-SE-20100001-7,,心绞痛,,,,,,,,,,,,,,,,,f
101,131678,SE-10100002,Events,Adverse Event,40,0,10,3,5,Data Entered,12/19/2019 22:31,12/19/2019 22:31,,anger,,8/14/2019,5/15/2019,12/19/2019,12/19/2019,,1,Grade 1 / Mild,2,Possibly Related to Study Drug,2,Study Drug stopped,2,Recovered with sequelae,,,,f
101,132778,SE-10100004,Events,Adverse Event,40,0,10,3,5,Data Entered,12/18/2019 23:12,12/18/2019 23:12,AE-101-021,Patient became more aggressive after he started taking drug,,12/3/2019,9/19/2019,,,X,4,Grade 4 / Life Threatening,3,Probably Related to Study Drug,4,New Concomitant Medication given,3,"Not Recovered, Event still ongoing",,,,f
101,132786,SE-10100007,Events,Adverse Event,40,0,10,3,20,Signed,3/27/2020 3:28,3/27/2020 3:20,AE-SE-10100007-32,Optic Neuritis,,2018-03-UNK,,,,X,2,Grade 2 / Moderate,2,Possibly Related to Study Drug,5,Procedure performed or Therapy given,2,Recovered with sequelae,,,,f
101,140978,SE-10100037,Events,Adverse Event,40,0,10,3,10,Complete,2/24/2021 15:33,2/24/2021 15:33,AE-SE-10100037-75,NHL,non hodgkin's lymphoma,2020-10-UNK,,,,X,4,Grade 4 / Life Threatening,1,Not Related to Study Drug,4,New Concomitant Medication given,3,"Not Recovered, Event still ongoing",,,,f
101,142721,SE-10100050,Events,Adverse Event,40,0,10,3,10,Complete,11/23/2020 14:33,11/23/2020 14:33,AE-SE-10100050-66,COVID-19 positive,,11/23/2020,,,,,,,,,,,,,,,,f
101,166162,SE-10100283,Events,Adverse Event,40,0,10,3,10,Complete,6/19/2020 19:32,6/19/2020 19:32,AE-SE-10100283-54,rash,,6/14/2020,6/14/2020,6/17/2020,6/17/2020,,1,Grade 1 / Mild,2,Possibly Related to Study Drug,N,No action taken,3,"Not Recovered, Event still ongoing",,,,f
201,172192,SE-20100097,Events,Adverse Event,40,0,10,3,10,Complete,4/26/2021 22:38,4/26/2021 22:38,AE-SE-20100097-13,Agression,,4/26/2021,,,,X,3,Grade 3 / Severe,2,Possibly Related to Study Drug,,,,,,,,f
101,131376,SE-10100001,Events,Adverse Event,40,0,10,4,5,Data Entered,3/31/2020 19:28,3/31/2020 19:28,AE-SE-10100001-40,Pneumonia,,10/12/2018,11/11/2018,11/24/2018,11/24/2018,,3,Grade 3 / Severe,1,Not Related to Study Drug,N,No action taken,1,Recovered,,,,f
102,131499,SE-10200001,Events,Adverse Event,40,0,10,4,5,Data Entered,9/13/2018 15:21,9/13/2018 15:21,AE-102-004,pneumonia,,,9/13/2018,,,X,3,Grade 3 / Severe,2,Possibly Related to Study Drug,2,Study Drug stopped,3,"Not Recovered, Event still ongoing",,,,f
101,132778,SE-10100004,Events,Adverse Event,40,0,10,4,5,Data Entered,4/5/2021 18:45,7/6/2020 15:14,AE-101-022,Heart palpatations,,12/2/2019,11/12/2019,11/16/2019,11/16/2019,,1,Grade 1 / Mild,,,,,2,Recovered with sequelae,,,,f
101,132786,SE-10100007,Events,Adverse Event,40,0,10,4,20,Signed,3/27/2020 3:28,3/27/2020 3:22,AE-SE-10100007-33,Anaphylaxis shock,,2017-02-UNK,,,,X,4,Grade 4 / Life Threatening,2,Possibly Related to Study Drug,3,Concomitant Medication dose changed,3,"Not Recovered, Event still ongoing",,,,f
101,142721,SE-10100050,Events,Adverse Event,40,0,10,4,10,Complete,11/23/2020 14:34,11/23/2020 14:34,AE-SE-10100050-67,cannot taste food,,11/23/2020,,,,,,,,,,,,,,,,f
101,166162,SE-10100283,Events,Adverse Event,40,0,10,4,10,Complete,6/19/2020 19:34,6/19/2020 19:34,AE-SE-10100283-57,rash related to study therapy,,6/18/2020,6/17/2020,6/19/2020,6/19/2020,,2,Grade 2 / Moderate,N,Related to concomitant medication or condition,2,Study Drug stopped,3,"Not Recovered, Event still ongoing",,,,f
101,131376,SE-10100001,Events,Adverse Event,40,0,10,5,5,Data Entered,3/31/2020 20:00,3/31/2020 20:00,AE-SE-10100001-41,Vertigo,,9/11/2018,9/13/2018,10/31/2018,10/31/2018,,2,Grade 2 / Moderate,3,Probably Related to Study Drug,5,Procedure performed or Therapy given,2,Recovered with sequelae,,,,f
101,132778,SE-10100004,Events,Adverse Event,40,0,10,5,5,Data Entered,12/18/2019 23:14,12/18/2019 23:14,AE-101-023,Skin burn after being exposed to chemical,,7/10/2019,4/10/2019,6/12/2019,6/12/2019,,2,Grade 2 / Moderate,1,Not Related to Study Drug,N,No action taken,1,Recovered,,,,f
101,132786,SE-10100007,Events,Adverse Event,40,0,10,5,20,Signed,3/27/2020 3:30,3/27/2020 3:29,AE-SE-10100007-34,Chronic Headaches,,10/30/2019,11/4/2019,12/21/2019,12/21/2019,,3,Grade 3 / Severe,3,Probably Related to Study Drug,2,Study Drug stopped,1,Recovered,,,,f
101,166162,SE-10100283,Events,Adverse Event,40,0,10,5,10,Complete,6/19/2020 19:34,6/19/2020 19:34,AE-SE-10100283-58,rash related to study therapy,,6/19/2020,6/19/2020,,,X,3,Grade 3 / Severe,N,Related to concomitant medication or condition,4^5,"New Concomitant Medication given, Procedure performed or Therapy given",3,"Not Recovered, Event still ongoing",,,,f
101,131376,SE-10100001,Events,Adverse Event,40,0,10,6,5,Data Entered,3/31/2020 20:03,3/31/2020 20:03,AE-SE-10100001-42,Sinus Infection,,8/29/2018,8/29/2018,9/13/2018,9/13/2018,,1,Grade 1 / Mild,1,Not Related to Study Drug,N,No action taken,1,Recovered,,,,f
101,132778,SE-10100004,Events,Adverse Event,40,0,10,6,5,Data Entered,12/19/2019 23:00,12/19/2019 23:00,AE-101-024,Stomach feeling heavy,,12/19/2019,9/23/2019,9/24/2019,9/24/2019,,3,Grade 3 / Severe,1,Not Related to Study Drug,2,Study Drug stopped,1,Recovered,,,,f
101,132786,SE-10100007,Events,Adverse Event,40,0,10,6,20,Signed,3/27/2020 3:30,3/27/2020 3:30,AE-SE-10100007-35,Stroke,,1/7/2020,1/7/2020,,,X,4,Grade 4 / Life Threatening,3,Probably Related to Study Drug,5,Procedure performed or Therapy given,3,"Not Recovered, Event still ongoing",,,,f
101,132778,SE-10100004,Events,Adverse Event,40,0,10,7,5,Data Entered,12/19/2019 23:00,12/19/2019 23:00,AE-101-025,heavy stomach,,12/20/2019,10/29/2019,11/1/2019,11/1/2019,,3,Grade 3 / Severe,1,Not Related to Study Drug,N,No action taken,1,Recovered,,,,f
101,131376,SE-10100001,Events,Adverse Event,40,0,10,8,20,Signed,8/10/2020 15:35,8/6/2020 13:37,AE-SE-10100001-60,Anger,,8/6/2020,8/6/2020,8/6/2020,8/6/2020,,1,Grade 1 / Mild,1,Not Related to Study Drug,,,,,,,,f
101,132778,SE-10100004,Events,Adverse Event,40,0,10,8,5,Data Entered,12/19/2019 23:01,12/19/2019 23:01,AE-101-026,Patient became more aggressive after he started taking drug,,11/28/2018,7/9/2018,,,X,1,Grade 1 / Mild,,,,,3,"Not Recovered, Event still ongoing",,,,f
101,132778,SE-10100004,Events,Adverse Event,40,0,10,9,5,Data Entered,1/13/2020 15:36,1/13/2020 15:36,9,patient broke wrist,,12/10/2019,10/27/2019,12/18/2019,12/18/2019,,3,Grade 3 / Severe,1,Not Related to Study Drug,N,No action taken,3,"Not Recovered, Event still ongoing",,,,f
101,132778,SE-10100004,Events,Adverse Event,40,0,10,10,5,Data Entered,12/19/2019 2:31,12/19/2019 2:31,10,high blood pressure,,8/13/2019,5/15/2019,12/2/2019,12/2/2019,,2,Grade 2 / Moderate,2,Possibly Related to Study Drug,,,1,Recovered,,,,f
101,132778,SE-10100004,Events,Adverse Event,40,0,10,11,5,Data Entered,12/17/2019 12:58,12/17/2019 12:58,11,fluttery heart,,,12/2/2019,,,X,2,Grade 2 / Moderate,1,Not Related to Study Drug,3,Concomitant Medication dose changed,,,,,,f
101,131376,SE-10100001,Safety Visit,Adverse Event,140,1,10,0,20,Signed,4/1/2020 2:10,4/1/2020 2:09,AE #1,Congestive heart failure,,,8/17/2018,,,X,4,Grade 4 / Life Threatening,2,Possibly Related to Study Drug,1,Study Drug dose decreased,3,"Not Recovered, Event still ongoing",,,,f
201,131501,SE-20100001,Safety Visit,Adverse Event,140,1,10,0,10,Complete,9/25/2020 20:14,9/25/2020 20:14,AE #18,Cardia Arrest,,,,,,X,4,Grade 4 / Life Threatening,,,,,,,,,,f
102,131503,SE-10200002,Safety Visit,Adverse Event,140,1,10,0,5,Data Entered,12/19/2019 2:39,12/19/2019 2:39,AE #2,Hypertension,,7/17/2019,5/22/2019,12/18/2019,12/18/2019,,2,Grade 2 / Moderate,3,Probably Related to Study Drug,3,Concomitant Medication dose changed,,,,,,f
101,132812,SE-10100014,Safety Visit,Adverse Event,140,1,10,0,10,Complete,10/8/2020 18:26,10/8/2020 18:26,AE #5,severe pain,,3/15/2019,,,,X,4,Grade 4 / Life Threatening,3,Probably Related to Study Drug,3,Concomitant Medication dose changed,4,Fatal,,,,f
101,140876,SE-10100034,Safety Visit,Adverse Event,140,1,10,0,5,Data Entered,2/10/2020 16:53,2/10/2020 16:53,AE #3,angina,,2/10/2020,,,,X,3,Grade 3 / Severe,1,Not Related to Study Drug,4,New Concomitant Medication given,3,"Not Recovered, Event still ongoing",,,,f
101,149622,SE-10100092,Safety Visit,Adverse Event,140,1,10,0,5,Data Entered,6/17/2020 19:44,6/17/2020 19:44,AE #10,,,,,,,,,,,,,,,,,,,f
101,161422,SE-10100138,Safety Visit,Adverse Event,140,1,10,0,5,Data Entered,12/9/2020 13:44,12/9/2020 13:44,AE #24,,,,,,,,,,,,,,,,,,,f
101,162621,SE-10100150,Safety Visit,Adverse Event,140,1,10,0,5,Data Entered,10/29/2020 18:02,10/29/2020 18:02,AE #23,,,,,,,,,,,,,,,,,,,f
101,164455,SE-10100193,Safety Visit,Adverse Event,140,1,10,0,10,Complete,6/17/2020 19:47,6/17/2020 19:47,AE #11,COVID-19,,6/17/2020,6/17/2020,,,X,4,Grade 4 / Life Threatening,,,,,,,,,,f
101,165170,SE-10100218,Safety Visit,Adverse Event,140,1,10,0,5,Data Entered,3/30/2020 21:47,3/30/2020 21:47,AE #4,Broken neck,,3/30/2020,3/29/2020,,,X,4,Grade 4 / Life Threatening,2,Possibly Related to Study Drug,2,Study Drug stopped,3,"Not Recovered, Event still ongoing",,,,f
101,166135,SE-10100277,Safety Visit,Adverse Event,140,1,10,0,10,Complete,6/17/2020 19:05,6/17/2020 19:05,AE #9,Stroke,,6/17/2020,6/17/2020,,,X,3,Grade 3 / Severe,2,Possibly Related to Study Drug,1,Study Drug dose decreased,3,"Not Recovered, Event still ongoing",,,,f
101,166140,SE-10100279,Safety Visit,Adverse Event,140,1,10,0,10,Complete,6/16/2020 19:58,6/16/2020 19:58,AE #6,Stroke,,6/15/2020,6/16/2020,,,X,3,Grade 3 / Severe,2,Possibly Related to Study Drug,4^1,"New Concomitant Medication given, Study Drug dose decreased",3,"Not Recovered, Event still ongoing",,,,f
101,166143,SE-10100281,Safety Visit,Adverse Event,140,1,10,0,10,Complete,6/17/2020 2:30,6/17/2020 2:30,AE #7,angina,,6/16/2020,6/15/2020,,,X,3,Grade 3 / Severe,N,Related to concomitant medication or condition,4,New Concomitant Medication given,3,"Not Recovered, Event still ongoing",,,,f
101,166162,SE-10100283,Safety Visit,Adverse Event,140,1,10,0,10,Complete,6/17/2020 12:16,6/17/2020 12:16,AE #8,angina,,6/1/2020,,,,X,3,Grade 3 / Severe,1,Not Related to Study Drug,4,New Concomitant Medication given,3,"Not Recovered, Event still ongoing",,,,f
102,166566,SE-10200143,Safety Visit,Adverse Event,140,1,10,0,10,Complete,7/22/2020 17:14,7/22/2020 17:14,AE #12,High blood Pressure,,7/15/2020,7/15/2020,,,X,1,Grade 1 / Mild,2,Possibly Related to Study Drug,2,Study Drug stopped,3,"Not Recovered, Event still ongoing",,,,f
101,167267,SE-10100315,Safety Visit,Adverse Event,140,1,10,0,10,Complete,8/31/2020 20:26,8/31/2020 20:26,AE #13,Heart Palpitations,,2020-08-UNK,7/20/2020,,,X,4,Grade 4 / Life Threatening,,,,,,,,,,f
101,167304,SE-10100316,Safety Visit,Adverse Event,140,1,10,0,10,Complete,9/2/2020 15:37,9/2/2020 15:37,AE #14,Stubbed Toe,,2020-09-UNK,,,,X,3,Grade 3 / Severe,,,,,,,,,,f
101,167628,SE-10100319,Safety Visit,Adverse Event,140,1,10,0,10,Complete,9/8/2020 13:50,9/8/2020 13:50,AE #15,Fainted and fell down stairs,,2020-09-UNK,8/17/2020,,,X,3,Grade 3 / Severe,2,Possibly Related to Study Drug,1,Study Drug dose decreased,3,"Not Recovered, Event still ongoing",,,,f
101,167630,SE-10100320,Safety Visit,Adverse Event,140,1,10,0,10,Complete,9/8/2020 15:25,9/8/2020 15:25,AE #16,Fainted and fell down stairs,,2020-09-UNK,,,,X,3,Grade 3 / Severe,2,Possibly Related to Study Drug,1,Study Drug dose decreased,3,"Not Recovered, Event still ongoing",,,,f
201,168056,SE-20100061,Safety Visit,Adverse Event,140,1,10,0,10,Complete,10/13/2020 18:30,10/13/2020 18:30,AE #19,Death,,,,10/13/2020,10/13/2020,,,,,,,,,,,,,f
101,168104,SE-10100335,Safety Visit,Adverse Event,140,1,10,0,10,Complete,10/13/2020 19:34,10/13/2020 19:34,AE #20,Severe SOB,,10/13/2020,,,,X,3,Grade 3 / Severe,2,Possibly Related to Study Drug,2,Study Drug stopped,3,"Not Recovered, Event still ongoing",,,,f
101,168242,SE-10100341,Safety Visit,Adverse Event,140,1,10,0,10,Complete,11/4/2020 0:58,11/4/2020 0:58,AE #21,High Blood Pressure,AE Term,10/23/2020,,,,X,3,Grade 3 / Severe,3,Probably Related to Study Drug,2,Study Drug stopped,3,"Not Recovered, Event still ongoing",,,,f
101,168246,SE-10100342,Safety Visit,Adverse Event,140,1,10,0,10,Complete,10/23/2020 19:19,10/23/2020 19:19,AE #22,Migraine,,10/23/2020,,,,X,3,Grade 3 / Severe,2,Possibly Related to Study Drug,2,Study Drug stopped,3,"Not Recovered, Event still ongoing",,,,f
101,168893,SE-10100363,Safety Visit,Adverse Event,140,1,10,0,10,Complete,12/9/2020 13:57,12/9/2020 13:57,AE #26,Aneurysm,,,12/9/2020,12/9/2020,12/9/2020,X,4,Grade 4 / Life Threatening,1,Not Related to Study Drug,2,Study Drug stopped,3,"Not Recovered, Event still ongoing",,,,f
201,170108,SE-20100073,Safety Visit,Adverse Event,140,1,10,0,10,Complete,12/9/2020 13:47,12/9/2020 13:47,AE #25,Hypertension,,12/9/2020,,,,X,4,Grade 4 / Life Threatening,1,Not Related to Study Drug,2,Study Drug stopped,3,"Not Recovered, Event still ongoing",,,,f
101,170192,SE-10100366,Safety Visit,Adverse Event,140,1,10,0,5,Data Entered,12/15/2020 19:03,12/15/2020 19:03,AE #28,,,,,,,,,,,,,,,,,,,f
101,172958,SE-10100447,Safety Visit,Adverse Event,140,1,10,0,10,Complete,5/12/2021 19:32,5/12/2021 19:32,AE #29,angina,,2021-05-UNK,5/6/2021,99,Not Available,X,4,Grade 4 / Life Threatening,1,Not Related to Study Drug,4,New Concomitant Medication given,3,"Not Recovered, Event still ongoing",,,,f
101,174431,SE-10100470,Safety Visit,Adverse Event,140,1,10,0,10,Complete,7/8/2021 13:23,7/8/2021 13:23,AE #30,Congestive Heart Failure,,,7/8/2021,,,X,3,Grade 3 / Severe,2,Possibly Related to Study Drug,2,Study Drug stopped,U,Unknown,,,,f
101,174432,SE-10100471,Safety Visit,Adverse Event,140,1,10,0,10,Complete,7/8/2021 14:12,7/8/2021 14:12,AE #31,Stroke,,7/8/2021,7/8/2021,,,X,3,Grade 3 / Severe,2,Possibly Related to Study Drug,2,Study Drug stopped,U,Unknown,,,,f
102,174441,SE-10200190,Safety Visit,Adverse Event,140,1,10,0,10,Complete,7/8/2021 15:43,7/8/2021 15:43,AE #32,pain,,7/8/2021,,,,X,4,Grade 4 / Life Threatening,1,Not Related to Study Drug,N,No action taken,U,Unknown,,,,f
101,131376,SE-10100001,Safety Visit,Adverse Event,140,2,10,0,5,Data Entered,9/24/2020 16:42,9/24/2020 16:42,AE #17,,,,,,,,,,,,,,,,,,,f
201,170108,SE-20100073,Safety Visit,Adverse Event,140,2,10,0,5,Data Entered,12/9/2020 20:58,12/9/2020 20:58,AE #27,,,,,,,,,,,,,,,,,,,f
102,174441,SE-10200190,Safety Visit,Adverse Event,140,2,10,0,10,Complete,7/8/2021 15:48,7/8/2021 15:48,AE #33,Hypertension,,7/8/2021,7/8/2021,,,X,4,Grade 4 / Life Threatening,2,Possibly Related to Study Drug,1,Study Drug dose decreased,U,Unknown,,,,f
