SITENUM,SUBID,SUBNUM,SUBID_ERR,AESTDT,AESTDT_ERR,AEENDT,AESEV,AESEV_ERR,AEACN_ERR,AETMCN_ERR,AETMCN,LLT_NAME,STUDYID
101,131376,SE-10100001, ,2019-01-18, ,2019-02-12,1,C, ,C,Arm Pain,Arm Pain,31693
101,132804,SE-10100009, ,2019-02-08, ,2019-03-05,1,C, ,C,Headache,Headache,31693
101,132808,SE-10100011, ,2018-12-02, ,2019-03-05,3,C, ,C,Chest pain precordial,Chest pain precordial,31693
201,140077,SE-20100010, ,2018-12-02, ,2019-03-05,2,C, ,C,Taste alteration,Taste alteration,31693
201,168056,SE-20100061, ,2018-12-02,C,2019-03-04,1,C, ,C,Headache,Headache,31693
101,131376,SE-10100001, ,2018-09-21, ,2018-11-18,1,C, ,C,Arm Pain,Arm Pain,31693
101,132778,SE-10100004, ,2019-09-18, ,2019-11-18,1,C, ,C,Headache,Headache,31693
101,132804,SE-10100009, ,2019-07-11, ,2019-09-11,3,C, ,C,Congestive heart failure,Congestive heart failure,31693
101,142721,SE-10100050, ,2018-12-02,C,2019-03-04,3,C, ,C,Chest pain precordial,Chest pain precordial,31693
201,168056,SE-20100061, ,2020-10-06, ,2021-02-25,3,C, ,C,Congestive heart failure,Congestive heart failure,31693
102,131499,SE-10200001, ,2018-09-13, ,2019-03-11,3,C, ,C,Chest pain precordial,Chest pain precordial,31693
101,142721,SE-10100050, ,2018-12-02,C,2019-03-05,2,C, ,C,Taste alteration,Taste alteration,31693
102,131499,SE-10200001, ,2018-09-13, ,2019-02-25,3,C, ,C,Congestive heart failure,Congestive heart failure,31693
101,132778,SE-10100004, ,2019-04-10, ,2019-06-12,3,C, ,C,Congestive heart failure,Congestive heart failure,31693
101,132778,SE-10100004, ,2019-09-23, ,2019-09-24,3,C, ,C,Congestive heart failure,Congestive heart failure,31693
101,132778,SE-10100004, ,2019-10-29, ,2019-11-01,3,C, ,C,Chest pain precordial,Chest pain precordial,31693
101,132778,SE-10100004, ,2018-07-09, ,2019-07-06,3,C, ,C,Chest pain precordial,Chest pain precordial,31693
101,132778,SE-10100004, ,2019-05-15, ,2019-12-02,1,C, ,C,Fever,Fever,31693
101,131376,SE-10100001, ,2018-08-17, ,2019-11-15,2,C, ,C,Myalgia,Myalgia,31693
102,131503,SE-10200002, ,2019-05-22, ,2019-12-18,2,C, ,C,Migraine,Migraine,31693
101,131376,SE-10100001, ,2018-12-02,C,2019-05-26,2,C, ,C,Palpitations,Palpitations,31693
201,131501,SE-20100001, ,2018-12-02,C,2019-05-26,2,C, ,C,Migraine,Migraine,31693
