name,Address,Zip_Postal_Code,city,State_Province,country
Los Cauquenes Resort & Spa,"""De la Ermita 3462,""",9410,Ushuaia,Tierra del Fuego,Argentina
Hosteria Del Recodo,"""Calle del Recodo 2361,""",9410,Ushuaia,Tierra del Fuego,Argentina
Campanilla,El Recodo 825,,Ushuaia,Tierra del Fuego,Argentina
Albatros,Av. Maipu 505,9410,Ushuaia,Tierra del Fuego,Argentina
Fueguino,Gobernador Deloqui 1282,1665,Ushuaia,Tierra del Fuego,Argentina
Hotel Rey Don Felipe,"""Armando Sanhueza 965,""",6200729,Punta Arenas,Magallanes And Antartica Chilena Region,Chile
Frai Toluca,Peron 1016 - 9405 El Calafate,,El Calafate,Santa Cruz Province,Argentina
Best Western Townsman Motor Lodge,195 Tay Street,9810,Invercargill,Southland,New Zealand
Balmoral,"""265 Tay Street,""",9810,Invercargill,Southland,New Zealand
Quest Invercargill Serviced Apartments,"""10 Dee Street,Southland""",9810,Invercargill,Southland,New Zealand
Via Rondine,"""Hipolito Irigoyen 797,""",9410,Ushuaia,Tierra del Fuego,Argentina
Los Nires,Av. De Los Nires,3040,Ushuaia,Tierra del Fuego,Argentina
Hosteria Mirabeagle,"""De Los Nires No. 3220,""",9410,Ushuaia,Tierra del Fuego,Argentina
Cumbres del Martial,LUIS F. MARTIAL 3560,9410,Ushuaia,Tierra del Fuego,Argentina
Hotel del Glaciar,Av. Luis Fernando Martial 2355,9410,Ushuaia,Tierra del Fuego,Argentina
Hotel Los Acebos,Luis F. Martial 1911,9410,Ushuaia,Tierra del Fuego,Argentina
Las Hayas,Luis Martial,1650,Ushuaia,Tierra del Fuego,Argentina
Altos,Luis Fernando Martial 1441,9410,Ushuaia,Tierra del Fuego,Argentina
Cabo De Hornos,Plaza Numoz Gamero 1025,1025,Punta Arenas,Magallanes And Antartica Chilena Region,Chile
Best Western Finis Terrae,Av. Colon 766,,Punta Arenas,Magallanes And Antartica Chilena Region,Chile
Comfort Inn Tayesta,343 Tay Street,9810,Invercargill,Southland,New Zealand
Best Western 555 On Bayview,555 Andersons Bay Road,9012,Dunedin,Otago,New Zealand
Wam,Hipolito Yrigoyen 2196,9000,Comodoro Rivadavia,Chubut Province,Argentina
Wains Hotel Dunedin,310 Princes Street,9016,Dunedin,Otago,New Zealand
Abbey Lodge,"""900 Cumberland Street,""",9001,Dunedin,Otago,New Zealand
Cable Court,833 Cumberland Street,9016,Dunedin,Otago,New Zealand
Mercure Leisure Lodge,30 Duke Street,9016,Dunedin,Otago,New Zealand
Aden Motel,57-59 Quintin Drive,9600,Te Anau,Southland,New Zealand
Anchorage Motel,47 Quintin Drive,,Te Anau,Southland,New Zealand
ASURE Amber Court Motel,68 Quintin Drive,,Te Anau,Southland,New Zealand
Diego de Almagro Punta Arenas,Avenida Colon 1290,6200000,Punta Arenas,Magallanes And Antartica Chilena Region,Chile
Los Yamanas,Costa De Los Yamanas,3038,Ushuaia,Tierra del Fuego,Argentina
Plaza,Jose Nogueira 1116,-,Punta Arenas,Magallanes And Antartica Chilena Region,Chile
Las Lengas,Goleta Florencia,1722,Ushuaia,Tierra del Fuego,Argentina
Hosteria Los Hielos,Rene Favaloro 3698,9405,El Calafate,Santa Cruz Province,Argentina
Eolo Lodge,"""Provincial Route 11, km.23""",9405,El Calafate,Santa Cruz Province,Argentina
La Aldea Hotel,"""Av. Guemes, No 95""",9301,El Chalten,Santa Cruz Province,Argentina
Te Anau Lodge,"""52 Howden Street,Te Anau""",9600,Te Anau,Southland,New Zealand
Livingspace,15 Tay Streetinvercargill,9810,Invercargill,Southland,New Zealand
Vatsiker House B&B,23 Wynyard Crescent Queenstown NZ,,Queenstown,Otago,New Zealand
Alpine Motel,"""285 Thames Street,""",9400,Oamaru,Otago,New Zealand
Mercure Resort,Sainsbury Road,50071,Queenstown,Otago,New Zealand
Queenstown Lodge,"""Sainsbury Road,Otago""",9300,Fernhill,Otago,New Zealand
Peppers Beacon,"""33 Lake Esplanade,""",9197,Queenstown,Otago,New Zealand
St Moritz,"""10-18 Brunswick street,""",9348,Queenstown,Otago,New Zealand
Novotel Queenstown Lakeside,Corner Marine Parade And Earl Street,50073,Queenstown,Otago,New Zealand
Heartland Hotel Queenstown,27 Stanley Street,9348,Queenstown,Otago,New Zealand
Crowne Plaza,Beach Street,9300,Queenstown,Otago,New Zealand
DoubleTree by Hilton Hotel Queenstown,Kawarau Village 79 Peninsula Road,9300,Queenstown,Otago,New Zealand
The Rees Hotel & Luxury Apartments,"""377 Frankton Road,""",9300,Queenstown,Otago,New Zealand
Kelvin,"""Cnr Kelvin & Esk Streets,""",9810,Invercargill,Southland,New Zealand
Copthorne Hotel Christchurch Durham Street,Corner Durham & Kilmore Streets,8013,Christchurch,Canterbury,New Zealand
ASURE Evergreen Motel,217 North Road,,Invercargill,Southland,New Zealand
Scenic Hotel Franz Josef Glacier,"""36 Main Road, PO Box 47""",7856,Franz Josef Glacier,West Coast,New Zealand
Lucania Palazzo Hotel,Moreno 676,9000,Comodoro Rivadavia,Chubut Province,Argentina
The Lodge On Elizabeth,"""249 Elizabeth Street,Tasmania""",7000,Hobart,Tasmania,Australia
Deacons Court,342 High Street,9016,Dunedin,Otago,New Zealand
Fountainside,40 Brooker Avenue,7000,Hobart,Tasmania,Australia
Scenic Hotel Dunedin City,Corner Of Princes And Dowling Streets,9054,Dunedin,Otago,New Zealand
Comfort Inn Riverfront,897 Brooker Highway,7011,Hobart,Tasmania,Australia
Goldridge,"""594 Frankton Road,""",9384,Queenstown,Otago,New Zealand
Millennium Hotel Queenstown,32 Frankton Road,9300,Queenstown,Otago,New Zealand
Copthorne Hotel and Apartments Queenstown Lakeview,88 Frankton Road,9300,Queenstown,Otago,New Zealand
ASURE Queenstown Gateway Apartments,1066 Frankton Road,,Queenstown,Otago,New Zealand
Holiday Inn Queenstown Frankton Road,"""594 Frankton Rd, Queenstown""",9348,Queenstown,Otago,New Zealand
"""Distinction Queenstown, Nugget Point Boutique Hotel & Spa""","""146 Arthurs Point Road, Arthurs Point""",9371,Queenstown,Otago,New Zealand
Shotover Lodge,157 Arthurs Point Road,9300,Queenstown,Otago,New Zealand
Millbrook,"""Malaghans Road,""",9371,Queenstown,Otago,New Zealand
Ramada Resort Wanaka,109 Mount Aspiring Road Lake Wanaka Otago,9305,Wanaka,,New Zealand
Wanaka Hotel,71 Ardmore Street,9305,Wanaka,Otago,New Zealand
Alhambra Oaks Motor Lodge,588 Great King Street,,Dunedin,Otago,New Zealand
Econo Lodge Alcala,704 George Street,9016,Dunedin,Otago,New Zealand
Bella Vista Dunedin Motel,704 Great King St North,,Dunedin,Otago,New Zealand
Kingsgate,115 Thames Street,9400,Oamaru,Otago,New Zealand
Azur,23 Mackinnon Terrace,9300,Queenstown,Otago,New Zealand
Sherwood Manor,Frankton Road,9300,Queenstown,Otago,New Zealand
Oaks Club Resorts,"""171-179 Frankton Road,""",9197,Queenstown,Otago,New Zealand
The Spire Hotel,3-5 Church Lane,9197,Queenstown,Otago,New Zealand
Nomads Queenstown,"""5-11 Church Street,""",9300,Queenstown,Otago,New Zealand
Scenic Suites Queenstown,27 Stanley Street,9348,Queenstown,Otago,New Zealand
Comfort Hotel Benvenue,Sh 1 / 16-22 Evans Street,7910,Timaru,Canterbury,New Zealand
Ashburton,"""11-35, Racecourse Rd, Canterbury""",7700,Ashburton,Canterbury,New Zealand
Ramada Suites Christchurch City,264-266 Tuam Street,,Christchurch,Canterbury,New Zealand
ASURE Bush Inn Court Motel,45 Main South Road,,Christchurch,Canterbury,New Zealand
Oaks On Cashel,187 CASHEL ROAD,8001,Christchurch,Canterbury,New Zealand
BreakFree on Cashel,"""165 Cashel Street, South Island""",8011,Christchurch,Canterbury,New Zealand
Heritage,"""28 Cathedral Square,Canterbury""",8011,Christchurch,Canterbury,New Zealand
Base Christchurch,"""56 Cathedral Square, Canterbury""",8011,Christchurch,Canterbury,New Zealand
Hotel 115,115 Worchester Street,8011,Christchurch,Canterbury,New Zealand
Novotel Christchurch Cathedral Square,"""52 Cathedral Square,""",8011,Christchurch,Canterbury,New Zealand
Oaks Shores,"""327-343 Frankton Road,""",9300,Queenstown,Otago,New Zealand
Hilton Queenstown Resort and Spa,"""Kawarau Village, 79 Peninsula Road""",9300,Queenstown,Otago,New Zealand
Queenstown Park Boutique Hotel,21 ROBINS ROAD,,Queenstown,Otago,New Zealand
Aspen,139 Fernhill Road,9197,Queenstown,Otago,New Zealand
Heritage,"""91 Fernhill Road,""",9300,Queenstown,Otago,New Zealand
Coronet Peak,161 Arthurs Point Road,9371,Queenstown,Otago,New Zealand
Swiss-Belresort Coronet Peak,161 Arthurs Point Rd,,Queenstown,Otago,New Zealand
Blanket Bay,"""PO Box 35, Glenorchy""",9350,Queenstown,Otago,New Zealand
Maple Lodge,Halliday Rd,9382,Wanaka,Otago,New Zealand
River Run,86 Halliday Road.,9382,Wanaka,Otago,New Zealand
Rendezvous Hotel Christchurch,166 Gloucester Street,8011,Christchurch,Canterbury,New Zealand
Argyle on the Park,145 Deans Avenue,8004,Christchurch,Canterbury,New Zealand
Chateau on the Park,189 Deans Avenue,8011,Christchurch,Canterbury,New Zealand
CentrePoint Colombo,859 Colombo St,,Christchurch,Canterbury,New Zealand
Aotea,302 Bealey Avenue,8013,Christchurch,Canterbury,New Zealand
Bealeys,263 Bealey Avenue,8013,Christchurch,Canterbury,New Zealand
Home Lea Bed & Breakfast,195 Bealey Avenue,8013,Christchurch,Canterbury,New Zealand
Country Comfort Belmont Motor Inn,172 Bealey Ave,,Christchurch,Canterbury,New Zealand
All Seasons,"""72 Papanui Road Merivale,Canterbury""",8014,Christchurch,Canterbury,New Zealand
