{"metadata":{"asset_id":"7f8bfe9d-82c8-4a0e-a1fa-a7400be58cbe","asset_type":"connection","creator_id":"1000331005"},"entity":{"datasource_type":"8c1a4480-1c29-4b33-9086-9cb799d7b157","name":"Db2 main","origin_country":"us","properties":{"database":"bludb","password":"Bmx4QgKNM1G8zvQm","username_password_security":"default","port":"30063","host":"243cb7aa-7f75-44f9-a0f6-39728f216a94.bv7e8rbf0shslbo0krsg.databases.appdomain.cloud","username_password_encryption":"default","ssl":"true","username":"d3194588"}}}