{"metadata":{"asset_id":"e77e25f4-eb5c-4038-841c-5bf969fc1b1b","asset_type":"connection","creator_id":"icp4d-dev"},"entity":{"datasource_type":"81bafdbd-b7c6-45c5-a4fd-6ec135f66f4e","description":"Asset Files for Data Profile summary","name":"431cb831-11bc-48b1-9482-8725b846d20c","origin_country":"us","properties":{"access_token":"aWNwNGQtZGV2OnRiemZxaWRCb3NhYWw=","trust_all_ssl_cert":"false","project_id":"f916f01f-254f-45ab-8880-c0ef992b7e0b","gateway_url":"https://internal-nginx-svc.cpd-instance.svc:12443","token_type":"basic","icp4d_url":"https://internal-nginx-svc.cpd-instance.svc:12443"}}}