{"metadata":{"asset_id":"2ef66be1-02c4-493d-9a2a-2a8a65613cfa","asset_type":"connection","creator_id":"icp4d-dev"},"entity":{"datasource_type":"81bafdbd-b7c6-45c5-a4fd-6ec135f66f4e","description":"Asset Files for Data Profile summary","name":"f7f4f891-0530-4b25-aefb-6ad88e848d13","origin_country":"us","properties":{"access_token":"aWNwNGQtZGV2OnRiemZxaWRCb3NhYWw=","trust_all_ssl_cert":"false","project_id":"f916f01f-254f-45ab-8880-c0ef992b7e0b","gateway_url":"https://internal-nginx-svc.cpd-instance.svc:12443","token_type":"basic","icp4d_url":"https://internal-nginx-svc.cpd-instance.svc:12443"}}}