{"metadata":{"asset_id":"ab3e4292-4a65-4ab4-8797-34dc3ea804d5","asset_attributes":["job"],"name":"Michael S MDE","asset_type":"job","created_at":"2022-11-21T15:55:01Z","origin_country":"us","owner_id":"1000331005","project_id":"f916f01f-254f-45ab-8880-c0ef992b7e0b","size":0,"usage":{"last_update_time":1669046102185,"last_updated_at":"2022-11-21T15:55:02Z"}},"entity":{"job":{"asset_ref_type":"metadata_enrichment_area","configuration":{"env_type":"","env_variables":[]},"schedule_info":{},"last_run_initiator":"None","last_run_time":"","last_run_status":"None","last_run_status_timestamp":0,"future_scheduled_runs":[],"enable_notifications":true,"project_name":"Metadata import and enrichment","asset_ref":"c6afd3cf-3314-410a-bf32-62363778a072","schedule_id":"","schedule_creator_id":""}}}