{"metadata":{"asset_id":"ad9893b9-0a9c-4c9f-9dd2-848e162e0608","asset_attributes":["job"],"name":"MDE - FSS_publish_job","asset_type":"job","created_at":"2022-11-21T15:23:26Z","origin_country":"us","owner_id":"1000331005","project_id":"f916f01f-254f-45ab-8880-c0ef992b7e0b","size":0,"usage":{"last_update_time":1669044206013,"last_updated_at":"2022-11-21T15:23:26Z"}},"entity":{"job":{"asset_ref_type":"metadata_enrichment_area_publish","configuration":{"metadata_enrichment_area_id":"cfe37fe8-b423-459d-b367-b7040ddd1350","env_type":"metadata_enrichment_area_publish","env_variables":[]},"last_run_initiator":"None","last_run_time":"","last_run_status":"None","last_run_status_timestamp":0,"future_scheduled_runs":[],"enable_notifications":true,"project_name":"Metadata import and enrichment","schedule_id":"","schedule_creator_id":""}}}