{"metadata":{"asset_id":"a51b4f28-3126-42a5-b7ae-cd9e7c9c951c","asset_attributes":["job"],"name":"demo 1","asset_type":"job","created_at":"2022-12-21T10:54:30Z","origin_country":"us","owner_id":"1000331002","project_id":"f916f01f-254f-45ab-8880-c0ef992b7e0b","size":0,"usage":{"last_update_time":1671620070782,"last_updated_at":"2022-12-21T10:54:30Z"}},"entity":{"job":{"asset_ref_type":"metadata_enrichment_area","configuration":{"env_type":"","env_variables":[]},"schedule_info":{},"last_run_initiator":"None","last_run_time":"","last_run_status":"None","last_run_status_timestamp":0,"future_scheduled_runs":[],"enable_notifications":true,"project_name":"Metadata import and enrichment","asset_ref":"e2e70c1c-4ed4-4015-ba42-77b2058a7ff7","schedule_id":"","schedule_creator_id":""}}}