{"metadata":{"asset_id":"2070d898-4adb-4cf3-a0e0-53bfd64290f7","asset_attributes":["job"],"name":"ERwin import job","asset_type":"job","created_at":"2022-11-28T12:27:59Z","description":"","origin_country":"us","owner_id":"1000331002","project_id":"f916f01f-254f-45ab-8880-c0ef992b7e0b","size":0,"usage":{"last_update_time":1669638479481,"last_updated_at":"2022-11-28T12:27:59Z"}},"entity":{"job":{"asset_ref_type":"metadata_import","configuration":{"env_type":"","env_variables":[]},"last_run_initiator":"None","last_run_time":"","last_run_status":"None","last_run_status_timestamp":0,"future_scheduled_runs":[],"enable_notifications":true,"project_name":"Metadata import and enrichment","asset_ref":"8748e043-b8c2-44d7-b949-4d8af4d15504","schedule_id":"","schedule_creator_id":""}}}