{"metadata":{"asset_id":"b1f93fdb-1a5f-472f-941a-f4c4ca3a10fa","asset_attributes":["job_run"],"name":"job run","asset_type":"job_run","created_at":"2022-11-21T13:48:08Z","origin_country":"us","owner_id":"1000331005","project_id":"f916f01f-254f-45ab-8880-c0ef992b7e0b","size":0,"usage":{"last_update_time":1669038515678,"last_updated_at":"2022-11-21T13:48:35Z"}},"entity":{"job_run":{"job_ref":"4175acd0-ad3f-4368-b36d-2ba3fd1c04d9","job_name":"MDI - customer data job","job_type":"metadata_import","state":"Completed","isScheduledRun":false,"configuration":{"env_type":"","env_variables":[],"discovery":{"metadata":{"id":"d7a7faf6-12e2-4e20-b8b0-d6282db525d8","invoked_by":"1000331005","bss_account_id":"999","created_at":1669038491881,"started_at":1669038493861,"discovered_at":1669038502151,"processed_at":1669038507327,"finished_at":1669038512560},"entity":{"statistics":{"discovered":10,"discovered_with_children":10,"submit_succ":10,"create_succ":10,"create_succ_with_children":10},"status":"COMPLETED","connection_id":"e76475d1-c557-48c0-87cc-331b3c199cae","catalog_id":"29f4950e-83ea-4d6f-b9e5-e9ab6a070193","target_catalog_id":"29f4950e-83ea-4d6f-b9e5-e9ab6a070193","project_id":"f916f01f-254f-45ab-8880-c0ef992b7e0b","job_id":"4175acd0-ad3f-4368-b36d-2ba3fd1c04d9","job_run_id":"b1f93fdb-1a5f-472f-941a-f4c4ca3a10fa","metadata_import_id":"565fb6fa-6762-474d-a97a-1f1931c92abf","import_type":"metadata","scope":{"paths":["/DEMOS","/CUSTOMER"]},"extra_properties":{"auto_profiling":"true"}}}},"project_name":"Metadata import and enrichment","runtime_job_id":"d7a7faf6-12e2-4e20-b8b0-d6282db525d8","last_state_change_timestamp":"2022-11-21T13:48:35Z","duration":19}},"attachments":[{"id":"e9611e6e-1649-4a2b-9945-7a41c41ec4c2","version":2,"asset_type":"job_run","name":"b1f93fdb-1a5f-472f-941a-f4c4ca3a10fa","description":"log for job run b1f93fdb-1a5f-472f-941a-f4c4ca3a10fa","mime":"application/json","datasource_type":"81bafdbd-b7c6-45c5-a4fd-6ec135f66f4e","object_key":"job_run/log/b1f93fdb-1a5f-472f-941a-f4c4ca3a10fa","creator_id":"icp4d-dev","create_time":1669038515506,"size":0,"is_remote":false,"is_managed":false,"is_referenced":true,"is_object_key_read_only":false,"is_user_provided_path_key":true,"transfer_complete":true,"is_partitioned":true,"complete_time_ticks":1669038515506,"user_data":{},"test_doc":0,"handle":{"key":"job_run/log/b1f93fdb-1a5f-472f-941a-f4c4ca3a10fa","upload_id":"done","max_part_num":1},"usage":{"access_count":0,"last_accessor_id":"icp4d-dev","last_access_time":1669038515506}}]}