{"metadata":{"asset_id":"4374c24a-a389-4450-9a0c-086be050abe3","asset_attributes":["job_run"],"name":"job run","asset_type":"job_run","created_at":"2022-11-21T15:55:02Z","origin_country":"us","owner_id":"1000331005","project_id":"f916f01f-254f-45ab-8880-c0ef992b7e0b","size":533,"usage":{"last_update_time":1669046270441,"last_updated_at":"2022-11-21T15:57:50Z"}},"entity":{"job_run":{"job_ref":"ab3e4292-4a65-4ab4-8797-34dc3ea804d5","job_name":"Michael S MDE","job_type":"metadata_enrichment_area","state":"Completed","isScheduledRun":false,"configuration":{"env_type":"","env_variables":[]},"project_name":"Metadata import and enrichment","last_state_change_timestamp":"2022-11-21T15:57:50Z","duration":166}},"attachments":[{"id":"e3cdcfb0-fe5d-4b4c-afc2-9994a78728d1","version":2,"asset_type":"job_run","name":"jobRunLog_c41dbd78-f72c-42e6-bdaf-b74c7355e206","mime":"text/plain","datasource_type":"81bafdbd-b7c6-45c5-a4fd-6ec135f66f4e","object_key":"mdesm/jobRunLog_c41dbd78-f72c-42e6-bdaf-b74c7355e206.txt","creator_id":"icp4d-dev","create_time":1669046269717,"size":533,"is_remote":false,"is_managed":false,"is_referenced":true,"is_object_key_read_only":false,"is_user_provided_path_key":true,"transfer_complete":true,"is_partitioned":false,"complete_time_ticks":1669046269717,"user_data":{},"test_doc":0,"handle":{"key":"mdesm/jobRunLog_c41dbd78-f72c-42e6-bdaf-b74c7355e206.txt","upload_id":"done","max_part_num":1},"usage":{"access_count":0,"last_accessor_id":"icp4d-dev","last_access_time":1669046269717}},{"id":"b79ceb62-bf39-469d-95a6-3f83d46d9cfa","version":2,"asset_type":"job_run","name":"4374c24a-a389-4450-9a0c-086be050abe3","description":"log for job run 4374c24a-a389-4450-9a0c-086be050abe3","mime":"application/json","datasource_type":"81bafdbd-b7c6-45c5-a4fd-6ec135f66f4e","object_key":"mdesm/jobRunLog_c41dbd78-f72c-42e6-bdaf-b74c7355e206.txt","creator_id":"icp4d-dev","create_time":1669046270325,"size":0,"is_remote":false,"is_managed":false,"is_referenced":true,"is_object_key_read_only":false,"is_user_provided_path_key":true,"transfer_complete":true,"is_partitioned":true,"complete_time_ticks":1669046270325,"user_data":{},"test_doc":0,"handle":{"key":"mdesm/jobRunLog_c41dbd78-f72c-42e6-bdaf-b74c7355e206.txt","upload_id":"done","max_part_num":1},"usage":{"access_count":0,"last_accessor_id":"icp4d-dev","last_access_time":1669046270325}}]}