{"metadata":{"asset_id":"9fa3e0f5-4b53-4cf9-af1d-9b1cc2785dbf","asset_attributes":["job_run"],"name":"job run","asset_type":"job_run","created_at":"2022-11-21T13:51:28Z","origin_country":"us","owner_id":"1000331005","project_id":"f916f01f-254f-45ab-8880-c0ef992b7e0b","size":0,"usage":{"last_update_time":1669038705302,"last_updated_at":"2022-11-21T13:51:45Z"}},"entity":{"job_run":{"job_ref":"d67a86ba-43a4-4748-bde1-e55b63ba47d6","job_name":"MDE  - customer data","job_type":"metadata_enrichment_area","state":"Completed","isScheduledRun":false,"configuration":{"env_type":"","env_variables":[]},"project_name":"Metadata import and enrichment","last_state_change_timestamp":"2022-11-21T13:51:44Z","duration":15}},"attachments":[{"id":"5802c25f-0474-444d-98e8-c87c130b4c63","version":2,"asset_type":"job_run","name":"9fa3e0f5-4b53-4cf9-af1d-9b1cc2785dbf","description":"log for job run 9fa3e0f5-4b53-4cf9-af1d-9b1cc2785dbf","mime":"application/json","datasource_type":"81bafdbd-b7c6-45c5-a4fd-6ec135f66f4e","object_key":"job_run/log/9fa3e0f5-4b53-4cf9-af1d-9b1cc2785dbf","creator_id":"icp4d-dev","create_time":1669038705084,"size":0,"is_remote":false,"is_managed":false,"is_referenced":true,"is_object_key_read_only":false,"is_user_provided_path_key":true,"transfer_complete":true,"is_partitioned":true,"complete_time_ticks":1669038705084,"user_data":{},"test_doc":0,"handle":{"key":"job_run/log/9fa3e0f5-4b53-4cf9-af1d-9b1cc2785dbf","upload_id":"done","max_part_num":1},"usage":{"access_count":0,"last_accessor_id":"icp4d-dev","last_access_time":1669038705084}}]}