{"metadata":{"asset_id":"ec1fd301-efeb-4cfd-873a-512feb09178d","asset_attributes":["job_run"],"name":"job run","asset_type":"job_run","created_at":"2022-11-21T13:58:36Z","origin_country":"us","owner_id":"1000331005","project_id":"f916f01f-254f-45ab-8880-c0ef992b7e0b","size":0,"usage":{"last_update_time":1669039130509,"last_updated_at":"2022-11-21T13:58:50Z"}},"entity":{"job_run":{"job_ref":"cfd9789d-36bb-49ea-ade8-94335847ad96","job_name":"MDI - customer data 1 job","job_type":"metadata_import","state":"Completed","isScheduledRun":false,"configuration":{"env_type":"","env_variables":[],"discovery":{"metadata":{"id":"cb5caac5-4131-487c-b33c-e9ed2177ea45","invoked_by":"1000331005","bss_account_id":"999","created_at":1669039117569,"started_at":1669039118209,"discovered_at":1669039128174,"processed_at":1669039128174,"finished_at":1669039128174},"entity":{"statistics":{"discovered":10,"discovered_with_children":10,"submit_succ":10,"create_succ":10,"create_succ_with_children":10},"status":"COMPLETED","connection_id":"e76475d1-c557-48c0-87cc-331b3c199cae","catalog_id":"29f4950e-83ea-4d6f-b9e5-e9ab6a070193","target_catalog_id":"29f4950e-83ea-4d6f-b9e5-e9ab6a070193","project_id":"f916f01f-254f-45ab-8880-c0ef992b7e0b","job_id":"cfd9789d-36bb-49ea-ade8-94335847ad96","job_run_id":"ec1fd301-efeb-4cfd-873a-512feb09178d","metadata_import_id":"8874d99e-80f7-469e-b761-900fead422fc","import_type":"metadata","scope":{"paths":["/CUSTOMER","/DEMOS"]},"extra_properties":{"auto_profiling":"true"}}}},"project_name":"Metadata import and enrichment","runtime_job_id":"cb5caac5-4131-487c-b33c-e9ed2177ea45","last_state_change_timestamp":"2022-11-21T13:58:50Z","duration":11}},"attachments":[{"id":"7aaec7de-647d-4308-ab31-9ea1e03699b8","version":2,"asset_type":"job_run","name":"ec1fd301-efeb-4cfd-873a-512feb09178d","description":"log for job run ec1fd301-efeb-4cfd-873a-512feb09178d","mime":"application/json","datasource_type":"81bafdbd-b7c6-45c5-a4fd-6ec135f66f4e","object_key":"job_run/log/ec1fd301-efeb-4cfd-873a-512feb09178d","creator_id":"icp4d-dev","create_time":1669039130315,"size":0,"is_remote":false,"is_managed":false,"is_referenced":true,"is_object_key_read_only":false,"is_user_provided_path_key":true,"transfer_complete":true,"is_partitioned":true,"complete_time_ticks":1669039130315,"user_data":{},"test_doc":0,"handle":{"key":"job_run/log/ec1fd301-efeb-4cfd-873a-512feb09178d","upload_id":"done","max_part_num":1},"usage":{"access_count":0,"last_accessor_id":"icp4d-dev","last_access_time":1669039130315}}]}