{"metadata":{"asset_id":"c7d9884b-22a8-4115-a14e-45a3f1f6750a","asset_attributes":["job_run"],"name":"job run","asset_type":"job_run","created_at":"2022-11-28T12:28:05Z","origin_country":"us","owner_id":"1000331002","project_id":"f916f01f-254f-45ab-8880-c0ef992b7e0b","size":0,"usage":{"last_update_time":1669639114788,"last_updated_at":"2022-11-28T12:38:34Z"}},"entity":{"job_run":{"job_ref":"2070d898-4adb-4cf3-a0e0-53bfd64290f7","job_name":"ERwin import job","job_type":"metadata_import","state":"Completed","isScheduledRun":false,"configuration":{"env_type":"","env_variables":[],"discovery":{"metadata":{"id":"74ae37e7-ef55-4737-9d54-e72dd6dd1256","invoked_by":"1000331002","bss_account_id":"999","created_at":1669638670793,"started_at":1669638485424,"discovered_at":1669638674043,"processed_at":1669639112230,"finished_at":1669639112230},"entity":{"statistics":{"discovered":1,"discovered_with_children":166,"submit_succ":1,"create_succ":1,"create_succ_with_children":166},"status":"COMPLETED","connection_id":"aaaaaaaa-bbbb-cccc-dddd-eeeeeeeeeeee","catalog_id":"29f4950e-83ea-4d6f-b9e5-e9ab6a070193","file_list":[{"asset_id":"a28486e7-baff-4c47-811a-3b75b1172f65","technology":"Erwin"}],"target_catalog_id":"29f4950e-83ea-4d6f-b9e5-e9ab6a070193","project_id":"f916f01f-254f-45ab-8880-c0ef992b7e0b","job_id":"2070d898-4adb-4cf3-a0e0-53bfd64290f7","job_run_id":"c7d9884b-22a8-4115-a14e-45a3f1f6750a","metadata_import_id":"8748e043-b8c2-44d7-b949-4d8af4d15504","extra_properties":{"workflow_executionid":"42","auto_profiling":"true"}}}},"project_name":"Metadata import and enrichment","last_state_change_timestamp":"2022-11-28T12:38:34Z","runtime_job_id":"74ae37e7-ef55-4737-9d54-e72dd6dd1256","duration":628}},"attachments":[{"id":"95d5d009-44a6-4306-a8fa-fd95523a4709","version":2,"asset_type":"job_run","name":"c7d9884b-22a8-4115-a14e-45a3f1f6750a","description":"log for job run c7d9884b-22a8-4115-a14e-45a3f1f6750a","mime":"application/json","datasource_type":"81bafdbd-b7c6-45c5-a4fd-6ec135f66f4e","object_key":"job_run/log/c7d9884b-22a8-4115-a14e-45a3f1f6750a","creator_id":"icp4d-dev","create_time":1669639114496,"size":0,"is_remote":false,"is_managed":false,"is_referenced":true,"is_object_key_read_only":false,"is_user_provided_path_key":true,"transfer_complete":true,"is_partitioned":true,"complete_time_ticks":1669639114496,"user_data":{},"test_doc":0,"handle":{"key":"job_run/log/c7d9884b-22a8-4115-a14e-45a3f1f6750a","upload_id":"done","max_part_num":1},"usage":{"access_count":0,"last_accessor_id":"icp4d-dev","last_access_time":1669639114496}}]}