{"metadata":{"asset_id":"06884c7d-70c2-4cf6-bfba-d487e31e189f","asset_attributes":["job_run"],"name":"job run","asset_type":"job_run","created_at":"2022-11-21T15:15:44Z","origin_country":"us","owner_id":"1000331005","project_id":"f916f01f-254f-45ab-8880-c0ef992b7e0b","size":530,"usage":{"last_update_time":1669043865340,"last_updated_at":"2022-11-21T15:17:45Z"}},"entity":{"job_run":{"job_ref":"f228589c-bc1a-4859-bc17-f13e5ba39f5c","job_name":"MDE - FSS","job_type":"metadata_enrichment_area","state":"Completed","isScheduledRun":false,"configuration":{"env_type":"","env_variables":[]},"project_name":"Metadata import and enrichment","last_state_change_timestamp":"2022-11-21T15:17:45Z","duration":120}},"attachments":[{"id":"d94e6482-b8d7-474f-8b9b-8224ca14c806","version":2,"asset_type":"job_run","name":"jobRunLog_404ec0a4-f2be-467b-bdec-587a2dfd23df","mime":"text/plain","datasource_type":"81bafdbd-b7c6-45c5-a4fd-6ec135f66f4e","object_key":"mdesm/jobRunLog_404ec0a4-f2be-467b-bdec-587a2dfd23df.txt","creator_id":"icp4d-dev","create_time":1669043864928,"size":530,"is_remote":false,"is_managed":false,"is_referenced":true,"is_object_key_read_only":false,"is_user_provided_path_key":true,"transfer_complete":true,"is_partitioned":false,"complete_time_ticks":1669043864928,"user_data":{},"test_doc":0,"handle":{"key":"mdesm/jobRunLog_404ec0a4-f2be-467b-bdec-587a2dfd23df.txt","upload_id":"done","max_part_num":1},"usage":{"access_count":0,"last_accessor_id":"icp4d-dev","last_access_time":1669043864928}},{"id":"34f1b848-4229-4e80-8561-b5b52de99af7","version":2,"asset_type":"job_run","name":"06884c7d-70c2-4cf6-bfba-d487e31e189f","description":"log for job run 06884c7d-70c2-4cf6-bfba-d487e31e189f","mime":"application/json","datasource_type":"81bafdbd-b7c6-45c5-a4fd-6ec135f66f4e","object_key":"mdesm/jobRunLog_404ec0a4-f2be-467b-bdec-587a2dfd23df.txt","creator_id":"icp4d-dev","create_time":1669043865264,"size":0,"is_remote":false,"is_managed":false,"is_referenced":true,"is_object_key_read_only":false,"is_user_provided_path_key":true,"transfer_complete":true,"is_partitioned":true,"complete_time_ticks":1669043865264,"user_data":{},"test_doc":0,"handle":{"key":"mdesm/jobRunLog_404ec0a4-f2be-467b-bdec-587a2dfd23df.txt","upload_id":"done","max_part_num":1},"usage":{"access_count":0,"last_accessor_id":"icp4d-dev","last_access_time":1669043865264}}]}