{"metadata":{"asset_id":"c7d6cd47-f084-49af-b1a4-5fb9fda3e9cf","asset_attributes":["job_run"],"name":"job run","asset_type":"job_run","created_at":"2022-11-21T13:52:41Z","origin_country":"us","owner_id":"1000331005","project_id":"f916f01f-254f-45ab-8880-c0ef992b7e0b","size":0,"usage":{"last_update_time":1669038777216,"last_updated_at":"2022-11-21T13:52:57Z"}},"entity":{"job_run":{"job_ref":"d67a86ba-43a4-4748-bde1-e55b63ba47d6","job_name":"MDE  - customer data","job_type":"metadata_enrichment_area","state":"Completed","isScheduledRun":false,"configuration":{"env_type":"","env_variables":[]},"project_name":"Metadata import and enrichment","last_state_change_timestamp":"2022-11-21T13:52:56Z","duration":15}},"attachments":[{"id":"fb57c972-cb22-45fe-bd55-0f37cc949e76","version":2,"asset_type":"job_run","name":"c7d6cd47-f084-49af-b1a4-5fb9fda3e9cf","description":"log for job run c7d6cd47-f084-49af-b1a4-5fb9fda3e9cf","mime":"application/json","datasource_type":"81bafdbd-b7c6-45c5-a4fd-6ec135f66f4e","object_key":"job_run/log/c7d6cd47-f084-49af-b1a4-5fb9fda3e9cf","creator_id":"icp4d-dev","create_time":1669038777113,"size":0,"is_remote":false,"is_managed":false,"is_referenced":true,"is_object_key_read_only":false,"is_user_provided_path_key":true,"transfer_complete":true,"is_partitioned":true,"complete_time_ticks":1669038777113,"user_data":{},"test_doc":0,"handle":{"key":"job_run/log/c7d6cd47-f084-49af-b1a4-5fb9fda3e9cf","upload_id":"done","max_part_num":1},"usage":{"access_count":0,"last_accessor_id":"icp4d-dev","last_access_time":1669038777113}}]}