{"metadata":{"asset_id":"a2d2c2bd-d329-4307-bc65-c8841bf3f2bb","asset_type":"metadata_import","creator_id":"1000331002","created_at":"1671619873802","project_id":"f916f01f-254f-45ab-8880-c0ef992b7e0b","usage":{"last_updated_at":"2022-12-21T10:54:31Z","last_updater_id":"icp4d-dev","last_update_time":1671620071284,"last_accessed_at":"2022-12-21T10:54:31Z","last_access_time":1671620071284,"last_accessor_id":"icp4d-dev","access_count":0}},"entity":{"name":"demo 1","import_type":"metadata","connection_id":"7f8bfe9d-82c8-4a0e-a1fa-a7400be58cbe","target_project_id":"f916f01f-254f-45ab-8880-c0ef992b7e0b","job_id":"978e30e8-997a-4bd9-99a8-6098a92e20f1","scope":{"paths":["/CUSTOMER"]},"datasource_type":"database","last_run_started":1671619878078,"last_run_completed":1671619889740,"number_of_runs":1,"version":4,"number_of_new_assets":0,"number_of_updated_assets":0,"number_of_removed_assets":0,"mde_enabled":true}}