{"metadata":{"asset_id":"c6afd3cf-3314-410a-bf32-62363778a072","asset_attributes":["metadata_enrichment_area"],"name":"Michael S MDE","asset_type":"metadata_enrichment_area","created_at":"2022-11-21T15:55:00Z","description":"","origin_country":"us","owner_id":"1000331005","project_id":"f916f01f-254f-45ab-8880-c0ef992b7e0b","size":0,"tags":[],"usage":{"last_update_time":1669046104961,"last_updated_at":"2022-11-21T15:55:04Z"}},"entity":{"metadata_enrichment_area":{"description":"","name":"Michael S MDE","job":{"name":"Michael S MDE","id":"ab3e4292-4a65-4ab4-8797-34dc3ea804d5"},"objective":{"enrichment_options":{"structured":{"profile":true,"assign_terms":true,"analyze_quality":true}},"governance_scope":[{"type":"CATEGORY","id":"4b99f83d-e593-476b-9929-18a9ad4fb0fe"},{"type":"CATEGORY","id":"7b825f48-6deb-487a-9b2b-7594da652e5a"},{"type":"CATEGORY","id":"07dd503a-e3ac-4467-ae5a-2951c9882648"},{"type":"CATEGORY","id":"7d13f71a-2054-410b-ac4a-81dd01ba6193"},{"type":"CATEGORY","id":"a3492b94-a65f-449f-8fee-a8303fdd3770"},{"type":"CATEGORY","id":"d61ccc34-223c-4878-a6a2-861976033a6c"},{"type":"CATEGORY","id":"96fe08ac-db51-4eea-bb49-e668f7fc03f6"},{"type":"CATEGORY","id":"c72bbf40-142a-4277-be84-9f0625d405cb"},{"type":"CATEGORY","id":"ff9a8719-d204-4800-80d8-f2ce8a418f2e"},{"type":"CATEGORY","id":"2a8f72d5-17fa-4018-bf91-d83ded88669c"},{"type":"CATEGORY","id":"47f3dc8d-6e02-447e-8765-5b2f1ff3fb31"},{"type":"CATEGORY","id":"73caf758-4893-4392-9696-17bcd3610077"},{"type":"CATEGORY","id":"a93a73fb-0048-41d2-a2a9-0a8f59576a06"},{"type":"CATEGORY","id":"767abc69-ae13-4b2b-a64c-c88dc1eac844"},{"type":"CATEGORY","id":"0a785fe4-0746-4947-b392-138a7bc8d072"},{"type":"CATEGORY","id":"eebd338d-dbd5-37e4-9e4a-1296de82963a"},{"type":"CATEGORY","id":"e39ada11-8338-3704-90e3-681a71e7c839"}],"sampling":{"structured":{"method":"TOP","sample_size":{"name":"BASIC","options":{"row_number":1000,"classify_value_number":100}}}},"datascope_of_reruns":"ALL"},"status":"READY"}},"attachments":[]}