{"metadata":{"asset_id":"8748e043-b8c2-44d7-b949-4d8af4d15504","asset_type":"metadata_import","creator_id":"1000331002","created_at":"1669638467065","project_id":"f916f01f-254f-45ab-8880-c0ef992b7e0b","usage":{"last_updated_at":"2022-11-28T12:38:36Z","last_updater_id":"icp4d-dev","last_update_time":1669639116893,"last_accessed_at":"2022-11-28T12:38:36Z","last_access_time":1669639116893,"last_accessor_id":"icp4d-dev","access_count":0}},"entity":{"name":"ERwin import","import_type":"metadata","file_list":[{"asset_id":"a28486e7-baff-4c47-811a-3b75b1172f65","technology":"Erwin"}],"target_catalog_id":"29f4950e-83ea-4d6f-b9e5-e9ab6a070193","job_id":"2070d898-4adb-4cf3-a0e0-53bfd64290f7","last_run_started":1669638485580,"last_run_completed":1669639115823,"number_of_runs":1,"version":4,"importflow_name":"8748e043-b8c2-44d7-b949-4d8af4d15504_metadata_Workflow","importflow_executionid":"42","number_of_new_assets":166,"number_of_updated_assets":0,"number_of_removed_assets":0,"mde_enabled":true}}