{"metadata":{"asset_id":"abc52082-8e74-4cc4-8ac1-40b0deed2906","asset_type":"metadata_import","creator_id":"1000331005","created_at":"1669114970593","project_id":"f916f01f-254f-45ab-8880-c0ef992b7e0b","usage":{"last_updated_at":"2022-11-22T11:06:43Z","last_updater_id":"icp4d-dev","last_update_time":1669115203978,"last_accessed_at":"2022-11-22T11:06:43Z","last_access_time":1669115203978,"last_accessor_id":"icp4d-dev","access_count":0}},"entity":{"name":"mdi-test","import_type":"lineage","connection_id_list":["3014b97b-fd1c-4b1f-854c-e6f3cb83565d"],"target_catalog_id":"3722b5bc-6af9-4988-8aba-dcbadbbfbbcd","job_id":"06f1fd2b-4b05-4140-8596-0d28df76e216","scope":{"paths":["3014b97b-fd1c-4b1f-854c-e6f3cb83565d:/university_library"]},"last_run_started":1669115011362,"last_run_completed":1669115203409,"number_of_runs":1,"version":4,"importflow_name":"abc52082-8e74-4cc4-8ac1-40b0deed2906_lineage_Workflow","importflow_executionid":"38","number_of_new_assets":0,"number_of_updated_assets":0,"number_of_removed_assets":0,"mde_enabled":true}}