{"metadata":{"asset_id":"cfe37fe8-b423-459d-b367-b7040ddd1350","asset_attributes":["metadata_enrichment_area"],"name":"MDE - FSS","asset_type":"metadata_enrichment_area","created_at":"2022-11-21T15:15:41Z","description":"","origin_country":"us","owner_id":"1000331005","project_id":"f916f01f-254f-45ab-8880-c0ef992b7e0b","size":0,"tags":[],"usage":{"last_update_time":1669044206101,"last_updated_at":"2022-11-21T15:23:26Z"}},"entity":{"metadata_enrichment_area":{"description":"","name":"MDE - FSS","job":{"name":"MDE - FSS","id":"f228589c-bc1a-4859-bc17-f13e5ba39f5c"},"objective":{"enrichment_options":{"structured":{"profile":true,"assign_terms":true,"analyze_quality":true}},"governance_scope":[{"type":"CATEGORY","id":"e39ada11-8338-3704-90e3-681a71e7c839"},{"type":"CATEGORY","id":"a3492b94-a65f-449f-8fee-a8303fdd3770"}],"sampling":{"structured":{"method":"TOP","sample_size":{"name":"BASIC","options":{"row_number":1000,"classify_value_number":100}}}},"datascope_of_reruns":"ALL"},"status":"READY","publish_job":{"id":"ad9893b9-0a9c-4c9f-9dd2-848e162e0608"}}},"attachments":[]}