{"metadata":{"asset_id":"0cfd0131-6258-43f8-9032-8b2e602671ec","asset_attributes":["project_mde_settings"],"name":"MDE settings for project f916f01f-254f-45ab-8880-c0ef992b7e0b","asset_type":"project_mde_settings","created_at":"2022-11-21T13:50:11Z","origin_country":"us","owner_id":"1000331005","project_id":"f916f01f-254f-45ab-8880-c0ef992b7e0b","size":0,"tags":[],"usage":{"last_update_time":1669038611182,"last_updated_at":"2022-11-21T13:50:11Z"}},"entity":{"project_mde_settings":{"settings":"{\"structured_profiling\":{\"null_threshold\":0.05,\"uniqueness_threshold\":0.95,\"constant_threshold\":0.99,\"quality_score_threshold\":0.8,\"data_class_assignment_threshold\":0.75,\"data_class_suggestion_threshold\":0.25},\"term_assignment\":{\"term_assignment_threshold\":0.9,\"term_suggestion_threshold\":0.75,\"class_based_assignments\":true,\"ml_based_assignments\":true,\"name_matching\":true}}"}}}