{"metadata":{"asset_id":"6a2cb508-390a-4a97-b8f0-04d33fbf3c05","asset_attributes":["data_asset"],"name":"EMPLOYEE_PENSION","asset_type":"data_asset","created_at":"2022-08-25T13:14:41Z","description":"","origin_country":"none","owner_id":"1000330999","project_id":"470136fe-7b9e-46f5-86ad-2cb4d09ce52c","size":0,"tags":["connected-data"],"usage":{"last_update_time":1661433283384,"last_updated_at":"2022-08-25T13:14:43Z"}},"entity":{"data_asset":{"mime_type":"application/x-ibm-rel-table","dataset":true,"columns":[{"name":"ID","type":{"length":10,"nullable":true,"type":"integer","scale":0,"signed":true}},{"name":"MONTHLY_PENSION","type":{"length":100,"nullable":true,"type":"varchar","scale":0,"signed":false}},{"name":"DOB","type":{"length":100,"nullable":true,"type":"varchar","scale":0,"signed":false}}]}},"attachments":[{"id":"ed916e6f-c47e-4082-9be0-66ad23134912","version":2,"asset_type":"data_asset","name":"EMPLOYEE_PENSION","description":"remote","mime":"application/x-ibm-rel-table","connection_id":"0f731100-c612-4720-9378-bd62a3924151","connection_path":"/cpd/EMPLOYEE_PENSION","datasource_type":"b2cc3dc2-aff7-4a80-8f80-5e8c5703e9d2","creator_id":"1000330999","create_time":1661433283383,"size":0,"is_remote":true,"is_managed":false,"is_referenced":false,"is_object_key_read_only":false,"is_user_provided_path_key":true,"transfer_complete":true,"is_partitioned":false,"complete_time_ticks":1661433283383,"user_data":{},"test_doc":0,"usage":{"access_count":0,"last_accessor_id":"1000330999","last_access_time":1661433283383}}]}