{"description":"A relationships between two entities that may be resulting in Foreign Key constraint when transformed to physical model","fields":[],"relationships":[],"properties":{"verb_phrase":{"type":"string","description":"Describes the verb used for the relationship (reads: parent entity - verb - child entity).","label":{"default":"Verb Phrase","en":"Verb Phrase"}},"inverse_verb_phrase":{"type":"string","description":"Describes the inverse verb used for the relationship (reads: child entity - verb - parent entity).","label":{"default":"Inverse Verb Phrase","en":"Inverse Verb Phrase"}},"cardinality":{"type":"string","description":"Defines how the relationship would need to be transformed in physical model.  For example: \"0..1\", \"1..1\", \"0..n\", \"1..n\",  \"Exact Range\", \"m..n\" (many-to-many)"},"existence":{"type":"string","description":"Information about whether the LDM attribute is intended to be persisted when transformed to column or is meant to be only in logical model"},"notes":{"type":"string"}},"localized_metadata_attributes":{"name":{"default":"Logical model relationship","en":"Logical model relationship"}},"global_search_searchable":[],"attribute_only":false,"version":1,"name":"ibm_logical_model_relationship","scope":"GLOBAL","allow_decorators":true}