{"description":"A group of related logical data model entities and relationships in a logical data model","fields":[],"relationships":[],"properties":{"diagram_scope":{"type":"bool","description":"Indicator of whether the group is a diagram scope.","label":{"default":"Diagram scope","en":"Diagram scope"}},"notes":{"type":"string","description":"Free form textual notes that a user can add"}},"localized_metadata_attributes":{"name":{"default":"Logical model group","en":"Logical model group"}},"global_search_searchable":[],"attribute_only":false,"version":1,"name":"ibm_logical_model_group","scope":"GLOBAL","allow_decorators":true}