"code","value","description","parent","reference data set","related terms","is_multi_mapped_to_c57cb90f-2126-3800-9c9f-9eab82021cdf"
"USA","United States of America","United States of America",,"534561ac-1080-3714-b7aa-5a5809ff1f00",,"DAL,WAS"
"HKG","Hong Kong","Hong Kong",,,,
"EU","European Union","European Union",,,,
"GBR","United Kingdom of Great Britain and Northern Ireland","United Kingdom of Great Britain and Northern Ireland",,,,"LON"
"ITA","Italy","Italy","EU",,,
"ARG","Argentina","Argentina",,,,
"PRK","Korea (Democratic People's Republic of)","Korea (Democratic People's Republic of)",,,,
"TUR","Turkey","Turkey",,,,
"NLD","Netherlands","Netherlands","EU",,,
"PRT","Portugal","Portugal","EU",,,
"MEX","Mexico","Mexico",,,,
"NZL","New Zealand","New Zealand",,,,
"CHL","Chile","Chile",,,,
"DEU","Germany","Germany","EU",,,"FRA"
"CHN","China","China",,,,
"FRA","France","France","EU",,,
"JPN","Japan","Japan",,,,"OSA,TOK"
"DE","Germany","Germany","EU",,,
"JP","Japan","Japan",,,,
"RUS","Russian Federation","Russian Federation",,,,
"CAN","Canada","Canada",,,,"TOR"
"AUS","Australia","Australia",,,,"SYD"
"US","United States of America","United States of America",,,,
"BRA","Brazil","Brazil",,,,"SAO"
"UK","United Kingdom","United Kingdom",,,,
"BEL","Belgium","Belgium","EU",,,
