Name,Artifact Type,Category,Artifact ID,Description,Tags,Stewards,Related Terms,Business Start,Business End,Parent Classification,Secondary Categories
property,classification,,051035b5-1b7d-4ec4-8921-8bbba597378e,Indicates that the business term is a property term.,,,,2022-10-21 00:09:43,,,
relationship,classification,,0ffa0c9c-657c-434a-8ba2-9d7b4a30fa48,Indicates that the business term is a relationship term.,,,,2022-10-21 00:09:43,,,
group term,classification,,19a2dc46-dc0c-4b1c-a0c2-6cb74d4e397d,Indicates that a business term is a higher level terms in an Industry Alignment Vocabulary.,,,,2022-10-21 00:09:43,,,
report element,classification,,1bf5c3cd-c10e-4566-8e32-e5059182289c,Indicates that the business term is a report element term.,,,,2022-10-21 00:09:43,,,
healthcare,classification,,200409f7-5ced-4f4b-85ce-4df14e18176b,Indicates that the category is part of the Knowledge Accelerator for Healthcare.,,,,2022-10-21 00:09:43,,,
document term,classification,,26e8aca5-82d3-4446-b230-db880dad1208,Indicates that a business term is a document term in an Industry Alignment Vocabulary.,,,,2022-10-21 00:09:43,,,
insurance,classification,,28b8cfb5-e905-4ca4-8f28-eec648314970,Indicates that the category is part of the Knowledge Accelerator for Insurance.,,,,2022-10-21 00:09:43,,,
core area,classification,,396b38a4-4b15-4177-8f76-7abb08cd0833,Indicates that the category is part of the Business Core Vocabulary area of the Knowledge Accelerator.,,,,2022-10-21 00:09:43,,,
performance area,classification,,58f3ed24-6255-4429-b1d7-84a7ae0d76ad,Indicates that the category is part of the Business Performance Indicator area of the Knowledge Accelerator.,,,,2022-10-21 00:09:43,,,
alignment term,classification,,5e7c6694-a00c-47b6-b780-68abbd0a92ef,Indicates that the business term is part of an Industry Alignment Vocabulary.,,,,2022-10-21 00:09:43,,,
energy and utilities,classification,,62f0e3d0-b84f-425f-9785-585b728dd93f,Indicates that the category is part of the Knowledge Accelerator for Energy and Utilities.,,,,2022-10-21 00:09:43,,,
Confidential,classification,,77b57fba-e993-449a-bd4b-2fb1ed3a8009,"Confidential data is data that if compromised in some form, is likely to result in significant and/or long-term harm to the institution and/or individuals whose data it is. Access to confidential information is restricted to those who have a legitimate purpose for accessing such information.",,,,,,,
preferred,classification,,7ef0a68f-677c-4ebf-978f-1206ee36eefb,Indicates that the business term is a preferred term in the group of synonyms.,,,,2022-10-21 00:09:43,,,
Sensitive Personal Information,classification,,85f4517f-a6ba-4ae2-bbfb-2375e7e1d790,Sensitive personal data is defined as personal data consisting of information relating to an individual with regard to racial or ethnic origin; political opinions; religious beliefs or other beliefs of a similar nature; trade union membership; physical or mental health or condition; sexual life; or any criminal or alleged criminal history of a person.,,,11b19cb7-2e74-4750-b463-c63b86019a6c,,,,
"",,,,,,,7d996f6c-a323-4c8e-ba2d-d92445bca4fe,,,,
"",,,,,,,cc31c2b1-f6c5-4fbd-9dfe-91d90d014a68,,,,
"",,,,,,,ce5615e9-a355-4a59-9614-ae048d72c00b,,,,
"",,,,,,,2052d84a-6683-430e-a211-d85d3a454adb,,,,
"",,,,,,,5e8d70b3-13b0-4026-a8b4-9267ff8ee02a,,,,
"",,,,,,,dc55499e-7ef6-4c27-99c7-f6f43e58a3bd,,,,
"",,,,,,,9bd8106d-30bc-48d8-9674-ca40ffc58063,,,,
"",,,,,,,c2cfca75-b720-4508-ae25-bf54f5556aa0,,,,
"",,,,,,,23624d81-eb24-4070-859b-9ed5cdd5b543,,,,
"",,,,,,,51edae9e-d463-4057-a3d5-812b3b103ac6,,,,
"",,,,,,,5277148d-d9d0-4961-bf20-be22949b0405,,,,
"",,,,,,,9df982f2-65ca-40e6-b09b-cb07b3331b2d,,,,
"",,,,,,,d24cbd80-2048-4224-8f0f-f6b91884d778,,,,
"",,,,,,,a3e9cb97-ed3a-4ded-88c6-ef2c40659b14,,,,
"",,,,,,,2887cb90-2b90-4b7d-8243-dca9703e09dd,,,,
"",,,,,,,641d9a90-eec6-4ef7-9a2f-25ac99f09357,,,,
"",,,,,,,fd993630-8eeb-4b82-b821-7c509da65894,,,,
"",,,,,,,eb019985-d39c-4f78-916c-02b65372c1ae,,,,
"",,,,,,,3b7761c6-2a2a-4ef3-9378-27ba7c3a14c8,,,,
"",,,,,,,534e4374-e6cb-42a9-8f43-73b01a9c9658,,,,
"",,,,,,,b06785c4-c405-43e3-8eba-63e653b92e15,,,,
"",,,,,,,0f4be29c-370f-4631-b797-193f83838b61,,,,
"",,,,,,,43fd8f4f-e429-4a50-a11a-6dba9d6d1d7e,,,,
"",,,,,,,342ca6c6-5d37-4ef3-b6ee-8152836e3a01,,,,
"",,,,,,,c66c115c-093f-478c-8fef-246f17b96145,,,,
"",,,,,,,c4bea9ba-202a-4135-9122-43721d05a69a,,,,
"",,,,,,,97fce54f-aca2-4b98-aa70-7e1ade0c184b,,,,
"",,,,,,,194d4ed1-b03f-4b18-bb7b-61e944f4b3ab,,,,
"",,,,,,,7ea12aaf-9850-4046-8991-fcbb436dbb32,,,,
"",,,,,,,8b483830-4b78-4f1f-bbf7-6aa09c8a3a5a,,,,
"",,,,,,,d98112aa-92c2-4e63-bdbe-31ad2cf54e50,,,,
"",,,,,,,f96d4cf4-1f2f-4302-91e8-9799e82bb08d,,,,
"",,,,,,,b7c7f4ec-a1d5-4eb2-9534-94f2d8b8d64a,,,,
"",,,,,,,08c8fd4e-ce3b-46b0-a8dd-18b4b9c37949,,,,
"",,,,,,,29e39177-ad14-4b1c-90aa-185b18f82448,,,,
"",,,,,,,cb86703a-0135-4c6d-90e3-f6fa1fe14842,,,,
"",,,,,,,55d6cb4b-c39d-42b4-ab89-4b7fa8e5e71d,,,,
"",,,,,,,01600db5-b201-4983-82d1-ad2864d2a282,,,,
"",,,,,,,d8ccacdc-a640-4f4d-9d4b-5d002b7676f7,,,,
"",,,,,,,df7bb895-266d-4c68-94b0-8a2bb4127ba2,,,,
"",,,,,,,c2f0e2f3-7fc9-43f0-a2f2-f0b3dec196e4,,,,
"",,,,,,,1ce238cb-9e81-4f22-a115-b416ee033d3b,,,,
"",,,,,,,5876fa81-c391-4ac9-b131-4333334c348e,,,,
"",,,,,,,da9ca835-d88c-49a8-abd1-764eede99500,,,,
"",,,,,,,78299685-2c91-4e95-811f-a51191305593,,,,
"",,,,,,,2eb5a5fc-5ed1-4c6f-8804-4793e7afe27b,,,,
"",,,,,,,2548b5c4-60c6-48ff-8e88-1a11c143e68e,,,,
"",,,,,,,f0d9e622-3b63-4538-8797-1b73f7e753b6,,,,
"",,,,,,,40e17b9c-4be9-4bd8-be9f-ec45dea178a5,,,,
"",,,,,,,2b7d2be9-1d1a-4b59-b408-993ec474e14f,,,,
"",,,,,,,605514ff-bb7f-4541-a3fe-d79fe5592a89,,,,
"",,,,,,,d8ec1296-f1f1-4921-946a-ef19e680ae78,,,,
"",,,,,,,17ae9273-0aa7-44de-84f6-27f995379496,,,,
"",,,,,,,8614f6f6-726c-4126-a4b1-abe41e8a0b6b,,,,
"",,,,,,,af061965-e0c1-4df6-bee5-da5733106173,,,,
"",,,,,,,8aad2dc0-c5b8-4586-bd91-9255dc1fa4b5,,,,
"",,,,,,,907fcc1f-47f4-438f-a4b0-615090a5c537,,,,
"",,,,,,,63f036b0-e59f-4b95-82be-b776500370f0,,,,
"",,,,,,,cde0e88d-611c-4890-9aa1-1376cb4a6e89,,,,
"",,,,,,,a26862e8-cdc4-440a-8b94-b14176898c59,,,,
"",,,,,,,0d21a2a3-1525-407c-866c-0ff889cf5d58,,,,
"",,,,,,,2fff5a88-1811-4d5f-bd02-8b3dd09154a0,,,,
"",,,,,,,28e35fe5-49b0-41f9-af04-e27dc3edb3ee,,,,
"",,,,,,,68b618c0-6567-4be7-8190-b7279ce06044,,,,
"",,,,,,,a3c93aff-3b2c-4927-ba77-592682d8db63,,,,
Personally Identifiable Information,classification,,95b4c86a-8058-40fe-9408-d5b7a23e3f20,Personally identifiable information (PII) is defined as any data that could potentially identify a specific individual. Any information that can be used to distinguish one person from another can be considered PII.,,,678feaee-bf9f-47d6-a4a0-7d9aef5d0717,,,,
"",,,,,,,d337548f-3a55-40f7-86b8-c329c095aa05,,,,
"",,,,,,,7d996f6c-a323-4c8e-ba2d-d92445bca4fe,,,,
"",,,,,,,8e2a521c-2798-49ee-a6cc-44f354b2b3d1,,,,
"",,,,,,,21047566-9ab9-442a-9915-d3664c002815,,,,
"",,,,,,,c855f8c8-39d7-4956-a50c-1719b025dee5,,,,
"",,,,,,,d9170892-9140-47d6-83f6-cd98687b5849,,,,
"",,,,,,,126830f9-2210-483e-8987-0ddee09cc430,,,,
"",,,,,,,a35971cb-3275-4a4c-95d1-8b4622925b6a,,,,
"",,,,,,,13d6cc50-d917-431e-ab75-ed4d9fdee522,,,,
"",,,,,,,c2cfca75-b720-4508-ae25-bf54f5556aa0,,,,
"",,,,,,,5c9d28e2-427b-4795-bb21-c534a1f2be30,,,,
"",,,,,,,60c8cc7c-af25-4be0-80c6-4218ebc42946,,,,
"",,,,,,,a701a5f3-e564-441c-b0d3-1ee1cb18f89f,,,,
"",,,,,,,4d8b2440-6069-405d-9286-b983d5fcc204,,,,
"",,,,,,,379d9042-8838-474a-a092-82cfd354ad93,,,,
"",,,,,,,a3e9cb97-ed3a-4ded-88c6-ef2c40659b14,,,,
"",,,,,,,6314a2be-0b92-4490-894b-80946b5d331b,,,,
"",,,,,,,65d03bf9-dae6-42cf-92fb-a19c772a625c,,,,
"",,,,,,,187fd5b1-6807-4124-8b5c-08fa4e660c58,,,,
"",,,,,,,88858be5-2787-4836-b6ef-3ffcbf4b2e89,,,,
"",,,,,,,342ca6c6-5d37-4ef3-b6ee-8152836e3a01,,,,
"",,,,,,,b750a3d5-e4e8-40cb-8f56-41977865ef26,,,,
"",,,,,,,a776cd41-8841-4aca-8480-dc99d0bbdd5e,,,,
"",,,,,,,4c8c380b-c958-4e37-bc6d-475c335a0f53,,,,
"",,,,,,,66d88ee0-2795-4f86-921a-4d3aa69cb34c,,,,
"",,,,,,,5e8c6dcb-d0d0-492a-9af5-00147aefc98c,,,,
"",,,,,,,94c0792c-1c9c-4302-8113-da2c9e58066c,,,,
"",,,,,,,4495f15f-0cf5-444f-8cf3-55946cc54937,,,,
"",,,,,,,a1ea553d-8a04-4475-8c4b-13d58006d4da,,,,
"",,,,,,,7b79a0e5-f24a-432e-b612-66ed5cb289a7,,,,
"",,,,,,,4cd61ddb-4ff4-46de-a859-ee94c7f83472,,,,
"",,,,,,,08c8fd4e-ce3b-46b0-a8dd-18b4b9c37949,,,,
"",,,,,,,1d856a75-1542-419e-b020-b02029d353f3,,,,
"",,,,,,,29e39177-ad14-4b1c-90aa-185b18f82448,,,,
"",,,,,,,a7418e15-6b54-4438-a943-5e4b8a9831cd,,,,
"",,,,,,,c9dce2cf-335c-43fc-8662-b4411c943307,,,,
"",,,,,,,697dd222-683f-45e8-984a-cc6c67365a3c,,,,
"",,,,,,,0a3a11dd-f7be-44a0-9e62-9f881fbc0af0,,,,
"",,,,,,,25e8df1f-d790-4895-9d86-d619537634b6,,,,
"",,,,,,,3d5b806a-bef8-4d4f-ba2d-c2f6fdbcf350,,,,
"",,,,,,,2d6314c3-4efc-4934-98fe-851e0069eb97,,,,
"",,,,,,,f6374984-d27e-4749-ab10-579e6b397da8,,,,
"",,,,,,,6e2e1679-4295-484b-b233-8c78118279d4,,,,
"",,,,,,,8c58e089-a730-4146-8aae-f29b60424dfb,,,,
"",,,,,,,77a32fd2-f565-4d1d-91e7-7dc27b2e2530,,,,
"",,,,,,,a2bd2f09-3c85-4172-a4f7-b6129a60ba17,,,,
"",,,,,,,e9c18952-c999-4057-8a69-0956bc12b651,,,,
"",,,,,,,81b03f5b-5299-4644-bbc3-a15e125631e8,,,,
"",,,,,,,810fc33e-2ef4-4815-9a20-920f7dfdbec5,,,,
"",,,,,,,af061965-e0c1-4df6-bee5-da5733106173,,,,
"",,,,,,,907fcc1f-47f4-438f-a4b0-615090a5c537,,,,
"",,,,,,,0d21a2a3-1525-407c-866c-0ff889cf5d58,,,,
"",,,,,,,803ec739-086d-4ced-9fbe-399052e0b598,,,,
"",,,,,,,c399092e-af27-4d01-8d6a-6c48b2f5557a,,,,
"",,,,,,,f15b16db-2187-4459-89ab-0d4533ed47aa,,,,
"",,,,,,,c169bb09-5865-4810-bfc3-c0487925df66,,,,
"",,,,,,,a4ce3e29-495a-4eef-b577-5ea6f5aef399,,,,
"",,,,,,,c98c711e-996d-4e96-b17b-3e4bb250dc28,,,,
"",,,,,,,df79c937-127d-4136-a39d-e5a5e762843a,,,,
"",,,,,,,873608b2-1065-4bd9-8e08-c956d5e0faf0,,,,
"",,,,,,,5e046bfb-5fa4-4944-8e3a-3890400b3aae,,,,
"",,,,,,,5b8dbb88-b7ed-46ea-a71d-e09e4204090e,,,,
"",,,,,,,0e605562-66aa-4ebc-bcfd-40dafbbe0453,,,,
"",,,,,,,a6fa2549-4e23-4ec3-87b9-0da12a91ae71,,,,
"",,,,,,,eb854b74-348b-47ee-9858-120ebe96bce6,,,,
"",,,,,,,46e120db-2a2f-4878-88a9-67af761456a7,,,,
"",,,,,,,4361d374-2df9-4beb-9b4c-f32a90afc803,,,,
"",,,,,,,ec7ede34-8ad2-41a4-8873-f88e20e66372,,,,
"",,,,,,,6967e6bb-9b8a-4e5b-9f77-a879fc768c24,,,,
"",,,,,,,c5b5f0a5-c0bb-4d53-aa6e-7426a311ce7e,,,,
"",,,,,,,a80486d5-07ca-49d8-b650-4a8eaa92a738,,,,
"",,,,,,,89e9e634-e44b-44a8-86ad-cd4ca7d63613,,,,
"",,,,,,,9c1aea25-6f18-402f-8902-1819315ab426,,,,
"",,,,,,,a4a36f05-e79a-47f0-9f50-f4bc1b0cf885,,,,
"",,,,,,,af2e2ce6-eb36-4cf6-b967-a5dcf2692ba0,,,,
"",,,,,,,8cc5c865-7f29-4095-affd-424c45676261,,,,
"",,,,,,,0f15a3e8-18ea-403c-bd5e-f47008fb4ae4,,,,
"",,,,,,,7ce4a26b-455c-4008-8bc6-2eadd0b53ef5,,,,
"",,,,,,,91626339-6732-400b-942f-7bc29611f2f9,,,,
"",,,,,,,cc432c3e-b75c-4b0c-81e7-2500eef7db3a,,,,
"",,,,,,,3402b597-757f-419d-9cdd-5cf4606913dc,,,,
"",,,,,,,789f97a3-32d0-44eb-abfe-877ae35670d1,,,,
"",,,,,,,96341630-c2d4-4390-9f5b-7b18455c3e3a,,,,
"",,,,,,,6374745f-773a-4804-ade6-275f2718d3e3,,,,
"",,,,,,,b06785c4-c405-43e3-8eba-63e653b92e15,,,,
"",,,,,,,688d5c54-fb5f-4f19-95e9-6ac15a45b9df,,,,
"",,,,,,,c4bea9ba-202a-4135-9122-43721d05a69a,,,,
"",,,,,,,97fce54f-aca2-4b98-aa70-7e1ade0c184b,,,,
"",,,,,,,4322f1ac-cdc2-4929-b304-3500e21688ef,,,,
"",,,,,,,2e49d047-a268-44c4-8f2a-a5227d754a43,,,,
"",,,,,,,28ff1a3d-cf2d-4e07-b083-5ac9c43fba46,,,,
"",,,,,,,ceda48a6-57ab-406a-ad17-9dd2ed76ff93,,,,
"",,,,,,,cb86703a-0135-4c6d-90e3-f6fa1fe14842,,,,
"",,,,,,,70d84fc2-f695-4591-88ae-3740cc27f95e,,,,
"",,,,,,,6ef53855-3a66-4686-87ae-bdf2358711a2,,,,
"",,,,,,,b6fb0d8b-c9bd-4c2b-bbe9-f2d5e5acb2d3,,,,
"",,,,,,,0bc10138-8564-4271-aec3-7cfc58d67596,,,,
"",,,,,,,36269dfc-2950-4550-9adf-3b2be1648b62,,,,
"",,,,,,,6759a793-95d7-4093-96c9-b9ce04d669d4,,,,
"",,,,,,,a876ce50-6983-4de3-9c03-c3ca675fac55,,,,
"",,,,,,,5876fa81-c391-4ac9-b131-4333334c348e,,,,
"",,,,,,,02a7df8c-52ba-4e61-a262-9211b71061ef,,,,
"",,,,,,,4b546c69-6fdf-4456-bfa2-354b4bcb2eef,,,,
"",,,,,,,b0f62735-d8e1-4bfd-ac6a-108fc7bf2441,,,,
"",,,,,,,983208bd-46de-4767-bea6-d1281db8285e,,,,
"",,,,,,,c53a73ce-ffdc-4de0-a6e9-77b581b94e17,,,,
"",,,,,,,6d639aa2-d928-46e3-8f35-e8224a1b631f,,,,
"",,,,,,,0a9a66d3-1592-47a9-b4fa-d7c9b7dd8b08,,,,
"",,,,,,,fcd3fa69-82fc-4f33-9c0b-2562985e6bf2,,,,
"",,,,,,,1c887d5a-a7c4-4920-b768-fa7ea37d0ac8,,,,
"",,,,,,,b6ca0754-4aec-44d2-9122-b343f72c07b4,,,,
"",,,,,,,e1922b53-d92a-429a-adc1-84d073d25370,,,,
"",,,,,,,15dfb859-5aa9-45e2-81cb-79906bd3e052,,,,
"",,,,,,,6ac6c9ea-a063-4845-a330-bc5f777cd12a,,,,
"",,,,,,,e2f091ba-bc0f-4644-8363-a2ca57cc387d,,,,
"",,,,,,,adc152db-6ee1-487d-86d8-51a583f937c3,,,,
"",,,,,,,68b618c0-6567-4be7-8190-b7279ce06044,,,,
"",,,,,,,b89fc055-f223-4865-8459-3fed35a56e91,,,,
"",,,,,,,c05ed848-738c-45c5-a4b4-8610cbe223eb,,,,
defined term,classification,,960cfba0-7782-4340-98d7-8b8c33970da4,Indicates that a business term is a defined term in an Industry Alignment Vocabulary.,,,,2022-10-21 00:09:43,,,
vocabulary,classification,,a13062c4-0f32-4a24-a962-84655ccf57cd,Indicates that the category is the root for a Knowledge Accelerator.,,,,2022-10-21 00:09:43,,,
alignment topic,classification,,a317ecf0-c498-406d-91bf-6c178cbd9f30,Indicates that the category is sub category of the Industry Alignment Vocabulary area of the Knowledge Accelerator.,,,,2022-10-21 00:09:43,,,
performance analysis,classification,,a6fd7b52-0232-4be5-aab6-62b381b05e36,Indicates that the business term is a performance analysis term.,,,,2022-10-21 00:09:43,,,
scope area,classification,,abf2bd9d-8318-4b97-aaed-362a2fc77dd6,Indicates that the category is part of the Business Scopes area of the Knowledge Accelerator.,,,,2022-10-21 00:09:43,,,
measure,classification,,cba7a6ab-5c7c-4f7f-9f65-8e41f37b8742,Indicates that the business term is a measure term.,,,,2022-10-21 00:09:43,,,
financial services,classification,,e84d564d-a102-48d4-b8c6-29b5184d31fc,Indicates that the category is part of the Knowledge Accelerator for Financial Services.,,,,2022-10-21 00:09:43,,,
concept,classification,,f5ee0f00-7482-43db-a4ab-e4e2a1d962d4,Indicates that the business term is a concept term.,,,,2022-10-21 00:09:43,,,
Personal Information,classification,,f8635f02-8a08-432d-a435-d0d49e2448f3,"Personal Information (PI) is defined as any data relating to an identified or identifiable individual. PI includes both identifiers, such as someone's name or employee serial number, as well as any personal information that can be reasonably associated with an individual, such as age, profession, preferences, net worth or mobile device location.",,,abbb158d-acf2-4de6-8196-b4f6632c83da,2022-10-21 00:09:44,,,
"",,,,,,,678feaee-bf9f-47d6-a4a0-7d9aef5d0717,,,,
"",,,,,,,d337548f-3a55-40f7-86b8-c329c095aa05,,,,
"",,,,,,,4fb86d49-c83d-4158-8e78-4dd9a934bdc5,,,,
"",,,,,,,7d996f6c-a323-4c8e-ba2d-d92445bca4fe,,,,
"",,,,,,,7b2d6e1b-6479-4d43-8bc0-f2cf70cfc410,,,,
"",,,,,,,51a1bcc1-1dae-41dc-bbfc-7f0950a51792,,,,
"",,,,,,,baaf6d2f-6f34-4d9b-b0cd-f2854681e98e,,,,
"",,,,,,,02333bff-6476-432f-81b7-2c7d1adcd3ae,,,,
"",,,,,,,0dd78ccb-1f48-4666-a2f0-3e273c02b420,,,,
"",,,,,,,dc55499e-7ef6-4c27-99c7-f6f43e58a3bd,,,,
"",,,,,,,13d6cc50-d917-431e-ab75-ed4d9fdee522,,,,
"",,,,,,,9bd8106d-30bc-48d8-9674-ca40ffc58063,,,,
"",,,,,,,f8eb152e-b159-4531-90f3-0d63b88399f5,,,,
"",,,,,,,a701a5f3-e564-441c-b0d3-1ee1cb18f89f,,,,
"",,,,,,,23624d81-eb24-4070-859b-9ed5cdd5b543,,,,
"",,,,,,,51edae9e-d463-4057-a3d5-812b3b103ac6,,,,
"",,,,,,,6314a2be-0b92-4490-894b-80946b5d331b,,,,
"",,,,,,,65d03bf9-dae6-42cf-92fb-a19c772a625c,,,,
"",,,,,,,d6eb37ec-2b34-457d-8cdf-2ebbab7e1359,,,,
"",,,,,,,30316602-de16-4341-8725-16634369122d,,,,
"",,,,,,,3b7761c6-2a2a-4ef3-9378-27ba7c3a14c8,,,,
"",,,,,,,db537c72-b1ef-4fb5-ad17-3e43e6335f7d,,,,
"",,,,,,,16a232dd-8f61-431b-8407-46e2e947c648,,,,
"",,,,,,,194d4ed1-b03f-4b18-bb7b-61e944f4b3ab,,,,
"",,,,,,,94c0792c-1c9c-4302-8113-da2c9e58066c,,,,
"",,,,,,,4495f15f-0cf5-444f-8cf3-55946cc54937,,,,
"",,,,,,,7b79a0e5-f24a-432e-b612-66ed5cb289a7,,,,
"",,,,,,,f6f6f865-75ac-437a-880a-4083ad3a9fcb,,,,
"",,,,,,,621386c4-7b4b-4eda-b957-7f318c228f77,,,,
"",,,,,,,847cd09c-6923-4903-901c-4cc391886d7e,,,,
"",,,,,,,5876f607-8c1e-4f54-bfd8-917e65a6b12b,,,,
"",,,,,,,d7bb25e2-3768-4867-aad6-2107cab568cd,,,,
"",,,,,,,0a3a11dd-f7be-44a0-9e62-9f881fbc0af0,,,,
"",,,,,,,25e8df1f-d790-4895-9d86-d619537634b6,,,,
"",,,,,,,c82f7b0f-51f7-4458-a737-f895717bcc0d,,,,
"",,,,,,,e9d9480d-b34b-43f3-ba24-49b30890751e,,,,
"",,,,,,,c5c57a82-5501-4f79-a417-fc9b8b85ebb5,,,,
"",,,,,,,2b7d2be9-1d1a-4b59-b408-993ec474e14f,,,,
"",,,,,,,14c90db5-0dc0-418d-9ffa-23d4acec9193,,,,
"",,,,,,,605514ff-bb7f-4541-a3fe-d79fe5592a89,,,,
"",,,,,,,e9c18952-c999-4057-8a69-0956bc12b651,,,,
"",,,,,,,c157fc0f-d2f5-43aa-853a-a50fdaf50adb,,,,
"",,,,,,,d8ec1296-f1f1-4921-946a-ef19e680ae78,,,,
"",,,,,,,ff55d5ef-39dc-4730-a323-1e737dbe2dd5,,,,
"",,,,,,,26913dd9-52e2-461d-968c-22eb6030bc04,,,,
"",,,,,,,3209980b-12b1-4729-b82c-b80505a74531,,,,
"",,,,,,,5cd03e51-2c21-420f-a8d0-66a59a293dd3,,,,
"",,,,,,,0c449415-0059-4fd0-9c30-ba7fd11c80aa,,,,
"",,,,,,,803ec739-086d-4ced-9fbe-399052e0b598,,,,
"",,,,,,,c399092e-af27-4d01-8d6a-6c48b2f5557a,,,,
"",,,,,,,c169bb09-5865-4810-bfc3-c0487925df66,,,,
"",,,,,,,e7d79da8-f8c9-4f43-9b5f-ce7b591238b8,,,,
"",,,,,,,8cd33b6a-0dd7-495d-8c95-7b426aa739b6,,,,
"",,,,,,,21da1b18-6541-4cdb-8eb8-bbc53fdb210d,,,,
"",,,,,,,a4ce3e29-495a-4eef-b577-5ea6f5aef399,,,,
"",,,,,,,c98c711e-996d-4e96-b17b-3e4bb250dc28,,,,
"",,,,,,,873608b2-1065-4bd9-8e08-c956d5e0faf0,,,,
"",,,,,,,a3c93aff-3b2c-4927-ba77-592682d8db63,,,,
"",,,,,,,5e046bfb-5fa4-4944-8e3a-3890400b3aae,,,,
"",,,,,,,45cb8709-aec6-4ed1-b841-6303e62772a7,,,,
"",,,,,,,5b8dbb88-b7ed-46ea-a71d-e09e4204090e,,,,
"",,,,,,,8a1338ad-b5b7-46bf-8cf8-6d526c07734e,,,,
"",,,,,,,ec7ede34-8ad2-41a4-8873-f88e20e66372,,,,
"",,,,,,,f8b0c100-f80f-4c1d-9fe8-d64759973772,,,,
"",,,,,,,3714a9ba-1338-4504-9c8f-9dc32b11f4a0,,,,
"",,,,,,,cbc9cf93-688b-44c4-93ac-114a4adcc8fc,,,,
"",,,,,,,e6d8f407-aa4b-470d-977e-d102e5eaac8e,,,,
"",,,,,,,a80486d5-07ca-49d8-b650-4a8eaa92a738,,,,
"",,,,,,,6721d684-e849-412f-aa65-b7035fc3b259,,,,
"",,,,,,,9190de8d-94e3-4150-b720-55b2f8a36b93,,,,
"",,,,,,,7960d0e5-8408-47b6-b01a-695bf5a4c0c2,,,,
"",,,,,,,9a67917a-821d-4228-89d9-5cc26b3d2384,,,,
"",,,,,,,0ddd0ad6-7787-40f0-811a-2ab5e7b51b42,,,,
"",,,,,,,c6f2ac18-6808-4f8b-beef-7d078a7c1d82,,,,
"",,,,,,,5277148d-d9d0-4961-bf20-be22949b0405,,,,
"",,,,,,,bc71bd97-2375-4215-9109-9e11d2c5fb4b,,,,
"",,,,,,,8cc5c865-7f29-4095-affd-424c45676261,,,,
"",,,,,,,1b78a196-3655-4dee-b943-1f2e99ed0dfe,,,,
"",,,,,,,48f9abb6-fa3b-4505-b4c6-fdc8e74a8483,,,,
"",,,,,,,cc432c3e-b75c-4b0c-81e7-2500eef7db3a,,,,
"",,,,,,,88027c53-81f6-4b9a-bb00-bdc85c315c7d,,,,
"",,,,,,,96341630-c2d4-4390-9f5b-7b18455c3e3a,,,,
"",,,,,,,688d5c54-fb5f-4f19-95e9-6ac15a45b9df,,,,
"",,,,,,,c66c115c-093f-478c-8fef-246f17b96145,,,,
"",,,,,,,97fce54f-aca2-4b98-aa70-7e1ade0c184b,,,,
"",,,,,,,4322f1ac-cdc2-4929-b304-3500e21688ef,,,,
"",,,,,,,b7c7f4ec-a1d5-4eb2-9534-94f2d8b8d64a,,,,
"",,,,,,,b1558350-b7f1-41b5-9607-c7c0fa190968,,,,
"",,,,,,,ceda48a6-57ab-406a-ad17-9dd2ed76ff93,,,,
"",,,,,,,dd7802f0-49c9-4eb3-8447-8515d10c33f5,,,,
"",,,,,,,cb86703a-0135-4c6d-90e3-f6fa1fe14842,,,,
"",,,,,,,0bc10138-8564-4271-aec3-7cfc58d67596,,,,
"",,,,,,,c2f0e2f3-7fc9-43f0-a2f2-f0b3dec196e4,,,,
"",,,,,,,216b872e-297c-4eb9-a49d-cd306cf688b5,,,,
"",,,,,,,5876fa81-c391-4ac9-b131-4333334c348e,,,,
"",,,,,,,951fc1b8-ad6a-4c7d-b071-b271a563bb6a,,,,
"",,,,,,,379c13d4-e053-4d44-b77a-2b7a5c2c0b5a,,,,
"",,,,,,,da9ca835-d88c-49a8-abd1-764eede99500,,,,
"",,,,,,,2608446e-64bd-486d-b2da-ee1bdcc1410d,,,,
"",,,,,,,b0f62735-d8e1-4bfd-ac6a-108fc7bf2441,,,,
"",,,,,,,4cef86f9-84aa-4293-aa12-f6b257d87b70,,,,
"",,,,,,,78299685-2c91-4e95-811f-a51191305593,,,,
"",,,,,,,6d639aa2-d928-46e3-8f35-e8224a1b631f,,,,
"",,,,,,,4f4d4705-67c2-4558-8b8e-a798dcb81826,,,,
"",,,,,,,04875ed7-5f4f-415c-b25e-867b562a3e96,,,,
"",,,,,,,6ac6c9ea-a063-4845-a330-bc5f777cd12a,,,,
"",,,,,,,8b96a45d-f43f-47dc-aa3d-485c3d17bab1,,,,
"",,,,,,,350e2b50-960a-4dcc-9725-cbb48a92dc71,,,,
"",,,,,,,5be5f5ba-c9b0-424b-8dd3-c91aeaa99053,,,,
"",,,,,,,35eb4eca-5824-4acb-82d8-267868f53202,,,,
"",,,,,,,ac1e672b-e27d-45f7-a275-7c5190d5c8ed,,,,
"",,,,,,,28e35fe5-49b0-41f9-af04-e27dc3edb3ee,,,,
"",,,,,,,68b618c0-6567-4be7-8190-b7279ce06044,,,,
"",,,,,,,7df41482-b483-4a24-b2ae-9ba8d6120193,,,,
"",,,,,,,de3cd820-a141-452d-a683-b5f975575e4c,,,,
"",,,,,,,11b19cb7-2e74-4750-b463-c63b86019a6c,,,,
"",,,,,,,4eaec0c6-8218-49bd-9d63-8e0fcb670466,,,,
"",,,,,,,c855f8c8-39d7-4956-a50c-1719b025dee5,,,,
"",,,,,,,db916358-9f48-4e47-ad1e-860df4b55315,,,,
"",,,,,,,cc31c2b1-f6c5-4fbd-9dfe-91d90d014a68,,,,
"",,,,,,,6ced4aad-bdee-4818-81db-3dfd1a9b81c5,,,,
"",,,,,,,a35971cb-3275-4a4c-95d1-8b4622925b6a,,,,
"",,,,,,,35be128a-69dd-4cda-930f-ffc4b03925e4,,,,
"",,,,,,,a7843a83-1bbd-445b-80eb-089328db4796,,,,
"",,,,,,,e426cc6e-81cc-42c9-ad38-9f964a4e7245,,,,
"",,,,,,,6a91d44a-deca-4ce7-9035-c9441ae60241,,,,
"",,,,,,,379d9042-8838-474a-a092-82cfd354ad93,,,,
"",,,,,,,a3e9cb97-ed3a-4ded-88c6-ef2c40659b14,,,,
"",,,,,,,f3e05dcf-b57b-442f-a1d3-bbe9df77ac64,,,,
"",,,,,,,acd449b2-d2eb-42fa-8814-abcc8526be6f,,,,
"",,,,,,,fd993630-8eeb-4b82-b821-7c509da65894,,,,
"",,,,,,,dcdeaa21-043b-43ba-97b9-1372908ee19d,,,,
"",,,,,,,187fd5b1-6807-4124-8b5c-08fa4e660c58,,,,
"",,,,,,,534e4374-e6cb-42a9-8f43-73b01a9c9658,,,,
"",,,,,,,7ad38f86-2269-4453-8a94-b62976ad4e1b,,,,
"",,,,,,,4ef4d3e7-4a7c-4ac5-ac6b-09b78f26a308,,,,
"",,,,,,,a776cd41-8841-4aca-8480-dc99d0bbdd5e,,,,
"",,,,,,,5e8c6dcb-d0d0-492a-9af5-00147aefc98c,,,,
"",,,,,,,8b483830-4b78-4f1f-bbf7-6aa09c8a3a5a,,,,
"",,,,,,,4cd61ddb-4ff4-46de-a859-ee94c7f83472,,,,
"",,,,,,,c356ca50-c00a-4327-bc2d-9b2bfaeb8d1d,,,,
"",,,,,,,cfc6d870-6ce9-4a6c-a997-3c81a8bd3747,,,,
"",,,,,,,22180310-e012-4e43-bfeb-458814137687,,,,
"",,,,,,,0baca37b-3d51-4af8-9283-dc8c1cee8f0f,,,,
"",,,,,,,f6e0979d-e35c-43fd-b13b-491c27b08f2e,,,,
"",,,,,,,72134d9d-e00b-4609-ac1b-d9588d5f18a4,,,,
"",,,,,,,93f729ea-72f7-4254-84dd-2c5173b6ce53,,,,
"",,,,,,,e7c696dc-f135-4684-b7e5-486acb7cf20d,,,,
"",,,,,,,03635af9-f4af-4118-8581-f90248e3c34a,,,,
"",,,,,,,98cf841e-188b-4761-b810-29d4a0d65c20,,,,
"",,,,,,,666cbe32-0034-43c2-8ef5-05be2b1d91d3,,,,
"",,,,,,,065dd6d6-f175-41b4-864d-f3a273cd400a,,,,
"",,,,,,,359c1eb8-e43d-4443-b52f-df7793ed2897,,,,
"",,,,,,,35e73a34-32ec-4869-936e-a02f4c82f696,,,,
"",,,,,,,40e17b9c-4be9-4bd8-be9f-ec45dea178a5,,,,
"",,,,,,,8c58e089-a730-4146-8aae-f29b60424dfb,,,,
"",,,,,,,ffd5e892-5307-4357-a978-3e21e40fbc64,,,,
"",,,,,,,6fc97d83-b69b-401e-9f33-af8f85f17c52,,,,
"",,,,,,,cc3678a2-13cb-4857-a2bf-64a0ffe713ad,,,,
"",,,,,,,907fcc1f-47f4-438f-a4b0-615090a5c537,,,,
"",,,,,,,8475ca53-463f-4500-8f2e-a96001fafafd,,,,
"",,,,,,,ac4f03e4-4799-43c0-8941-8440f2174107,,,,
"",,,,,,,0d21a2a3-1525-407c-866c-0ff889cf5d58,,,,
"",,,,,,,2fff5a88-1811-4d5f-bd02-8b3dd09154a0,,,,
"",,,,,,,bafba055-bfba-4362-bbda-998e13e677dd,,,,
"",,,,,,,df79c937-127d-4136-a39d-e5a5e762843a,,,,
"",,,,,,,46e120db-2a2f-4878-88a9-67af761456a7,,,,
"",,,,,,,68f8f743-1bd5-4cea-b911-e4cf0f4fbd45,,,,
"",,,,,,,70ca9c7a-f823-4f78-9bf0-33c38c3bf181,,,,
"",,,,,,,afebe1d6-7b00-4de1-ae81-075cc6b7c829,,,,
"",,,,,,,54380baf-9569-4f0d-9a4f-5ec3033ce745,,,,
"",,,,,,,971c05b7-086d-4938-a721-0adf76ed5204,,,,
"",,,,,,,9c1aea25-6f18-402f-8902-1819315ab426,,,,
"",,,,,,,7b092d48-0a45-4322-98b8-cf9b98d45876,,,,
"",,,,,,,d24cbd80-2048-4224-8f0f-f6b91884d778,,,,
"",,,,,,,17518106-8554-468e-834b-366ac70b1bd9,,,,
"",,,,,,,7ce4a26b-455c-4008-8bc6-2eadd0b53ef5,,,,
"",,,,,,,2e0c8f77-d48a-4c94-9222-00f48f623461,,,,
"",,,,,,,789f97a3-32d0-44eb-abfe-877ae35670d1,,,,
"",,,,,,,5444e5a6-1c37-44ee-8234-266791d9727f,,,,
"",,,,,,,5c4e4dc7-5e66-4ede-9e16-70235d4e0eb3,,,,
"",,,,,,,dd1aa35b-23af-4340-ba1a-7e15bd15d961,,,,
"",,,,,,,70d84fc2-f695-4591-88ae-3740cc27f95e,,,,
"",,,,,,,913fb121-be2c-40ef-b696-3ad55fe1baa1,,,,
"",,,,,,,de23cd25-43d1-415f-a0ec-8ccaf66a0ec4,,,,
"",,,,,,,6482f66a-4513-415a-b15a-386cdb6d0d01,,,,
"",,,,,,,ad64928a-c2d2-452f-a660-739f09f98a9d,,,,
"",,,,,,,6759a793-95d7-4093-96c9-b9ce04d669d4,,,,
"",,,,,,,02a7df8c-52ba-4e61-a262-9211b71061ef,,,,
"",,,,,,,f681dc27-226f-48c9-ad29-988ea07a5521,,,,
"",,,,,,,de4196d6-89dc-47b4-96c9-b39017a8d156,,,,
"",,,,,,,2548b5c4-60c6-48ff-8e88-1a11c143e68e,,,,
"",,,,,,,5580ba49-5a3d-46ae-b6da-af4aaf77785b,,,,
"",,,,,,,2c2be1d7-6d5d-429d-92a5-f7734cfcfccb,,,,
"",,,,,,,fcd3fa69-82fc-4f33-9c0b-2562985e6bf2,,,,
"",,,,,,,c88f0b1c-2c52-4b8e-9db4-6fc5215bc890,,,,
"",,,,,,,e1922b53-d92a-429a-adc1-84d073d25370,,,,
"",,,,,,,e1e8e6f0-9060-47c7-b582-4a9b497e51f4,,,,
"",,,,,,,05ddceff-5470-4049-ba89-691ebd0b11cd,,,,
"",,,,,,,21cce3c5-2185-4c84-88bf-3c143030b433,,,,
"",,,,,,,8011641e-f623-4ff2-a862-288088af77f0,,,,
"",,,,,,,42795c1f-d401-4079-8ea2-89eab7a2fede,,,,
"",,,,,,,b9e36e00-71fb-4792-bc79-d2acd3401134,,,,
"",,,,,,,63f036b0-e59f-4b95-82be-b776500370f0,,,,
"",,,,,,,7c04e43c-2fb9-4251-839f-15de7ab2c043,,,,
"",,,,,,,2d467ea8-3b6d-4cfe-ad03-b893a79a4fa0,,,,
"",,,,,,,a3166e15-9618-424e-a221-58e633ca6485,,,,
"",,,,,,,7f3099c6-b7fb-459e-8980-0b8a275bc0cc,,,,
"",,,,,,,3ab72c30-6b86-490e-82f0-b3d858d5ffe1,,,,
"",,,,,,,a0e513e4-281b-456e-81fd-925a17f88d03,,,,
"",,,,,,,4b3870a7-bc4d-494b-9ffe-28d7942fe3ed,,,,
"",,,,,,,d9170892-9140-47d6-83f6-cd98687b5849,,,,
"",,,,,,,e08a7880-1684-4462-90c6-423c2d4e10c4,,,,
"",,,,,,,ea2c8203-2f16-41b5-a170-a43d8604a286,,,,
"",,,,,,,afd54ba5-2c07-4da3-8217-c30347f87b12,,,,
"",,,,,,,e5b40b91-3bfa-4853-acd6-766109eafa81,,,,
"",,,,,,,20561ab6-43f4-4978-a2e7-932ec23735c8,,,,
"",,,,,,,5e8d70b3-13b0-4026-a8b4-9267ff8ee02a,,,,
"",,,,,,,f981c573-dde9-418f-8b7a-2d5b915e1afb,,,,
"",,,,,,,5b960a9b-d602-434c-9e3d-193a33097db1,,,,
"",,,,,,,60c8cc7c-af25-4be0-80c6-4218ebc42946,,,,
"",,,,,,,25221661-ad05-4bda-bafe-127180792de3,,,,
"",,,,,,,cbd30662-c3b4-498c-b61b-ba8c1ba418cc,,,,
"",,,,,,,dc41b7db-5d28-4c48-9317-c0bd64d09bba,,,,
"",,,,,,,09a1c1ce-d191-4d66-8ca7-246594f087d2,,,,
"",,,,,,,4d8b2440-6069-405d-9286-b983d5fcc204,,,,
"",,,,,,,5267870f-da79-45f2-94f7-f310eac1c232,,,,
"",,,,,,,6d117a0f-4702-421a-8284-df532c41beb8,,,,
"",,,,,,,59cb1e25-fe7f-48fb-8345-fe8138e58804,,,,
"",,,,,,,641d9a90-eec6-4ef7-9a2f-25ac99f09357,,,,
"",,,,,,,7ad271d3-a38c-4ab2-939f-50d3321c16c4,,,,
"",,,,,,,4c7c6030-3e45-4551-af18-1d206f9a42b0,,,,
"",,,,,,,3b45331f-b400-4e7f-9a6b-0ea01ac22439,,,,
"",,,,,,,5f5f703a-580f-43e2-b72c-00bde3dfe2a5,,,,
"",,,,,,,88858be5-2787-4836-b6ef-3ffcbf4b2e89,,,,
"",,,,,,,342ca6c6-5d37-4ef3-b6ee-8152836e3a01,,,,
"",,,,,,,958dcb76-267d-46b5-81d8-bf089468bb27,,,,
"",,,,,,,b750a3d5-e4e8-40cb-8f56-41977865ef26,,,,
"",,,,,,,4dddce59-8e7e-441b-8e19-117324f5e71d,,,,
"",,,,,,,29031453-4550-40dc-ba48-8fdde8c12812,,,,
"",,,,,,,086967c5-8ba1-4c4d-bb0c-0764d90aa119,,,,
"",,,,,,,a3fbbfd5-2d7e-43f6-9830-982c3b42401c,,,,
"",,,,,,,6d71a01f-5ca8-4b45-8fac-c853effd989c,,,,
"",,,,,,,0e8197b8-2548-46ae-8b26-dc143139ba78,,,,
"",,,,,,,266f98ee-a294-4753-b335-7329f03783e5,,,,
"",,,,,,,d98112aa-92c2-4e63-bdbe-31ad2cf54e50,,,,
"",,,,,,,f96d4cf4-1f2f-4302-91e8-9799e82bb08d,,,,
"",,,,,,,1b7a1cf0-892a-4826-8283-af0836e8c840,,,,
"",,,,,,,29e39177-ad14-4b1c-90aa-185b18f82448,,,,
"",,,,,,,a93580c2-fc46-41ef-8e7e-24a39e88021a,,,,
"",,,,,,,01600db5-b201-4983-82d1-ad2864d2a282,,,,
"",,,,,,,d8ccacdc-a640-4f4d-9d4b-5d002b7676f7,,,,
"",,,,,,,df7bb895-266d-4c68-94b0-8a2bb4127ba2,,,,
"",,,,,,,8c3a982d-7129-4fbb-9b2d-960f8dd30023,,,,
"",,,,,,,697dd222-683f-45e8-984a-cc6c67365a3c,,,,
"",,,,,,,93dbfa9d-b15e-47d1-be5a-3b3e376b6d3d,,,,
"",,,,,,,37fb0dd3-95d3-4a06-bace-08bc1678d019,,,,
"",,,,,,,6fdcbbe1-8c7c-4d8b-bedf-a722c48db396,,,,
"",,,,,,,81b03f5b-5299-4644-bbc3-a15e125631e8,,,,
"",,,,,,,810fc33e-2ef4-4815-9a20-920f7dfdbec5,,,,
"",,,,,,,96d8fa6b-833e-4f1e-b64d-c46b25797ea6,,,,
"",,,,,,,1d41ff5d-5950-4239-ae5d-506b419a5eba,,,,
"",,,,,,,f756dbf1-22d0-4c38-818a-1d37e60828f5,,,,
"",,,,,,,024df6af-079b-45c0-b4e5-fdd34f353339,,,,
"",,,,,,,e73af7e0-fb93-45ee-ae7c-84c592371a2f,,,,
"",,,,,,,2107b833-4837-423c-9fba-d3f189b5707d,,,,
"",,,,,,,15732ab0-c842-488b-9f9f-f43415fd71d9,,,,
"",,,,,,,a6fa2549-4e23-4ec3-87b9-0da12a91ae71,,,,
"",,,,,,,a9513d47-8177-4c26-ae97-56e0bf9de7ce,,,,
"",,,,,,,4361d374-2df9-4beb-9b4c-f32a90afc803,,,,
"",,,,,,,7ea7c9e5-4a0b-41da-88f4-0f85580a7c5b,,,,
"",,,,,,,0137390c-334f-49f5-a614-855e5ffeb33b,,,,
"",,,,,,,c5b5f0a5-c0bb-4d53-aa6e-7426a311ce7e,,,,
"",,,,,,,89e9e634-e44b-44a8-86ad-cd4ca7d63613,,,,
"",,,,,,,ce5615e9-a355-4a59-9614-ae048d72c00b,,,,
"",,,,,,,c95957df-8aa2-4cb2-bd0e-94421ad560dc,,,,
"",,,,,,,2052d84a-6683-430e-a211-d85d3a454adb,,,,
"",,,,,,,474578f7-d15b-429a-9508-f8ad7547191c,,,,
"",,,,,,,a4a36f05-e79a-47f0-9f50-f4bc1b0cf885,,,,
"",,,,,,,0c74c7db-a213-492f-9d8a-7b507ad31b17,,,,
"",,,,,,,b12c5836-90dc-4333-baee-e65392105ad0,,,,
"",,,,,,,af2e2ce6-eb36-4cf6-b967-a5dcf2692ba0,,,,
"",,,,,,,83f3cb6a-f071-43d3-a0a1-ca991bae1114,,,,
"",,,,,,,9df982f2-65ca-40e6-b09b-cb07b3331b2d,,,,
"",,,,,,,46e76529-eab1-4aca-8ab7-c30a37d3be58,,,,
"",,,,,,,0e30dab8-be75-4e63-9138-b38e8293d6b0,,,,
"",,,,,,,0f6eb530-3580-49e6-b7a6-94accd774b8d,,,,
"",,,,,,,6374745f-773a-4804-ade6-275f2718d3e3,,,,
"",,,,,,,b06785c4-c405-43e3-8eba-63e653b92e15,,,,
"",,,,,,,43fd8f4f-e429-4a50-a11a-6dba9d6d1d7e,,,,
"",,,,,,,a34f2493-8741-45d8-811d-0a998d3226c1,,,,
"",,,,,,,360dc5ce-9316-4ebb-a06f-4c19f331acf1,,,,
"",,,,,,,37567f64-506e-4fe3-80d9-d630b036ddfb,,,,
"",,,,,,,7b6d6a0f-c79a-45db-827c-6ef591aa5804,,,,
"",,,,,,,c4bea9ba-202a-4135-9122-43721d05a69a,,,,
"",,,,,,,87b8f87f-cc72-4d29-80d7-64a923f40354,,,,
"",,,,,,,7ea12aaf-9850-4046-8991-fcbb436dbb32,,,,
"",,,,,,,938c72d6-208a-4a39-ab26-9150fe1dae72,,,,
"",,,,,,,8608b931-e68f-427c-8560-5b38964a2991,,,,
"",,,,,,,0485a068-b4e7-4f4b-a9ab-9a76cd7ad4e9,,,,
"",,,,,,,4ae7931f-b6b7-45be-b16c-8ead04cec53e,,,,
"",,,,,,,723b6e3a-0405-444d-8e8b-61979dc70006,,,,
"",,,,,,,3d2d05e0-da03-4a7b-8791-c6889df22288,,,,
"",,,,,,,b389b7b2-3cbf-4320-9c3c-e0d025b16a9e,,,,
"",,,,,,,6ef53855-3a66-4686-87ae-bdf2358711a2,,,,
"",,,,,,,b6fb0d8b-c9bd-4c2b-bbe9-f2d5e5acb2d3,,,,
"",,,,,,,cba1ceeb-71c5-4469-81dc-9408a46806dc,,,,
"",,,,,,,315eb01d-4043-46a6-a93c-4da0d20f0ff5,,,,
"",,,,,,,0d0a55e6-8ba9-4302-a9df-5ebb03cf8a9d,,,,
"",,,,,,,1ce238cb-9e81-4f22-a115-b416ee033d3b,,,,
"",,,,,,,a876ce50-6983-4de3-9c03-c3ca675fac55,,,,
"",,,,,,,bef154ec-af82-49de-848c-5fde32591401,,,,
"",,,,,,,40921891-acf8-4580-8905-9d4552d53006,,,,
"",,,,,,,4b546c69-6fdf-4456-bfa2-354b4bcb2eef,,,,
"",,,,,,,414cc779-926d-4593-b9fc-8f3b721c1f81,,,,
"",,,,,,,e91be4fe-9177-43a0-b47a-a7fc724f0d8b,,,,
"",,,,,,,2eb5a5fc-5ed1-4c6f-8804-4793e7afe27b,,,,
"",,,,,,,983208bd-46de-4767-bea6-d1281db8285e,,,,
"",,,,,,,866307e3-a3a0-4742-ad46-f9a5c9e98fe1,,,,
"",,,,,,,e1708d3c-8a88-4428-bca3-ca4acc60092a,,,,
"",,,,,,,1c887d5a-a7c4-4920-b768-fa7ea37d0ac8,,,,
"",,,,,,,b6ca0754-4aec-44d2-9122-b343f72c07b4,,,,
"",,,,,,,dab47a24-188e-40e7-a683-3ccefdcd91ac,,,,
"",,,,,,,8aad2dc0-c5b8-4586-bd91-9255dc1fa4b5,,,,
"",,,,,,,cde0e88d-611c-4890-9aa1-1376cb4a6e89,,,,
"",,,,,,,77b98eda-51e1-49ac-a1bd-7435167f4756,,,,
"",,,,,,,a26862e8-cdc4-440a-8b94-b14176898c59,,,,
"",,,,,,,6b329a4a-2b61-4e72-94af-ae225d7af7b1,,,,
"",,,,,,,a3def5fc-d106-4bfb-a133-011e833fdb45,,,,
"",,,,,,,73651dad-29bb-4b32-8016-1ab3cb82d528,,,,
"",,,,,,,909f2ce0-7cc2-4d98-b7e4-b839be48ada4,,,,
"",,,,,,,bf3551d9-2845-428b-9716-ff9a3d21d02d,,,,
"",,,,,,,8cf5f1d0-9f99-48d0-8acf-1b78bc88279c,,,,
"",,,,,,,8e2a521c-2798-49ee-a6cc-44f354b2b3d1,,,,
"",,,,,,,38a16c19-337d-403d-b996-4782bbda89f6,,,,
"",,,,,,,0df21c2b-9405-40ed-87c8-31382a1c51c0,,,,
"",,,,,,,21047566-9ab9-442a-9915-d3664c002815,,,,
"",,,,,,,126830f9-2210-483e-8987-0ddee09cc430,,,,
"",,,,,,,c2cfca75-b720-4508-ae25-bf54f5556aa0,,,,
"",,,,,,,5c9d28e2-427b-4795-bb21-c534a1f2be30,,,,
"",,,,,,,bba5043f-dc6b-4c6b-b3f3-66204092c89c,,,,
"",,,,,,,089a0028-0f60-41a7-801e-9df52c867779,,,,
"",,,,,,,1ac5ca17-f881-497a-937d-00c2c61aaaa6,,,,
"",,,,,,,397d7b5c-7564-4764-97f5-f600f900f37b,,,,
"",,,,,,,1a535f5f-57d9-4152-9fe3-bc99dcd6a7e1,,,,
"",,,,,,,2887cb90-2b90-4b7d-8243-dca9703e09dd,,,,
"",,,,,,,72a464e8-eb8c-468d-8d1f-36426ab71d37,,,,
"",,,,,,,b3896655-695d-40cd-acef-fa466077ae97,,,,
"",,,,,,,04d41a17-484f-43ab-a5e6-7b5175de3515,,,,
"",,,,,,,3b8603f1-307b-48dd-ab9b-5daae8e998ec,,,,
"",,,,,,,fff1ef60-fd97-4d43-9735-6fca2564faf8,,,,
"",,,,,,,0f4be29c-370f-4631-b797-193f83838b61,,,,
"",,,,,,,f7f6e401-9329-4766-954a-c6ef2894a2a3,,,,
"",,,,,,,4c8c380b-c958-4e37-bc6d-475c335a0f53,,,,
"",,,,,,,66d88ee0-2795-4f86-921a-4d3aa69cb34c,,,,
"",,,,,,,4793ed65-aa27-4ee2-acc5-fad7103345bd,,,,
"",,,,,,,f5252219-0db0-4491-a75a-a1a513da8708,,,,
"",,,,,,,1b6d0b07-55a8-46b2-baf2-eb765e96f598,,,,
"",,,,,,,08c8fd4e-ce3b-46b0-a8dd-18b4b9c37949,,,,
"",,,,,,,1d856a75-1542-419e-b020-b02029d353f3,,,,
"",,,,,,,55d6cb4b-c39d-42b4-ab89-4b7fa8e5e71d,,,,
"",,,,,,,a7418e15-6b54-4438-a943-5e4b8a9831cd,,,,
"",,,,,,,c9dce2cf-335c-43fc-8662-b4411c943307,,,,
"",,,,,,,36fb571a-fbdf-48cf-abb8-b2c0a0fbede5,,,,
"",,,,,,,ad1dee37-5dce-4c67-acbc-34d7cf4577b8,,,,
"",,,,,,,ad632aaf-074b-4f8d-96d4-46f6491bef93,,,,
"",,,,,,,60dd8b07-cffa-4e57-bfd7-c3747ecac500,,,,
"",,,,,,,ee6419d2-7882-4369-ab88-db5afaedd37d,,,,
"",,,,,,,3d5b806a-bef8-4d4f-ba2d-c2f6fdbcf350,,,,
"",,,,,,,2d6314c3-4efc-4934-98fe-851e0069eb97,,,,
"",,,,,,,88635695-b60a-45a9-840e-a076b3def38a,,,,
"",,,,,,,956c003f-5c69-4eed-a71e-9f46ce6ef4f2,,,,
"",,,,,,,f0d9e622-3b63-4538-8797-1b73f7e753b6,,,,
"",,,,,,,6e2e1679-4295-484b-b233-8c78118279d4,,,,
"",,,,,,,77a32fd2-f565-4d1d-91e7-7dc27b2e2530,,,,
"",,,,,,,aa8df484-024f-4e2d-b49d-64d49fdfd2b2,,,,
"",,,,,,,127ed630-2351-4b54-8338-6fecb7b7741a,,,,
"",,,,,,,f0886b4c-32a2-4c93-be76-1dec2a40f9d9,,,,
"",,,,,,,8614f6f6-726c-4126-a4b1-abe41e8a0b6b,,,,
"",,,,,,,af061965-e0c1-4df6-bee5-da5733106173,,,,
"",,,,,,,98d3ec5c-05c3-4426-b5a6-870e0d1af6d1,,,,
"",,,,,,,b86dd057-8cb8-4119-bd52-3811b31caedc,,,,
"",,,,,,,f9b7564f-0f52-48e6-a574-f64390c9fa31,,,,
"",,,,,,,cc405d8b-72d3-4a9f-ad9f-bcb24c66585c,,,,
"",,,,,,,ef27d233-d621-4f73-bc6e-6568b73f4d61,,,,
"",,,,,,,584156d1-97a5-4a0c-a0f2-046a3ecebc5f,,,,
"",,,,,,,eb854b74-348b-47ee-9858-120ebe96bce6,,,,
"",,,,,,,7e45c973-26c6-4c5f-b2d0-ae563a924cc4,,,,
"",,,,,,,25ec0fc2-6fbb-4560-82e6-b545be04aa1a,,,,
"",,,,,,,63fe833a-7950-41bc-b979-6ed78975fe33,,,,
"",,,,,,,6967e6bb-9b8a-4e5b-9f77-a879fc768c24,,,,
"",,,,,,,93928d35-0104-4992-a727-3792fba45d9f,,,,
"",,,,,,,d8964d25-3947-49da-b324-0144f614c4a1,,,,
"",,,,,,,284fcdad-5b71-48b1-a2de-7fed4a669dd1,,,,
"",,,,,,,0f15a3e8-18ea-403c-bd5e-f47008fb4ae4,,,,
"",,,,,,,729760ca-1056-4f30-a249-1947476320af,,,,
"",,,,,,,91626339-6732-400b-942f-7bc29611f2f9,,,,
"",,,,,,,eb019985-d39c-4f78-916c-02b65372c1ae,,,,
"",,,,,,,b993e09d-2b3a-470c-8b30-52e36bfed9c6,,,,
"",,,,,,,c972e3a7-305a-4d3b-9da1-aa7036e936d8,,,,
"",,,,,,,0f02edf0-7e25-4af1-8183-ee964a514597,,,,
"",,,,,,,b2b126ef-7acd-492e-b50b-4ad8cc768849,,,,
"",,,,,,,2fc672d7-9f36-4334-9e61-cc59f35ea0a8,,,,
"",,,,,,,660c5c21-46e0-488f-9991-81bf5dad5c7e,,,,
"",,,,,,,28ff1a3d-cf2d-4e07-b083-5ac9c43fba46,,,,
"",,,,,,,686d3b8f-89c4-4f9e-a16d-db9a123cbeff,,,,
"",,,,,,,e9811e5a-c78a-407b-8a54-1652acd0b6ce,,,,
"",,,,,,,f9048a1f-7bd3-467f-b3ae-dba08633c03d,,,,
"",,,,,,,36269dfc-2950-4550-9adf-3b2be1648b62,,,,
"",,,,,,,7ba86377-bdd5-4fcd-9d90-59442b85ff24,,,,
"",,,,,,,22c8aaa3-68b9-4e7a-ac77-7e39b9c184a2,,,,
"",,,,,,,c53a73ce-ffdc-4de0-a6e9-77b581b94e17,,,,
"",,,,,,,54314368-0935-46b7-8cd8-ddaf81f81cd1,,,,
"",,,,,,,79220937-ab53-43a9-a07f-c3f288dcce81,,,,
"",,,,,,,a5b6da2e-ecc5-4211-a448-c903bc0d048a,,,,
"",,,,,,,ee199a4a-c9ae-46dc-b94f-3860aacf594c,,,,
"",,,,,,,0a9a66d3-1592-47a9-b4fa-d7c9b7dd8b08,,,,
"",,,,,,,17ae9273-0aa7-44de-84f6-27f995379496,,,,
"",,,,,,,adc152db-6ee1-487d-86d8-51a583f937c3,,,,
"",,,,,,,ea308c41-bece-440b-a9f4-7f53bb5af3c4,,,,
"",,,,,,,25dd26cf-2440-4301-b694-90c67af33b29,,,,
"",,,,,,,f604e6c1-d69f-4d57-b65b-28548d22ad0f,,,,
"",,,,,,,50ca6fc1-64a0-4350-a940-d45ba1b15d8a,,,,
"",,,,,,,c05ed848-738c-45c5-a4b4-8610cbe223eb,,,,
"",,,,,,,fac96e8b-67f6-447d-87a3-de74dd968449,,,,
alignment area,classification,,ffdd49b4-fdf5-4856-a453-f8be7be52292,Indicates that the category is part of the Industry Alignment Vocabulary area of the Knowledge Accelerator.,,,,2022-10-21 00:09:43,,,
