{"metadata":{"asset_id":"f805b3e6-fd37-4b38-a437-51ddff36a555","asset_attributes":["data_asset"],"name":"Conditions_Code_9_digits","asset_type":"data_asset","created_at":"2022-08-25T21:29:28Z","description":"output table of rule Code is 9-digits","origin_country":"us","owner_id":"icp4d-dev","project_id":"29652be5-eb31-46b0-84f0-d75aa42ff06a","size":0,"usage":{"last_update_time":1661462968490,"last_updated_at":"2022-08-25T21:29:28Z"}},"entity":{"data_asset":{"mime_type":"application/octet-stream","dataset":true,"columns":[],"properties":[]}},"attachments":[{"id":"f180a152-fb79-4597-ac6e-4aa581910dfc","version":2,"asset_type":"data_asset","name":"Conditions_Code_9_digits","connection_id":"b1b5dcd6-0333-4b0d-894e-9b4bc86ebe83","connection_path":"/DQ/Conditions_Code_9_digits","datasource_type":"8c1a4480-1c29-4b33-9086-9cb799d7b157","creator_id":"icp4d-dev","create_time":1661462968509,"size":0,"is_remote":true,"is_managed":false,"is_referenced":false,"is_object_key_read_only":false,"is_user_provided_path_key":true,"transfer_complete":true,"is_partitioned":false,"complete_time_ticks":1661462968509,"user_data":{},"test_doc":0,"usage":{"access_count":0,"last_accessor_id":"icp4d-dev","last_access_time":1661462968509}}]}