[{"metadata":{"asset_id":"4dd26e14-8ffb-4673-9999-6950468dd520","asset_type":"data_intg_flow","catalog_id":"a3cb7ef0-4d6b-4283-9243-b766bc200dbb","create_time":"2022-08-25T21:23:04.000Z","creator_id":"1000331008","name":"DataStage flow of data rule Code is 9-digits","origin_country":"us","size":18346,"project_id":"29652be5-eb31-46b0-84f0-d75aa42ff06a","resource_key":"29652be5-eb31-46b0-84f0-d75aa42ff06a/data_intg_flow/DataStage flow of data rule Code is 9-digits","usage":{"last_access_time":"2022-08-26T01:32:19.699Z","last_accessor_id":"1000331008","access_count":0}},"entity":{"data_intg_flow":{"mime_type":"application/json","dataset":false}},"attachments":[{"test_doc":0,"object_key":"data_intg_flow/29652be5-eb31-46b0-84f0-d75aa42ff06a4dd26e14-8ffb-4673-9999-6950468dd520","create_time":1661477535348,"complete_time_ticks":1661477535348,"mime":"application/json","usage":{"access_count":0,"last_accessor_id":"1000331008","last_access_time":1661477535348},"is_remote":false,"handle":{"max_part_num":1,"upload_id":"done","key":"data_intg_flow/29652be5-eb31-46b0-84f0-d75aa42ff06a4dd26e14-8ffb-4673-9999-6950468dd520"},"is_user_provided_path_key":true,"user_data":{},"version":2,"size":15296,"is_partitioned":false,"datasource_type":"81bafdbd-b7c6-45c5-a4fd-6ec135f66f4e","transfer_complete":true,"asset_type":"data_intg_flow","name":"data_intg_flows","creator_id":"1000331008","id":"a247cf16-09f3-4267-94e8-3bc2e0f4f4f5","is_referenced":true,"is_managed":false,"is_object_key_read_only":false},{"test_doc":0,"object_key":"data_intg_flow/29652be5-eb31-46b0-84f0-d75aa42ff06a4dd26e14-8ffb-4673-9999-6950468dd520px_executables","create_time":1661477539697,"complete_time_ticks":1661477539697,"mime":"application/octet-stream","usage":{"access_count":0,"last_accessor_id":"1000331008","last_access_time":1661477539697},"is_remote":false,"handle":{"max_part_num":1,"upload_id":"done","key":"data_intg_flow/29652be5-eb31-46b0-84f0-d75aa42ff06a4dd26e14-8ffb-4673-9999-6950468dd520px_executables"},"is_user_provided_path_key":true,"user_data":{},"version":2,"size":3050,"is_partitioned":false,"datasource_type":"81bafdbd-b7c6-45c5-a4fd-6ec135f66f4e","transfer_complete":true,"asset_type":"data_intg_flow","name":"px_executables","creator_id":"1000331008","id":"6f65a3b9-3408-456a-b49d-e7cb5279de18","is_referenced":true,"is_managed":false,"is_object_key_read_only":false}]}]