[{"metadata":{"asset_id":"4966a06a-855d-42de-9020-3327cc5e3fe3","asset_type":"data_intg_flow","catalog_id":"a3cb7ef0-4d6b-4283-9243-b766bc200dbb","create_time":"2022-08-25T13:50:14.000Z","creator_id":"1000331008","name":"DataStage flow of data rule Passport not missing","origin_country":"us","size":26410,"project_id":"29652be5-eb31-46b0-84f0-d75aa42ff06a","resource_key":"29652be5-eb31-46b0-84f0-d75aa42ff06a/data_intg_flow/DataStage flow of data rule Passport not missing","usage":{"last_access_time":"2022-08-25T17:40:47.327Z","last_accessor_id":"1000331009","access_count":0}},"entity":{"data_intg_flow":{"mime_type":"application/json","dataset":false}},"attachments":[{"test_doc":0,"object_key":"data_intg_flow/29652be5-eb31-46b0-84f0-d75aa42ff06a4966a06a-855d-42de-9020-3327cc5e3fe3","create_time":1661449243398,"complete_time_ticks":1661449243398,"mime":"application/json","usage":{"access_count":0,"last_accessor_id":"1000331009","last_access_time":1661449243398},"is_remote":false,"handle":{"max_part_num":1,"upload_id":"done","key":"data_intg_flow/29652be5-eb31-46b0-84f0-d75aa42ff06a4966a06a-855d-42de-9020-3327cc5e3fe3"},"is_user_provided_path_key":true,"user_data":{},"version":2,"size":23093,"is_partitioned":false,"datasource_type":"81bafdbd-b7c6-45c5-a4fd-6ec135f66f4e","transfer_complete":true,"asset_type":"data_intg_flow","name":"data_intg_flows","creator_id":"1000331009","id":"a96f1696-d915-4d90-b52d-ec196b72c2a4","is_referenced":true,"is_managed":false,"is_object_key_read_only":false},{"test_doc":0,"object_key":"data_intg_flow/29652be5-eb31-46b0-84f0-d75aa42ff06a4966a06a-855d-42de-9020-3327cc5e3fe3px_executables","create_time":1661449247326,"complete_time_ticks":1661449247326,"mime":"application/octet-stream","usage":{"access_count":0,"last_accessor_id":"1000331009","last_access_time":1661449247326},"is_remote":false,"handle":{"max_part_num":1,"upload_id":"done","key":"data_intg_flow/29652be5-eb31-46b0-84f0-d75aa42ff06a4966a06a-855d-42de-9020-3327cc5e3fe3px_executables"},"is_user_provided_path_key":true,"user_data":{},"version":2,"size":3317,"is_partitioned":false,"datasource_type":"81bafdbd-b7c6-45c5-a4fd-6ec135f66f4e","transfer_complete":true,"asset_type":"data_intg_flow","name":"px_executables","creator_id":"1000331009","id":"552fd968-c0a8-43a1-bdfe-b0bd2bd0430f","is_referenced":true,"is_managed":false,"is_object_key_read_only":false}]}]