{"metadata":{"asset_id":"ce7cc323-58e6-4fc2-97ec-c5b38a107172","asset_attributes":["data_rule_definition"],"name":"Not NULL","asset_type":"data_rule_definition","created_at":"2022-08-25T13:41:10Z","description":"Column should not be NULL","origin_country":"us","owner_id":"1000331008","project_id":"29652be5-eb31-46b0-84f0-d75aa42ff06a","size":0,"usage":{"last_update_time":1661434870665,"last_updated_at":"2022-08-25T13:41:10Z"}},"entity":{"data_rule_definition":{"expression":"x exists","dataQualityDimensionId":"371114cd-5516-4691-8b2e-1e66edf66486abc"}}}