{"metadata":{"asset_id":"1c7b07d8-964b-474e-b213-acd1947babca","asset_attributes":["data_asset"],"name":"Patient_Passport_Null","asset_type":"data_asset","created_at":"2022-08-25T16:32:00Z","description":"output table of rule Passport not missing","origin_country":"us","owner_id":"icp4d-dev","project_id":"29652be5-eb31-46b0-84f0-d75aa42ff06a","size":0,"usage":{"last_update_time":1661445120473,"last_updated_at":"2022-08-25T16:32:00Z"}},"entity":{"data_asset":{"mime_type":"application/octet-stream","dataset":true,"columns":[],"properties":[]}},"attachments":[{"id":"f396dd9c-2982-4384-86c9-99862845b36f","version":2,"asset_type":"data_asset","name":"Patient_Passport_Null","connection_id":"b1b5dcd6-0333-4b0d-894e-9b4bc86ebe83","connection_path":"/DQ/Patient_Passport_Null","datasource_type":"8c1a4480-1c29-4b33-9086-9cb799d7b157","creator_id":"icp4d-dev","create_time":1661445120491,"size":0,"is_remote":true,"is_managed":false,"is_referenced":false,"is_object_key_read_only":false,"is_user_provided_path_key":true,"transfer_complete":true,"is_partitioned":false,"complete_time_ticks":1661445120491,"user_data":{},"test_doc":0,"usage":{"access_count":0,"last_accessor_id":"icp4d-dev","last_access_time":1661445120491}}]}