{"metadata":{"asset_id":"5902dfae-2060-4a49-8018-26d82de939db","asset_attributes":["data_rule"],"name":"Stop Greater than Start","asset_type":"data_rule","created_at":"2022-08-25T20:58:52Z","description":"The stop date should be at least one day later than the start date","origin_country":"us","owner_id":"1000331008","project_id":"29652be5-eb31-46b0-84f0-d75aa42ff06a","size":0,"usage":{"last_update_time":1661462161616,"last_updated_at":"2022-08-25T21:16:01Z"}},"entity":{"data_rule":{"outputDefinition":{"columns":[{"name":"START","type":"COLUMN","sourceColumn":{"dataSetId":"6bb96700-f351-40a4-a589-9929eeeda16f","dataFieldId":"START","type":"COLUMN"}},{"name":"STOP","type":"COLUMN","sourceColumn":{"dataSetId":"6bb96700-f351-40a4-a589-9929eeeda16f","dataFieldId":"STOP","type":"COLUMN"}},{"name":"PATIENT","type":"COLUMN","sourceColumn":{"dataSetId":"6bb96700-f351-40a4-a589-9929eeeda16f","dataFieldId":"PATIENT","type":"COLUMN"}},{"metric":"EXECUTABLE_NAME","name":"Rule_name","type":"METRIC"},{"metric":"NB_PASSING_RULES","name":"Rule_met_or_not_met","type":"METRIC"}],"outputType":"FAILING_RECORDS","location":{"connectionId":"b1b5dcd6-0333-4b0d-894e-9b4bc86ebe83","properties":{"schema_name":"DQ","table_name":"Conditions_Stop_GT_Start"}},"outputOnlyDistinctRecords":false,"updateType":"OVERWRITE"},"boundExpression":"CONDITIONS.STOP >CONDITIONS.START and CONDITIONS.STOP exists ","isValid":true,"bindings":{"x":{"dataSetId":"6bb96700-f351-40a4-a589-9929eeeda16f","dataFieldId":"STOP","type":"COLUMN"},"y":{"dataSetId":"6bb96700-f351-40a4-a589-9929eeeda16f","dataFieldId":"START","type":"COLUMN"}},"dataQualityDimensionId":"ec453723-669c-48bb-82c1-11b69b3b8c93abc","dataRuleDefinitionId":"195fbe46-fd4d-4d52-bdac-07590bfda3a0","isManaged":false}}}