[{"metadata":{"asset_id":"caaa64ed-3536-45ab-8151-438150a3d5d3","asset_type":"data_intg_flow","catalog_id":"a3cb7ef0-4d6b-4283-9243-b766bc200dbb","create_time":"2022-08-25T20:59:03.000Z","creator_id":"1000331008","name":"DataStage flow of data rule Stop Greater than Start","origin_country":"us","size":20539,"project_id":"29652be5-eb31-46b0-84f0-d75aa42ff06a","resource_key":"29652be5-eb31-46b0-84f0-d75aa42ff06a/data_intg_flow/DataStage flow of data rule Stop Greater than Start","usage":{"last_access_time":"2022-08-25T21:03:07.971Z","last_accessor_id":"1000331008","access_count":0}},"entity":{"data_intg_flow":{"mime_type":"application/json","dataset":false}},"attachments":[{"test_doc":0,"object_key":"data_intg_flow/29652be5-eb31-46b0-84f0-d75aa42ff06acaaa64ed-3536-45ab-8151-438150a3d5d3","create_time":1661461381561,"complete_time_ticks":1661461381561,"mime":"application/json","usage":{"access_count":0,"last_accessor_id":"1000331008","last_access_time":1661461381561},"is_remote":false,"handle":{"max_part_num":1,"upload_id":"done","key":"data_intg_flow/29652be5-eb31-46b0-84f0-d75aa42ff06acaaa64ed-3536-45ab-8151-438150a3d5d3"},"is_user_provided_path_key":true,"user_data":{},"version":2,"size":17411,"is_partitioned":false,"datasource_type":"81bafdbd-b7c6-45c5-a4fd-6ec135f66f4e","transfer_complete":true,"asset_type":"data_intg_flow","name":"data_intg_flows","creator_id":"1000331008","id":"961ea9ba-5215-4608-8ff7-023a55adfaaf","is_referenced":true,"is_managed":false,"is_object_key_read_only":false},{"test_doc":0,"object_key":"data_intg_flow/29652be5-eb31-46b0-84f0-d75aa42ff06acaaa64ed-3536-45ab-8151-438150a3d5d3px_executables","create_time":1661461387970,"complete_time_ticks":1661461387970,"mime":"application/octet-stream","usage":{"access_count":0,"last_accessor_id":"1000331008","last_access_time":1661461387970},"is_remote":false,"handle":{"max_part_num":1,"upload_id":"done","key":"data_intg_flow/29652be5-eb31-46b0-84f0-d75aa42ff06acaaa64ed-3536-45ab-8151-438150a3d5d3px_executables"},"is_user_provided_path_key":true,"user_data":{},"version":2,"size":3128,"is_partitioned":false,"datasource_type":"81bafdbd-b7c6-45c5-a4fd-6ec135f66f4e","transfer_complete":true,"asset_type":"data_intg_flow","name":"px_executables","creator_id":"1000331008","id":"68cc367e-e7dc-4f1c-a321-3ddb7f1ad226","is_referenced":true,"is_managed":false,"is_object_key_read_only":false}]}]