{"metadata":{"asset_id":"617809f0-f691-418a-8f90-428e0202355e","asset_attributes":["job"],"name":"DataStage flow of data rule Passport not missing.DataStage job","asset_type":"job","created_at":"2022-08-25T13:50:44Z","origin_country":"us","owner_id":"1000331008","project_id":"29652be5-eb31-46b0-84f0-d75aa42ff06a","size":0,"usage":{"last_update_time":1661435444337,"last_updated_at":"2022-08-25T13:50:44Z"}},"entity":{"job":{"asset_ref_type":"data_intg_flow","configuration":{"flow_limits":{"warn_limit":100},"job_parameters":[],"env_variables":[],"env_type":""},"last_run_initiator":"None","last_run_time":"","last_run_status":"None","last_run_status_timestamp":0,"future_scheduled_runs":[],"enable_notifications":true,"project_name":"Demo - CHPW","asset_ref":"4966a06a-855d-42de-9020-3327cc5e3fe3","schedule_id":"","schedule_creator_id":""}}}