{"metadata":{"asset_id":"75e327c4-0895-4c2a-a4fa-736fe2ba2e9b","asset_attributes":["job"],"name":"CHP DQ Import_publish_job","asset_type":"job","created_at":"2022-08-25T17:48:19Z","origin_country":"us","owner_id":"1000331009","project_id":"29652be5-eb31-46b0-84f0-d75aa42ff06a","size":0,"usage":{"last_update_time":1661449699140,"last_updated_at":"2022-08-25T17:48:19Z"}},"entity":{"job":{"asset_ref_type":"metadata_enrichment_area_publish","configuration":{"metadata_enrichment_area_id":"66e4fd5d-c2a2-4092-9fe0-b78ed0f89ca3","env_type":"metadata_enrichment_area_publish","env_variables":[]},"last_run_initiator":"None","last_run_time":"","last_run_status":"None","last_run_status_timestamp":0,"future_scheduled_runs":[],"enable_notifications":true,"project_name":"CHPW Data Governance","schedule_id":"","schedule_creator_id":""}}}