{"metadata":{"asset_id":"ddc61761-5191-49b6-a767-80e6d47103d1","asset_attributes":["job_run"],"name":"job run","asset_type":"job_run","created_at":"2022-08-25T21:23:30Z","origin_country":"us","owner_id":"1000331008","project_id":"29652be5-eb31-46b0-84f0-d75aa42ff06a","size":0,"usage":{"last_update_time":1661462660055,"last_updated_at":"2022-08-25T21:24:20Z"}},"entity":{"job_run":{"job_ref":"92ad0344-149d-4514-8a5d-2ade1ff9035a","job_name":"DataStage flow of data rule Code is 9-digits.DataStage job","job_type":"data_intg_flow","state":"CompletedWithWarnings","isScheduledRun":false,"configuration":{"flow_limits":{"warn_limit":100},"job_parameters":[],"env_variables":["HARDWARE_SPECIFICATION={'datastage':{'compute':{'mem':{'size':'12Gi'},'cpu':{'model':'','units':'3'}},'num_conductors':1,'instance':'ds-px-default','num_computes':2,'conductor':{'mem':{'size':'4Gi'},'cpu':{'model':'','units':'1'}}},'built_in':false}","instance_id=ds-px-default","instance_location=https://datastage-ibm-datastage-ds-nginx.cpd.svc"],"env_type":"","metrics":{"stage_metrics":[{"rows_read":68,"rows_written":2,"stage_name":".DataRuleOperator","state":"finished"},{"rows_read":0,"rows_written":68,"stage_name":"Snowflake","state":"finished"},{"rows_read":68,"rows_written":68,"stage_name":"Modify","state":"finished"},{"rows_read":2,"rows_written":0,"stage_name":".DataRuleSaveResultOperator","state":"finished"}],"link_metrics":[{"start_time":"2022-08-25 21:24:07","rows_read":68,"rows_written":68,"stop_time":"2022-08-25 21:24:18","source":"Modify","state":"finished","link_name":"link_0002","dest":".DataRuleOperator"},{"start_time":"2022-08-25 21:24:07","rows_read":2,"rows_written":2,"stop_time":"2022-08-25 21:24:18","source":".DataRuleOperator","state":"finished","link_name":"link_0003","dest":".DataRuleSaveResultOperator"},{"start_time":"2022-08-25 21:24:07","rows_read":68,"rows_written":68,"stop_time":"2022-08-25 21:24:18","source":"Snowflake","state":"finished","link_name":"link_0001","dest":"Modify"}]},"userStatus":""},"project_name":"CHPW Data Governance","runtime_job_id":"ddc61761-5191-49b6-a767-80e6d47103d1","duration":35,"last_state_change_timestamp":"2022-08-25T21:24:19Z"}},"attachments":[{"id":"cb6534fd-0de5-4315-8c8c-b7ffb030327c","version":2,"asset_type":"job_run","name":"ddc61761-5191-49b6-a767-80e6d47103d1","description":"log for job run ddc61761-5191-49b6-a767-80e6d47103d1","mime":"application/json","datasource_type":"81bafdbd-b7c6-45c5-a4fd-6ec135f66f4e","object_key":"job_run/log/ddc61761-5191-49b6-a767-80e6d47103d1","creator_id":"icp4d-dev","create_time":1661462659914,"size":0,"is_remote":false,"is_managed":false,"is_referenced":true,"is_object_key_read_only":false,"is_user_provided_path_key":true,"transfer_complete":true,"is_partitioned":true,"complete_time_ticks":1661462659914,"user_data":{},"test_doc":0,"handle":{"key":"job_run/log/ddc61761-5191-49b6-a767-80e6d47103d1","upload_id":"done","max_part_num":1},"usage":{"access_count":0,"last_accessor_id":"icp4d-dev","last_access_time":1661462659914}}]}