{"metadata":{"asset_id":"2b026273-f246-495e-9d1a-e2d756022e7f","asset_attributes":["job_run"],"name":"job run","asset_type":"job_run","created_at":"2022-08-25T17:40:49Z","origin_country":"us","owner_id":"1000331009","project_id":"29652be5-eb31-46b0-84f0-d75aa42ff06a","size":0,"usage":{"last_update_time":1661449305059,"last_updated_at":"2022-08-25T17:41:45Z"}},"entity":{"job_run":{"job_ref":"617809f0-f691-418a-8f90-428e0202355e","job_name":"DataStage flow of data rule Passport not missing.DataStage job","job_type":"data_intg_flow","state":"CompletedWithWarnings","isScheduledRun":false,"configuration":{"flow_limits":{"warn_limit":100},"job_parameters":[],"env_variables":["HARDWARE_SPECIFICATION={'datastage':{'compute':{'mem':{'size':'12Gi'},'cpu':{'model':'','units':'3'}},'num_conductors':1,'instance':'ds-px-default','num_computes':2,'conductor':{'mem':{'size':'4Gi'},'cpu':{'model':'','units':'1'}}},'built_in':false}","instance_id=ds-px-default","instance_location=https://datastage-ibm-datastage-ds-nginx.cpd.svc"],"env_type":"","metrics":{"stage_metrics":[{"rows_read":5,"rows_written":3,"stage_name":".DataRuleOperator","state":"finished"},{"rows_read":0,"rows_written":1,"stage_name":"Funnel","state":"finished"},{"rows_read":5,"rows_written":5,"stage_name":"Column_Generator","state":"finished"},{"rows_read":1,"rows_written":0,"stage_name":"Db2","state":"finished"},{"rows_read":0,"rows_written":5,"stage_name":"Snowflake","state":"finished"},{"rows_read":5,"rows_written":5,"stage_name":"Modify","state":"finished"},{"rows_read":2,"rows_written":0,"stage_name":".DataRuleSaveResultOperator","state":"finished"}],"link_metrics":[{"start_time":"2022-08-25 17:41:24","rows_read":5,"rows_written":5,"stop_time":"2022-08-25 17:41:41","source":"Column_Generator","state":"finished","link_name":"link_0003","dest":".DataRuleOperator"},{"start_time":"2022-08-25 17:41:24","rows_read":2,"rows_written":2,"stop_time":"2022-08-25 17:41:41","source":".DataRuleOperator","state":"finished","link_name":"link_0004","dest":".DataRuleSaveResultOperator"},{"start_time":"2022-08-25 17:41:24","rows_read":0,"rows_written":1,"stop_time":"2022-08-25 17:41:41","source":".DataRuleOperator","state":"finished","link_name":"link_0005"},{"start_time":"2022-08-25 17:41:24","rows_read":0,"rows_written":0,"stop_time":"2022-08-25 17:41:41","source":".DataRuleOperator","state":"finished","link_name":"link_0006"},{"start_time":"2022-08-25 17:41:24","rows_read":1,"rows_written":1,"stop_time":"2022-08-25 17:41:42","source":"Funnel","state":"finished","link_name":"link_0007","dest":"Db2"},{"start_time":"2022-08-25 17:41:24","rows_read":5,"rows_written":5,"stop_time":"2022-08-25 17:41:41","source":"Modify","state":"finished","link_name":"link_0002","dest":"Column_Generator"},{"start_time":"2022-08-25 17:41:24","rows_read":5,"rows_written":5,"stop_time":"2022-08-25 17:41:41","source":"Snowflake","state":"finished","link_name":"link_0001","dest":"Modify"}]},"userStatus":""},"project_name":"CHPW Data Governance","runtime_job_id":"2b026273-f246-495e-9d1a-e2d756022e7f","duration":48,"last_state_change_timestamp":"2022-08-25T17:41:44Z"}},"attachments":[{"id":"3038a7ac-f859-4b15-8721-de5ead112467","version":2,"asset_type":"job_run","name":"2b026273-f246-495e-9d1a-e2d756022e7f","description":"log for job run 2b026273-f246-495e-9d1a-e2d756022e7f","mime":"application/json","datasource_type":"81bafdbd-b7c6-45c5-a4fd-6ec135f66f4e","object_key":"job_run/log/2b026273-f246-495e-9d1a-e2d756022e7f","creator_id":"icp4d-dev","create_time":1661449304932,"size":0,"is_remote":false,"is_managed":false,"is_referenced":true,"is_object_key_read_only":false,"is_user_provided_path_key":true,"transfer_complete":true,"is_partitioned":true,"complete_time_ticks":1661449304932,"user_data":{},"test_doc":0,"handle":{"key":"job_run/log/2b026273-f246-495e-9d1a-e2d756022e7f","upload_id":"done","max_part_num":1},"usage":{"access_count":0,"last_accessor_id":"icp4d-dev","last_access_time":1661449304932}}]}