{"metadata":{"asset_id":"613c1584-6eb9-483a-8610-9887680b3335","asset_attributes":["job_run"],"name":"job run","asset_type":"job_run","created_at":"2022-08-25T16:04:10Z","origin_country":"us","owner_id":"1000331008","project_id":"29652be5-eb31-46b0-84f0-d75aa42ff06a","size":0,"usage":{"last_update_time":1661443489466,"last_updated_at":"2022-08-25T16:04:49Z"}},"entity":{"job_run":{"job_ref":"617809f0-f691-418a-8f90-428e0202355e","job_name":"DataStage flow of data rule Passport not missing.DataStage job","job_type":"data_intg_flow","state":"Failed","isScheduledRun":false,"configuration":{"flow_limits":{"warn_limit":100},"job_parameters":[],"env_variables":["HARDWARE_SPECIFICATION={'datastage':{'compute':{'mem':{'size':'12Gi'},'cpu':{'model':'','units':'3'}},'num_conductors':1,'instance':'ds-px-default','num_computes':2,'conductor':{'mem':{'size':'4Gi'},'cpu':{'model':'','units':'1'}}},'built_in':false}","instance_id=ds-px-default","instance_location=https://datastage-ibm-datastage-ds-nginx.cpd.svc"],"env_type":"","metrics":{"stage_metrics":[],"link_metrics":[]},"userStatus":""},"project_name":"Demo - CHPW","runtime_job_id":"613c1584-6eb9-483a-8610-9887680b3335","duration":25,"last_state_change_timestamp":"2022-08-25T16:04:49Z"}},"attachments":[{"id":"fa1fc442-8486-43d5-a4f0-0989e3dcd317","version":2,"asset_type":"job_run","name":"613c1584-6eb9-483a-8610-9887680b3335","description":"log for job run 613c1584-6eb9-483a-8610-9887680b3335","mime":"application/json","datasource_type":"81bafdbd-b7c6-45c5-a4fd-6ec135f66f4e","object_key":"job_run/log/613c1584-6eb9-483a-8610-9887680b3335","creator_id":"icp4d-dev","create_time":1661443489371,"size":0,"is_remote":false,"is_managed":false,"is_referenced":true,"is_object_key_read_only":false,"is_user_provided_path_key":true,"transfer_complete":true,"is_partitioned":true,"complete_time_ticks":1661443489371,"user_data":{},"test_doc":0,"handle":{"key":"job_run/log/613c1584-6eb9-483a-8610-9887680b3335","upload_id":"done","max_part_num":1},"usage":{"access_count":0,"last_accessor_id":"icp4d-dev","last_access_time":1661443489371}}]}