{"metadata":{"asset_id":"9a05fa5d-95ed-4f20-9d9b-44e837088526","asset_attributes":["job_run"],"name":"job run","asset_type":"job_run","created_at":"2022-08-25T21:03:12Z","origin_country":"us","owner_id":"1000331008","project_id":"29652be5-eb31-46b0-84f0-d75aa42ff06a","size":0,"usage":{"last_update_time":1661461451574,"last_updated_at":"2022-08-25T21:04:11Z"}},"entity":{"job_run":{"job_ref":"03999797-a47d-4db8-a707-4966f2cd24a1","job_name":"DataStage flow of data rule Stop Greater than Start.DataStage job","job_type":"data_intg_flow","state":"CompletedWithWarnings","isScheduledRun":false,"configuration":{"flow_limits":{"warn_limit":100},"job_parameters":[],"env_variables":["HARDWARE_SPECIFICATION={'datastage':{'compute':{'mem':{'size':'12Gi'},'cpu':{'model':'','units':'3'}},'num_conductors':1,'instance':'ds-px-default','num_computes':2,'conductor':{'mem':{'size':'4Gi'},'cpu':{'model':'','units':'1'}}},'built_in':false}","instance_id=ds-px-default","instance_location=https://datastage-ibm-datastage-ds-nginx.cpd.svc"],"env_type":"","metrics":{"stage_metrics":[{"rows_read":68,"rows_written":37,"stage_name":".DataRuleOperator","state":"finished"},{"rows_read":0,"rows_written":35,"stage_name":"Funnel","state":"finished"},{"rows_read":68,"rows_written":68,"stage_name":"Column_Generator","state":"finished"},{"rows_read":0,"rows_written":68,"stage_name":"Snowflake","state":"finished"},{"rows_read":35,"rows_written":0,"stage_name":"IBM_Db2","state":"finished"},{"rows_read":68,"rows_written":68,"stage_name":"Modify","state":"finished"},{"rows_read":2,"rows_written":0,"stage_name":".DataRuleSaveResultOperator","state":"finished"}],"link_metrics":[{"start_time":"2022-08-25 21:03:48","rows_read":68,"rows_written":68,"stop_time":"2022-08-25 21:04:06","source":"Column_Generator","state":"finished","link_name":"link_0003","dest":".DataRuleOperator"},{"start_time":"2022-08-25 21:03:48","rows_read":2,"rows_written":2,"stop_time":"2022-08-25 21:04:06","source":".DataRuleOperator","state":"finished","link_name":"link_0004","dest":".DataRuleSaveResultOperator"},{"start_time":"2022-08-25 21:03:48","rows_read":0,"rows_written":35,"stop_time":"2022-08-25 21:04:06","source":".DataRuleOperator","state":"finished","link_name":"link_0005"},{"start_time":"2022-08-25 21:03:48","rows_read":0,"rows_written":0,"stop_time":"2022-08-25 21:04:06","source":".DataRuleOperator","state":"finished","link_name":"link_0006"},{"start_time":"2022-08-25 21:03:48","rows_read":35,"rows_written":35,"stop_time":"2022-08-25 21:04:09","source":"Funnel","state":"finished","link_name":"link_0007","dest":"IBM_Db2"},{"start_time":"2022-08-25 21:03:48","rows_read":68,"rows_written":68,"stop_time":"2022-08-25 21:04:06","source":"Modify","state":"finished","link_name":"link_0002","dest":"Column_Generator"},{"start_time":"2022-08-25 21:03:48","rows_read":68,"rows_written":68,"stop_time":"2022-08-25 21:04:06","source":"Snowflake","state":"finished","link_name":"link_0001","dest":"Modify"}]},"userStatus":""},"project_name":"CHPW Data Governance","runtime_job_id":"9a05fa5d-95ed-4f20-9d9b-44e837088526","duration":48,"last_state_change_timestamp":"2022-08-25T21:04:11Z"}},"attachments":[{"id":"dd19a630-92be-4837-aafd-70217eaa3dc3","version":2,"asset_type":"job_run","name":"9a05fa5d-95ed-4f20-9d9b-44e837088526","description":"log for job run 9a05fa5d-95ed-4f20-9d9b-44e837088526","mime":"application/json","datasource_type":"81bafdbd-b7c6-45c5-a4fd-6ec135f66f4e","object_key":"job_run/log/9a05fa5d-95ed-4f20-9d9b-44e837088526","creator_id":"icp4d-dev","create_time":1661461451320,"size":0,"is_remote":false,"is_managed":false,"is_referenced":true,"is_object_key_read_only":false,"is_user_provided_path_key":true,"transfer_complete":true,"is_partitioned":true,"complete_time_ticks":1661461451320,"user_data":{},"test_doc":0,"handle":{"key":"job_run/log/9a05fa5d-95ed-4f20-9d9b-44e837088526","upload_id":"done","max_part_num":1},"usage":{"access_count":0,"last_accessor_id":"icp4d-dev","last_access_time":1661461451320}}]}