{"metadata":{"asset_id":"66e4fd5d-c2a2-4092-9fe0-b78ed0f89ca3","asset_attributes":["metadata_enrichment_area"],"name":"CHP DQ Import","asset_type":"metadata_enrichment_area","created_at":"2022-08-24T22:20:16Z","description":"","origin_country":"us","owner_id":"1000331008","project_id":"29652be5-eb31-46b0-84f0-d75aa42ff06a","size":0,"tags":["chp"],"usage":{"last_update_time":1661449699321,"last_updated_at":"2022-08-25T17:48:19Z"}},"entity":{"metadata_enrichment_area":{"description":"","name":"CHP DQ Import","job":{"name":"CHP DQ Import","id":"1e68b0d4-6922-4f88-9b6d-ee379dac6574"},"objective":{"enrichment_options":{"structured":{"profile":true,"assign_terms":true,"analyze_quality":true}},"governance_scope":[{"type":"CATEGORY","id":"0932a62f-1b32-48d2-8180-c9e02ebde98b"}],"sampling":{"structured":{"method":"TOP","sample_size":{"name":"COMPREHENSIVE","options":{"row_number":100000}}}},"datascope_of_reruns":"ALL"},"status":"READY","publish_job":{"id":"75e327c4-0895-4c2a-a4fa-736fe2ba2e9b"}}},"attachments":[]}