Name,Artifact Type,Category,Artifact ID,Description,Tags,Stewards
Déclaration Sinistre Auto,category,,50b175d3-0da7-4909-95ac-3475292f4950,Cette catégorie contient l'ensemble des termes utilisés dans le project de prédiction de fraude sur les déclarations de sinistre assurance auto.,,
Contrat,category,50b175d3-0da7-4909-95ac-3475292f4950,4983e072-0af1-4d51-9f8b-fce68a583b12,,,
Client,category,50b175d3-0da7-4909-95ac-3475292f4950,5cb046b1-0788-4025-a4fa-ce26d5f3a7b5,,,
Sinistre,category,50b175d3-0da7-4909-95ac-3475292f4950,d67b2cf6-9b59-4488-8f5c-05f1324f5ff0,,,
Garantie,category,50b175d3-0da7-4909-95ac-3475292f4950,decb8189-a39b-4d34-ba7f-ef9e3c6ac59f,,,
Donnees Personnelles,category,,a2b8754d-bac1-405e-94c0-489e0251fb2e,"Les donnees personnelles designent les informations qui permettent d'identifier une personne : Civilite, Nom, Prenom, Adresse postale, Numero de telephone, Fax, Adresse electronique.",RGPD,
Etat Civil,category,a2b8754d-bac1-405e-94c0-489e0251fb2e,3893a4c8-0d22-4d42-895e-9a8d20c5f7da,"L'etat civil sont les informations qui permettent d'identifier une personne: noms, date de naissance, lieu de naissance",RGPD,
Informations de Contact,category,a2b8754d-bac1-405e-94c0-489e0251fb2e,4c5b07cf-a894-4a57-a952-047b12cae8e8,"Les informations de contact sont les informations qui permettent de contacter une personne: numero de telephone, adresse postale ou adresse electronique.",RGPD,
Location,category,,c282921b-e751-4ae9-9d51-fad5accf0ce2,,,
Banking,category,,acdf4553-facd-420c-8e44-e50bfe949c51,,,
Locations,category,,eebd338d-dbd5-37e4-9e4a-1296de82963a,Locations Category (LC) is defined as parent for locations reference datasets.,,
