{"metadata":{"asset_id":"df057f91-87c6-41d3-9706-0367ccdbbcae","asset_attributes":["data_asset"],"name":"iris.csv","asset_type":"data_asset","created_at":"2022-10-03T14:31:16Z","origin_country":"us","owner_id":"1000330999","project_id":"5aa48f99-ccfe-41dd-9df8-6b013f9d5a11","size":3976,"usage":{"last_update_time":1664807476056,"last_updated_at":"2022-10-03T14:31:16Z"}},"entity":{"data_asset":{"mime_type":"text/csv","dataset":false}},"attachments":[{"id":"666a44c8-23a8-4bae-9c60-9ace1d841396","version":2,"asset_type":"data_asset","name":"iris.csv","mime":"text/csv","datasource_type":"81bafdbd-b7c6-45c5-a4fd-6ec135f66f4e","object_key":"data_asset/iris.csv","creator_id":"1000330999","create_time":1664807476098,"size":3976,"is_remote":false,"is_managed":false,"is_referenced":true,"is_object_key_read_only":true,"is_user_provided_path_key":true,"transfer_complete":true,"is_partitioned":false,"complete_time_ticks":1664807476098,"user_data":{},"test_doc":0,"handle":{"key":"data_asset/iris.csv","upload_id":"done","max_part_num":1},"usage":{"access_count":0,"last_accessor_id":"1000330999","last_access_time":1664807476098}}]}