{"metadata":{"asset_id":"f915ccd9-60d6-4267-8bee-8df8119c5964","asset_attributes":["data_asset"],"name":"CIO End to End Client Experience - Partner Ecosystem - TechZone Demo Manager.xlsx","asset_type":"data_asset","created_at":"2023-09-25T14:05:30Z","origin_country":"us","owner_id":"1000330999","project_id":"fcabed6a-207a-4089-a355-bb10847eabe5","size":115495,"usage":{"last_update_time":1695650730156,"last_updated_at":"2023-09-25T14:05:30Z"}},"entity":{"data_asset":{"mime_type":"application/vnd.openxmlformats-officedocument.spreadsheetml.sheet","dataset":false}},"attachments":[{"id":"537d6aff-bbb2-49fb-9991-bd11dd6bb38c","version":2,"asset_type":"data_asset","name":"CIO End to End Client Experience - Partner Ecosystem - TechZone Demo Manager.xlsx","mime":"application/vnd.openxmlformats-officedocument.spreadsheetml.sheet","datasource_type":"81bafdbd-b7c6-45c5-a4fd-6ec135f66f4e","object_key":"data_asset/CIO End to End Client Experience - Partner Ecosystem - TechZone Demo Manager.xlsx","creator_id":"1000330999","create_time":1695650730210,"size":115495,"is_remote":false,"is_managed":false,"is_referenced":true,"is_object_key_read_only":true,"is_user_provided_path_key":true,"transfer_complete":true,"is_partitioned":false,"complete_time_ticks":1695650730210,"user_data":{},"test_doc":0,"handle":{"type":"assetfiles","key":"data_asset/CIO End to End Client Experience - Partner Ecosystem - TechZone Demo Manager.xlsx","upload_id":"done","max_part_num":1},"usage":{"access_count":0,"last_accessor_id":"1000330999","last_access_time":1695650730210}}]}