{"metadata":{"asset_id":"ce5d5c85-5174-430a-a93e-b421a6445318","asset_attributes":["data_asset"],"name":"Crop_recommendation.csv","asset_type":"data_asset","created_at":"2022-05-24T09:31:09Z","description":"","origin_country":"us","owner_id":"1000330999","project_id":"ef444213-9bac-4d17-a00c-ef3106cbe6e4","size":150034,"tags":[],"usage":{"last_update_time":1653384670735,"last_updated_at":"2022-05-24T09:31:10Z"}},"entity":{"data_asset":{"mime_type":"text/csv","dataset":false}},"attachments":[{"id":"ab92e0b2-74d5-42c1-8220-05e668c466f4","version":2,"asset_type":"data_asset","name":"Crop_recommendation.csv","mime":"text/csv","datasource_type":"81bafdbd-b7c6-45c5-a4fd-6ec135f66f4e","object_key":"data_asset/Crop_recommendation.csv","creator_id":"1000330999","create_time":1653384670733,"size":150034,"is_remote":false,"is_managed":false,"is_referenced":true,"is_object_key_read_only":true,"is_user_provided_path_key":true,"transfer_complete":true,"is_partitioned":false,"complete_time_ticks":1653384670733,"user_data":{},"test_doc":0,"handle":{"key":"data_asset/Crop_recommendation.csv","upload_id":"done","max_part_num":1},"usage":{"access_count":0,"last_accessor_id":"1000330999","last_access_time":1653384670733}}]}