Name,Artifact Type,Category,Artifact ID,Description,Tags,Stewards,Related Terms,Business Start,Business End,Parent Classification,Secondary Categories
Personally Identifiable Information,classification,,21603d78-fa9d-4eb6-9ad6-8255d3a44f5b,Personally identifiable information (PII) is defined as any data that could potentially identify a specific individual. Any information that can be used to distinguish one person from another can be considered PII.,,,,,,,
Confidential,classification,,4f69539f-3e65-4706-b68f-ebc672d8ea28,"Confidential data is data that if compromised in some form, is likely to result in significant and/or long-term harm to the institution and/or individuals whose data it is. Access to confidential information is restricted to those who have a legitimate purpose for accessing such information.",,,,,,,
Personal Information,classification,,5afc509f-fe37-46a4-8eb5-378e177431d3,"Personal Information (PI) is defined as any data relating to an identified or identifiable individual. PI includes both identifiers, such as someone's name or employee serial number, as well as any personal information that can be reasonably associated with an individual, such as age, profession, preferences, net worth or mobile device location.",,,,,,,
Sensitive Personal Information,classification,,cc4b2491-c8e2-4b20-a64a-a517e5c1de88,Sensitive personal data is defined as personal data consisting of information relating to an individual with regard to racial or ethnic origin; political opinions; religious beliefs or other beliefs of a similar nature; trade union membership; physical or mental health or condition; sexual life; or any criminal or alleged criminal history of a person.,,,,,,,
