{"metadata":{"asset_id":"973d577f-35f7-4243-9978-9a8e6df21a3e","asset_attributes":["data_asset"],"name":"curryplayer.csv","asset_type":"data_asset","created_at":"2022-07-14T13:12:42Z","origin_country":"us","owner_id":"1000330999","project_id":"81c14761-5d61-478d-a46a-aea30882a1dd","size":938,"usage":{"last_update_time":1657804362616,"last_updated_at":"2022-07-14T13:12:42Z"}},"entity":{"data_asset":{"mime_type":"text/csv","dataset":false}},"attachments":[{"id":"518859b0-c140-487d-98c3-c37541433305","version":2,"asset_type":"data_asset","name":"curryplayer.csv","mime":"text/csv","datasource_type":"81bafdbd-b7c6-45c5-a4fd-6ec135f66f4e","object_key":"data_asset/curryplayer.csv","creator_id":"1000330999","create_time":1657804362634,"size":938,"is_remote":false,"is_managed":false,"is_referenced":true,"is_object_key_read_only":true,"is_user_provided_path_key":true,"transfer_complete":true,"is_partitioned":false,"complete_time_ticks":1657804362634,"user_data":{},"test_doc":0,"handle":{"key":"data_asset/curryplayer.csv","upload_id":"done","max_part_num":1},"usage":{"access_count":0,"last_accessor_id":"1000330999","last_access_time":1657804362634}}]}