{"metadata":{"asset_id":"ad9a41af-e072-431e-ae0d-bf1ed65f6705","asset_attributes":["data_flow"],"name":"profiling_723a700c-83fe-4f57-befd-c372db1e6f5b","asset_type":"data_flow","created_at":"2022-05-29T15:02:57Z","description":"Profiling DataFlow.","origin_country":"us","owner_id":"1000331001","project_id":"e80b2637-53b7-4ecd-b95e-82f2fa25edcb","size":0,"tags":[],"usage":{"last_update_time":1653836577203,"last_updated_at":"2022-05-29T15:02:57Z"}},"entity":{"data_flow":{"pipeline":{"primary_pipeline":"pipeline1","pipelines":[{"nodes":[{"output":{"id":"source1Output"},"data_asset":{"ref":"b457a4a2-8c8b-42a0-bf8e-be6e561083cb","properties":{"row_limit":"5000"}},"id":"source1","type":"binding"},{"outputs":[{"links":[],"id":"outputPort1"}],"op":"com.ibm.wdp.transformer.DataQualityTransformer","inputs":[{"links":[{"node_id_ref":"source1","port_id_ref":"source1Output"}],"id":"inputPort1"}],"id":"operation1","type":"execution_node","parameters":{"GATEWAY_URL":"https://internal-nginx-svc.cpd-instance.svc:12443","DATASET_OPTIONS":{"max_numeric_stats_bins":100,"profile_mode":"batch","max_row_count":"5000","classification_options":{"custom_class_codes":[],"use_all_ibm_classes":true,"disabled":false,"ibm_class_codes":[],"use_all_custom_classes":true},"max_distribution_size":100,"disable_profiling":false}}},{"input":{"link":{"node_id_ref":"operation1","port_id_ref":"outputPort1"},"id":"target1Input"},"connection":{"ref":"5dc18730-5ba8-4b59-b06b-ad8c25355036","properties":{"file_name":"data_profile_723a700c-83fe-4f57-befd-c372db1e6f5b","quote_character":"none","encoding":"UTF-8","escape_character":"none","field_delimiter":"tab","file_format":"delimited"}},"id":"target1","type":"binding"}],"runtime":"Spark","id":"pipeline1","app_data":{"profile_id":"723a700c-83fe-4f57-befd-c372db1e6f5b","asset_id":"b457a4a2-8c8b-42a0-bf8e-be6e561083cb","operation":"CREATE_DATA_PROFILE"}}],"schemas":[],"doc_type":"pipeline","id":"06530d68-5148-46e0-8b33-0517d723e46f","app_data":{"skip_lineage_handling":true},"version":"1.0"},"sub_type":"profiling","_entity_only":true}}}