[{"metadata":{"asset_id":"b5fcc25e-7742-4ab3-ad70-08311888bd30","asset_type":"data_intg_flow","catalog_id":"41dff906-8682-4a8f-b33d-9acc4d2774c7","create_time":"2022-05-28T01:53:53.000Z","creator_id":"1000331002","name":"AVI North America","origin_country":"us","size":61078,"project_id":"e80b2637-53b7-4ecd-b95e-82f2fa25edcb","resource_key":"e80b2637-53b7-4ecd-b95e-82f2fa25edcb/data_intg_flow/AVI North America","description":"","tags":[],"usage":{"last_access_time":"2022-06-01T16:30:22.506Z","last_accessor_id":"1000331003","access_count":0}},"entity":{"data_intg_flow":{"mime_type":"application/json","dataset":false}},"attachments":[{"test_doc":0,"object_key":"data_intg_flow/e80b2637-53b7-4ecd-b95e-82f2fa25edcbb5fcc25e-7742-4ab3-ad70-08311888bd30px_executables","create_time":1654031114281,"complete_time_ticks":1654031114281,"mime":"application/octet-stream","usage":{"access_count":0,"last_accessor_id":"1000331003","last_access_time":1654031114281},"is_remote":false,"handle":{"max_part_num":1,"upload_id":"done","key":"data_intg_flow/e80b2637-53b7-4ecd-b95e-82f2fa25edcbb5fcc25e-7742-4ab3-ad70-08311888bd30px_executables"},"is_user_provided_path_key":true,"user_data":{},"version":2,"size":4026,"is_partitioned":false,"datasource_type":"81bafdbd-b7c6-45c5-a4fd-6ec135f66f4e","transfer_complete":true,"asset_type":"data_intg_flow","name":"px_executables","creator_id":"1000331003","id":"2bb8c45c-ecee-444d-9cd2-9afe325e0f5f","is_referenced":true,"is_managed":false,"is_object_key_read_only":false},{"test_doc":0,"object_key":"data_intg_flow/e80b2637-53b7-4ecd-b95e-82f2fa25edcbb5fcc25e-7742-4ab3-ad70-08311888bd30","create_time":1654101022505,"complete_time_ticks":1654101022505,"mime":"application/json","usage":{"access_count":0,"last_accessor_id":"1000331003","last_access_time":1654101022505},"is_remote":false,"handle":{"max_part_num":1,"upload_id":"done","key":"data_intg_flow/e80b2637-53b7-4ecd-b95e-82f2fa25edcbb5fcc25e-7742-4ab3-ad70-08311888bd30"},"is_user_provided_path_key":true,"user_data":{},"version":2,"size":57052,"is_partitioned":false,"datasource_type":"81bafdbd-b7c6-45c5-a4fd-6ec135f66f4e","transfer_complete":true,"asset_type":"data_intg_flow","name":"data_intg_flows","creator_id":"1000331003","id":"6274989b-e73c-44a5-893a-494b120fbbca","is_referenced":true,"is_managed":false,"is_object_key_read_only":false}]}]