{"metadata":{"asset_id":"88e345fb-1d0a-40cf-81ed-a4276d95ce7a","asset_attributes":["data_asset"],"name":"Parsed_international_addresses.csv","asset_type":"data_asset","created_at":"2022-06-01T16:55:09Z","description":"","origin_country":"us","owner_id":"1000331003","project_id":"e80b2637-53b7-4ecd-b95e-82f2fa25edcb","size":42462,"tags":[],"usage":{"last_update_time":1654102509283,"last_updated_at":"2022-06-01T16:55:09Z"}},"entity":{"data_asset":{"mime_type":"text/csv","dataset":false}},"attachments":[{"id":"43ddf6aa-3709-42c9-945b-0cdda0857aa2","version":2,"asset_type":"data_asset","name":"Parsed_international_addresses.csv","mime":"text/csv","datasource_type":"81bafdbd-b7c6-45c5-a4fd-6ec135f66f4e","object_key":"data_asset/Parsed_international_addresses.csv","creator_id":"1000331003","create_time":1654102509299,"size":42462,"is_remote":false,"is_managed":false,"is_referenced":true,"is_object_key_read_only":true,"is_user_provided_path_key":true,"transfer_complete":true,"is_partitioned":false,"complete_time_ticks":1654102509299,"user_data":{},"test_doc":0,"handle":{"key":"data_asset/Parsed_international_addresses.csv","upload_id":"done","max_part_num":1},"usage":{"access_count":0,"last_accessor_id":"1000331003","last_access_time":1654102509299}}]}