{"metadata":{"asset_id":"84e975c7-5f2f-401d-a9a3-2926d2e49d6f","asset_attributes":["data_asset"],"name":"CT_AE_Corrected_31639.csv","asset_type":"data_asset","created_at":"2022-06-01T18:36:17Z","description":"","origin_country":"us","owner_id":"1000331003","project_id":"e80b2637-53b7-4ecd-b95e-82f2fa25edcb","size":2244,"tags":[],"usage":{"last_update_time":1654108578011,"last_updated_at":"2022-06-01T18:36:18Z"}},"entity":{"data_asset":{"mime_type":"text/csv","dataset":false}},"attachments":[{"id":"f2f0c450-a40f-440f-8c43-567cfcbdf764","version":2,"asset_type":"data_asset","name":"CT_AE_Corrected_31639.csv","mime":"text/csv","datasource_type":"81bafdbd-b7c6-45c5-a4fd-6ec135f66f4e","object_key":"data_asset/CT_AE_Corrected_31639.csv","creator_id":"1000331003","create_time":1654108578010,"size":2244,"is_remote":false,"is_managed":false,"is_referenced":true,"is_object_key_read_only":true,"is_user_provided_path_key":true,"transfer_complete":true,"is_partitioned":false,"complete_time_ticks":1654108578010,"user_data":{},"test_doc":0,"handle":{"key":"data_asset/CT_AE_Corrected_31639.csv","upload_id":"done","max_part_num":1},"usage":{"access_count":0,"last_accessor_id":"1000331003","last_access_time":1654108578010}}]}