{"metadata":{"asset_id":"74a24d54-2bcc-4101-98de-b02ee7289255","asset_attributes":["job"],"name":"V02_Update_Adverse_Events_with_corrections.DataStage job","asset_type":"job","created_at":"2022-06-01T18:59:12Z","description":"","origin_country":"us","owner_id":"1000331003","project_id":"e80b2637-53b7-4ecd-b95e-82f2fa25edcb","size":0,"tags":[],"usage":{"last_update_time":1654187252014,"last_updated_at":"2022-06-02T16:27:32Z"}},"entity":{"job":{"asset_ref_type":"data_intg_flow","configuration":{"flow_limits":{"warn_limit":0},"job_parameters":["Corrected_Output=corrected_adverse_events","DatasetName=corrected_adverse_events.csv"],"env_id":"64efbc18-9c96-4d69-9856-a27c3f1e44fb"},"last_run_initiator":"None","last_run_time":"","last_run_status":"None","last_run_status_timestamp":0,"future_scheduled_runs":[],"enable_notifications":true,"project_name":"Wilson-AVI-test","asset_ref":"b7d5db34-4b41-48fe-8b16-46c6b2de2e86","schedule_id":"","schedule_creator_id":"","data_assets_array":["corrected_adverse_events=#Corrected_Output#=bd76a019-92d8-4b70-b3fa-1ce962c65ffc","corrected_adverse_events.csv=corrected_adverse_events=1d4f3acb-f4f6-4f21-b416-7041b2b3934d","corrected_adverse_events30923.csv=corrected_adverse_events_30923.csv=cb0d1059-019d-49f7-b943-7a15d7a054f1"]}}}