{"metadata":{"asset_id":"1417cba8-71a0-4ef4-83c5-0913ac537e03","asset_attributes":["job_run"],"name":"job run","asset_type":"job_run","created_at":"2022-06-02T22:46:27Z","description":"","origin_country":"us","owner_id":"1000331003","project_id":"e80b2637-53b7-4ecd-b95e-82f2fa25edcb","size":0,"tags":[],"usage":{"last_update_time":1654210010101,"last_updated_at":"2022-06-02T22:46:50Z"}},"entity":{"job_run":{"job_ref":"2459b8ea-6486-4e5a-a88a-2611d02bccbc","job_name":"Parse International Addresses_copy_1654208436760.DataStage job","job_type":"data_intg_flow","state":"CompletedWithWarnings","isScheduledRun":false,"configuration":{"env_variables":["HARDWARE_SPECIFICATION={'datastage':{'compute':{'mem':{'size':'12Gi'},'cpu':{'model':'','units':'3'}},'num_conductors':1,'instance':'ds-px-default','num_computes':2,'conductor':{'mem':{'size':'4Gi'},'cpu':{'model':'','units':'1'}}},'built_in':false}","","instance_id=ds-px-default","instance_location=https://datastage-ibm-datastage-ds-nginx.cpd-instance.svc"],"flow_limits":{"warn_limit":100},"job_parameters":[],"env_id":"64efbc18-9c96-4d69-9856-a27c3f1e44fb","env_type":"datastage"},"project_name":"Wilson-AVI-test","runtime_job_id":"1417cba8-71a0-4ef4-83c5-0913ac537e03","duration":18,"stage_metrics":[{"rows_read":109,"rows_written":0,"stage_name":"FXR76141_1","state":"finished"},{"rows_read":0,"rows_written":0,"stage_name":"Address_Verification_1","state":"finished"},{"rows_read":109,"rows_written":109,"stage_name":"Transformer_1","state":"finished"},{"rows_read":0,"rows_written":0,"stage_name":"International_addresses.csv_1","state":"finished"},{"rows_read":109,"rows_written":109,"stage_name":"Transformer_2","state":"finished"},{"rows_read":0,"rows_written":0,"stage_name":"Sequential_file_1","state":"finished"}],"link_metrics":[{"start_time":"2022-06-02 22:46:42","rows_read":109,"rows_written":109,"stop_time":"2022-06-02 22:46:48","source":"Transformer_2","state":"finished","link_name":"Link_1","dest":"FXR76141_1"},{"start_time":"2022-06-02 22:46:42","rows_read":0,"rows_written":0,"stop_time":"2022-06-02 22:46:48","source":"Address_Verification_1","state":"finished","link_name":"Link_5","dest":"Sequential_file_1"},{"start_time":"2022-06-02 22:46:42","rows_read":109,"rows_written":0,"stop_time":"2022-06-02 22:46:42","source":"International_addresses.csv_1","state":"finished","link_name":"Link_2","dest":"Transformer_1"},{"start_time":"2022-06-02 22:46:42","rows_read":0,"rows_written":109,"stop_time":"2022-06-02 22:46:48","source":"Transformer_1","state":"finished","link_name":"Link_3"},{"rows_read":109,"rows_written":0,"state":"finished","link_name":"Link_4","dest":"Transformer_2"}],"last_state_change_timestamp":"2022-06-02T22:46:49Z"}},"attachments":[{"id":"876b979c-cbb1-420e-b5fb-c60c0c04b563","version":2,"asset_type":"job_run","name":"1417cba8-71a0-4ef4-83c5-0913ac537e03","description":"log for job run 1417cba8-71a0-4ef4-83c5-0913ac537e03","mime":"application/json","datasource_type":"81bafdbd-b7c6-45c5-a4fd-6ec135f66f4e","object_key":"job_run/log/1417cba8-71a0-4ef4-83c5-0913ac537e03","creator_id":"icp4d-dev","create_time":1654210010012,"size":0,"is_remote":false,"is_managed":false,"is_referenced":true,"is_object_key_read_only":false,"is_user_provided_path_key":true,"transfer_complete":true,"is_partitioned":true,"complete_time_ticks":1654210010012,"user_data":{},"test_doc":0,"handle":{"key":"job_run/log/1417cba8-71a0-4ef4-83c5-0913ac537e03","upload_id":"done","max_part_num":1},"usage":{"access_count":0,"last_accessor_id":"icp4d-dev","last_access_time":1654210010012}}]}