{"metadata":{"asset_id":"d30de187-2bf0-4e53-afd1-3fec939d6f7a","asset_attributes":["job_run"],"name":"job run","asset_type":"job_run","created_at":"2022-06-02T16:18:58Z","description":"","origin_country":"us","owner_id":"1000331003","project_id":"e80b2637-53b7-4ecd-b95e-82f2fa25edcb","size":0,"tags":[],"usage":{"last_update_time":1654186748773,"last_updated_at":"2022-06-02T16:19:08Z"}},"entity":{"job_run":{"job_ref":"74a24d54-2bcc-4101-98de-b02ee7289255","job_name":"V02_Update_Adverse_Events_with_corrections.DataStage job","job_type":"data_intg_flow","state":"CompletedWithWarnings","isScheduledRun":false,"configuration":{"env_id":"64efbc18-9c96-4d69-9856-a27c3f1e44fb","env_type":"datastage","env_variables":["HARDWARE_SPECIFICATION={'datastage':{'compute':{'mem':{'size':'12Gi'},'cpu':{'model':'','units':'3'}},'num_conductors':1,'instance':'ds-px-default','num_computes':2,'conductor':{'mem':{'size':'4Gi'},'cpu':{'model':'','units':'1'}}},'built_in':false}","","instance_id=ds-px-default","instance_location=https://datastage-ibm-datastage-ds-nginx.cpd-instance.svc"],"job_parameters":[]},"project_name":"Wilson-AVI-test","runtime_job_id":"d30de187-2bf0-4e53-afd1-3fec939d6f7a","duration":0,"stage_metrics":[{"rows_read":151,"rows_written":151,"stage_name":"Transformer_8","state":"finished"},{"rows_read":0,"rows_written":22,"stage_name":"Lookup_7","state":"finished"},{"rows_read":44,"rows_written":0,"stage_name":"Corrected_Adverse_Events","state":"finished"},{"rows_read":22,"rows_written":22,"stage_name":"Transformer_14","state":"finished"},{"rows_read":22,"rows_written":22,"stage_name":"Transformer_3","state":"finished"},{"rows_read":0,"rows_written":0,"stage_name":"AE.csv_1","state":"finished"},{"rows_read":0,"rows_written":0,"stage_name":"CT_AE_Corrected_31639.csv_1","state":"finished"}],"link_metrics":[{"start_time":"2022-06-02 16:19:02","rows_read":151,"rows_written":0,"stop_time":"2022-06-02 16:19:02","source":"AE.csv_1","state":"finished","link_name":"DSLink11","dest":"Transformer_8"},{"start_time":"2022-06-02 16:19:02","rows_read":0,"rows_written":151,"stop_time":"2022-06-02 16:19:02","source":"Transformer_8","state":"finished","link_name":"AE"},{"start_time":"2022-06-02 16:19:02","rows_read":22,"rows_written":22,"stop_time":"2022-06-02 16:19:02","source":"Lookup_7","state":"finished","link_name":"DSLink13","dest":"Transformer_14"},{"start_time":"2022-06-02 16:19:02","rows_read":44,"rows_written":22,"stop_time":"2022-06-02 16:19:02","source":"Transformer_14","state":"finished","link_name":"ToCSV","dest":"Corrected_Adverse_Events"},{"start_time":"2022-06-02 16:19:02","rows_read":22,"rows_written":0,"stop_time":"2022-06-02 16:19:02","source":"CT_AE_Corrected_31639.csv_1","state":"finished","link_name":"DSLink18","dest":"Transformer_3"},{"start_time":"2022-06-02 16:19:02","rows_read":0,"rows_written":22,"stop_time":"2022-06-02 16:19:02","source":"Transformer_3","state":"finished","link_name":"AE_Corrections"}],"last_state_change_timestamp":"2022-06-02T16:19:08Z"}},"attachments":[{"id":"b9f53e31-9c66-4794-9c78-6bf1ca122c17","version":2,"asset_type":"job_run","name":"d30de187-2bf0-4e53-afd1-3fec939d6f7a","description":"log for job run d30de187-2bf0-4e53-afd1-3fec939d6f7a","mime":"application/json","datasource_type":"81bafdbd-b7c6-45c5-a4fd-6ec135f66f4e","object_key":"job_run/log/d30de187-2bf0-4e53-afd1-3fec939d6f7a","creator_id":"icp4d-dev","create_time":1654186748307,"size":0,"is_remote":false,"is_managed":false,"is_referenced":true,"is_object_key_read_only":false,"is_user_provided_path_key":true,"transfer_complete":true,"is_partitioned":true,"complete_time_ticks":1654186748307,"user_data":{},"test_doc":0,"handle":{"key":"job_run/log/d30de187-2bf0-4e53-afd1-3fec939d6f7a","upload_id":"done","max_part_num":1},"usage":{"access_count":0,"last_accessor_id":"icp4d-dev","last_access_time":1654186748307}}]}