{"metadata":{"asset_id":"fc8af797-bae5-427a-9a67-13714525f463","asset_attributes":["job_run"],"name":"job run","asset_type":"job_run","created_at":"2022-06-02T22:24:01Z","description":"","origin_country":"us","owner_id":"1000331003","project_id":"e80b2637-53b7-4ecd-b95e-82f2fa25edcb","size":0,"tags":[],"usage":{"last_update_time":1654208648201,"last_updated_at":"2022-06-02T22:24:08Z"}},"entity":{"job_run":{"job_ref":"2459b8ea-6486-4e5a-a88a-2611d02bccbc","job_name":"Parse International Addresses_copy_1654208436760.DataStage job","job_type":"data_intg_flow","state":"Completed","isScheduledRun":false,"configuration":{"env_variables":["HARDWARE_SPECIFICATION={'datastage':{'compute':{'mem':{'size':'12Gi'},'cpu':{'model':'','units':'3'}},'num_conductors':1,'instance':'ds-px-default','num_computes':2,'conductor':{'mem':{'size':'4Gi'},'cpu':{'model':'','units':'1'}}},'built_in':false}","","instance_id=ds-px-default","instance_location=https://datastage-ibm-datastage-ds-nginx.cpd-instance.svc"],"flow_limits":{"warn_limit":100},"job_parameters":[],"env_id":"64efbc18-9c96-4d69-9856-a27c3f1e44fb","env_type":"datastage"},"project_name":"Wilson-AVI-test","runtime_job_id":"fc8af797-bae5-427a-9a67-13714525f463","duration":1,"stage_metrics":[{"rows_read":109,"rows_written":109,"stage_name":"Address_Verification_1","state":"finished"},{"rows_read":109,"rows_written":109,"stage_name":"Transformer_1","state":"finished"},{"rows_read":0,"rows_written":0,"stage_name":"International_addresses.csv_1","state":"finished"},{"rows_read":109,"rows_written":78,"stage_name":"Transformer_2","state":"finished"},{"rows_read":156,"rows_written":0,"stage_name":"Sequential_file_1","state":"finished"}],"link_metrics":[{"start_time":"2022-06-02 22:24:04","rows_read":109,"rows_written":109,"stop_time":"2022-06-02 22:24:06","source":"Transformer_1","state":"finished","link_name":"Link_3","dest":"Address_Verification_1"},{"start_time":"2022-06-02 22:24:04","rows_read":109,"rows_written":109,"stop_time":"2022-06-02 22:24:06","source":"Address_Verification_1","state":"finished","link_name":"Link_4","dest":"Transformer_2"},{"start_time":"2022-06-02 22:24:04","rows_read":109,"rows_written":0,"stop_time":"2022-06-02 22:24:04","source":"International_addresses.csv_1","state":"finished","link_name":"Link_2","dest":"Transformer_1"},{"start_time":"2022-06-02 22:24:04","rows_read":156,"rows_written":78,"stop_time":"2022-06-02 22:24:06","source":"Transformer_2","state":"finished","link_name":"Link_1","dest":"Sequential_file_1"}],"last_state_change_timestamp":"2022-06-02T22:24:07Z"}},"attachments":[{"id":"4d145071-468b-4161-bbb1-7735b9a0011b","version":2,"asset_type":"job_run","name":"fc8af797-bae5-427a-9a67-13714525f463","description":"log for job run fc8af797-bae5-427a-9a67-13714525f463","mime":"application/json","datasource_type":"81bafdbd-b7c6-45c5-a4fd-6ec135f66f4e","object_key":"job_run/log/fc8af797-bae5-427a-9a67-13714525f463","creator_id":"icp4d-dev","create_time":1654208648026,"size":0,"is_remote":false,"is_managed":false,"is_referenced":true,"is_object_key_read_only":false,"is_user_provided_path_key":true,"transfer_complete":true,"is_partitioned":true,"complete_time_ticks":1654208648026,"user_data":{},"test_doc":0,"handle":{"key":"job_run/log/fc8af797-bae5-427a-9a67-13714525f463","upload_id":"done","max_part_num":1},"usage":{"access_count":0,"last_accessor_id":"icp4d-dev","last_access_time":1654208648026}}]}