{"metadata":{"asset_id":"e4689f6f-864a-41c8-806f-eddaf900dcf2","asset_attributes":["job_run"],"name":"job run","asset_type":"job_run","created_at":"2022-06-01T15:09:04Z","description":"","origin_country":"us","owner_id":"1000331001","project_id":"e80b2637-53b7-4ecd-b95e-82f2fa25edcb","size":0,"tags":[],"usage":{"last_update_time":1654096189634,"last_updated_at":"2022-06-01T15:09:49Z"}},"entity":{"job_run":{"job_ref":"fd6b161c-3529-44d3-aa71-9f9c0eae7e41","job_name":"AVI North America.DataStage job","job_type":"data_intg_flow","state":"Completed","isScheduledRun":false,"configuration":{"env_variables":["HARDWARE_SPECIFICATION={'datastage':{'compute':{'mem':{'size':'12Gi'},'cpu':{'model':'','units':'3'}},'num_conductors':1,'instance':'ds-px-default','num_computes':2,'conductor':{'mem':{'size':'4Gi'},'cpu':{'model':'','units':'1'}}},'built_in':false}","instance_id=ds-px-default","instance_location=https://datastage-ibm-datastage-ds-nginx.cpd-instance.svc"],"flow_limits":{"warn_limit":100},"job_parameters":[],"env_type":"data_intg_flow"},"project_name":"Wilson-AVI-test","runtime_job_id":"e4689f6f-864a-41c8-806f-eddaf900dcf2","duration":39,"stage_metrics":[{"rows_read":563,"rows_written":563,"stage_name":"Address_Verification_1","state":"finished"},{"rows_read":563,"rows_written":563,"stage_name":"Transformer_1","state":"finished"},{"rows_read":0,"rows_written":563,"stage_name":"US_ADDRESSES_1","state":"finished"},{"rows_read":1126,"rows_written":0,"stage_name":"Sequential_file_1","state":"finished"}],"link_metrics":[{"start_time":"2022-06-01 15:09:19","rows_read":563,"rows_written":563,"stop_time":"2022-06-01 15:09:48","source":"Transformer_1","state":"finished","link_name":"Link_2","dest":"Address_Verification_1"},{"start_time":"2022-06-01 15:09:19","rows_read":1126,"rows_written":563,"stop_time":"2022-06-01 15:09:48","source":"Address_Verification_1","state":"finished","link_name":"Link_3","dest":"Sequential_file_1"},{"start_time":"2022-06-01 15:09:19","rows_read":563,"rows_written":563,"stop_time":"2022-06-01 15:09:25","source":"US_ADDRESSES_1","state":"finished","link_name":"Link_1","dest":"Transformer_1"}],"last_state_change_timestamp":"2022-06-01T15:09:49Z"}},"attachments":[{"id":"b2329364-9dba-45d2-9754-10b8889d4c6a","version":2,"asset_type":"job_run","name":"e4689f6f-864a-41c8-806f-eddaf900dcf2","description":"log for job run e4689f6f-864a-41c8-806f-eddaf900dcf2","mime":"application/json","datasource_type":"81bafdbd-b7c6-45c5-a4fd-6ec135f66f4e","object_key":"job_run/log/e4689f6f-864a-41c8-806f-eddaf900dcf2","creator_id":"icp4d-dev","create_time":1654096189536,"size":0,"is_remote":false,"is_managed":false,"is_referenced":true,"is_object_key_read_only":false,"is_user_provided_path_key":true,"transfer_complete":true,"is_partitioned":true,"complete_time_ticks":1654096189536,"user_data":{},"test_doc":0,"handle":{"key":"job_run/log/e4689f6f-864a-41c8-806f-eddaf900dcf2","upload_id":"done","max_part_num":1},"usage":{"access_count":0,"last_accessor_id":"icp4d-dev","last_access_time":1654096189536}}]}