{"description":"Data Asset Type","fields":[{"key":"dataset","type":"boolean","facet":true,"is_array":false,"is_searchable_across_types":false},{"key":"mime_type","type":"string","facet":true,"is_array":false,"is_searchable_across_types":true},{"key":"columns","type":"string","facet":true,"is_array":true,"search_path":"columns[].name","is_searchable_across_types":true}],"relationships":[],"localized_metadata_attributes":{"name":{"default":"Data","en":"Data","de":"Daten","es":"Datos","fr":"Données","it":"Dati","ja":"データ","ko":"데이터","pt":"Dados","ru":"Data","sv":"Data","zh":"数据","zh_TW":"資料"}},"global_search_searchable":[],"attribute_only":false,"data_protection":{"all_attachments":true},"version":1,"name":"data_asset","scope":"GLOBAL","is_column_custom_attribute":false,"allow_decorators":true}