{"fields":[{"key":"dataset.data_asset_id","type":"string","facet":false,"is_array":false,"search_path":"dataset.data_asset_id","is_searchable_across_types":true},{"key":"dataset.connection_id","type":"string","facet":false,"is_array":false,"search_path":"dataset.connection_id","is_searchable_across_types":true},{"key":"dataset.connection_path","type":"string","facet":false,"is_array":false,"search_path":"dataset.connection_path","is_searchable_across_types":true},{"key":"dataset.shaper_url","type":"string","facet":false,"is_array":false,"search_path":"dataset.shaper_url","is_searchable_across_types":true},{"key":"dataset.shaper_session_id","type":"string","facet":false,"is_array":false,"search_path":"dataset.shaper_session_id","is_searchable_across_types":true},{"key":"dataset.canvas_dataset_id","type":"string","facet":false,"is_array":false,"search_path":"dataset.canvas_dataset_id","is_searchable_across_types":true},{"key":"dataset.canvas_session_id","type":"string","facet":false,"is_array":false,"search_path":"dataset.canvas_session_id","is_searchable_across_types":true},{"key":"dataset.type","type":"string","facet":false,"is_array":false,"search_path":"dataset.type","is_searchable_across_types":true}],"relationships":[],"global_search_searchable":[],"attribute_only":false,"version":1,"name":"dataview_visualization","scope":"GLOBAL","is_column_custom_attribute":false,"allow_decorators":true}