{"description":"Folder asset type","fields":[{"key":"host","type":"string","facet":false,"is_array":false,"is_searchable_across_types":false},{"key":"user","type":"string","facet":false,"is_array":false,"is_searchable_across_types":false},{"key":"ip","type":"string","facet":false,"is_array":false,"is_searchable_across_types":false}],"relationships":[],"localized_metadata_attributes":{"name":{"default":"Folder","en":"Folder","de":"Ordner","es":"Carpeta","fr":"Dossier","it":"Cartella","ja":"フォルダー","ko":"폴더","pt":"Pasta","ru":"Папка","sv":"Mapp","zh":"文件夹","zh_TW":"資料夾"}},"global_search_searchable":[],"attribute_only":false,"version":1,"name":"folder_asset","scope":"GLOBAL","is_column_custom_attribute":false,"allow_decorators":true}