{"description":"The modelfacts system asset type.","fields":[{"key":"lmid","type":"string","facet":false,"is_array":false,"search_path":"modelentry_information.lmid","is_searchable_across_types":false},{"key":"deployment_op_id","type":"string","facet":false,"is_array":false,"search_path":"deployment_details[].openpages_details.id","is_searchable_across_types":false},{"key":"model_op_id","type":"string","facet":false,"is_array":false,"search_path":"openpages_details.id","is_searchable_across_types":false}],"relationships":[],"properties":{"space_details":{"type":"object","description":"deployment space details","is_array":false,"required":false,"hidden":true,"readonly":true,"properties":{"space_id":{"type":"string","description":"deployment space id","placeholder":"deployment space id not available","is_array":false,"required":false,"hidden":true,"readonly":true},"space_type":{"type":"string","description":"deployment space type","placeholder":"deployment space type not available","is_array":false,"required":false,"hidden":true,"readonly":true,"default_value":"development"},"is_spacetype_openscale_value":{"type":"bool","description":"deployment space type is set by OpenScale","is_array":false,"required":false,"hidden":true,"readonly":true,"default_value":false}}},"openpages_details":{"type":"object","description":"openpages details","is_array":false,"required":false,"hidden":true,"readonly":true,"properties":{"id":{"type":"string","description":"openpages model object id","placeholder":"openpages model object id not available","is_array":false,"required":false,"hidden":true,"readonly":true},"is_deleted":{"type":"bool","description":"is openpages model object deleted","is_array":false,"required":false,"hidden":true,"readonly":true,"default_value":false},"name":{"type":"string","description":"openpages model object name","placeholder":"openpages model object name not available","is_array":false,"required":false,"hidden":true,"readonly":true},"status":{"type":"string","description":"openpages model object status","placeholder":"openpages model object status not available","is_array":false,"required":false,"hidden":true,"readonly":true},"status_advanced":{"type":"bool","description":"openpages model object status advanced","is_array":false,"required":false,"hidden":true,"readonly":true,"default_value":false},"sync_time":{"type":"string","description":"sync time with openpages","placeholder":"sync time with openpages","is_array":false,"required":false,"hidden":true,"readonly":true}}},"deployment_details":{"type":"object","description":"deployment details","is_array":true,"required":false,"hidden":true,"readonly":true,"properties":{"id":{"type":"string","description":"deployment id","is_array":false,"required":false,"hidden":true,"readonly":true},"is_deleted":{"type":"bool","description":"is deployment deleted","is_array":false,"required":false,"hidden":true,"readonly":true,"default_value":false},"deployment_type":{"type":"string","description":"deployment type of the model","is_array":false,"required":false,"hidden":true,"readonly":true},"fairness":{"type":"object","description":"fairness details","is_array":false,"required":false,"hidden":true,"readonly":true,"properties":{"features":{"type":"object","description":"metrics details","is_array":true,"required":false,"hidden":true,"readonly":true,"properties":{"name":{"type":"string","description":"feature name","placeholder":"feature name not available","is_array":false,"required":false,"hidden":false,"readonly":true},"metrics":{"type":"object","description":"metrics","is_array":false,"required":false,"hidden":true,"readonly":true,"properties":{"fairness_score":{"type":"object","description":"fairness score","is_array":false,"required":false,"hidden":true,"readonly":true,"properties":{"value":{"type":"number","description":"value","placeholder":"value not available","is_array":false,"required":false,"hidden":true,"readonly":true},"lower_limit":{"type":"number","description":"lower limit","placeholder":"lower limit not available","is_array":false,"required":false,"hidden":true,"readonly":true},"name":{"type":"string","description":"name","placeholder":"name not available","is_array":false,"required":false,"hidden":true,"readonly":true}}}}},"monitored_group":{"type":"object","description":"monitored group","is_array":true,"required":false,"hidden":true,"readonly":true,"properties":{"{user-defined-property}":{"description":"custom property","placeholder":"Put a value here","required":false,"hidden":true,"readonly":true}}},"reference_group":{"type":"object","description":"Reference group","is_array":true,"required":false,"hidden":true,"readonly":true,"properties":{"{user-defined-property}":{"description":"custom property","placeholder":"Put a value here","required":false,"hidden":true,"readonly":true}}},"individual_scores":{"type":"object","description":"individual scores","is_array":true,"required":false,"hidden":true,"readonly":true,"properties":{"group_name":{"type":"object","description":"group name","placeholder":"group name not available","is_array":true,"required":false,"hidden":true,"readonly":true,"properties":{"{user-defined-property}":{"description":"custom property","placeholder":"Put a value here","required":false,"hidden":true,"readonly":true}}},"value":{"type":"number","description":"value","placeholder":"value not available","is_array":false,"required":false,"hidden":true,"readonly":true}}},"href":{"type":"string","description":"feature href","placeholder":"feature href not available","is_array":true,"required":false,"hidden":true,"readonly":true}}},"summary":{"type":"object","description":"summary","is_array":false,"required":false,"hidden":true,"readonly":true,"properties":{"score":{"type":"number","description":"score","placeholder":"score not available","is_array":false,"required":false,"hidden":true,"readonly":true},"breach_status":{"type":"string","description":"breach status","placeholder":"breach status not available","is_array":false,"required":false,"hidden":true,"readonly":true}}},"records_evaluated":{"type":"integer","description":"records evaluated","placeholder":"records evaluated not available","is_array":false,"required":false,"hidden":true,"readonly":true}}},"drift":{"type":"object","description":"drift details","is_array":false,"required":false,"hidden":true,"readonly":true,"properties":{"metrics":{"type":"object","description":"metrics details","is_array":false,"required":false,"hidden":true,"readonly":true,"properties":{"data_drift_magnitude":{"type":"object","description":"data drift magnitude","is_array":false,"required":false,"hidden":true,"readonly":true,"properties":{"value":{"type":"number","description":"data drift magnitude value","placeholder":"value not available","is_array":false,"required":false,"hidden":true,"readonly":true,"label":{"default":"Drop in data consistency","en":"Drop in data consistency"}},"name":{"type":"string","description":"data drift magnitude name","placeholder":"name not available","is_array":false,"required":false,"hidden":true,"readonly":true},"upper_limit":{"type":"string","description":"data drift magnitude upper limit","placeholder":"not available","is_array":false,"required":false,"hidden":true,"readonly":true},"breach_status":{"type":"string","description":"data drift magnitude breach status","placeholder":"not available","is_array":false,"required":false,"hidden":true,"readonly":true},"href":{"type":"string","description":"data drift magnitude href","placeholder":"not available","is_array":false,"required":false,"hidden":true,"readonly":true}}},"drift_magnitude":{"type":"object","description":"drift magnitude","is_array":false,"required":false,"hidden":true,"readonly":true,"properties":{"upper_limit":{"type":"number","description":"drift magnitude upper limit","placeholder":"upper limit not available","is_array":false,"required":false,"hidden":true,"readonly":true},"value":{"type":"number","description":"drift magnitude value","placeholder":"value not available","is_array":false,"required":false,"hidden":true,"readonly":true,"label":{"default":"Drop in accuracy","en":"Drop in accuracy"}},"name":{"type":"string","description":"drift magnitude name","placeholder":"name not available","is_array":false,"required":false,"hidden":true,"readonly":true},"breach_status":{"type":"string","description":"drift magnitude breach status","placeholder":"not available","is_array":false,"required":false,"hidden":true,"readonly":true},"href":{"type":"string","description":"drift magnitude href","placeholder":"not available","is_array":false,"required":false,"hidden":true,"readonly":true}}},"predicted_accuracy":{"type":"object","description":"predicted accuracy","is_array":false,"required":false,"hidden":true,"readonly":true,"properties":{"value":{"type":"number","description":"predicted accuracy value","placeholder":"value not available","is_array":false,"required":false,"hidden":true,"readonly":true,"label":{"default":"Estimated accuracy","en":"Estimated accuracy"}},"name":{"type":"string","description":"predicted accuracy name","placeholder":"name not available","is_array":false,"required":false,"hidden":true,"readonly":true}}},"base_accuracy":{"type":"object","description":"base accuracy","is_array":false,"required":false,"hidden":true,"readonly":true,"properties":{"value":{"type":"number","description":"base accuracy value","placeholder":"value not available","is_array":false,"required":false,"hidden":true,"readonly":true,"label":{"default":"Base accuracy","en":"Base accuracy"}},"name":{"type":"string","description":"base accuracy name","placeholder":"name not available","is_array":false,"required":false,"hidden":true,"readonly":true}}}}},"summary":{"type":"object","description":"summary","is_array":false,"required":false,"hidden":true,"readonly":true,"properties":{"score":{"type":"number","description":"score","placeholder":"score not available","is_array":false,"required":false,"hidden":true,"readonly":true},"breach_status":{"type":"string","description":"breach status","placeholder":"breach status not available","is_array":false,"required":false,"hidden":true,"readonly":true},"name":{"type":"string","description":"name of the metric","placeholder":"not available","is_array":false,"required":false,"hidden":true,"readonly":true},"href":{"type":"string","description":"href of the metric","placeholder":"not available","is_array":false,"required":false,"hidden":true,"readonly":true}}},"href":{"type":"string","description":"href to drift","placeholder":"href not available","is_array":false,"required":false,"hidden":true,"readonly":true},"records_evaluated":{"type":"integer","description":"records evaluated","placeholder":"record evaluated not available","is_array":false,"required":false,"hidden":true,"readonly":true,"label":{"default":"Test records","en":"Test records"}}}},"quality":{"type":"object","description":"quality details","is_array":false,"required":false,"hidden":true,"readonly":true,"properties":{"metrics":{"type":"object","description":"metrics details","is_array":true,"required":false,"hidden":true,"readonly":true,"properties":{"area_under_roc":{"type":"object","description":"area under roc","is_array":false,"required":false,"hidden":true,"readonly":true,"properties":{"lower_limit":{"type":"number","description":"area under roc lower limit","placeholder":"0.0","is_array":false,"required":false,"hidden":true,"readonly":true},"value":{"type":"number","description":"area under roc value","placeholder":"value not available","is_array":false,"required":false,"hidden":true,"readonly":true,"label":{"default":"Area Under ROC Curve","en":"Area Under ROC Curve"}},"name":{"type":"string","description":"area under roc name","placeholder":"name not available","is_array":false,"required":false,"hidden":true,"readonly":true},"breach_status":{"type":"string","description":"area under roc breach status","placeholder":"not available","is_array":false,"required":false,"hidden":true,"readonly":true},"href":{"type":"string","description":"area under roc href","placeholder":"not available","is_array":false,"required":false,"hidden":true,"readonly":true}}},"area_under_pr":{"type":"object","description":"area under pr","is_array":false,"required":false,"hidden":true,"readonly":true,"properties":{"value":{"type":"number","description":"area under pr value","placeholder":"value not available","is_array":false,"required":false,"hidden":true,"readonly":true},"name":{"type":"string","description":"area under pr name","placeholder":"name not available","is_array":false,"required":false,"hidden":true,"readonly":true},"lower_limit":{"type":"number","description":"area under pr lower limit","placeholder":"0.0","is_array":false,"required":false,"hidden":true,"readonly":true},"breach_status":{"type":"string","description":"area under pr breach status","placeholder":"not available","is_array":false,"required":false,"hidden":true,"readonly":true},"href":{"type":"string","description":"area under pr href","placeholder":"not available","is_array":false,"required":false,"hidden":true,"readonly":true}}},"explained_variance":{"type":"object","description":"explained variance","is_array":false,"required":false,"hidden":true,"readonly":true,"properties":{"value":{"type":"number","description":"explained variance value","placeholder":"0.0","is_array":false,"required":false,"hidden":true,"readonly":true},"name":{"type":"string","description":"explained variance name","placeholder":"name not available","is_array":false,"required":false,"hidden":true,"readonly":true},"lower_limit":{"type":"number","description":"explained variance lower limit","placeholder":"0.0","is_array":false,"required":false,"hidden":true,"readonly":true},"breach_status":{"type":"string","description":"explained variance breach status","placeholder":"not available","is_array":false,"required":false,"hidden":true,"readonly":true},"href":{"type":"string","description":"explained variance href","placeholder":"not available","is_array":false,"required":false,"hidden":true,"readonly":true}}},"mean_absolute_error":{"type":"object","description":"mean absolute error","is_array":false,"required":false,"hidden":true,"readonly":true,"properties":{"value":{"type":"number","description":"mean absolute error value","placeholder":"0.0","is_array":false,"required":false,"hidden":true,"readonly":true},"name":{"type":"string","description":"mean absolute error string","placeholder":"name not available","is_array":false,"required":false,"hidden":true,"readonly":true},"upper_limit":{"type":"number","description":"mean absolute error upper limit","placeholder":"0.0","is_array":false,"required":false,"hidden":true,"readonly":true},"breach_status":{"type":"string","description":"mean absolute error breach status","placeholder":"not available","is_array":false,"required":false,"hidden":true,"readonly":true},"href":{"type":"string","description":"mean absolute error href","placeholder":"not available","is_array":false,"required":false,"hidden":true,"readonly":true}}},"mean_squared_error":{"type":"object","description":"mean squared error","is_array":false,"required":false,"hidden":true,"readonly":true,"properties":{"value":{"type":"number","description":"mean squared error value","placeholder":"0.0","is_array":false,"required":false,"hidden":true,"readonly":true},"name":{"type":"string","description":"mean squared error name","placeholder":"name not available","is_array":false,"required":false,"hidden":true,"readonly":true},"upper_limit":{"type":"number","description":"mean squared error upper limit","placeholder":"0.0","is_array":false,"required":false,"hidden":true,"readonly":true},"breach_status":{"type":"string","description":"mean squared error breach status","placeholder":"not available","is_array":false,"required":false,"hidden":true,"readonly":true},"href":{"type":"string","description":"mean squared error href","placeholder":"not available","is_array":false,"required":false,"hidden":true,"readonly":true}}},"r2":{"type":"object","description":"R squared","is_array":false,"required":false,"hidden":true,"readonly":true,"properties":{"lower_limit":{"type":"number","description":"R squared lower limit","placeholder":"0.0","is_array":false,"required":false,"hidden":true,"readonly":true},"value":{"type":"number","description":"R squared value","placeholder":"value not available","is_array":false,"required":false,"hidden":true,"readonly":true},"name":{"type":"string","description":"R squared name","placeholder":"name not available","is_array":false,"required":false,"hidden":true,"readonly":true},"breach_status":{"type":"string","description":"R squared breach status","placeholder":"not available","is_array":false,"required":false,"hidden":true,"readonly":true},"href":{"type":"string","description":"R squared href","placeholder":"not available","is_array":false,"required":false,"hidden":true,"readonly":true}}},"root_mean_squared_error":{"type":"object","description":"root mean squared error","is_array":false,"required":false,"hidden":true,"readonly":true,"properties":{"value":{"type":"number","description":"root mean squared error value","placeholder":"value not available","is_array":false,"required":false,"hidden":true,"readonly":true},"name":{"type":"string","description":"root mean squared error name","placeholder":"name not available","is_array":false,"required":false,"hidden":true,"readonly":true},"upper_limit":{"type":"number","description":"root mean squared error upper limit","placeholder":"0.0","is_array":false,"required":false,"hidden":true,"readonly":true},"breach_status":{"type":"string","description":"root mean squared error breach status","placeholder":"not available","is_array":false,"required":false,"hidden":true,"readonly":true},"href":{"type":"string","description":"root mean squared error href","placeholder":"not available","is_array":false,"required":false,"hidden":true,"readonly":true}}},"accuracy":{"type":"object","description":"accuracy","is_array":false,"required":false,"hidden":true,"readonly":true,"properties":{"lower_limit":{"type":"number","description":"accuracy lower limit","placeholder":"lower limit not available","is_array":false,"required":false,"hidden":true,"readonly":true},"value":{"type":"number","description":"accuracy value","placeholder":"value not available","is_array":false,"required":false,"hidden":true,"readonly":true,"label":{"default":"Accuracy","en":"Accuracy"}},"name":{"type":"string","description":"accuracy name","placeholder":"name not available","is_array":false,"required":false,"hidden":true,"readonly":true},"breach_status":{"type":"string","description":"accuracy breach status","placeholder":"not available","is_array":false,"required":false,"hidden":true,"readonly":true},"href":{"type":"string","description":"accuracy href","placeholder":"not available","is_array":false,"required":false,"hidden":true,"readonly":true}}},"weighted_true_positive_rate":{"type":"object","description":"weighted true positive rate","is_array":false,"required":false,"hidden":true,"readonly":true,"properties":{"value":{"type":"number","description":"weighted true positive rate value","placeholder":"0.0","is_array":false,"required":false,"hidden":true,"readonly":true},"name":{"type":"string","description":"weighted true positive rate name","placeholder":"name not available","is_array":false,"required":false,"hidden":true,"readonly":true},"lower_limit":{"type":"number","description":"weighted true positive rate lower limit","placeholder":"0.0","is_array":false,"required":false,"hidden":true,"readonly":true},"breach_status":{"type":"string","description":"weighted true positive rate breach status","placeholder":"not available","is_array":false,"required":false,"hidden":true,"readonly":true},"href":{"type":"string","description":"weighted true positive rate href","placeholder":"not available","is_array":false,"required":false,"hidden":true,"readonly":true}}},"true_positive_rate":{"type":"object","description":"true positive rate","is_array":false,"required":false,"hidden":true,"readonly":true,"properties":{"value":{"type":"number","description":"true positive rate value","placeholder":"value not available","is_array":false,"required":false,"hidden":true,"readonly":true},"name":{"type":"string","description":"true positive rate name","placeholder":"name not available","is_array":false,"required":false,"hidden":true,"readonly":true},"lower_limit":{"type":"number","description":"true positive rate lower limit","placeholder":"0.0","is_array":false,"required":false,"hidden":true,"readonly":true},"breach_status":{"type":"string","description":"true positive rate breach status","placeholder":"not available","is_array":false,"required":false,"hidden":true,"readonly":true},"href":{"type":"string","description":"true positive rate href","placeholder":"not available","is_array":false,"required":false,"hidden":true,"readonly":true}}},"weighted_false_positive_rate":{"type":"object","description":"weighted false positive rate","is_array":false,"required":false,"hidden":true,"readonly":true,"properties":{"value":{"type":"number","description":"weighted false positive rate value","placeholder":"0.0","is_array":false,"required":false,"hidden":true,"readonly":true},"name":{"type":"string","description":"weighted false positive rate name","placeholder":"name not available","is_array":false,"required":false,"hidden":true,"readonly":true},"upper_limit":{"type":"number","description":"weighted false positive rate upper limit","placeholder":"0.0","is_array":false,"required":false,"hidden":true,"readonly":true},"breach_status":{"type":"string","description":"weighted false positive rate breach status","placeholder":"not available","is_array":false,"required":false,"hidden":true,"readonly":true},"href":{"type":"string","description":"weighted false positive rate href","placeholder":"not available","is_array":false,"required":false,"hidden":true,"readonly":true}}},"false_positive_rate":{"type":"object","description":"false positive rate","is_array":false,"required":false,"hidden":true,"readonly":true,"properties":{"value":{"type":"number","description":"false positive rate value","placeholder":"value not available","is_array":false,"required":false,"hidden":true,"readonly":true},"name":{"type":"string","description":"false positive rate name","placeholder":"name not available","is_array":false,"required":false,"hidden":true,"readonly":true},"upper_limit":{"type":"number","description":"false positive rate upper limit","placeholder":"0.0","is_array":false,"required":false,"hidden":true,"readonly":true},"breach_status":{"type":"string","description":"false positive rate breach status","placeholder":"not available","is_array":false,"required":false,"hidden":true,"readonly":true},"href":{"type":"string","description":"false positive rate href","placeholder":"not available","is_array":false,"required":false,"hidden":true,"readonly":true}}},"weighted_recall":{"type":"object","description":"weighted recall","is_array":false,"required":false,"hidden":true,"readonly":true,"properties":{"value":{"type":"number","description":"weighted recall value","placeholder":"value not available","is_array":false,"required":false,"hidden":true,"readonly":true},"name":{"type":"string","description":"weighted recall string","placeholder":"name not available","is_array":false,"required":false,"hidden":true,"readonly":true},"lower_limit":{"type":"number","description":"weighted recall lower limit","placeholder":"0.0","is_array":false,"required":false,"hidden":true,"readonly":true},"breach_status":{"type":"string","description":"weighted recall breach status","placeholder":"not available","is_array":false,"required":false,"hidden":true,"readonly":true},"href":{"type":"string","description":"weighted recall href","placeholder":"not available","is_array":false,"required":false,"hidden":true,"readonly":true}}},"recall":{"type":"object","description":"recall","is_array":false,"required":false,"hidden":true,"readonly":true,"properties":{"value":{"type":"number","description":"recall value","placeholder":"value not available","is_array":false,"required":false,"hidden":true,"readonly":true,"label":{"default":"Recall","en":"Recall"}},"name":{"type":"string","description":"recall name","placeholder":"name not available","is_array":false,"required":false,"hidden":true,"readonly":true},"lower_limit":{"type":"number","description":"recall lower limit","placeholder":"0.0","is_array":false,"required":false,"hidden":true,"readonly":true},"breach_status":{"type":"string","description":"recall breach status","placeholder":"not available","is_array":false,"required":false,"hidden":true,"readonly":true},"href":{"type":"string","description":"recall href","placeholder":"not available","is_array":false,"required":false,"hidden":true,"readonly":true}}},"weighted_precision":{"type":"object","description":"weighted precision","is_array":false,"required":false,"hidden":true,"readonly":true,"properties":{"value":{"type":"number","description":"weighted precision value","placeholder":"value not available","is_array":false,"required":false,"hidden":true,"readonly":true},"name":{"type":"string","description":"weighted precision string","placeholder":"name not available","is_array":false,"required":false,"hidden":true,"readonly":true},"lower_limit":{"type":"number","description":"weighted precision lower limit","placeholder":"0.0","is_array":false,"required":false,"hidden":true,"readonly":true},"breach_status":{"type":"string","description":"weighted precision breach status","placeholder":"not available","is_array":false,"required":false,"hidden":true,"readonly":true},"href":{"type":"string","description":"weighted precision href","placeholder":"not available","is_array":false,"required":false,"hidden":true,"readonly":true}}},"precision":{"type":"object","description":"precision","is_array":false,"required":false,"hidden":true,"readonly":true,"properties":{"value":{"type":"number","description":"precision value","placeholder":"value not available","is_array":false,"required":false,"hidden":true,"readonly":true,"label":{"default":"Precision","en":"Precision"}},"name":{"type":"string","description":"precision name","placeholder":"name not available","is_array":false,"required":false,"hidden":true,"readonly":true},"lower_limit":{"type":"number","description":"precision lower limit","placeholder":"0.0","is_array":false,"required":false,"hidden":true,"readonly":true},"breach_status":{"type":"string","description":"precision breach status","placeholder":"not available","is_array":false,"required":false,"hidden":true,"readonly":true},"href":{"type":"string","description":"precision href","placeholder":"not available","is_array":false,"required":false,"hidden":true,"readonly":true}}},"weighted_f_measure":{"type":"object","description":"weighted f measure","is_array":false,"required":false,"hidden":true,"readonly":true,"properties":{"value":{"type":"number","description":"weighted f measure value","placeholder":"value not available","is_array":false,"required":false,"hidden":true,"readonly":true},"name":{"type":"string","description":"weighted f measure string","placeholder":"name not available","is_array":false,"required":false,"hidden":true,"readonly":true},"lower_limit":{"type":"number","description":"weighted f measure lower limit","placeholder":"0.0","is_array":false,"required":false,"hidden":true,"readonly":true},"breach_status":{"type":"string","description":"weighted f measure breach status","placeholder":"not available","is_array":false,"required":false,"hidden":true,"readonly":true},"href":{"type":"string","description":"weighted f measure href","placeholder":"not available","is_array":false,"required":false,"hidden":true,"readonly":true}}},"f1_measure":{"type":"object","description":"f1 measure","is_array":false,"required":false,"hidden":true,"readonly":true,"properties":{"value":{"type":"number","description":"f1 measure value","placeholder":"value not available","is_array":false,"required":false,"hidden":true,"readonly":true,"label":{"default":"F1 measure","en":"F1 measure"}},"name":{"type":"string","description":"f1 measure name","placeholder":"name not available","is_array":false,"required":false,"hidden":true,"readonly":true},"lower_limit":{"type":"number","description":"F1 measure lower limit","placeholder":"0.0","is_array":false,"required":false,"hidden":true,"readonly":true},"breach_status":{"type":"string","description":"F1 measure breach status","placeholder":"not available","is_array":false,"required":false,"hidden":true,"readonly":true},"href":{"type":"string","description":"F1 measure href","placeholder":"not available","is_array":false,"required":false,"hidden":true,"readonly":true}}},"log_loss":{"type":"object","description":"log loss","is_array":false,"required":false,"hidden":true,"readonly":true,"properties":{"value":{"type":"number","description":"log loss value","placeholder":"0.0","is_array":false,"required":false,"hidden":true,"readonly":true,"label":{"default":"Log loss","en":"Log loss"}},"name":{"type":"string","description":"log loss name","placeholder":"name not available","is_array":false,"required":false,"hidden":true,"readonly":true},"upper_limit":{"type":"number","description":"log loss upper limit","placeholder":"0.0","is_array":false,"required":false,"hidden":true,"readonly":true},"breach_status":{"type":"string","description":"log loss breach status","placeholder":"not available","is_array":false,"required":false,"hidden":true,"readonly":true},"href":{"type":"string","description":"log loss href","placeholder":"not available","is_array":false,"required":false,"hidden":true,"readonly":true}}}}},"summary":{"type":"object","description":"summary","is_array":false,"required":false,"hidden":true,"readonly":true,"properties":{"score":{"type":"number","description":"score","placeholder":"score not available","is_array":false,"required":false,"hidden":true,"readonly":true},"breach_status":{"type":"string","description":"breach status","placeholder":"breach status not available","is_array":false,"required":false,"hidden":true,"readonly":true},"name":{"type":"string","description":"name of the metric","placeholder":"not available","is_array":false,"required":false,"hidden":true,"readonly":true},"href":{"type":"string","description":"href of the metric","placeholder":"not available","is_array":false,"required":false,"hidden":true,"readonly":true}}},"href":{"type":"string","description":"href to quality","placeholder":"href not available","is_array":false,"required":false,"hidden":true,"readonly":true},"records_evaluated":{"type":"integer","description":"records evaluated","placeholder":"records evaluated not available","is_array":false,"required":false,"hidden":true,"readonly":true,"label":{"default":"Test records","en":"Test records"}}}},"evaluation_details":{"type":"object","description":"Evaluation details","is_array":false,"required":false,"hidden":true,"readonly":true,"label":{"default":"Evaluation information","en":"Evaluation information"},"properties":{"evaluated_by":{"type":"string","description":"evaluated by","placeholder":"evaluated by not available","is_array":false,"required":false,"hidden":true,"readonly":true},"evaluation_date":{"type":"string","description":"evaluation date","placeholder":"evaluation date not available","is_array":false,"required":false,"hidden":true,"readonly":true,"label":{"default":"Last evaluation","en":"Last evaluation"}},"evaluation_id":{"type":"string","description":"evaluation id","placeholder":"evaluation id not available","is_array":false,"required":false,"hidden":true,"readonly":true},"openscale_instance_href":{"type":"string","description":"openscale instance href","placeholder":"href not available","is_array":false,"required":false,"hidden":true,"readonly":true,"label":{"default":"OpenScale instance","en":"OpenScale instance"}},"asset":{"type":"object","description":"asset information","is_array":false,"required":false,"hidden":true,"readonly":true,"properties":{"name":{"type":"string","description":"Data asset name","placeholder":"name not available","is_array":false,"required":false,"hidden":true,"readonly":true},"id":{"type":"string","description":"Data asset id","placeholder":"id not available","is_array":false,"required":false,"hidden":true,"readonly":true},"type":{"type":"string","description":"Data asset type","placeholder":"type not available","is_array":false,"required":false,"hidden":true,"readonly":true},"connection":{"type":"object","description":"Data asset connection details","is_array":false,"required":false,"hidden":true,"readonly":true,"properties":{"url":{"type":"string","description":"Data asset name","placeholder":"url not available","is_array":false,"required":false,"hidden":true,"readonly":true},"resource_instance_id":{"type":"string","description":"Data asset connection instance id","placeholder":"resource instance id not available","is_array":false,"required":false,"hidden":true,"readonly":true},"file_name":{"type":"string","description":"Data asset file name","placeholder":"file name not available","is_array":false,"required":false,"hidden":true,"readonly":true},"bucket":{"type":"string","description":"cos bucket information","placeholder":"bucket info not available","is_array":false,"required":false,"hidden":true,"readonly":true},"host":{"type":"string","description":"host information","placeholder":"host not available","is_array":false,"required":false,"hidden":true,"readonly":true},"port":{"type":"string","description":"port information","placeholder":"port not available","is_array":false,"required":false,"hidden":true,"readonly":true},"database":{"type":"string","description":"Database name","placeholder":"database not available","is_array":false,"required":false,"hidden":true,"readonly":true},"schema":{"type":"string","description":"schema name","placeholder":"schema not available","is_array":false,"required":false,"hidden":true,"readonly":true},"table":{"type":"string","description":"table name","placeholder":"table not available","is_array":false,"required":false,"hidden":true,"readonly":true}}}}}}},"openscale_details":{"type":"object","description":"OpenScale details","is_array":false,"required":false,"hidden":true,"readonly":true,"properties":{"service_instance_id":{"type":"string","description":"Service instance id","placeholder":"service instance id not available","is_array":false,"required":false,"hidden":true,"readonly":true},"subscription_id":{"type":"string","description":"Subscription id","placeholder":"subscription not available","is_array":false,"required":false,"hidden":true,"readonly":true},"service_provider":{"type":"object","description":"Service provider details","is_array":false,"required":false,"hidden":true,"readonly":true,"properties":{"id":{"type":"string","description":"service provider id","placeholder":"service provider id not available","is_array":false,"required":false,"hidden":true,"readonly":true},"type":{"type":"string","description":"service provider type","placeholder":"type not available","is_array":false,"required":false,"hidden":true,"readonly":true},"name":{"type":"string","description":"service provider name","placeholder":"service provider name not available","is_array":false,"required":false,"hidden":true,"readonly":true}}}}},"approval_status":{"type":"object","description":"Approval details","is_array":false,"required":false,"hidden":true,"readonly":true,"properties":{"state":{"type":"string","description":"state","placeholder":"state not available","is_array":false,"required":false,"hidden":true,"readonly":true},"reviewed_by":{"type":"string","description":"reviewed by","placeholder":"reviewed by not available","is_array":false,"required":false,"hidden":true,"readonly":true},"review_date":{"type":"string","description":"review date","placeholder":"review date not available","is_array":false,"required":false,"hidden":true,"readonly":true},"message":{"type":"string","description":"message","placeholder":"message not available","is_array":false,"required":false,"hidden":true,"readonly":true}}},"openpages_details":{"type":"object","description":"openpages deployment object details","is_array":false,"required":false,"hidden":true,"readonly":true,"properties":{"id":{"type":"string","description":"openpages deployment object id","is_array":false,"required":false,"hidden":true,"readonly":true},"is_deleted":{"type":"bool","description":"is openpages deployment object deleted","is_array":false,"required":false,"hidden":true,"readonly":true,"default_value":false},"sync_time":{"type":"string","description":"sync time with openpages","is_array":false,"required":false,"hidden":true,"readonly":true,"default_value":false}}}}},"modelentry_information":{"type":"object","description":"Model use case information","is_array":false,"required":false,"hidden":true,"readonly":true,"label":{"default":"Model inventory","en":"Model inventory"},"properties":{"lmid":{"type":"string","description":"logical model id","placeholder":"lmid not available","is_array":false,"required":false,"hidden":true,"readonly":true}}},"model_information":{"type":"object","description":"Model information","is_array":false,"required":false,"hidden":true,"readonly":true,"label":{"default":"Model information","en":"Model information"},"properties":{"model_type":{"type":"string","description":"Model type","placeholder":"model type not available","is_array":false,"required":false,"hidden":true,"readonly":true,"label":{"default":"Model type","en":"Model type"}},"input_type":{"type":"string","description":"input type","placeholder":"input type not available","is_array":false,"required":false,"hidden":true,"readonly":true,"label":{"default":"Input type","en":"Input type"}},"algorithm":{"type":"string","description":"Algorithm used to train the model","placeholder":"algorithm not available","is_array":false,"required":false,"hidden":true,"readonly":true,"label":{"default":"Algorithm","en":"Algorithm"}},"prediction_type":{"type":"string","description":"prediction type of the model","placeholder":"prediction type not available","is_array":false,"required":false,"hidden":true,"readonly":true,"label":{"default":"Prediction type","en":"Prediction type"}},"software_spec":{"type":"string","description":"Software specification of the model","placeholder":"software spec not available","is_array":false,"required":false,"hidden":true,"readonly":true,"label":{"default":"Software specification","en":"Software specification"}},"software_spec_id":{"type":"string","description":"Software specification id of the model","placeholder":"software spec id not available","is_array":false,"required":false,"hidden":true,"readonly":true}}},"training_information":{"type":"object","description":"Training information","is_array":false,"required":false,"hidden":true,"readonly":true,"label":{"default":"Training information","en":"Training information"},"properties":{"project_name":{"type":"string","description":"project name where model is trained","placeholder":"project name not available","is_array":false,"required":false,"hidden":true,"readonly":true,"label":{"default":"Watson Studio project","en":"Watson Studio project"}},"training_data_references":{"type":"object","description":"Training data set","is_array":true,"required":false,"hidden":true,"readonly":true,"properties":{"type":{"type":"string","description":"type of training dataset","placeholder":"type not available","is_array":false,"required":false,"hidden":true,"readonly":true},"id":{"type":"string","description":"id of training dataset","placeholder":"id not available","is_array":false,"required":false,"hidden":true,"readonly":true},"training_data":{"type":"string","description":"The training data used to train the model","is_array":false,"required":false,"hidden":true,"readonly":true},"training_data_href":{"type":"string","description":"The link to the training data used to train the model","is_array":false,"required":false,"hidden":true,"readonly":true},"source":{"type":"string","description":"The source of the training data used to train the model","is_array":false,"required":false,"hidden":true,"readonly":true},"source_href":{"type":"string","description":"The link to the source of training data used to train the model","is_array":false,"required":false,"hidden":true,"readonly":true},"source_type":{"type":"string","description":"The type of the source of training data used to train the model","is_array":false,"required":false,"hidden":true,"readonly":true},"source_path":{"type":"string","description":"The source path of training data used to train the model","is_array":false,"required":false,"hidden":true,"readonly":true},"training_data_exists":{"type":"bool","description":"Existence of training data used to train the model","is_array":false,"required":false,"hidden":true,"readonly":true},"source_exists":{"type":"string","description":"Existence of source asset of the training data used to train the model","is_array":false,"required":false,"hidden":true,"readonly":true}}},"hyper_parameters":{"type":"string","description":"Hyper parameters","placeholder":"hyper parameters not available","is_array":false,"required":false,"hidden":true,"readonly":true,"label":{"default":"Hyperparameters","en":"Hyperparameters"}},"hybrid_pipeline":{"type":"string","description":"Hybrid pipeline details","is_array":true,"required":false,"hidden":true,"readonly":true,"properties":{"name":{"type":"string","description":"Hybrid Pipeline name","placeholder":"name not available","is_array":false,"required":false,"hidden":true,"readonly":true,"label":{"default":"Hybrid pipeline software specification","en":"Hybrid pipeline software specification"}},"id":{"type":"string","description":"Hybrid Pipeline id","placeholder":"id not available","is_array":false,"required":false,"hidden":true,"readonly":true}}},"features":{"type":"number","description":"Number of features","placeholder":"features not available","is_array":false,"required":false,"hidden":true,"readonly":true,"label":{"default":"Number of features","en":"Number of features"}}}},"model_identity_information":{"type":"object","description":"Information about which model are considered to be identical","is_array":false,"required":false,"hidden":true,"readonly":true,"properties":{"master_id":{"type":"string","description":"id identifying all models considered to be identical","placeholder":"master id not available","is_array":false,"required":false,"hidden":true,"readonly":true}}},"metrics":{"type":"object","description":"metrics of the model","placeholder":"Put a value here","is_array":true,"required":false,"hidden":true,"readonly":true,"properties":{"iteration":{"type":"number","description":"iteration","placeholder":"Put a value here","is_array":false,"required":false,"hidden":true,"readonly":true},"timestamp":{"type":"string","description":"timestamp","placeholder":"Put a value here","is_array":false,"required":true,"hidden":true,"readonly":true},"ml_metrics":{"type":"object","description":"ml_metrics details","placeholder":"Put a value here","is_array":true,"required":false,"hidden":true,"readonly":true,"properties":{"id":{"type":"string","description":"metric id","is_array":false,"required":false,"hidden":true,"readonly":true},"name":{"type":"string","description":"metric name","is_array":false,"required":false,"hidden":true,"readonly":true},"training_value":{"type":"number","description":"metric training value","is_array":false,"required":false,"hidden":true,"readonly":true},"holdout_value":{"type":"number","description":"metric holdout value","is_array":false,"required":false,"hidden":true,"readonly":true},"custom_value":{"type":"number","description":"metric custom value","is_array":false,"required":false,"hidden":true,"readonly":true}}}}}},"global_search_searchable":["model_op_id","deployment_op_id","lmid"],"attribute_only":true,"version":1,"name":"modelfacts_system","scope":"GLOBAL","is_column_custom_attribute":false,"allow_decorators":true}