{"description":"Notebook Experiment Asset Type","fields":[{"key":"experiment_id","type":"string","facet":false,"is_array":false,"search_path":"experiment_id","is_searchable_across_types":false}],"relationships":[],"properties":{"experiment_id":{"type":"string","description":"notebook experiment id","is_array":false,"required":true,"hidden":true,"readonly":true,"default_value":""},"runs":{"type":"object","description":"experiments","is_array":true,"required":false,"hidden":false,"readonly":true,"properties":{"run_id":{"type":"string","description":"run id for reference","is_array":false,"required":false,"hidden":true,"readonly":true},"created_date":{"type":"string","description":"experiment date","is_array":false,"required":false,"hidden":true,"readonly":true},"metrics":{"type":"object","description":"experiment metrics","is_array":true,"required":false,"hidden":false,"readonly":true,"properties":{"key":{"type":"string","description":"metrics name","is_array":false,"required":false,"hidden":false,"readonly":true},"value":{"type":"string","description":"metrics value","is_array":false,"required":false,"hidden":false,"readonly":true},"step":{"type":"string","description":"metrics iteration or epoch","is_array":false,"required":false,"hidden":false,"readonly":true},"timestamp":{"type":"string","description":"metrics iteration or epoch timestamp","is_array":false,"required":false,"hidden":false,"readonly":true}}},"params":{"type":"object","description":"experiment params","is_array":false,"required":false,"hidden":false,"readonly":true,"properties":{"key":{"type":"string","description":"param name","is_array":false,"required":false,"hidden":false,"readonly":true},"value":{"type":"string","description":"param value","is_array":false,"required":false,"hidden":false,"readonly":true}}},"tags":{"type":"object","description":"experiment tags","is_array":false,"required":false,"hidden":false,"readonly":true,"properties":{"key":{"type":"string","description":"tag name","is_array":false,"required":false,"hidden":false,"readonly":true},"value":{"type":"string","description":"tag value","is_array":false,"required":false,"hidden":false,"readonly":true}}},"artifacts":{"type":"object","description":"experiment artifacts","is_array":false,"required":false,"hidden":false,"readonly":true,"properties":{"key":{"type":"string","description":"artifact name","is_array":false,"required":false,"hidden":false,"readonly":true},"value":{"type":"string","description":"artifact value","is_array":false,"required":false,"hidden":false,"readonly":true}}}}}},"global_search_searchable":[],"attribute_only":false,"version":1,"name":"notebook_experiment","scope":"GLOBAL","is_column_custom_attribute":false,"allow_decorators":true}