{"description":"An asset type that represents custom orchestration pipelines component","fields":[{"key":"sub_type","type":"string","facet":false,"is_array":false,"search_path":"name","is_searchable_across_types":true},{"key":"status","type":"string","facet":false,"is_array":false,"search_path":"status","is_searchable_across_types":true}],"relationships":[],"properties":{"status":{"type":"string","description":"Status of component usability","required":true,"values":["draft","published","deprecated","deleted"]},"sub_type":{"type":"string","description":"Component type","required":true,"values":["python_function","container"]}},"global_search_searchable":[],"attribute_only":false,"version":1,"name":"pipelines_component","scope":"GLOBAL","is_column_custom_attribute":false,"allow_decorators":true}