Name,Artifact Type,Category,Artifact ID,Description,Tags,Classifications,Stewards,Related Terms,Business Start,Business End,Secondary Categories,Rules,Parent Policy
PII must be masked,policy,65b9bb49-6ba6-4359-a195-2d481055c538,4e4cd968-57be-49d2-aca8-d242dc7613c3,,demo,2b8c7320-5c44-4c70-acba-9221ae1a7ddd,1000331002,,2022-05-31 23:58:40,,,,
"",,,,,,23e38407-0633-4290-ba33-6f6edf064b5d,1000331001,,,,,,
Policy Enforcement,policy,,a298cc16-e81f-4f85-8a03-3636cdb8a970,"Policy Enforcement describes runtime support for testing and reporting on compliance of information content or use to a particular policy.
Policy Enforcement describes runtime support for testing and reporting on compliance of information content or use to a particular policy.  All policies will be assessed to identify inclusion of required elements, links to policy documentation, and use of governance rules.
Associated rules for a policy must be defined as either: Hard conditions (cannot continue) or Soft conditions (can continue but must be flagged as exceptions).  Rules are not required for data that is always considered or flagged as 'Optional'.",,,,,2022-05-31 23:57:37,,,,8710e58d-fa64-49cf-971d-96d3a083db96
Security,policy,,389fc6f1-fc14-401b-a817-784511d97956,"Policies related to the creation, management, and retention of information to ensure the security of the organization, its assets, and its people.",,,,,2022-05-31 23:57:37,,,,2a7e28f7-b4ba-47e6-9430-67639730f4dc
Corporate Requirements,policy,,2a7e28f7-b4ba-47e6-9430-67639730f4dc,Policies that have been delegated from other governance teams inside the organization.,,,,,2022-05-31 23:57:37,,,,bfbd5c5f-fea9-49b9-81ee-a66e58ee5e7b
Requirements,policy,,3f22dd03-8ad6-4fb1-b198-fe33fa54421d,"Requirements define the business needs, processes, and information needed to support a business or other activity. 
Requirements (the what and when) are used to define the functional and technical specifications (the how) of an information system or solution within the enterprise.",,,,,2022-05-31 23:57:37,,,,c88f9aa5-4a4c-4d84-b8d3-4be18ffec205
Authoritative Sources provide the best information,policy,,c550d206-7a22-49cf-91b0-3951812124d5,"An authoritative source is a managed information source that is designed to share the best information for a subject area.
Typically there are many systems that store information about a particular subject area.  The quality and completeness of these information sources is variable.  Authoritative sources are systems that are managed as the best source of a particular type of information.  

The aim of this policy is to ensure that authoritative sources are managed properly and used wherever possible to improve the quality of and confidence in information used by applications and decision makers; and to reduce the duplication and cost of providing information for the subject area.",,,,,2022-05-31 23:57:37,,,,a2df3f07-e978-4d19-9ff6-9f1e1dbc9d98
Privacy,policy,,b1b62c50-16a3-4d40-ae1e-24bc7fc518f0,Policies defining the requirements for safeguarding the privacy of individuals and organizations.,,,,,2022-05-31 23:57:37,,,,2a7e28f7-b4ba-47e6-9430-67639730f4dc
Order Processing,policy,,081fc84d-dd91-4bd8-a49b-a44246351e16,"Order Processing policy for customer service
Order Processing policy defines the standards for expected customer service in the receipt and acknowledgment of orders.",,,,,2022-05-31 23:57:37,,,,ee435cd6-92c8-4057-a2a7-cdcd80b66806
Protect Cardholder Data,policy,,b58d037e-f2f3-4dbb-a6af-b70d66fac3a4,"Protect stored cardholder data
Protection methods such as encryption, truncation, masking, and hashing are critical components of cardholder data protection. If an intruder circumvents other security controls and gains access to encrypted data, without the proper cryptographic keys, the data is unreadable and unusable to that person. Other effective methods of protecting stored data should be considered as potential risk mitigation opportunities. For example, methods for minimizing risk include not storing cardholder data unless absolutely necessary, truncating cardholder data if full PAN is not needed, and not sending unprotected PANs using end-user messaging technologies, such as e-mail and instant messaging.
Please refer to the PCI DSS and PA-DSS Glossary of Terms, Abbreviations, and Acronyms for definitions of strong cryptography and other PCI DSS terms.",,,,,2022-05-31 23:57:37,,,,28456b98-06be-4fd6-80ab-55325e023ea4
Information Supply Chain Integrity,policy,,2368bbdf-ef70-4884-9816-70cdb4ac2a51,"The quality of a given information supply chain satisfies the needs of the consumer of that information (whether human or other information process or system). 
The quality of a given information supply chain satisfies the needs of the consumer of that information (whether human or other information process or system).  For example, the information process for a customer order must ensure that a shipment of the product requested by the customer is sent and delivered to the correct customer at the correct address.",,,,,2022-05-31 23:57:37,,,,5e234ecc-0690-46c5-a4aa-31b908c31e44
Third Party Contracts,policy,,017aa9ea-a64f-442f-ac90-da4dcf0cdea2,3rd Party Contracts with required obligations,,,,,2022-05-31 23:57:37,,,,bfbd5c5f-fea9-49b9-81ee-a66e58ee5e7b
Information Governance Delegations,policy,,ca888c4f-50dd-467a-bf74-752309c7dba7,"Policies that have been delegated to another governance domain (for example, Audit or Risk Management).
Delegations define policies that that been delegated to another governance domain.  Other governance domains include: Audit, IT Governance, Risk Management, and Security.",,,,,2022-05-31 23:57:37,,,,
UK Data Protection Act,policy,,03b6dc3e-67b6-4f84-9c8b-1b50564e3753,"The UK Data Protection Act regulates the use of ""personal data"".
1) Personal data shall be processed fairly and lawfully and, in particular, shall not be processed unless—
(a)at least one of the conditions in Schedule 2 is met, and
(b)in the case of sensitive personal data, at least one of the conditions in Schedule 3 is also met.

2) Personal data shall be obtained only for one or more specified and lawful purposes, and shall not be further processed in any manner incompatible with that purpose or those purposes.

3) Personal data shall be adequate, relevant and not excessive in relation to the purpose or purposes for which they are processed.

4) Personal data shall be accurate and, where necessary, kept up to date.

5) Personal data processed for any purpose or purposes shall not be kept for longer than is necessary for that purpose or those purposes.

6) Personal data shall be processed in accordance with the rights of data subjects under this Act.

7) Appropriate technical and organisational measures shall be taken against unauthorised or unlawful processing of personal data and against accidental loss or destruction of, or damage to, personal data.

8) Personal data shall not be transferred to a country or territory outside the European Economic Area unless that country or territory ensures an adequate level of protection for the rights and freedoms of data subjects in relation to the processing of personal data.",,,,,2022-05-31 23:57:37,,,,c173e370-a54f-4deb-993c-977256a030ba
Customer data available for Customer Care at start of day.,policy,,96799856-27bf-4e57-91e7-a2cf98608863,Customer data must be loaded into the Master Data Management system by the defined daily start time.,,,,,2022-05-31 23:57:37,,,,ee435cd6-92c8-4057-a2a7-cdcd80b66806
Subject Areas group data into topic areas,policy,,e03a249e-e884-4846-86e1-9005dd0caf10,A Subject Area is a topic area of related information that is of interest to the organization.,,,,,2022-05-31 23:57:37,,,,a2df3f07-e978-4d19-9ff6-9f1e1dbc9d98
Service-Level Agreements,policy,,ee435cd6-92c8-4057-a2a7-cdcd80b66806,"A service-level agreement (SLA) is a part of a service contract where a service is formally defined and offered.  
From an information governance perspective, a service-level agreement is the level of service offered by IT to a line of business related to the receipt, processing, delivery, quality, or management of information.",,,,,2022-05-31 23:57:37,,,,bfbd5c5f-fea9-49b9-81ee-a66e58ee5e7b
Information Governance Principles,policy,,9158f9e6-57fa-4f4a-ab5d-c03c857df0ea,"Information governance principles define the high-level goals and approaches of the information governance program.
Information governance principles define the high-level goals and approaches of the information governance program.  They provide the terms of reference for all decisions made as part of the information governance program.

Information governance principles are typically defined and owned by the Chief Data officer (CDO), in consultation with other business leaders involved in the information governance program leaders.   
 * They provide the terms of reference for all decisions made as part of the information governance program. 
 * They are the core statements that guide the operation and development of the information landscape.  
 * They capture the fundamental, underlying truths about how the organization will utilize and deploy both business and information technology assets and resources to support the information supply chains. 

The principles are used in a variety of ways: 
 * As a guide to establishing relevant evaluation criteria, and thus exert a strong influence on the selection of suppliers, business partners, components, products or product architectures
 * As drivers for defining the functional requirements of an enterprise-wide architecture for all information supply chains.
 * As an input to assessing both the existing information supply chain and any proposed changes, for compliance with the future desired state.

Each principle is defined with a short description, the reasons (purpose) for adopting the principle and a list of implications for the organization.
 * The purpose statements provide a basis for justifying all proposed decisions and related activities
 *The implication statements provide an outline of the key tasks, resources and potential costs to the business of implementing the principle. They also provide valuable inputs to future transition initiative and planning activities.

Governance principles are typically refined into sub-policies and rules that are specific to different parts of the organization.  They are embedded in the operation of processes across the organization and measured through the governance metrics.
When policies and rules for the information governance program are created or changed, they must be reviewed to ensure they are compatible with the information governance principles.",,,,,2022-05-31 23:57:37,,,,
Information Protection,policy,,c137ce47-e919-490c-83ce-c0af5b83b5ae,"Information protection policies address the requirements to secure data, to ensure private data is protected from misuse or disclosure, and to prevent unauthorized access to data. 
Protection of data privacy and access is essential to the ability to maintain the trust of your customers and their customers.
– Your information protection must not be compromised for the sake of expediency, convenience, or deadlines (for example, simple data
exploration). If conditions warrant them, exemptions should be decided by the appropriate management team and documented.
– Accept as a fact the difficulty in predicting how new risks manifest themselves.
– Protect not just what you bring in, but what you join/link it to, and what you derive. Your customers will fault you for failing to protect them from malicious links.
– The enterprise must formulate the strategy to deal with more data, longer retention periods, more data subject to experimentation, and less process around it, all while trying to derive more value over longer periods.",,,,,2022-05-31 23:57:37,,,,a1dc4788-17e9-40d8-8473-2ff59dd8580b
Information Quality,policy,,5e234ecc-0690-46c5-a4aa-31b908c31e44,"Information Quality ensures that data (whether in the form of specific values in fields, expected content in records, or information delivered through a supply chain) fits its purpose and satisfies the requirements for its use.
Information Quality ensures that data (whether in the form of specific values in fields,; expected content in records, or information delivered through a supply chain) fits its purpose.  That is, the information meets the needs of the primary consumer of the data at each specified point within the information supply chain.",,,,,2022-05-31 23:57:37,,,,6ca73156-0a8c-40cf-804c-4deede3d0097
Government Regulations,policy,,c173e370-a54f-4deb-993c-977256a030ba,"A government regulation is a rule or law intended to control or govern the conduct of people or organizations.  In general, government regulations are written by executive agencies as a way to enforce laws passed by the legislature.",,,,,2022-05-31 23:57:37,,,,bfbd5c5f-fea9-49b9-81ee-a66e58ee5e7b
Information is a shareable resource,policy,,a09ab7cc-756e-4b5e-b549-988f36b20550,Information is a shareable resource and is made available for all legitimate needs of the company.,,,,,2022-05-31 23:57:37,,,,9158f9e6-57fa-4f4a-ab5d-c03c857df0ea
Product and Service Data Policies,policy,,34b14b88-3b8d-45d1-aefc-06c434356959,All immediate line of business policies that pertain to the Product and Service data domain.,,,,,2022-05-31 23:57:37,,,,42e47b2d-67e6-4f80-b0f0-c298fbf0797f
Architecture,policy,,7e5263ab-0e77-4ce4-80a9-c17796522313,"Architecture encompasses the practices and approaches to designing and structuring the information environment in support of information processes and solutions including the enterprise standards, requirements, and governance needs.
Architecture includes a number of practices including:  Enterprise architecture, system architecture, and information architecture.
Enterprise architecture defines what an organization does; who performs individual functions within the organization, and within the market value chain; how the organizational functions are performed; and how information are used and stored. Enterprise architecture is introduced with the goals that IT costs are reduced and responsiveness with IT systems is improved.
A system architecture defines what a system in intended to achieve, including the conceptual model that defines the structure, behavior, and views of a system. A system architecture is introduced with the goal of improving the interaction of information processes and flows within an organization and support the broader enterprise architecture.
Information architecture encompasses the structural design of shared information environments.  Typically, information architecture involves a model or concept of information which is used and applied to activities and processes that require explicit details of complex information systems.  Information architecture is introduced with the goal of standardizing information requirements to reduce costs and improve the quality and consistency of information delivered within the broader enterprise architecture.",,,,,2022-05-31 23:57:37,,,,c88f9aa5-4a4c-4d84-b8d3-4be18ffec205
Information is kept only as long as it is needed,policy,,6e0eaad4-de6a-4d82-a8c3-e65678021bb9,Information is kept as long as it is needed.  Information that is no longer required is disposed of appropriately.,,,,,2022-05-31 23:57:37,,,,9158f9e6-57fa-4f4a-ab5d-c03c857df0ea
Information Disposal,policy,,a7d59e17-5969-45ed-8279-cc8200bb3300,"Information that is no longer needed will be disposed of appropriately.  
Specific requirements for information disposal are typically defined by subject area or information classification and may fall under specific legislation.  Information Disposal includes techniques to: destroy, dispose, or otherwise make personal information unreadable or undecipherable.  Disposal of paper records includes techniques such as shredding, pulverization (rendered into a powder by grinding), maceration (rendered into pulp by chemicals) or incineration (burned).  Disposal of electronic records includes techniques such as demagnetization of drives and overwriting or wiping of digital media.",,,,,2022-05-31 23:57:37,,,,425ce77d-6ebb-4802-bd4e-6576e6dfdbc4
Information Governance Obligations,policy,,bfbd5c5f-fea9-49b9-81ee-a66e58ee5e7b,Obligations define policies that are delegated to the Information Governance organization from other governance focus areas and domains.,,,,,2022-05-31 23:57:37,,,,
Information users are identified,policy,,0c63bda3-9307-4512-a8cc-14ef0fa0caf1,Each individual will be identified and held accountable for each access to data and each change to data that they make.,,,,,2022-05-31 23:57:37,,,,9158f9e6-57fa-4f4a-ab5d-c03c857df0ea
Information quality is everyone's responsibility,policy,,6ca73156-0a8c-40cf-804c-4deede3d0097,Information quality is everyone's responsibility.  Information is validated and where necessary it is corrected and made complete.,,,,,2022-05-31 23:57:37,,,,9158f9e6-57fa-4f4a-ab5d-c03c857df0ea
Information from third-parties must be appropriately governed and managed,policy,,8c7fe056-52b3-4054-840f-5a9d3ebd97be,"Third parties must consider applicable regulations for the geographic regions in which the organization operates.  You must understand and manage those obligations.
– Outsourced delivery (proxy for you): Contracts need to reflect your policies because you are still responsible for the content of the data (for
example, traceability).
– Providers of data (publishing or selling to you): What is your responsibility (for example, a bad action that is based on bad data) versus that of the third-party provider (for example, wrong emergency response)? The responsibility belongs with the third party, depending on the terms and conditions.  However, the visibility of any issue or bad action will be with you (brand reputation).
– Subscribers of data (buying from you): The responsibility belongs with the supplier, depending on the terms and conditions.",,,,,2022-05-31 23:57:37,,,,017aa9ea-a64f-442f-ac90-da4dcf0cdea2
Information Retention,policy,,982cf727-c57e-4258-b006-8df169f193a1,Information is kept only as long as it is needed,,,,,2022-05-31 23:57:37,,,,425ce77d-6ebb-4802-bd4e-6576e6dfdbc4
Risk Management,policy,,5af062e1-f175-4ef6-88b1-e09e23e1ea15,Policies defining the requirements to document and manage risk that is related to the use of information.,,,,,2022-05-31 23:57:37,,,,2a7e28f7-b4ba-47e6-9430-67639730f4dc
Collection of sensitive personal information,policy,,c4e1e043-2ddf-40f7-9108-cc8cd97a9197,"Sensitive personal information should not be collected or stored unless it is necessary to achieve a valid business purpose.
Sensitive personal information generally includes an individual's name, address, or telephone number, in conjunction with the individual's Social Security number, driver's license number, account number, credit or debit card number, or a personal identification number or password.

Sensitive personal information is defined by the federal banking regulators as:  ""a customer’s name, address, or telephone number, in conjunction with the customer’s social security number, driver’s license number, account number, credit or debit card number, or a personal identification number or password that would permit access to the customer’s account.""",,,,,2022-05-31 23:57:37,,,,b1b62c50-16a3-4d40-ae1e-24bc7fc518f0
Asset Data Policies,policy,,43d4d58a-ab3e-4ee2-a21a-48a20981a317,"All immediate line of business policies pertaining to the Asset data domain including tangible assets such as buildings and equipment, as well as intangible assets such as intellectual property and goodwill.",,,,,2022-05-31 23:57:37,,,,42e47b2d-67e6-4f80-b0f0-c298fbf0797f
Payment Card Information,policy,,28456b98-06be-4fd6-80ab-55325e023ea4,Payment Card Information (PCI) Policy,,,,,2022-05-31 23:57:37,,,,64559f02-af82-47d7-aefb-4d41c3cb4abf
Line of Business SLAs,policy,,2b187221-2d4d-4b6f-b345-836b52d79f31,"Obligations defined between one or more groups within an organization.  Line of business policies include the expected requirements for business processes and data used in those processes.
Obligations defined between one or more groups within an organization.  Line of business policies cover requirements for business processes and data used in those processes.  Obligations might be between two business groups (For example, shipping must fulfill orders received from Order Processing within 24 hours) or between a business group and IT (For example, customer updates must be completed in the Customer Hub by 6am).",,,,,2022-05-31 23:57:37,,,,ee435cd6-92c8-4057-a2a7-cdcd80b66806
Standards,policy,,c88f9aa5-4a4c-4d84-b8d3-4be18ffec205,Standards define the obligations to develop and operate information systems to support the operations and governance of information.,,,,,2022-05-31 23:57:37,,,,3e29987e-2881-46c2-b837-038a1f124f54
Regulations Concerning Minors,policy,,182eb9c3-facb-438d-9886-11a44dc04f24,"Government regulations that concern minors by country and state, and by category of interaction.",,,,,2022-05-31 23:57:37,,,,c173e370-a54f-4deb-993c-977256a030ba
Information Synchronization,policy,,8e6dbd0f-2cef-448d-a676-e2e36564bcb4,Information Synchronization ensures that copies of the same information stored in different locations or information systems are the same within a specified time interval and contain the most recent information.,,,,,2022-05-31 23:57:37,,,,2368bbdf-ef70-4884-9816-70cdb4ac2a51
Policy Administration,policy,,74082f5b-e2a7-4d2b-b92d-da6e9e93b1cd,"Policy Administration defines how to create and maintain the policies that support both the regulatory requirements and the organization’s brand promise.
Policy Administration defines how to create and maintain the policies that support both the regulatory requirements and the organization’s brand promise.  It is the policy about how policies are created and administered.",,,,,2022-05-31 23:57:37,,,,8710e58d-fa64-49cf-971d-96d3a083db96
Customer Relationship Management and Marketing,policy,,5a0355cb-07fb-475c-aed9-ce1ea5ba419c,"Policies relating to the creation, management, use and retention of customer information.",,,,,2022-05-31 23:57:37,,,,2a7e28f7-b4ba-47e6-9430-67639730f4dc
Information Identification,policy,,51b8c455-6257-44fa-a96e-2dd4427816c4,"Information received by the organization must be identifiable and identified so that it may be appropriately handled, delivered, or deleted.
Recipients of information in the organization, whether human or system, must be able to identify information received and determine whether the information is retained and appropriately delivered and classified, or if it is removed.  For example, confidential information from another organization is not retained if it does not fall under an agreement between the two organizations.",,,,,2022-05-31 23:57:37,,,,8b313688-e552-452b-9d75-480b3d736634
Information users are responsible for protecting information,policy,,de6dd0a8-c849-4505-8586-6e0d75878b2d,"Individuals are responsible for safeguarding the information that they own, access and use.",,,,,2022-05-31 23:57:37,,,,9158f9e6-57fa-4f4a-ab5d-c03c857df0ea
Information is a company asset,policy,,dbbd9b88-c364-424a-8bc7-620decf2bed8,"Information is a company asset that must be managed according to the prescribed governance policies.
Information is a company asset.  Management of that information must follow the prescribed governance principles and associated policies, whether established by line-of-business, specific obligations, or delegations to other parties.",,,,,2022-05-31 23:57:37,,,,9158f9e6-57fa-4f4a-ab5d-c03c857df0ea
Data Privacy,policy,,2d93ea13-8aeb-4d23-8439-10ad5b4a08d0,"The Information Governance data privacy policy governs the protection of sensitive data.  The policy covers data masking as well as protecting sensitive data in non-production environments.
This policy contains all of the rules provided by the IBM InfoSphere Optim Data Privacy Solution to mask data and to protect sensitive data in non-production testing environments that are internal or external to the business.",,,,,2022-05-31 23:57:37,,,,c137ce47-e919-490c-83ce-c0af5b83b5ae
Information is owned,policy,,adf04063-021c-498a-a4ad-a3d2855716ae,"There is an individual identified as an owner of each information collection.  The owner is responsible for the appropriate management and governance of that information.
The information owner is identified for a given subject area or domain of data (e.g. the Chief Financial Officer is the owner of all information pertaining to financial reporting).  The information owner is responsible for the use, integration, and processing of information. The owner further is accountable for ensuring the application of information policy and compliance regulations when integrating with or otherwise using such information.",,,,,2022-05-31 23:57:37,,,,9158f9e6-57fa-4f4a-ab5d-c03c857df0ea
Information Usage,policy,,c5240d6e-9cfe-4282-a885-80aba5c3ed3e,"Access to and usage of information within the organization is based on the information's level of confidentiality and security.
Access to information is controlled and tracked through an individual's user logon account to information systems.  Information access may require a password, or may require additional levels of security and authorization.",,,,,2022-05-31 23:57:37,,,,c137ce47-e919-490c-83ce-c0af5b83b5ae
Intellectual Property Protection,policy,,d7193072-3cd6-44cb-b693-ced55e351a7f,Policies defining the requirements for protecting the organization's intellectual property.,,,,,2022-05-31 23:57:37,,,,2a7e28f7-b4ba-47e6-9430-67639730f4dc
Information is managed in a cost effective manner,policy,,3e29987e-2881-46c2-b837-038a1f124f54,Information is managed in a cost effective manner.   This is achieved through a well-defined information architecture that follows standards and best practices.,,,,,2022-05-31 23:57:37,,,,9158f9e6-57fa-4f4a-ab5d-c03c857df0ea
Policy Implementation,policy,,3cd1697c-8d42-49d9-8026-87abb7518d9f,"Policy Implementation describes the creation and development of the requirements and implementations for policy enforcement and monitoring.  
Policy Implementation describes the creation and development of the requirements and implementations for policy enforcement and monitoring.  Requirements for policies will be implemented through Information Governance rules.  Implementations will be delivered through specific tools such as IGC Queries, ETL, DQ rules, Business Processes, etc.",,,,,2022-05-31 23:57:37,,,,8710e58d-fa64-49cf-971d-96d3a083db96
Industry Standards,policy,,64559f02-af82-47d7-aefb-4d41c3cb4abf,"Industry Standards and practices for business
Industry Standards and practices for business",,,,,2022-05-31 23:57:37,,,,bfbd5c5f-fea9-49b9-81ee-a66e58ee5e7b
Information Provenance,policy,,c0466de4-26c0-42d8-b12f-f3f899ab0a56,"Information Provenance ensures that the source and origin of data, as well as changes made to it, can be identified and validated.",,,,,2022-05-31 23:57:37,,,,2368bbdf-ef70-4884-9816-70cdb4ac2a51
Employee Data Policies,policy,,b7f76754-4c6e-4cc0-a9b0-39d4fcbd14b1,All immediate line of business policies pertaining to the Employee data domain.,,,,,2022-05-31 23:57:37,,,,42e47b2d-67e6-4f80-b0f0-c298fbf0797f
Information Record Quality,policy,,8b4a4f17-12fb-42d6-bb60-5845933e5e7f,"The quality of a given record satisfies the needs of the consumer of that information (whether human or other information process or system).
The quality of a given record satisfies the needs of the consumer of that information (whether human or other information process or system).  For example, the record of a given person contains sufficient information to identify the person and associate it with other information for that same person.",,,,,2022-05-31 23:57:37,,,,5e234ecc-0690-46c5-a4aa-31b908c31e44
Customer Data Policies,policy,,cfbd6d19-3037-48ef-8c7b-46b22e0c3e4d,All immediate line of business policies pertaining to the Customer data domain.,,,,,2022-05-31 23:57:37,,,,42e47b2d-67e6-4f80-b0f0-c298fbf0797f
Information is secured,policy,,a1dc4788-17e9-40d8-8473-2ff59dd8580b,Information is secured from unauthorized access and use.,,,,,2022-05-31 23:57:37,,,,9158f9e6-57fa-4f4a-ab5d-c03c857df0ea
US IRS Recordkeeping Practices,policy,,176ceca9-a5bb-4d0e-bd2e-da13827117a3,"Records relevant to the income or tax reporting of an organization must be maintained for the period of limitations for a given tax filing.
You must keep your records as long as they might be needed for the administration of any provision of the Internal Revenue Code. Generally, this means you must keep records that support an item of income or deduction until the period of limitations for a given filing runs out.  The period of limitations is the period of time in which you can amend your return to claim a credit or refund, or the IRS can assess additional tax.",,,,,2022-05-31 23:57:37,,,,c173e370-a54f-4deb-993c-977256a030ba
Export Controls,policy,,9db23b5c-d989-436b-b0ec-19f44aae3764,Policies defining the restrictions for moving information between countries.,,,,,2022-05-31 23:57:37,,,,2a7e28f7-b4ba-47e6-9430-67639730f4dc
Information Classification,policy,,a2df3f07-e978-4d19-9ff6-9f1e1dbc9d98,"All information stored by the company is classified according to its sensitivity and content.  This classification determines how the information is retained, managed, and governed.
It is critical for the business/steward to classify the overall source and the contents within as soon as it is brought in by its owner to support of information lifecycle management, access control, and regulatory compliance.
– Public versus private.
– Retention period/schedule.
– Security level.
– Applicable regulatory controls (for example, PII, PCI, and illegal content).
– Non-destructive testing to make assessment/classification in a staging zone (for data at rest) or threat assessment/function in stream (for data in motion).
– If you do not have positive control over the incoming stream (for example, a Twitter feed is uncontrolled), then you must have components to monitor and classify what crosses the boundary. This is needed to be able to exclude any data that does not meet the acceptance criteria.",,,,,2022-05-31 23:57:37,,,,8b313688-e552-452b-9d75-480b3d736634
Decision makers are responsible for using appropriate information,policy,,8a444d0a-2af8-4bc6-b4cd-209d687453b9,Decision makers must ensure that an authoritative source is used as the information source for their work.,,,,,2022-05-31 23:57:37,,,,9158f9e6-57fa-4f4a-ab5d-c03c857df0ea
Information Governance Approaches,policy,,eb3b87f2-3098-40aa-a3b6-cb62d916852b,"Approaches describe the standards that have been adopted by the information governance program to increase consistency, reduce discrepancies, and remove unnecessary processing across or between different implementations.",,,,,2022-05-31 23:57:37,,,,
Human Resources,policy,,2652cf03-26bc-4014-b181-fd6d2713190c,"Policies related to the creation, management and retention of information about employees, recruitment and alumnis.",,,,,2022-05-31 23:57:37,,,,2a7e28f7-b4ba-47e6-9430-67639730f4dc
Financial Reporting,policy,,23802139-d2e9-4481-9fcc-6e2d06494ca0,"Policies related to the collection, management and retention of financial information.",,,,,2022-05-31 23:57:37,,,,2a7e28f7-b4ba-47e6-9430-67639730f4dc
Information Lifecycle Management,policy,,425ce77d-6ebb-4802-bd4e-6576e6dfdbc4,Information is managed in accordance to its designated lifecycle,,,,,2022-05-31 23:57:37,,,,6e0eaad4-de6a-4d82-a8c3-e65678021bb9
Compliance,policy,,8710e58d-fa64-49cf-971d-96d3a083db96,"Compliance requirements for policy management.
The Compliance capability is part of the Information Governance capability. It supports the definition and communication of policies for information management and governance, plus the process to detect and remediate exceptions.",,,,,2022-05-31 23:57:37,,,,eb3b87f2-3098-40aa-a3b6-cb62d916852b
Information Value Quality,policy,,2168b176-705f-442f-ae86-2f5867177d86,"The quality of a given field of data satisfies the needs of the consumer of that information (whether human or other information process or system).
The quality of a given field of data satisfies the needs of the consumer of that information (whether human or other information process or system). For example, the tax id of a given person exists, is of the correct format, and satisfies the algorithm to validate that it is a legitimate tax id.",,,,,2022-05-31 23:57:37,,,,5e234ecc-0690-46c5-a4aa-31b908c31e44
Policy Monitoring,policy,,71e058f9-bf47-4370-a547-ddc7b304d854,"Policy Monitoring describes the active review process that is necessary to ensure that policies are being enforced and that exceptions are remediated in a managed, repeatable process.
Policy Monitoring describes the active review process that is necessary to ensure that policies are being enforced and that exceptions are remediated in a managed, repeatable process.  
It does not describe the monitoring and remediation tools or enforcement points needed for an individual policy or its rules.",,,,,2022-05-31 23:57:37,,,,8710e58d-fa64-49cf-971d-96d3a083db96
Customer Marketing Information Utilization,policy,,944adb9c-6bd5-4a72-ae79-cbe26c93b427,"Customer Marketing requires customer information to be current and of sufficient value to support marketing campaigns with minimal cost
Customer Marketing requires customer information to be current and of sufficient value to support marketing campaigns with minimal cost",,,,,2022-05-31 23:57:37,,,,cfbd6d19-3037-48ef-8c7b-46b22e0c3e4d
Information is identified and classified,policy,,8b313688-e552-452b-9d75-480b3d736634,"All information received and stored by the company is identified and classified according to its sensitivity and content.  This classification will determine how the information will be governed.
Identification of information is critical to ensure that inappropriate information is not stored or retained, and that legitimate information is appropriately stored, retained, and classified according to its use and purpose.",,,,,2022-05-31 23:57:37,,,,9158f9e6-57fa-4f4a-ab5d-c03c857df0ea
IT Governance Information,policy,,d21a0f10-7b04-4c4d-b5f6-1e94f5a0d94c,Policies related to the creation management and retention of information that is used to govern the IT infrastructure.,,,,,2022-05-31 23:57:37,,,,2a7e28f7-b4ba-47e6-9430-67639730f4dc
Data Classifications group data by common characteristics,policy,,b5c3dd48-d195-456f-a27d-f121d5e77e2a,"Data classifications provide logical groupings of data by using a classification scheme derived from common data characteristics (for example, dates, date of birth, quantities, national identifiers, and so on).",,,,,2022-05-31 23:57:37,,,,a2df3f07-e978-4d19-9ff6-9f1e1dbc9d98
Information Governance Domain Policies,policy,,42e47b2d-67e6-4f80-b0f0-c298fbf0797f,"Information Governance Domain Policies define those policies that cover the basic information governance domains and are not delegated from other governance focus areas and domains.
Information Governance Policies support the core information domains pertaining to an organization's business.  These address:  people (e.g. customer, contact), organizations (e.g. supplier), products and services, and assets (e.g. buildings, equipment).",,,,,2022-05-31 23:57:37,,,,
US Fair Information Practices,policy,,a87ab89d-bf7c-4bd2-8274-1aa0fde9483c,"US Fair Information Practices for management, privacy, and retention of personal information 
United States has adopted a set of laws and practices that conform to the following:
- For all data collected there should be a stated purpose
- Information collected by an individual cannot be disclosed to other organizations or individuals unless authorized by law or by consent of the individual
- Records kept on an individual should be accurate and up to date
- There must be mechanisms for individuals to review data about them, to ensure accuracy. This may include periodic reporting
- Data must be deleted when it is no longer needed for the stated purpose
- Transmission of personal information to locations where ""equivalent"" personal data protection cannot be assured is prohibited
- Some data is too sensitive to be collected, unless there are extreme circumstances (e.g., sexual orientation, religion)",,,,,2022-05-31 23:57:37,,,,c173e370-a54f-4deb-993c-977256a030ba
