"code","value","description","parent","reference data set","related terms"
"21","Herefordshire","",,"4691beac-bef4-4629-b22e-1e7593289c8a",
"4","Bristol","",,,
"101","Pembrokeshire","",,,
"34","Northumberland","",,,
"44","Surrey","",,,
"9","County Durham","",,,
"14","East Riding of Yorkshire","",,,
"97","Merthyr Tydfil","",,,
"37","Rutland","",,,
"66","East Renfrewshire","",,,
"24","Isles of Scilly","",,,
"38","Shropshire","",,,
"107","Wrexham","",,,
"98","Monmouthshire","",,,
"64","East Dunbartonshire","",,,
"28","Lincolnshire","",,,
"45","Tyne & Wear","",,,
"25","Kent","",,,
"74","North Ayrshire","",,,
"12","Devon","",,,
"6","Cambridgeshire","",,,
"111","Fermanagh","",,,
"63","East Ayrshire","",,,
"61","Dumfries & Galloway","",,,
"15","East Sussex","",,,
"33","Northamptonshire","",,,
"76","Orkney","",,,
"92","Conwy","",,,
"16","Essex","",,,
"23","Isle of Wight","",,,
"46","Warwickshire","",,,
"68","Highland","",,,
"70","Kincardineshire","",,,
"W","Wales","",,,
"83","West Dunbartonshire","",,,
"75","North Lanarkshire","",,,
"105","Torfaen","",,,
"110","Down","",,,
"32","North Yorkshire","",,,
"54","Argyll & Bute","",,,
"40","South Gloucestershire","",,,
"41","South Yorkshire","",,,
"82","Stirlingshire","",,,
"79","Shetland","",,,
"99","Neath Port Talbot.","",,,
"91","Ceredigion","",,,
"72","Midlothian","",,,
"78","Renfrewshire","",,,
"108","Antrim","",,,
"53","Angus","",,,
"3","Berkshire","",,,
"7","Cheshire","",,,
"1","Bath and North East Somerset","",,,
"2","Bedfordshire","",,,
"95","Gwynedd","",,,
"57","Berwickshire","",,,
"39","Somerset","",,,
"59","Caithness","",,,
"86","Blaenau Gwent","",,,
"103","Rhondda Cynon Taff","",,,
"52","Aberdeenshire","",,,
"NI","Northern Ireland","",,,
"E","England","",,,
"112","Londonderry","",,,
"13","Dorset","",,,
"18","Greater London","",,,
"71","Lanarkshire","",,,
"73","Moray","",,,
"87","Bridgend","",,,
"58","Borders","",,,
"96","Isle of Anglesey","",,,
"85","Western Isles","",,,
"104","Swansea","",,,
"35","Nottinghamshire","",,,
"106","Vale of Glamorgan","",,,
"56","Banffshire","",,,
"20","Hampshire","",,,
"8","Cornwall","",,,
"42","Staffordshire","",,,
"5","Buckinghamshire","",,,
"22","Hertfordshire","",,,
"10","Cumbria","",,,
"100","Newport.","",,,
"81","South Lanarkshire","",,,
"S","Scotland","",,,
"36","Oxfordshire","",,,
"94","Flintshire","",,,
"31","North Somerset","",,,
"51","Worcestershire","",,,
"11","Derbyshire","",,,
"77","Perth & Kinross","",,,
"65","East Lothian","",,,
"55","Ayrshire","",,,
"47","West Midlands","",,,
"93","Denbighshire","",,,
"17","Gloucestershire","",,,
"27","Leicestershire","",,,
"49","West Yorkshire","",,,
"113","Tyrone","",,,
"69","Inverclyde","",,,
"89","Cardiff","",,,
"26","Lancashire","",,,
"29","Merseyside","",,,
"109","Armagh","",,,
"43","Suffolk","",,,
"50","Wiltshire","",,,
"62","Dunbartonshire","",,,
"30","Norfolk","",,,
"48","West Sussex","",,,
"90","Carmarthenshire","",,,
"67","Fife","",,,
"102","Powys","",,,
"80","South Ayrshire","",,,
"60","Clackmannanshire","",,,
"19","Greater Manchester","",,,
"88","Caerphilly","",,,
"84","West Lothian","",,,
