"code","value","description","parent","reference data set","related terms"
"CAN","Cancelled","The work order has been cancelled",,"d939d486-2b21-44ee-9f25-bc0aa05b31d4",
"COMP","Completed","The work order has been completed",,,
"CLOSE","Closed","The work order has been closed",,,
"WMATL","Waiting for materials","Waiting for materials and consumables needed to complete the work",,,
"WSCH","Waiting for scheduling","Waiting for work to be scheduled",,,
"INPRG","In progress","The work is in progress",,,
"APPR","Approved","The work order has been approved",,,
"WAPPR","Waiting for approval","Waiting for work order approval",,,
