"code","value","description","parent","reference data set","COUNTRY","related terms"
"73","Moray","","S","65fdc4cd-8a79-4e07-a8a8-e1ccc6712a9b",,
"28","Lincolnshire","","E",,,
"46","Warwickshire","","E",,,
"54","Argyll & Bute","","S",,,
"69","Inverclyde","","S",,,
"90","Carmarthenshire","","W",,,
"9","County Durham","","E",,,
"21","Herefordshire","","E",,,
"83","West Dunbartonshire","","S",,,
"86","Blaenau Gwent","","W",,,
"19","Greater Manchester","","E",,,
"102","Powys","","W",,,
"88","Caerphilly","","W",,,
"35","Nottinghamshire","","E",,,
"72","Midlothian","","S",,,
"33","Northamptonshire","","E",,,
"74","North Ayrshire","","S",,,
"3","Berkshire","","E",,,
"17","Gloucestershire","","E",,,
"107","Wrexham","","W",,,
"101","Pembrokeshire","","W",,,
"62","Dunbartonshire","","S",,,
"108","Antrim","","NI",,,
"7","Cheshire","","E",,,
"53","Angus","","S",,,
"110","Down","","NI",,,
"94","Flintshire","","W",,,
"26","Lancashire","","E",,,
"113","Tyrone","","NI",,,
"42","Staffordshire","","E",,,
"13","Dorset","","E",,,
"112","Londonderry","","NI",,,
"47","West Midlands","","E",,,
"52","Aberdeenshire","","S",,,
"67","Fife","","S",,,
"79","Shetland","","S",,,
"23","Isle of Wight","","E",,,
"55","Ayrshire","","S",,,
"64","East Dunbartonshire","","S",,,
"30","Norfolk","","E",,,
"20","Hampshire","","E",,,
"12","Devon","","E",,,
"15","East Sussex","","E",,,
"10","Cumbria","","E",,,
"41","South Yorkshire","","E",,,
"29","Merseyside","","E",,,
"22","Hertfordshire","","E",,,
"2","Bedfordshire","","E",,,
"109","Armagh","","NI",,,
"50","Wiltshire","","E",,,
"100","Newport.","","W",,,
"16","Essex","","E",,,
"96","Isle of Anglesey","","W",,,
"40","South Gloucestershire","","E",,,
"57","Berwickshire","","S",,,
"44","Surrey","","E",,,
"1","Bath and North East Somerset","","E",,,
"99","Neath Port Talbot.","","W",,,
"84","West Lothian","","S",,,
"W","Wales","",,,"",
"66","East Renfrewshire","","S",,,
"31","North Somerset","","E",,,
"34","Northumberland","","E",,,
"98","Monmouthshire","","W",,,
"43","Suffolk","","E",,,
"S","Scotland","",,,"",
"4","Bristol","","E",,,
"97","Merthyr Tydfil","","W",,,
"48","West Sussex","","E",,,
"49","West Yorkshire","","E",,,
"56","Banffshire","","S",,,
"37","Rutland","","E",,,
"91","Ceredigion","","W",,,
"71","Lanarkshire","","S",,,
"75","North Lanarkshire","","S",,,
"59","Caithness","","S",,,
"58","Borders","","S",,,
"76","Orkney","","S",,,
"39","Somerset","","E",,,
"38","Shropshire","","E",,,
"77","Perth & Kinross","","S",,,
"104","Swansea","","W",,,
"95","Gwynedd","","W",,,
"81","South Lanarkshire","","S",,,
"36","Oxfordshire","","E",,,
"NI","Northern Ireland","",,,"",
"85","Western Isles","","S",,,
"45","Tyne & Wear","","E",,,
"6","Cambridgeshire","","E",,,
"5","Buckinghamshire","","E",,,
"82","Stirlingshire","","S",,,
"92","Conwy","","W",,,
"24","Isles of Scilly","","E",,,
"27","Leicestershire","","E",,,
"105","Torfaen","","W",,,
"78","Renfrewshire","","S",,,
"70","Kincardineshire","","S",,,
"68","Highland","","S",,,
"111","Fermanagh","","NI",,,
"51","Worcestershire","","E",,,
"106","Vale of Glamorgan","","W",,,
"11","Derbyshire","","E",,,
"63","East Ayrshire","","S",,,
"103","Rhondda Cynon Taff","","W",,,
"80","South Ayrshire","","S",,,
"32","North Yorkshire","","E",,,
"65","East Lothian","","S",,,
"18","Greater London","","E",,,
"8","Cornwall","","E",,,
"25","Kent","","E",,,
"93","Denbighshire","","W",,,
"89","Cardiff","","W",,,
"87","Bridgend","","W",,,
"61","Dumfries & Galloway","","S",,,
"60","Clackmannanshire","","S",,,
"14","East Riding of Yorkshire","","E",,,
"E","England","",,,"",
