"code","value","description","parent","reference data set","related terms"
"CM","Cameroon","",,"18d9cce3-571e-492c-b97d-d2206075bb3c",
"HT","Haiti","",,,
"SM","San Marino","",,,
"SC","Seychelles","",,,
"LR","Liberia","",,,
"MD","Moldova, Republic of","",,,
"TV","Tuvalu","",,,
"RE","Réunion","",,,
"RS","Serbia","",,,
"MU","Mauritius","",,,
"TN","Tunisia","",,,
"AW","Aruba","",,,
"SG","Singapore","",,,
"WF","Wallis and Futuna","",,,
"AZ","Azerbaijan","",,,
"GS","South Georgia and the South Sandwich Islands","",,,
"BZ","Belize","",,,
"HU","Hungary","",,,
"LT","Lithuania","",,,
"AU","Australia","",,,
"TF","French Southern Territories","",,,
"BG","Bulgaria","",,,
"SO","Somalia","",,,
"NF","Norfolk Island","",,,
"KY","Cayman Islands","",,,
"SE","Sweden","",,,
"NZ","New Zealand","",,,
"LI","Liechtenstein","",,,
"VU","Vanuatu","",,,
"GE","Georgia","",,,
"DZ","Algeria","",,,
"SK","Slovakia","",,,
"GW","Guinea-Bissau","",,,
"KW","Kuwait","",,,
"MW","Malawi","",,,
"FI","Finland","",,,
"TL","Timor-Leste","",,,
"UZ","Uzbekistan","",,,
"SV","El Salvador","",,,
"IL","Israel","",,,
"JE","Jersey","",,,
"BH","Bahrain","",,,
"YT","Mayotte","",,,
"LY","Libya","",,,
"KH","Cambodia","",,,
"DE","Germany","",,,
"TR","Turkey","",,,
"YE","Yemen","",,,
"BI","Burundi","",,,
"RO","Romania","",,,
"AG","Antigua and Barbuda","",,,
"MA","Morocco","",,,
"BQ","Bonaire, Sint Eustatius and Saba","",,,
"CC","Cocos (Keeling) Islands","",,,
"DK","Denmark","",,,
"HM","Heard Island and McDonald Islands","",,,
"US","United States","",,,
"TG","Togo","",,,
"IM","Isle of Man","",,,
"CO","Colombia","",,,
"BM","Bermuda","",,,
"NE","Niger","",,,
"LC","Saint Lucia","",,,
"GL","Greenland","",,,
"CD","Congo, the Democratic Republic of the","",,,
"TW","Taiwan, Province of China","",,,
"FJ","Fiji","",,,
"LB","Lebanon","",,,
"PT","Portugal","",,,
"LK","Sri Lanka","",,,
"BV","Bouvet Island","",,,
"TJ","Tajikistan","",,,
"EE","Estonia","",,,
"OM","Oman","",,,
"GA","Gabon","",,,
"IE","Ireland","",,,
"MT","Malta","",,,
"CV","Cape Verde","",,,
"CF","Central African Republic","",,,
"PY","Paraguay","",,,
"FK","Falkland Islands (Malvinas)","",,,
"AX","Åland Islands","",,,
"ZA","South Africa","",,,
"PH","Philippines","",,,
"MS","Montserrat","",,,
"SX","Sint Maarten (Dutch part)","",,,
"PF","French Polynesia","",,,
"SN","Senegal","",,,
"AD","Andorra","",,,
"QA","Qatar","",,,
"AO","Angola","",,,
"CY","Cyprus","",,,
"UY","Uruguay","",,,
"KZ","Kazakhstan","",,,
"MO","Macao","",,,
"AT","Austria","",,,
"MV","Maldives","",,,
"CZ","Czech Republic","",,,
"BJ","Benin","",,,
"VI","Virgin Islands, U.S.","",,,
"JP","Japan","",,,
"IO","British Indian Ocean Territory","",,,
"PA","Panama","",,,
"TZ","Tanzania, United Republic of","",,,
"MF","Saint Martin (French part)","",,,
"NL","Netherlands","",,,
"NI","Nicaragua","",,,
"ID","Indonesia","",,,
"ET","Ethiopia","",,,
"ST","Sao Tome and Principe","",,,
"CK","Cook Islands","",,,
"CR","Costa Rica","",,,
"GR","Greece","",,,
"BT","Bhutan","",,,
"PS","Palestine, State of","",,,
"MK","Macedonia, the Former Yugoslav Republic of","",,,
"BF","Burkina Faso","",,,
"SL","Sierra Leone","",,,
"UA","Ukraine","",,,
"BB","Barbados","",,,
"GD","Grenada","",,,
"IT","Italy","",,,
"PG","Papua New Guinea","",,,
"NG","Nigeria","",,,
"PK","Pakistan","",,,
"KG","Kyrgyzstan","",,,
"NP","Nepal","",,,
"VG","Virgin Islands, British","",,,
"PL","Poland","",,,
"LV","Latvia","",,,
"GP","Guadeloupe","",,,
"ML","Mali","",,,
"ZW","Zimbabwe","",,,
"IN","India","",,,
"AI","Anguilla","",,,
"DO","Dominican Republic","",,,
"LS","Lesotho","",,,
"CA","Canada","",,,
"MR","Mauritania","",,,
"KI","Kiribati","",,,
"CI","Côte d'Ivoire","",,,
"BY","Belarus","",,,
"ME","Montenegro","",,,
"EG","Egypt","",,,
"TK","Tokelau","",,,
"MG","Madagascar","",,,
"MN","Mongolia","",,,
"AF","Afghanistan","",,,
"BN","Brunei Darussalam","",,,
"NO","Norway","",,,
"MY","Malaysia","",,,
"ER","Eritrea","",,,
"PN","Pitcairn","",,,
"BA","Bosnia and Herzegovina","",,,
"BO","Bolivia, Plurinational State of","",,,
"BS","Bahamas","",,,
"CW","Curaçao","",,,
"TM","Turkmenistan","",,,
"MQ","Martinique","",,,
"VN","Viet Nam","",,,
"EC","Ecuador","",,,
"MZ","Mozambique","",,,
"GT","Guatemala","",,,
"MP","Northern Mariana Islands","",,,
"CX","Christmas Island","",,,
"NA","Namibia","",,,
"TT","Trinidad and Tobago","",,,
"GY","Guyana","",,,
"TD","Chad","",,,
"JM","Jamaica","",,,
"BD","Bangladesh","",,,
"CU","Cuba","",,,
"DJ","Djibouti","",,,
"BW","Botswana","",,,
"MH","Marshall Islands","",,,
"SZ","Swaziland","",,,
"PR","Puerto Rico","",,,
"SS","South Sudan","",,,
"CN","China","",,,
"TO","Tonga","",,,
"CG","Congo","",,,
"PE","Peru","",,,
"SH","Saint Helena, Ascension and Tristan da Cunha","",,,
"BL","Saint Barthélemy","",,,
"RW","Rwanda","",,,
"KP","Korea, Democratic People's Republic of","",,,
"SA","Saudi Arabia","",,,
"SI","Slovenia","",,,
"UG","Uganda","",,,
"SD","Sudan","",,,
"KN","Saint Kitts and Nevis","",,,
"BR","Brazil","",,,
"AM","Armenia","",,,
"SB","Solomon Islands","",,,
"WS","Samoa","",,,
"FR","France","",,,
"GF","French Guiana","",,,
"MX","Mexico","",,,
"ZM","Zambia","",,,
"CH","Switzerland","",,,
"UM","United States Minor Outlying Islands","",,,
"KE","Kenya","",,,
"GQ","Equatorial Guinea","",,,
"SY","Syrian Arab Republic","",,,
"KM","Comoros","",,,
"GG","Guernsey","",,,
"NC","New Caledonia","",,,
"GH","Ghana","",,,
"IR","Iran, Islamic Republic of","",,,
"PM","Saint Pierre and Miquelon","",,,
"HN","Honduras","",,,
"TC","Turks and Caicos Islands","",,,
"RU","Russian Federation","",,,
"AR","Argentina","",,,
"NR","Nauru","",,,
"AE","United Arab Emirates","",,,
"IQ","Iraq","",,,
"LU","Luxembourg","",,,
"VA","Holy See (Vatican City State)","",,,
"VC","Saint Vincent and the Grenadines","",,,
"CL","Chile","",,,
"BE","Belgium","",,,
"PW","Palau","",,,
"GN","Guinea","",,,
"NU","Niue","",,,
"HR","Croatia","",,,
"FM","Micronesia, Federated States of","",,,
"DM","Dominica","",,,
"GU","Guam","",,,
"EH","Western Sahara","",,,
"SR","Suriname","",,,
"KR","Korea, Republic of","",,,
"JO","Jordan","",,,
"MM","Myanmar","",,,
"GI","Gibraltar","",,,
"IS","Iceland","",,,
"TH","Thailand","",,,
"HK","Hong Kong","",,,
"AQ","Antarctica","",,,
"ES","Spain","",,,
"VE","Venezuela, Bolivarian Republic of","",,,
"GB","United Kingdom","",,,
"LA","Lao People's Democratic Republic","",,,
"SJ","Svalbard and Jan Mayen","",,,
"FO","Faroe Islands","",,,
"AS","American Samoa","",,,
"GM","Gambia","",,,
"AL","Albania","",,,
"MC","Monaco","",,,
