"code","value","description","parent","reference data set","ABBREVIATION","related terms"
"ME","Maine","",,"509bd23c-ef76-419f-9ec4-932b620a57ba","Maine",
"OR","Oregon","",,,"Ore.",
"GA","Georgia","",,,"Ga.",
"ID","Idaho","",,,"Idaho",
"DE","Delaware","",,,"Del.",
"HI","Hawaii","",,,"Hawaii",
"NJ","New Jersey","",,,"N.J.",
"VT","Vermont","",,,"Vt.",
"MS","Mississippi","",,,"Miss.",
"IL","Illinois","",,,"Ill.",
"TN","Tennessee","",,,"Tenn.",
"RI","Rhode Island","",,,"R.I.",
"KY","Kentucky","",,,"Ky.",
"VA","Virginia","",,,"Va.",
"SC","South Carolina","",,,"S.C.",
"MO","Missouri","",,,"Mo.",
"MI","Michigan","",,,"Mich.",
"MN","Minnesota","",,,"Minn.",
"AK","Alaska","",,,"Alaska","e156e536-20a1-4d11-9b70-5ca2afc3f182"
"MD","Maryland","",,,"Md.",
"NE","Nebraska","",,,"Nebr.",
"DC","District of Columbia","",,,"D.C.",
"OK","Oklahoma","",,,"Okla.",
"AR","Arkansas","",,,"Ark.",
"CA","California","",,,"Calif.",
"UT","Utah","",,,"Utah",
"KS","Kansas","",,,"Kans.",
"NC","North Carolina","",,,"N.C.",
"IA","Iowa","",,,"Iowa",
"WI","Wisconsin","",,,"Wis.",
"NM","New Mexico","",,,"N.M.",
"AL","Alabama","",,,"Ala.",
"NH","New Hampshire","",,,"N.H.",
"WY","Wyoming","",,,"Wyo.",
"NV","Nevada","",,,"Nev.",
"FL","Florida","",,,"Fla.",
"PA","Pennsylvania","",,,"Pa.",
"MA","Massachusetts","",,,"Mass.",
"CT","Connecticut","",,,"Conn.",
"NY","New York","",,,"N.Y.",
"WA","Washington","",,,"Wash.",
"LA","Louisiana","",,,"La.",
"IN","Indiana","",,,"Ind.",
"CO","Colorado","",,,"Colo.",
"OH","Ohio","",,,"Ohio",
"ND","North Dakota","",,,"N.D.",
"SD","South Dakota","",,,"S.D.",
"TX","Texas","",,,"Tex.",
"MT","Montana","",,,"Mont.",
"AZ","Arizona","",,,"Ariz.",
"WV","West Virginia","",,,"W.Va.",
