{"metadata":{"asset_id":"e4828eff-9eef-4a54-a54d-5de84abfd894","asset_attributes":["job_run"],"name":"job run","asset_type":"job_run","created_at":"2022-07-14T13:07:21Z","origin_country":"us","owner_id":"1000330999","project_id":"81c14761-5d61-478d-a46a-aea30882a1dd","size":0,"usage":{"last_update_time":1657804045012,"last_updated_at":"2022-07-14T13:07:25Z"}},"entity":{"job_run":{"job_ref":"261683d0-3381-4203-858f-3a0d7f80ba7c","job_name":"testJob3a.DataStage job","job_type":"data_intg_flow","state":"Failed","isScheduledRun":false,"configuration":{"env_variables":["HARDWARE_SPECIFICATION={}","NUM_PARTITIONS=2","instance_id=ds-px-default","instance_location=https://datastage-ibm-datastage-ds-nginx.cpd-instance.svc"],"flow_limits":{"warn_limit":100},"job_parameters":[],"env_id":"6c9e233d-2ae0-4e8b-96b9-5c6036d480b2","env_type":"datastage","metrics":{},"userStatus":""},"project_name":"Datastage Demo Assets","runtime_job_id":"e4828eff-9eef-4a54-a54d-5de84abfd894","duration":0,"last_state_change_timestamp":"2022-07-14T13:07:24Z"}},"attachments":[{"id":"7a27cefd-78c0-4560-a59d-f910039549af","version":2,"asset_type":"job_run","name":"e4828eff-9eef-4a54-a54d-5de84abfd894","description":"log for job run e4828eff-9eef-4a54-a54d-5de84abfd894","mime":"application/json","datasource_type":"81bafdbd-b7c6-45c5-a4fd-6ec135f66f4e","object_key":"job_run/log/e4828eff-9eef-4a54-a54d-5de84abfd894","creator_id":"1000330999","create_time":1657804044965,"size":0,"is_remote":false,"is_managed":false,"is_referenced":true,"is_object_key_read_only":false,"is_user_provided_path_key":true,"transfer_complete":true,"is_partitioned":true,"complete_time_ticks":1657804044965,"user_data":{},"test_doc":0,"handle":{"key":"job_run/log/e4828eff-9eef-4a54-a54d-5de84abfd894","upload_id":"done","max_part_num":1},"usage":{"access_count":0,"last_accessor_id":"1000330999","last_access_time":1657804044965}}]}