[{"metadata":{"asset_id":"fef28c49-a88e-4d91-a57c-d8f2f72dde79","asset_type":"data_intg_flow","catalog_id":"ce2924b0-75a8-4f8f-afc8-f41c401f8b5d","create_time":"2022-07-11T12:42:32.000Z","creator_id":"1000330999","name":"JSON Parsing Demo","origin_country":"us","size":67078,"project_id":"81c14761-5d61-478d-a46a-aea30882a1dd","resource_key":"81c14761-5d61-478d-a46a-aea30882a1dd/data_intg_flow/JSON Parsing Demo","usage":{"last_access_time":"2022-07-14T13:11:53.147Z","last_accessor_id":"1000330999","access_count":0}},"entity":{"data_intg_flow":{"mime_type":"application/json","dataset":false}},"attachments":[{"test_doc":0,"object_key":"data_intg_flow/5c73006a-fd64-4be4-bd94-c45ae5d9010214332ffa-a93a-44f7-9463-df3f1d2d70c8","create_time":1657543355607,"complete_time_ticks":1657543355607,"mime":"application/json","usage":{"access_count":0,"last_accessor_id":"icp4d-dev","last_access_time":1657543355607},"is_remote":false,"description":"","handle":{"max_part_num":1,"upload_id":"done","key":"data_intg_flow/5c73006a-fd64-4be4-bd94-c45ae5d9010214332ffa-a93a-44f7-9463-df3f1d2d70c8"},"is_user_provided_path_key":true,"user_data":{},"version":2,"size":60932,"is_partitioned":false,"datasource_type":"81bafdbd-b7c6-45c5-a4fd-6ec135f66f4e","transfer_complete":true,"asset_type":"data_intg_flow","name":"data_intg_flows","creator_id":"icp4d-dev","id":"b88aa49a-111e-4c72-a869-30f861bdcb8f","is_referenced":true,"is_managed":false,"is_object_key_read_only":false},{"test_doc":0,"object_key":"data_intg_flow/81c14761-5d61-478d-a46a-aea30882a1ddfef28c49-a88e-4d91-a57c-d8f2f72dde79px_executables","create_time":1657804313146,"complete_time_ticks":1657804313146,"mime":"application/octet-stream","usage":{"access_count":0,"last_accessor_id":"1000330999","last_access_time":1657804313146},"is_remote":false,"handle":{"max_part_num":1,"upload_id":"done","key":"data_intg_flow/81c14761-5d61-478d-a46a-aea30882a1ddfef28c49-a88e-4d91-a57c-d8f2f72dde79px_executables"},"is_user_provided_path_key":true,"user_data":{},"version":2,"size":6146,"is_partitioned":false,"datasource_type":"81bafdbd-b7c6-45c5-a4fd-6ec135f66f4e","transfer_complete":true,"asset_type":"data_intg_flow","name":"px_executables","creator_id":"1000330999","id":"3cf2e792-dd2a-4a4a-9bd4-2eb2410b1c3d","is_referenced":true,"is_managed":false,"is_object_key_read_only":false}]}]