{"metadata":{"asset_id":"eaa0c5ac-3e80-4ead-8724-fff612ab622f","asset_attributes":["job_run"],"name":"job run","asset_type":"job_run","created_at":"2022-07-14T13:11:21Z","origin_country":"us","owner_id":"1000330999","project_id":"81c14761-5d61-478d-a46a-aea30882a1dd","size":0,"usage":{"last_update_time":1657804284897,"last_updated_at":"2022-07-14T13:11:24Z"}},"entity":{"job_run":{"job_ref":"2078a8b2-74a4-4d86-836e-2323b5e0d43f","job_name":"testJob1a.DataStage job","job_type":"data_intg_flow","state":"Completed","isScheduledRun":false,"configuration":{"env_variables":["HARDWARE_SPECIFICATION={}","NUM_PARTITIONS=2","instance_id=ds-px-default","instance_location=https://datastage-ibm-datastage-ds-nginx.cpd-instance.svc"],"flow_limits":{"warn_limit":100},"job_parameters":[],"env_id":"6c9e233d-2ae0-4e8b-96b9-5c6036d480b2","env_type":"datastage","metrics":{"stage_metrics":[{"rows_read":0,"rows_written":10,"stage_name":"Row_Generator_0","state":"finished"},{"rows_read":10,"rows_written":0,"stage_name":"Peek_1","state":"finished"}],"link_metrics":[{"start_time":"2022-07-14 13:11:24","rows_read":10,"rows_written":10,"stop_time":"2022-07-14 13:11:24","source":"Row_Generator_0","state":"finished","link_name":"DSLink2","dest":"Peek_1"}]},"userStatus":""},"project_name":"Datastage Demo Assets","runtime_job_id":"eaa0c5ac-3e80-4ead-8724-fff612ab622f","duration":1,"last_state_change_timestamp":"2022-07-14T13:11:24Z"}},"attachments":[{"id":"d12c896c-43dc-4f8a-828b-922778ef3dc4","version":2,"asset_type":"job_run","name":"eaa0c5ac-3e80-4ead-8724-fff612ab622f","description":"log for job run eaa0c5ac-3e80-4ead-8724-fff612ab622f","mime":"application/json","datasource_type":"81bafdbd-b7c6-45c5-a4fd-6ec135f66f4e","object_key":"job_run/log/eaa0c5ac-3e80-4ead-8724-fff612ab622f","creator_id":"icp4d-dev","create_time":1657804284830,"size":0,"is_remote":false,"is_managed":false,"is_referenced":true,"is_object_key_read_only":false,"is_user_provided_path_key":true,"transfer_complete":true,"is_partitioned":true,"complete_time_ticks":1657804284830,"user_data":{},"test_doc":0,"handle":{"key":"job_run/log/eaa0c5ac-3e80-4ead-8724-fff612ab622f","upload_id":"done","max_part_num":1},"usage":{"access_count":0,"last_accessor_id":"icp4d-dev","last_access_time":1657804284830}}]}