{"metadata":{"asset_id":"ccd281ba-0a94-4646-9889-750b679e55b4","asset_attributes":["job_run"],"name":"job run","asset_type":"job_run","created_at":"2022-07-14T13:11:02Z","origin_country":"us","owner_id":"1000330999","project_id":"81c14761-5d61-478d-a46a-aea30882a1dd","size":0,"usage":{"last_update_time":1657804266279,"last_updated_at":"2022-07-14T13:11:06Z"}},"entity":{"job_run":{"job_ref":"261683d0-3381-4203-858f-3a0d7f80ba7c","job_name":"testJob3a.DataStage job","job_type":"data_intg_flow","state":"Completed","isScheduledRun":false,"configuration":{"env_variables":["HARDWARE_SPECIFICATION={}","NUM_PARTITIONS=2","instance_id=ds-px-default","instance_location=https://datastage-ibm-datastage-ds-nginx.cpd-instance.svc"],"flow_limits":{"warn_limit":100},"job_parameters":[],"env_id":"6c9e233d-2ae0-4e8b-96b9-5c6036d480b2","env_type":"datastage","metrics":{"stage_metrics":[{"rows_read":0,"rows_written":10,"stage_name":"Row_Generator_0","state":"finished"},{"rows_read":10,"rows_written":0,"stage_name":"Peek_1","state":"finished"}],"link_metrics":[{"start_time":"2022-07-14 13:11:05","rows_read":10,"rows_written":10,"stop_time":"2022-07-14 13:11:05","source":"Row_Generator_0","state":"finished","link_name":"DSLink2","dest":"Peek_1"}]},"userStatus":""},"project_name":"Datastage Demo Assets","runtime_job_id":"ccd281ba-0a94-4646-9889-750b679e55b4","duration":1,"last_state_change_timestamp":"2022-07-14T13:11:05Z"}},"attachments":[{"id":"88a11615-46e8-4cef-834f-397816a39bd7","version":2,"asset_type":"job_run","name":"ccd281ba-0a94-4646-9889-750b679e55b4","description":"log for job run ccd281ba-0a94-4646-9889-750b679e55b4","mime":"application/json","datasource_type":"81bafdbd-b7c6-45c5-a4fd-6ec135f66f4e","object_key":"job_run/log/ccd281ba-0a94-4646-9889-750b679e55b4","creator_id":"icp4d-dev","create_time":1657804266119,"size":0,"is_remote":false,"is_managed":false,"is_referenced":true,"is_object_key_read_only":false,"is_user_provided_path_key":true,"transfer_complete":true,"is_partitioned":true,"complete_time_ticks":1657804266119,"user_data":{},"test_doc":0,"handle":{"key":"job_run/log/ccd281ba-0a94-4646-9889-750b679e55b4","upload_id":"done","max_part_num":1},"usage":{"access_count":0,"last_accessor_id":"icp4d-dev","last_access_time":1657804266119}}]}