"ID","INCOME","APPLIEDONLINE","RESIDENCE","YRS_AT_CURRENT_ADDRESS","YRS_WITH_CURRENT_EMPLOYER","NUMBER_OF_CARDS","CREDITCARD_DEBT","LOANS","LOAN_AMOUNT","NAME","STREET_ADDRESS","CITY","STATE","STATE_CODE","ZIP_CODE","EMAIL_ADDRESS","PHONE_NUMBER","GENDER","SOCIAL_SECURITY_NUMBER","EDUCATION","EMPLOYMENT_STATUS","MARITAL_STATUS","CREDIT_SCORE","RATE"
"110087","48799","YES","Public Housing","12","12","2","9774","1","8284","Abdullah Dicki","3134-Troy-Schenectady Road","San Jose","California","CA","51110","Abdullah.Dicki@desiree.name","580-334-8564","Female","270-91-6842","College","Employed","Married","593","3.24%"
"110556","49150","NO","Owner Occupier","11","12","2","8204","1","7163","Alexane Gleason","1888-3 So Transit Road","San Francisco","California","CA","37357","Alexane.Gleason@sam.us","702-664-2153","Male","423-33-0176","Bachelor","Employed","Married","529","3.24%"
"110533","49133","YES","Owner Occupier","11","12","2","8281","1","7218","Ansley Bogisich","2735-8 Basile Rowe","Chino Hills","California","CA","38031","Ansley.Bogisich@grady.io","212-851-7140","Female","297-81-4190","Master","Employed","Divorced","532","3.24%"
"110050","48772","YES","Owner Occupier","12","12","2","9897","1","8372","Antone Davis","1628-5 Brockport Spencerport Rd","San Diego","California","CA","52195","Antone.Davis@murray.biz","713-706-8122","Male","278-43-6938","College","Unemployed","Single","598","3.24%"
"110130","48831","YES","Living with parents/guardian","12","12","2","9630","1","8181","Audie Ratke","431-No Colony Road","Studio City","California","CA","49849","Audie.Ratke@tyree.info","908-735-4554","Male","107-80-3500","Doctor","Employed","Single","587","3.24%"
"110226","48903","NO","Owner Occupier","12","12","2","9309","1","7952","Bennett Funk","3792-Haynes Street","Burbank","California","CA","47034","Bennett.Funk@jannie.tv","281-882-4454","Female","358-73-4529","College","Employed","Divorced","574","3.24%"
"110528","49129","YES","Owner Occupier","11","12","2","8298","1","7230","Bobbie Okuneva","205-Merchant Place","San Leandro","California","CA","38178","Bobbie.Okuneva@audrey.info","508-576-3261","Female","291-48-5653","College","Employed","Married","533","3.24%"
"110192","48878","NO","Owner Occupier","12","12","2","9422","1","8033","Braeden Jacobi","5526-1 Whitfield Ave","Sacramento","California","CA","48031","Braeden.Jacobi@ned.info","614-304-2449","Female","855-52-6125","Bachelor","Employed","Married","578","3.24%"
"110355","49000","NO","Owner Occupier","11","12","2","8877","1","7643","Branson Crist","6095-Connecticut Avenue","Tahoe City","California","CA","43251","Branson.Crist@juanita.me","845-512-1137","Male","591-81-1843","High School or Below","Unemployed","Married","556","3.24%"
"110235","48910","NO","Private Renting","12","12","2","9278","1","7930","Carmine Durgan","1053-Brockton Avenue","Alhambra","California","CA","46770","Carmine.Durgan@ruthe.net","616-477-3448","Male","582-53-9447","High School or Below","Employed","Single","573","3.24%"
"110433","49058","YES","Public Housing","11","12","2","8616","1","7457","Chance Adams","5778-5 Rangeline Service Rd","Lakewood","California","CA","40964","Chance.Adams@fatima.me","928-505-4385","Female","690-41-9539","High School or Below","Disabled","Married","546","3.24%"
"110421","49049","YES","Owner Occupier","11","12","2","8656","1","7485","Charles Legros","1140-Sutton Rd","Stockton","California","CA","41315","Charles.Legros@noemy.ca","407-334-9703","Female","419-84-5924","Bachelor","Employed","Married","547","3.24%"
"110009","48741","YES","Living with parents/guardian","12","12","2","10034","1","8470","Delfina Gutkowski","3058-Fairhaven Commons Way","Truckee","California","CA","53397","Delfina.Gutkowski@duane.name","516-872-3154","Male","161-55-7465","College","Unemployed","Single","603","3.24%"
"110048","48770","YES","Public Housing","12","12","2","9904","1","8377","Delta Armstrong","1762-Grant Avenue","San Francisco","California","CA","52253","Delta.Armstrong@kaelyn.net","928-241-0829","Male","336-88-6112","Bachelor","Unemployed","Single","598","3.24%"
"110150","48846","NO","Private Renting","12","12","2","9563","1","8133","Effie Howell","3825-75 Hwy 5","Modesto","California","CA","49262","Effie.Howell@noemie.co.uk","309-321-9829","Male","584-68-8279","High School or Below","Unemployed","Single","584","3.24%"
"110161","48855","NO","Private Renting","12","12","2","9526","1","8107","Ervin Monahan","1901-0 South Oates Street","Huntington Beach","California","CA","48940","Ervin.Monahan@miracle.io","818-493-3826","Female","409-67-9194","Bachelor","Unemployed","Divorced","583","3.24%"
"110213","48893","NO","Public Housing","12","12","2","9352","1","7983","Flossie Towne","3283-1 Pelham Pkwy","Roseville","California","CA","47415","Flossie.Towne@turner.us","918-333-3213","Female","842-77-3742","High School or Below","Employed","Married","575","3.24%"
"110338","48987","NO","Owner Occupier","11","12","2","8934","1","7684","Ford Ritchie","3982-Berlin Road","Belmont","California","CA","43749","Ford.Ritchie@zander.co.uk","714-400-7434","Female","467-23-3714","College","Employed","Married","559","3.24%"
"110285","48947","NO","Owner Occupier","12","12","2","9112","1","7811","Gino Bruen","5722-9 W Genesse St","Tustin","California","CA","45304","Gino.Bruen@raymundo.com","504-240-7473","Male","696-07-9245","Bachelor","Unemployed","Single","566","3.24%"
"110275","48940","NO","Living with parents/guardian","12","12","2","9144","1","7834","Gus Fisher","1640-Palmer Road","Orinda","California","CA","45597","Gus.Fisher@flossie.org","940-997-5783","Female","693-13-5803","Bachelor","Employed","Single","567","3.24%"
"110561","49154","NO","Private Renting","11","12","2","8188","1","7151","Hollis Spinka","4018-Stephenville St","Aptos","California","CA","37210","Hollis.Spinka@santiago.com","304-779-1755","Female","233-44-0859","College","Employed","Single","528","3.24%"
"110171","48862","NO","Owner Occupier","12","12","2","9493","1","8083","Jamal Hessel","4324-East Meighan Blvd","Vacaville","California","CA","48647","Jamal.Hessel@joey.co.uk","806-721-3054","Female","799-48-1068","College","Unemployed","Single","581","3.24%"
"110169","48861","NO","Living with parents/guardian","12","12","2","9499","1","8088","Jennyfer Kulas","4737-0 South Mckenzie St","San Jose","California","CA","48705","Jennyfer.Kulas@noah.tv","630-987-3639","Female","477-05-7133","Master","Unemployed","Married","581","3.24%"
"110125","48828","YES","Public Housing","12","12","2","9647","1","8193","Johnathan Hills","1635-Town Line Rd","Santa Maria","California","CA","49995","Johnathan.Hills@hans.biz","314-753-4945","Male","530-28-2471","High School or Below","Unemployed","Single","587","3.24%"
"110055","48775","YES","Private Renting","12","12","2","9880","1","8360","Jordi Jast","4544-8 East Ave","Chatsworth","California","CA","52048","Jordi.Jast@efrain.net","319-210-7553","Male","229-36-8529","College","Employed","Married","597","3.24%"
"110429","49055","YES","Owner Occupier","11","12","2","8629","1","7466","Juwan Mertz","4662-0 S University Blvd","Whittier","California","CA","41081","Juwan.Mertz@ashlynn.biz","215-355-3946","Male","789-62-0615","High School or Below","Medical Leave","Married","546","3.24%"
"110021","48750","YES","Owner Occupier","12","12","2","9994","1","8441","Karl Abshire","1569-Pleasant Valley Street","Long Beach","California","CA","53045","Karl.Abshire@ida.info","434-960-7266","Female","310-59-5619","College","Employed","Married","601","3.24%"
"110266","48933","NO","Private Renting","12","12","2","9175","1","7856","Landen Lindgren","6713-Falls Blvd","Goleta","California","CA","45861","Landen.Lindgren@ara.io","940-482-4445","Male","538-40-0911","Bachelor","Unemployed","Married","568","3.24%"
"110353","48998","NO","Private Renting","11","12","2","8884","1","7648","Laurine McGlynn","3051-Boston Post Road","Fullerton","California","CA","43310","Laurine.McGlynn@armand.io","412-929-1257","Male","860-09-0267","Doctor","Employed","Married","557","3.24%"
"110467","49083","YES","Public Housing","11","12","2","8503","1","7376","Leanna Schmeler","5728-8 Us Hwy 231","San Francisco","California","CA","39967","Leanna.Schmeler@tess.me","715-393-6718","Male","336-88-6113","Bachelor","Unemployed","Single","541","3.24%"
"110001","48735","YES","Owner Occupier","12","12","2","10061","1","8489","Leonor Cummerata","6710-Brockton Avenue","Beaumont","California","CA","53632","Leonor.Cummerata@nola.biz","781-757-3537","Male","886-82-6565","High School or Below","Unemployed","Single","604","3.24%"
"110096","48806","YES","Owner Occupier","12","12","2","9743","1","8262","Lowell Funk","6266-3 E Main St","Newport Beach","California","CA","50846","Lowell.Funk@connie.net","214-724-4425","Male","498-76-5491","Bachelor","Employed","Single","591","3.24%"
"110396","49030","NO","Private Renting","11","12","2","8739","1","7545","Maegan Wiza","1406-0 Montgomery Hwy","Dana Point","California","CA","42049","Maegan.Wiza@candice.ca","201-566-0883","Male","400-24-1227","High School or Below","Unemployed","Married","551","3.24%"
"110419","49048","NO","Owner Occupier","11","12","2","8662","1","7490","Marcelo Reilly","1130-10 Memorial Pkwy South","San Jose","California","CA","41374","Marcelo.Reilly@royal.biz","920-243-4822","Male","305-41-9186","Bachelor","Employed","Married","548","3.24%"
"110432","49057","YES","Owner Occupier","11","12","2","8619","1","7459","Maximillian Rath","3558-0 Dawes Road","Woodland Hills","California","CA","40993","Maximillian.Rath@roxanne.tv","336-965-1742","Male","412-27-1910","Master","Disabled","Divorced","546","3.24%"
"110263","48931","NO","Public Housing","12","12","2","9185","1","7863","Milo Bernhard","3489-East Main St","Norwalk","California","CA","45949","Milo.Bernhard@rusty.com","806-561-2945","Male","297-89-6868","College","Employed","Divorced","569","3.24%"
"110114","48819","YES","Owner Occupier","12","12","2","9683","1","8219","Norris Connelly","1969-5 Boston Post Road","Chino Hills","California","CA","50318","Norris.Connelly@enrico.co.uk","906-647-6741","Male","297-81-4189","Master","Employed","Divorced","589","3.24%"
"110445","49067","YES","Living with parents/guardian","11","12","2","8576","1","7428","Oswald Harvey","2108-Plaza Lane","La Mirada","California","CA","40612","Oswald.Harvey@sonny.io","832-467-3091","Male","546-65-3600","Bachelor","Disabled","Married","544","3.24%"
"110272","48938","NO","Private Renting","12","12","2","9155","1","7842","Prudence Baumbach","5222-Swansea Mall Dr","Anderson","California","CA","45685","Prudence.Baumbach@maria.ca","609-546-3411","Female","677-87-3789","College","Employed","Married","567","3.24%"
"110018","48748","YES","Owner Occupier","12","12","2","10005","1","8449","Raheem Koepp","4107-Jungle Road","Santa Rosa","California","CA","53133","Raheem.Koepp@minerva.ca","770-526-4137","Male","857-36-6855","College","Unemployed","Married","602","3.24%"
"110274","48939","NO","Private Renting","12","12","2","9148","1","7837","Rodrigo Mayert","6606-Providence Hwy","Hayward","California","CA","45626","Rodrigo.Mayert@weldon.biz","781-643-8203","Female","437-82-5478","Doctor","Employed","Married","567","3.24%"
"110370","49011","NO","Private Renting","11","12","2","8826","1","7607","Roosevelt Bergstrom","5057-3 Hwy 280 West","Huntington Beach","California","CA","42811","Roosevelt.Bergstrom@misty.us","828-477-5142","Male","379-76-3654","Bachelor","Medical Leave","Divorced","554","3.24%"
"110398","49032","NO","Private Renting","11","12","2","8733","1","7540","Sydnee Farrell","4338-6 South Eufaula Avenue","South Lake Tahoe","California","CA","41990","Sydnee.Farrell@mabelle.io","559-534-4188","Female","300-19-3472","High School or Below","Unemployed","Married","550","3.24%"
"110549","49145","YES","Living with parents/guardian","11","12","2","8228","1","7180","Trent Pouros","5421-Fairgrounds Memorial Pkwy","Studio City","California","CA","37562","Trent.Pouros@matteo.biz","732-827-0286","Female","107-80-3501","Doctor","Employed","Single","530","3.24%"
"110332","48982","NO","Public Housing","11","12","2","8954","1","7698","Werner Quitzon","6356-Anawana Lake Road","Fontana","California","CA","43925","Werner.Quitzon@brandt.biz","407-207-0764","Male","824-89-7374","Doctor","Employed","Single","559","3.24%"
"100676","44597","NO","Owner Occupier","10","12","2","9098","0","8630","Any Errington","1031 Helen Power Drive","Vacaville","California","CA","95687","aerrington8z@spiegel.de","727-101-8643","Male","799-48-1067","College","Unemployed","Single","568","3.24%"
"100521","44394","YES","Owner Occupier","20","17","1","12141","0","10100","Ahmad Nobriga","10831 Foothill Blvd.","Rancho Cucamonga","California","CA","91730","anobrigacz@51.la","203-873-9558","Male","345-83-3487","Bachelor","Unemployed","Single","680","3.24%"
"100622","49600","NO","Private Renting","5","9","2","12431","1","9065","Agnesse Petruk","1750 Divisadero Street","San Francisco","California","CA","94115","apetruk6@sitemeter.com","806-350-1787","Female","682-34-1252","High School or Below","Employed","Married","465","4.56%"
"100794","53704","NO","Owner Occupier","21","17","2","3315","1","2825","Beverlee Consadine","16922 Main Street","Hesperia","California","CA","92345","bconsadinenu@blogtalkradio.com","716-615-3409","Female","672-71-8517","High School or Below","Employed","Married","477","4.56%"
"100702","59201","NO","Owner Occupier","12","25","1","26959","0","14795","Buck Huc","2250  Monument Blvd","Concord","California","CA","94520","bhucql@cyberchimps.com","954-428-4007","Male","142-59-4399","Bachelor","Unemployed","Single","646","3.24%"
"101578","45750","NO","Public Housing","13","13","1","13285","1","11355","Bernelle Ionn","1075 Vine Street","Healdsburg","California","CA","95448","bionnca@51.la","716-360-9419","Female","637-21-9943","College","Unemployed","Married","729","2.78%"
"100516","45849","YES","Living with parents/guardian","13","9","2","12574","1","12210","Brynne Jurgensen","22435 Ventura Blvd","Woodland Hills","California","CA","91367","bjurgensenq7@csmonitor.com","503-409-3665","Female","412-27-1908","Master","Disabled","Divorced","709","2.78%"
"101731","49789","NO","Owner Occupier","2","4","2","9384","0","9340","Berky Malyon","101 W. Main Street","Alhambra","California","CA","91801","bmalyon6b@berkeley.edu","719-537-4666","Male","582-53-9446","High School or Below","Employed","Single","519","3.24%"
"101458","46645","YES","Owner Occupier","19","4","1","6929","0","6045","Brannon Whitley","1000 North Bristol St.","Newport Beach","California","CA","92660","bwhitley3v@symantec.com","817-187-2614","Male","498-76-5490","Bachelor","Employed","Single","827","2.78%"
"100536","45450","NO","Owner Occupier","15","24","1","12257","0","8040","Cammy Klaggeman","22815 Victory Blvd.","West Hills","California","CA","91307","cklaggemanrk@hubpages.com","225-758-8541","Male","545-40-8781","High School or Below","Unemployed","Single","415","4.56%"
"101505","45153","YES","Owner Occupier","2","13","2","9704","1","8900","Cynthy Kleingrub","201 3rd St.","San Francisco","California","CA","94103","ckleingrubdv@vimeo.com","203-813-8815","Female","336-88-6111","Bachelor","Unemployed","Single","530","3.24%"
"101549","44460","NO","Owner Occupier","4","16","1","12757","1","9290","Dalia Butrimovich","105 B Post Office Drive","Aptos","California","CA","95033","dbutrimovicha6@abc.net.au","254-559-8164","Female","233-44-0857","College","Employed","Single","727","2.78%"
"100529","50075","NO","Private Renting","4","18","2","9863","0","6095","Esma Baggally","16470 Pacific Coast Hwy","Huntington Beach","California","CA","92649","ebaggallylq@dedecms.com","402-804-7589","Female","379-76-3653","Bachelor","Medical Leave","Divorced","809","2.78%"
"100568","55752","NO","Owner Occupier","5","11","2","8733","1","6685","Emelda Gladdolph","17272 Saticoy Street","Van Nuys","California","CA","91406","egladdolphqj@sciencedirect.com","612-846-8892","Female","338-30-7728","Master","Unemployed","Married","739","2.78%"
"100390","53559","NO","Owner Occupier","7","19","2","12751","0","10105","Essy Kollach","15600 Hesperian Boulevard","San Lorenzo","California","CA","94580","ekollachgg@wunderground.com","847-682-1704","Female","845-87-8528","High School or Below","Employed","Married","812","2.78%"
"100272","43593","NO","Owner Occupier","13","0","1","15135","0","12820","Ede Peacham","1711 North Victory Place","Burbank","California","CA","91502","epeachampo@de.vu","786-657-5864","Female","358-73-4528","College","Employed","Divorced","665","3.24%"
"101324","51383","YES","Owner Occupier","19","12","2","9074","1","7955","Florence Grimm","15970 Los Serranos Ctry Club Drive","Chino Hills","California","CA","91709","fgrimmhp@cisco.com","512-872-3097","Female","297-81-4188","Master","Employed","Divorced","538","3.24%"
"100288","44956","YES","Owner Occupier","21","21","2","8956","1","8150","Gayler Crosetti","1799 Marlow Road","Santa Rosa","California","CA","95401","gcrosetti2a@1und1.de","516-164-2822","Male","857-36-6854","College","Unemployed","Married","672","3.24%"
"101716","45217","YES","Owner Occupier","17","8","2","11900","1","11455","Genevieve Hodgon","1419 S. Broadway Street","Santa Maria","California","CA","93455","ghodgon7p@kickstarter.com","903-165-5313","Female","530-28-2470","High School or Below","Unemployed","Single","577","3.24%"
"101468","45970","YES","Owner Occupier","11","7","1","9859","0","9280","Galven McReynold","201 World Way","Los Angeles","California","CA","90045","gmcreynolded@rediff.com","202-284-1281","Male","516-92-8815","High School or Below","Unemployed","Married","715","2.78%"
"100389","59036","NO","Owner Occupier","7","6","1","9410","1","8915","Griff Ping","17308 Ventura Blvd.","Encino","California","CA","91316","gpingqq@shop-pro.jp","432-175-5363","Male","586-24-6396","Bachelor","Unemployed","Married","687","3.24%"
"100705","49485","NO","Private Renting","24","10","1","5018","1","4455","Hayley Danaher","1 Camino Sobrante","Orinda","California","CA","94563","hdanaher7@rakuten.co.jp","917-691-1579","Female","138-55-3770","Master","Unemployed","Single","668","3.24%"
"100670","56470","NO","Private Renting","31","15","2","7445","0","7055","Iolanthe Stonestreet","16222 Nordhoff Street","North Hills","California","CA","91343","istonestreetki@hostgator.com","786-537-7205","Female","457-12-7639","Doctor","Disabled","Divorced","614","3.24%"
"100354","57718","NO","Owner Occupier","25","16","2","7840","1","6285","Kelvin Boyland","2027 Camden Ave.","San Jose","California","CA","95124","kboylandfo@trellian.com","202-973-5461","Male","305-41-9185","Bachelor","Employed","Married","679","3.24%"
"100512","45621","NO","Owner Occupier","1","19","1","11138","0","9260","Kurtis Lergan","205 N. McDowell","Petaluma","California","CA","94954","klergangs@list-manage.com","561-154-9498","Male","614-93-5357","Bachelor","Medical Leave","Married","539","3.24%"
"101672","54777","NO","Public Housing","26","17","2","13709","1","10895","Kania Mannix","10716 Firestone Blvd","Norwalk","California","CA","90650","kmannixc4@europa.eu","570-421-2786","Female","297-89-6867","College","Employed","Divorced","790","2.78%"
"101764","44787","NO","Owner Occupier","9","4","2","9157","0","8175","Loren Boustead","221 Main Street","Huntington Beach","California","CA","92648","lbousteadon@engadget.com","718-715-5877","Female","409-67-9193","Bachelor","Unemployed","Divorced","612","3.24%"
"100423","49007","YES","Living with parents/guardian","14","18","1","37735","0","24375","Osmond Dunn","15175 Whittier Blvd.","Whittier","California","CA","90602","odunndz@foxnews.com","805-622-4620","Male","789-62-0613","High School or Below","Medical Leave","Married","795","2.78%"
"100453","45869","NO","Private Renting","21","8","2","9311","1","9240","Othilia Vincent","22555 Mission Blvd","Hayward","California","CA","94541","ovincentqy@weibo.com","520-774-2490","Female","437-82-5477","Doctor","Employed","Married","491","4.56%"
"100306","43650","NO","Public Housing","8","12","1","8067","0","7800","Penny Boij","110  West Lincoln Avenue","Anaheim","California","CA","92805","pboije9@posterous.com","716-106-8392","Male","451-81-7603","High School or Below","Unemployed","Married","437","4.56%"
"100753","53550","YES","Public Housing","11","23","1","7804","1","7260","Prent Colliver","1800-19th Street","Sacramento","California","CA","95814","pcolliver2l@cargocollective.com","209-614-6717","Male","708-07-6498","High School or Below","Employed","Married","709","2.78%"
"101551","43707","NO","Owner Occupier","8","9","1","10496","0","9365","Prue Keling","21035 Hawthorne Blvd","Torrance","California","CA","90503","pkelingjw@blogtalkradio.com","410-595-4389","Female","731-27-8702","Bachelor","Employed","Married","446","4.56%"
"100600","45537","NO","Private Renting","22","21","2","11583","1","8885","Petronille Ovitz","1030 Rosecrans Avenue","Fullerton","California","CA","92635","povitz8p@biblegateway.com","843-849-8029","Female","860-09-0266","Doctor","Employed","Married","811","2.78%"
"100477","43761","YES","Owner Occupier","10","6","1","12663","0","11245","Rachel Brooks","208 Sepulveda Blvd.","Carson","California","CA","90749","rachelb@intel.com","540-903-5171","Female","404-89-9135","Bachelor","Employed","Married","612","3.24%"
"101698","58785","YES","Private Renting","31","16","2","8526","0","7415","Roana Feilden","1011 Market Street","San Diego","California","CA","92101","rfeilden6m@livejournal.com","205-438-5578","Female","278-43-6937","College","Unemployed","Single","587","3.24%"
"100537","45081","YES","Owner Occupier","14","15","2","9143","1","8430","Rosa Pays","222 North El Dorado Street","Stockton","California","CA","95202","rpaysp8@homestead.com","865-749-5448","Female","419-84-5922","Bachelor","Employed","Married","820","2.78%"
"100451","46949","NO","Public Housing","0","2","2","11354","1","9720","Shauna Ollivier","20355 Yorba Linda Blvd","Yorba Linda","California","CA","92886","sollivierg3@seattletimes.com","713-961-7708","Female","422-86-6888","Bachelor","Employed","Married","609","3.24%"
"100763","45452","NO","Owner Occupier","12","24","1","15530","1","10040","Tiffanie Marvel","2024 Freedom Blvd","Freedom","California","CA","95019","tmarvelfl@home.pl","504-627-5315","Female","718-67-9188","College","Employed","Married","521","3.24%"
"100628","50199","NO","Private Renting","5","12","1","11300","0","10070","Wes Fleis","1696 Newport Blvd.","Costa Mesa","California","CA","92627","wfleisnx@cdbaby.com","704-854-8780","Male","199-59-6517","Master","Employed","Married","405","4.56%"
"100530","43303","NO","Owner Occupier","2","7","2","11086","1","10220","Wilie Harman","1574 South Bascom Ave","San Jose","California","CA","95125","wharmangw@ucoz.com","724-213-7226","Female","477-05-7132","Master","Unemployed","Married","533","3.24%"
"100310","43972","NO","Private Renting","0","13","1","7750","1","7410","Zuzana Dory","2 Ritz Carlton Drive","Dana Point","California","CA","92629","zdoryb4@bing.com","805-143-7916","Female","400-24-1226","High School or Below","Unemployed","Married","446","4.56%"
