"code","value","description","parent","reference data set","related terms"
"34","Northumberland","",,"4691beac-bef4-4629-b22e-1e7593289c8a",
"37","Rutland","",,,
"36","Oxfordshire","",,,
"1","Bath and North East Somerset","",,,
"NI","Northern Ireland","",,,
"76","Orkney","",,,
"58","Borders","",,,
"49","West Yorkshire","",,,
"9","County Durham","",,,
"101","Pembrokeshire","",,,
"80","South Ayrshire","",,,
"31","North Somerset","",,,
"43","Suffolk","",,,
"93","Denbighshire","",,,
"72","Midlothian","",,,
"86","Blaenau Gwent","",,,
"44","Surrey","",,,
"6","Cambridgeshire","",,,
"W","Wales","",,,
"10","Cumbria","",,,
"17","Gloucestershire","",,,
"56","Banffshire","",,,
"3","Berkshire","",,,
"11","Derbyshire","",,,
"66","East Renfrewshire","",,,
"87","Bridgend","",,,
"13","Dorset","",,,
"74","North Ayrshire","",,,
"85","Western Isles","",,,
"79","Shetland","",,,
"102","Powys","",,,
"113","Tyrone","",,,
"65","East Lothian","",,,
"25","Kent","",,,
"63","East Ayrshire","",,,
"23","Isle of Wight","",,,
"S","Scotland","",,,
"95","Gwynedd","",,,
"77","Perth & Kinross","",,,
"24","Isles of Scilly","",,,
"99","Neath Port Talbot.","",,,
"27","Leicestershire","",,,
"69","Inverclyde","",,,
"100","Newport.","",,,
"22","Hertfordshire","",,,
"105","Torfaen","",,,
"8","Cornwall","",,,
"61","Dumfries & Galloway","",,,
"51","Worcestershire","",,,
"88","Caerphilly","",,,
"55","Ayrshire","",,,
"41","South Yorkshire","",,,
"64","East Dunbartonshire","",,,
"75","North Lanarkshire","",,,
"57","Berwickshire","",,,
"40","South Gloucestershire","",,,
"97","Merthyr Tydfil","",,,
"81","South Lanarkshire","",,,
"4","Bristol","",,,
"35","Nottinghamshire","",,,
"28","Lincolnshire","",,,
"107","Wrexham","",,,
"111","Fermanagh","",,,
"16","Essex","",,,
"12","Devon","",,,
"73","Moray","",,,
"84","West Lothian","",,,
"14","East Riding of Yorkshire","",,,
"2","Bedfordshire","",,,
"92","Conwy","",,,
"30","Norfolk","",,,
"106","Vale of Glamorgan","",,,
"21","Herefordshire","",,,
"82","Stirlingshire","",,,
"94","Flintshire","",,,
"29","Merseyside","",,,
"90","Carmarthenshire","",,,
"33","Northamptonshire","",,,
"83","West Dunbartonshire","",,,
"71","Lanarkshire","",,,
"39","Somerset","",,,
"78","Renfrewshire","",,,
"91","Ceredigion","",,,
"53","Angus","",,,
"68","Highland","",,,
"109","Armagh","",,,
"110","Down","",,,
"104","Swansea","",,,
"96","Isle of Anglesey","",,,
"46","Warwickshire","",,,
"18","Greater London","",,,
"54","Argyll & Bute","",,,
"19","Greater Manchester","",,,
"50","Wiltshire","",,,
"67","Fife","",,,
"103","Rhondda Cynon Taff","",,,
"59","Caithness","",,,
"108","Antrim","",,,
"20","Hampshire","",,,
"42","Staffordshire","",,,
"E","England","",,,
"38","Shropshire","",,,
"15","East Sussex","",,,
"32","North Yorkshire","",,,
"98","Monmouthshire","",,,
"26","Lancashire","",,,
"70","Kincardineshire","",,,
"7","Cheshire","",,,
"89","Cardiff","",,,
"112","Londonderry","",,,
"52","Aberdeenshire","",,,
"5","Buckinghamshire","",,,
"45","Tyne & Wear","",,,
"62","Dunbartonshire","",,,
"48","West Sussex","",,,
"60","Clackmannanshire","",,,
"47","West Midlands","",,,
