Name,Artifact Type,Category,Artifact ID,Description,Tags,Classifications,Stewards,Related Terms,Business Start,Business End,Type,Secondary Categories,Rules,Reference Data Sets,Parent Policies
PII data classes should be defined and described,rule,767abc69-ae13-4b2b-a64c-c88dc1eac844,1d030ac7-a2a8-4971-a35d-ea269bb2d47a,"It is important to capture what constitutes PII for our organisation, as well as from the GDPR perspective",demo,,1000331002,,2022-07-20 06:19:00,,Governance,,,,
Date of birth for individuals must be validated,rule,,05868933-bac5-4434-a188-858fad465b0f,"Date of birth for individuals must be validated if it is properly formatted and individual is not anonymous
Date of birth for an individual if properly formatted and not an anonymous individual, must be populated with valid calendar date and no default dates.",,,,,2022-01-04 19:31:46,,Governance,,,,
Phone number must be valid format,rule,,0b40c261-6a4f-4732-9982-6e3d30724804,Phone number must be a valid format for the specified country.,,,,,2022-01-04 19:31:46,,Governance,,,,
Standardized names must exist and include valid contents where required,rule,,0c3bbbaa-e109-4b22-bf62-a67f3f9c6671,Standardized names that are used for linking or verifying customer data exist and include valid contents in all standardized fields.,,,,,2022-01-04 19:31:46,,Governance,,,,
System X must be loaded to MDM by 10 p.m. Eastern Time (ET),rule,,0c72da61-739e-4a75-83d8-2480605f296d,System X must be loaded into the Master Data Management system by 10 p.m. Eastern Time (ET) to ensure valid processing of all subsequent customer data.,,,,,2022-01-04 19:31:46,,Governance,,,,
Email address conforms to valid format if it exists,rule,,114bcf83-cf66-4fcf-b9ca-d788c6cd5a69,Email address conforms to valid format if it exists,,,,,2022-01-04 19:31:46,,Governance,,,,
Creation of an authoritative source must follow IT standards.,rule,,19c2c345-a5bd-4f2e-a860-1964e8f429e7,"Creating an authoritative source must follow IT standards.
An authoritative source must fulfill the following requirements:
 * Complete scope so that all possible instances are present and without duplication.
 * Minimum of extended coverage so that the attributes that it contains are useful for most purposes.
 * Ongoing update and ever-greening processes to ensure that the latest values are reflected.
 * Higher availability than all systems that call it directly.
 * Business continuity services such as full back up and disaster recovery processes are supported.",,,,,2022-01-04 19:31:46,,Governance,,,,
Canadian Social Insurance Number (SIN) must be complete and valid,rule,,1dcc0544-9c70-4e09-8525-93bbdd534e5a,Canadian Social Insurance Number (SIN) must be complete and valid for inclusion and use.,,,,,2022-01-04 19:31:46,,Governance,,,,
Customer record consistency must be maintained between sources and golden record,rule,,1dfe4b11-0277-4252-8c0f-186bc154dab6,Customer record consistency must be maintained between sources and golden record,,,,,2022-01-04 19:31:46,,Governance,,,,
Country code exists and meets ISO Standard where required,rule,,21c0b337-4482-4c04-8f83-ba851bb1d5db,Country code exists and meets either the 2 or 3 character ISO Standard where required.,,,,,2022-01-04 19:31:46,,Governance,,,,
Credit card verification value cannot be retained or stored,rule,,278740ed-c6d4-4373-aacf-d9a3f8fae7d7,Credit card verification value cannot be retained or stored beyond order confirmation.,,,,,2022-01-04 19:31:46,,Governance,,,,
Soft policy rule must allow processing of all data including exceptions,rule,,2905d347-15a9-4955-86a3-68cacc80c22d,"Soft policy rule must allow processing of all data including exceptions.  Any records with soft errors must be flagged as exceptions and reported, but allow processing to continue to completion.",,,,,2022-01-04 19:31:46,,Governance,,,,
Test data must be acquired from an authoritative source,rule,,29265f4a-3697-43e9-a5a1-18e48f708766,"Test data for an authoritative source must be acquired from the source in a protected manner or generated based on the source conditions.
Test data for an authoritative source must be acquired from the source in a protected manner that ensures data privacy.  Alternatively, test data can be generated based on the source conditions.",,,,,2022-01-04 19:31:46,,Governance,,,,
Person record must be complete,rule,,2934fcc2-3403-4ee2-aa63-d0be987734de,"Person record must be complete including fields such as a national identifier, name, and date of birth that allow distinct identification.
Person record must be complete including fields such as a national identifier, name, and date of birth that allow distinct identification.  It is critical to have sufficient information in order to avoid inappropriately linking two distinct people together.",,,,,2022-01-04 19:31:46,,Governance,,,,3ad05a7b-4b98-427d-a392-da717a30be56
Mask a value by using an Oracle sequence function,rule,,2c17a816-bb5e-42ae-9fda-28aa3308c58c,"Generates a masked value by assigning an Oracle sequence to the value.
This rule assigns a value to the destination column by using an Oracle sequence.

The Oracle sequence function assigns unique sequential values for rows to be inserted into an Oracle database. The Oracle sequence function is valid when used in a column map for insert or load processing, but is not valid for convert processing. If rows are updated in an insert (update/insert) process and the destination column is part of the primary key, the column value remains unchanged when the row in the destination table is updated. To use Oracle sequence when performing an update/insert, include INCL_UPD with the function. During a load process, the process uses the Oracle sequence function to assign a new value to each destination row. The load calls the DBMS to obtain these values. If you choose not to run the Oracle loader, these sequence values are never used.",,,,,2022-01-04 19:31:46,,Governance,,,,
Personal name must be validated against a global name reference,rule,,2d32d5f8-dfa7-4575-b5bb-fd310c7f2010,Personal name must be validated against a global name reference source.,,,,,2022-01-04 19:31:46,,Governance,,,,3ad05a7b-4b98-427d-a392-da717a30be56
Customer identification is required for new accounts,rule,,2ec2e4c5-eabd-4c96-9398-5032e0d1dfd4,"Specific documentation is required to establish customer identification for new accounts.
Specific documentation is required to establish customer identification for new accounts.  Documentation must be from a list that includes a photo ID and establishes proof of residence.",,,,,2022-01-04 19:31:46,,Governance,,,,
Customer names in production cannot contain test data,rule,,2f0610d1-0d0c-446e-8ea8-c5c0e71ecb9e,"Customer names in production cannot contain test data such as ""Test"", ""123"", ""Test User"", and so on.",,,,,2022-01-04 19:31:46,,Governance,,,,
Information governance policies must be actionable,rule,,2fb97aaa-bca3-438b-8c60-62a20e742f94,"Information governance policies must be associated with one or more governance rules in order to define governance for relevant terms, classifications, and/or assets.",,,,,2022-01-04 19:31:46,,Governance,,,,
Mask a date of birth by using an aging method,rule,,3471a271-9409-424d-a190-f54b98e4f82b,"Generates a masked date of birth based on the source value by arithmetically changing the content of a date's year, month, day etc. 
This method uses the InfoSphere Optim ""age"" data privacy provider to mask a date of birth using an aging method. 

Aging is a process of incrementing or decrementing a date value.  Aging can be specific to the number of years, months, weeks or days.  Optionally, aging may be a combination of these units.  Lastly, aging can also be based upon a specific 4-digit year value.",,,,,2022-01-04 19:31:46,,Governance,,,,3ad05a7b-4b98-427d-a392-da717a30be56
Mask a credit card number by using a random method,rule,,34b73a55-795f-4e58-b32d-35c25b6ecc3d,"Generates a masked credit card number randomly without preserving any part of the source value.
This rule uses the InfoSphere Optim ""credit card number"" (CCN) data privacy provider's random processing method. This method generates a valid and unique credit card number. Use this method  when the source data does not have a CCN value or when there is no need for transforming the source CCN in a consistent manner.

The random processing method generates a CCN that can include the first 4 digits of the source issuer identifier number or an issuer identifier number assigned to American Express, Discover, MasterCard, or VISA. A valid check digit is also assigned. If the first four digits of a source issuer identifier number are included, the first account number based on those digits will begin with 1, and for each additional CCN that uses those digits, the account number will be incremented by 1.",,,,,2022-01-04 19:31:46,,Governance,,,,
Mask a value by using an identity function,rule,,34cf9b32-f2a1-44b4-b001-069b1bc1168b,"Generates a masked value for identity columns in IBM DB2®, Sybase ASE, and Microsoft SQL Server databases.
The identity function directs the DBMS to supply a sequential value (integer) for a destination column. Use the ddentity function for identity columns in IBM DB2®, Sybase ASE, and Microsoft SQL Server databases.

This function is valid for insert (update/insert) and load processing, but is not valid for convert processing. If rows are updated in an insert process (update/insert), the destination column targeted by the function retains the original value. In addition, if the destination column is part of the primary key, the column value remains unchanged when the row is updated. You can use the function with the propagate function for insert processing; however, you cannot propagate identity or serial columns in a load process.",,,,,2022-01-04 19:31:46,,Governance,,,,
Information must be available according to SLA,rule,,35afb992-5a7b-4f7a-b75c-cccd226df4cb,"Information for operational and analytical use must be available within the timeframes that are prescribed by a Service Level Agreement (for example, system up-time).",,,,,2022-01-04 19:31:46,,Governance,,,,
Mask a value by using a lookup random method,rule,,368b14a7-a5c0-460d-a66e-80ca51e83426,"Generates a masked value by randomly selecting a replacement value from a lookup table.
This data masking rule selects replacement values at random from a specified database lookup table. The rule generates a random number between 1 and the limit or number of rows in the lookup table to use as a subscript into the table.",,,,,2022-01-04 19:31:46,,Governance,,,,
Hard policy rule must prevent further processing of exception data,rule,,37448988-7e16-4e44-af28-1301f9a5ba6d,"Hard or absolute policy rule must prevent further processing of exception data.  Any records with hard errors must be flagged as exceptions, rejected in user interfaces, and dropped from load processes.",,,,,2022-01-04 19:31:46,,Governance,,,,
Standardized areas must exist and include valid contents where required,rule,,38eee975-cdbe-42eb-9cc8-82ae1909d311,"Standardized areas (city, state/province, postal code) that are used for linking or verifying customer data exist and include valid contents in all standardized fields.",,,,,2022-01-04 19:31:46,,Governance,,,,
Mask an email address by using a random method,rule,,39c4baf8-1c92-46ec-b098-689c8bff056b,"Generates a masked email address with a randomly selected domain that is not based on a source value.
This method uses the InfoSphere Optim email data privacy provider random method to mask email addresses. It generates a syntactically correct and masked email address by randomly selecting an email address domain from a large list of email service providers.

An email address consists of two parts, a user name followed by a domain name, separated by '@'. For example, user@domain.com.

The email data privacy provider generates an email address with a user name based on either destination data or a literal concatenated with a sequential number. The domain name can be based on an email address in the source data, a literal, or randomly selected from a list of large email service providers. The email address can also be converted to upper or lower case.

The email data privacy provider can generate a user name based on the values in one or two destination table columns (usually containing the name of a user). Processing options allow you to use only the first character of the value in the first column (for example, the initial letter of a first name) and separate the values from both columns using either a period or an underscore.

If the user name is based on a single destination column value or a literal, the name will be concatenated with a sequential number. If a user name is based on values in two destination table columns and a separating period or underscore is not used, the values are concatenated. If a parameter is not provided for the user name, the name will be formed by the literal ""email"" concatenated with a sequential number. Sequential numbers for user names are suffixes that begin with 1 and are incremented by 1.",,,,,2022-01-04 19:31:46,,Governance,,,,
Address must be validated and verified against postal reference source,rule,,3bb62f97-e4b7-4c18-93ca-d41ea2be3e34,"Address must be validated to be complete and then verified against postal reference source
Address must be validated for completeness.  Address must also be verified against postal reference source.  These are prerequisites for inclusion on transactions or additions as master data.",,,,,2022-01-04 19:31:46,,Governance,,,,
Mask an email address by using a formatted method,rule,,3f2e0126-42fd-4454-bde3-a30198366e3a,"Generates a masked email address with a user name based on values obtained from one or two columns.
This method uses the InfoSphere Optim email data privacy provider hash method to mask email addresses. It generates a syntactically correct and masked email address with a user name based on either destination data or a literal concatenated with a sequential number. The domain name can be based on an email address in the source data, a literal, or a user supplied domain. The email address can also be converted to upper or lower case.

An email address consists of two parts, a user name followed by a domain name, separated by '@'. For example, user@domain.com.

The email data privacy provider generates an email address with a user name based on either destination data or a literal concatenated with a sequential number. The domain name can be based on an email address in the source data, a literal, or randomly selected from a list of large email service providers. The email address can also be converted to upper or lower case.

The email data privacy provider can generate a user name based on the values in one or two destination table columns (usually containing the name of a user). Processing options allow you to use only the first character of the value in the first column (for example, the initial letter of a first name) and separate the values from both columns using either a period or an underscore.

If the user name is based on a single destination column value or a literal, the name will be concatenated with a sequential number. If a user name is based on values in two destination table columns and a separating period or underscore is not used, the values are concatenated. If a parameter is not provided for the user name, the name will be formed by the literal ""email"" concatenated with a sequential number. Sequential numbers for user names are suffixes that begin with 1 and are incremented by 1.",,,,,2022-01-04 19:31:46,,Governance,,,,
Mask an Italian Fiscal Code by using a repeatable method,rule,,3fccc555-3104-4e23-8240-a7f0dae7efd3,"Generates a masked Italian Fiscal Code that preserves part of the source value.
This method uses the InfoSphere Optim national identifier data privacy provider repeatable method to mask an Italian Fiscal Code (FC). It uses a repeatable method that preserves part of the source value to produce a valid and masked number. If the same source value is encountered during masking, the same number will be produced repeatably.

An FC is a 16-character alphanumeric value with the following format: FFF-NNN-YYMDD-RRRRC.",,,,,2022-01-04 19:31:46,,Governance,,,,
Mask a value by using an affinity (format preserving) method,rule,,406b9df8-7bcb-45e9-80b0-d732002c3376,"Generates a masked value while preserving the format, length and character types of the source values and utilizes the format preserving encryption algorithm.
Use the affinity privacy provider to mask data while maintaining the format and character types of the source values. For example, the provider can maintain the format of data such as account numbers or driver's license numbers while masking character data with character data and numeric data with numeric data.

If the source data is uppercase, alphabetic characters, the affinity privacy provider generates uppercase, alphabetic characters at the destination. The provider masks alphabetic and numeric characters, but copies other characters in the source data to the destination. For example, a credit card number in the format ""nnnn nnnn nnnn nnnn"" is masked to a different number that includes spaces at the same intervals, while one formatted with dashes is masked as ""nnnn-nnnn-nnnn-nnnn"". Using this provider, you can generate unique values, a different value for each occurrence of the same source, and values with a length different from the source.

The FPE algorithm is encryption-based and offers stronger masking capability than the default. The FPE algorithm is based on the Advanced Encryption Standard 256-bit (AES-256) algorithm, can optionally use an encryption key that is supplied by the user, and can produce masked values that are unique. The same user-supplied key produces repeatable masked values. For this reason, knowledge of the key should be secured from unauthorized users to prevent reverse engineering to discover the original values.

The FPE algorithm also produces outputs that are extremely varied and without a discernible pattern. For example, two close or similar source values (such as 001 and 002) are masked with values that are not similar (such as 196 and 837), thus masking any pattern these values may have had in the source data.

The TWEAK parameter, available with the FPE algorithm only, can mask identical strings within source values by using other strings within each source value to influence the masking process. For example, for two source values such as ABC-123 and DEF-123, the TWEAK parameter can mask the 123 string in each value by using the preceding string to produce the masked values ABC-981 and DEF-704.

While the FPE algorithm offers an industry standard level of encryption, consider using the default algorithm when your data does not require such encryption. The most significant differences between the two algorithms are the degree of varied masking patterns, the time that is required to complete the masking effort, and the strength of the masked results. The default algorithm usually outperforms the FPE algorithm in processing time, as the FPE algorithm in most cases takes more time to complete. The complexity of the input data can add more time to the masking operation of the FPE algorithm, depending on the amount of parallel processing and I/O being performed.",,,,,2022-01-04 19:31:46,,Governance,,,,3ad05a7b-4b98-427d-a392-da717a30be56
Mask an Italian Fiscal Code by using a random method,rule,,48804cfc-fab2-4da3-a774-32956e363fa6,"Generates a masked Italian Fiscal Code randomly without preserving any part of the source value.
This rule uses the InfoSphere Optim ""national identifier"" data privacy provider's random processing method. The random method does not preserve any part of the source value. The output values are generated by a random masking algorithm. The output values are not based on the source values.",,,,,2022-01-04 19:31:46,,Governance,,,,3ad05a7b-4b98-427d-a392-da717a30be56
Mask a Value by using a date-time Literal,rule,,4a60335b-3e37-4766-93bb-4f9d5611d9c5,"Generates a masked value by replacing a character value with a data-time literal enclosed in single enclosed in single quotes.
This masking rules uses a date-time literal, enclosed in single quotes. 

It separates the date and time with a space. To format the date-time with a decimal fraction, place a period after the time, followed by the fraction. The date format is determined by the settings in Regional Options on the Control Panel of your computer.

Note: For an Oracle timestamp with time zone columns, you must specify the time zone suffix last.",,,,,2022-01-04 19:31:46,,Governance,,,,
Mask an email address by using an auto generated method,rule,,4d7d5b7e-36d4-4db3-af06-590db7eb25ed,"Generates a masked email address by using a user supplied user and domain for the email address.
A rule that generates an email address with a user name based on a literal concatenated with a sequential number. The sequential numbers are suffixes that begin with 1 and are incremented by 1. The policy uses the domain name from an email address in a specified source attribute.

This method uses the InfoSphere Optim email data privacy provider repeatable method to mask email addresses. It generates a syntactically correct and masked email address with a user name based on either destination data or a literal concatenated with a sequential number. The domain name can be based on an email address in the source data, a literal, or a user supplied domain. The email address can also be converted to upper or lower case.

An email address consists of two parts, a user name followed by a domain name, separated by '@'. For example, user@domain.com.

The email data privacy provider generates an email address with a user name based on either destination data or a literal concatenated with a sequential number. The domain name can be based on an email address in the source data, a literal, or randomly selected from a list of large email service providers. The email address can also be converted to upper or lower case.

The email data privacy provider can generate a user name based on the values in one or two destination table columns (usually containing the name of a user). Processing options allow you to use only the first character of the value in the first column (for example, the initial letter of a first name) and separate the values from both columns using either a period or an underscore.

If the user name is based on a single destination column value or a literal, the name will be concatenated with a sequential number. If a user name is based on values in two destination table columns and a separating period or underscore is not used, the values are concatenated. If a parameter is not provided for the user name, the name will be formed by the literal ""email"" concatenated with a sequential number. Sequential numbers for user names are suffixes that begin with 1 and are incremented by 1.",,,,,2022-01-04 19:31:46,,Governance,,,,
Mask a value by using a serial function,rule,,4f4ca9e0-57c4-479b-b41a-37ab4b4875c4,"Generates a masked value for serial columns in Informix® databases.
The serial function directs the DBMS to supply a sequential value (integer) for a destination column. Use the serial function for serial columns in IBM Informix® databases.

This function is valid for Insert (update/insert) and Load Processing, but is not valid for Convert Processing. If rows are updated in an Insert Process (update/insert), the destination column targeted by the function retains the original value. In addition, if the destination column is part of the primary key, the column value remains unchanged when the row is updated. You can use the function with the Propagate Function for Insert Processing; however, you cannot propagate Identity or Serial columns in a Load Process.",,,,,2022-01-04 19:31:46,,Governance,,,,3ad05a7b-4b98-427d-a392-da717a30be56
Mask a Value by using a currency function,rule,,4fc7333e-bf9e-44cb-90c2-b8e080d03bf1,"Generates a masked value by converting a currency value from one currency to another. 
The Currency Function converts a currency value in a source column from one currency to another. The source column must be defined as numeric, but not floating point. Two conversion methods are available:

Direct Conversion - Provide conversion parameters based on values defined in a Currency Definition. Use the Currency Function to convert a monetary value in a column (replacing the prior value) or, by defining different source and destination columns, retain the original value and the converted value. You can explicitly define the source and destination currency types or you can identify a reference column to indicate the currency type. The first calculation preference is to use the conversion rate for the source currency to the destination currency. The second calculation conversion preference is to use the conversion rate for the destination currency to the source.

Triangulation - Convert the value in a column from the source currency to the euro dollar and then convert the euro dollar to the destination currency. Both rates must be provided in the rate table: one between the euro dollar and the source currency, and one between the euro dollar and the destination currency.",,,,,2022-01-04 19:31:46,,Governance,,,,
Mask a Canadian Social Insurance Number by using a random method,rule,,50a1ef81-430c-4df4-9df3-7ad1cbcab2c6,"Generates a masked Canadian Social Insurance Number randomly without preserving any part of the source value.
This rule uses the InfoSphere Optim ""national identifier"" data privacy provider's random processing method. The random method does not preserve any part of the source value. The output values are generated by a random masking algorithm. The output values are not based on the source values.",,,,,2022-01-04 19:31:46,,Governance,,,,
Mask a value by using a lookup method,rule,,55b34b09-6e77-43ef-9a28-083bcd317d5a,"Generates a masked value by obtaining a value from a database lookup table according to the value in a source column.
This data masking rule obtains the value for a target column from a database lookup table, according to the value in a source column.",,,,,2022-01-04 19:31:46,,Governance,,,,
Payment card numbers must have a valid format,rule,,5a653286-6c33-436d-bdc4-df05120384aa,"Payment card numbers must have a valid format such as 15- or 16-character codes for American Express, Discover, Master Card, and Visa.",,,,,2022-01-04 19:31:46,,Governance,,,,
Mask a value by using a sequential function,rule,,5ee0a4fa-a0f3-44ff-8a7d-5a45e9e0c029,"Generates a masked value by replacing it with a number that is incremented sequentially.
The Sequential Function returns a number that is incremented sequentially. The syntax is:

SEQ(start, step)

start - Start value.
step - Incremental value.

Use the Sequential Function with character and numeric data. If the locale uses a comma as the decimal separator, you must leave a space after the comma. Start and step are integers within the range of -2,147,483,648 and 2,147,483,647. Start and step are further limited by the data type and length of the destination column. If the calculated value exceeds the length of the destination column, the function automatically resets to the start value. When you use the Sequential Function in a concatenated expression, a variable length string is returned.

Example 1

You can use the Sequential Function to change customer data for a test database. Assume that the CUST_ID column is defined as CHAR(5). To increment by 50, starting at 1, specify:

SEQ(1, 50)",,,,,2022-01-04 19:31:46,,Governance,,,,
Information governance policies should have an assigned steward,rule,,5fc665e8-d6f5-4d8d-be4e-b118b994f598,"Information governance policies should have an assigned steward to ensure appropriate implementation, administration, monitoring, and subsequent enforcement.",,,,,2022-01-04 19:31:46,,Governance,,,,
Mask a value by using a concatenated expression,rule,,61436beb-72af-412e-a42e-824fb42d238b,"Generates a masked value by combining column values or combining a column value with another value, by using a concatenation expression.
Concatenation allows you to combine column values or combine a column value with another value, by using a concatenation operator (CONCAT, ||, or +). A concatenated expression can include character values or binary values, but not both:

Character Values - Concatenated character values can be character columns, string literals, substrings of values in character columns, the sequential function, or the random function.

Binary Values - Concatenated character values can be binary columns, hexadecimal literals, substrings of binary columns, the sequential function, or the random function.

A concatenated expression cannot include a zero-length string literal (' '), a special register, or the Age Function.

Example

Assume that the CUSTOMERS table stores an address in two columns: ADDRESS1 and ADDRESS2. The SHIP_TO table stores an address in one column: ADDRESS. You can use a concatenated expression to combine address information from two columns in one table to one column in another.

To combine the address, specify one of the following examples:
CUSTOMERS Table 	SHIP_TO Table
ADDRESS1 || ADDRESS2 	ADDRESS
ADDRESS1 CONCAT ADDRESS2 	ADDRESS
ADDRESS1 + ADDRESS2 	ADDRESS",,,,,2022-01-04 19:31:46,,Governance,,,,
Mask a value by using a numeric expression,rule,,647165d5-a587-4d96-bd6f-785e32dd09f6,"Generates a masked value by using a numeric expression.
You can use a numeric expression to specify a value in the source column whenever the data types for the corresponding source and destination columns are compatible. An arithmetic expression consists of:

operand1 operator operand2

Each operand must be a numeric column or a numeric constant. The operator specifies whether to add ( + ), subtract ( - ), divide ( / ), or multiply ( * ).

Example 1

To increase the value in a column UNIT_PRICE defined as DECIMAL(5,2) by 10 percent, specify:

1.1 * UNIT_PRICE

Example 2

To divide the value in an INTEGER column ON_HAND_INVENTORY in half, specify:

ON_HAND_INVENTORY / 2.",,,,,2022-01-04 19:31:46,,Governance,,,,
Customers must be identified as individuals or organizations,rule,,64ab94b0-e7a9-41d7-9bae-772063b6dbe8,Customers must be identified by a code to indicate whether they represent an individual person or an organization.,,,,,2022-01-04 19:31:46,,Governance,,,,3ad05a7b-4b98-427d-a392-da717a30be56
Customer transactions must be retained as long as required to comply with tax requirements,rule,,65a72757-9cbe-48d2-9f42-580538cb6724,"Tax requirements identify the length of time required for retention of customer transactions reported for income purposes.  For example: a sale, a return, a credit.",,,,,2022-01-04 19:31:46,,Governance,,,,
Mask an age by using a random number range function,rule,,65e2ac14-342c-4a8a-b5d6-8dcba3f07982,"Generates a masked numeric value by generating random numbers within the range indicated by the low and high values.
The random number function generates numbers selected at random within the range indicated by the low and high values.

You can use the random number function to replace character or numeric data. The low and high values must be integers within the range -2,147,483,648 to 2,147,483,647. The low value must be less than the high value.",,,,,2022-01-04 19:31:46,,Governance,,,,
Standardized addresses exist and include valid contents where required,rule,,66fc7c4b-b160-4715-b61e-450241815988,Standardized addresses that are used for linking or verifying customer data exist and include valid contents in all standardized fields.,,,,,2022-01-04 19:31:46,,Governance,,,,
National identifier must exist and be validated according to country-specific rules,rule,,6a7d6cea-4be5-4ea1-a40e-98697aa08bf7,"National identifier (for example, passport number, driver's license number, US SSN, Canadian SIN, and so on) must exist and be validated according to country-specific rules
National identifier (for example, passport number, driver's license number, US SSN, Canadian SIN, and so on) must exist and be validated according to country-specific rules.  In many instances both a personal identifier (passport number, driver's license number) and a tax identifier are required.",,,,,2022-01-04 19:31:46,,Governance,,,,3ad05a7b-4b98-427d-a392-da717a30be56
Information governance policies must be monitored for compliance,rule,,6b16eb98-0ef3-4df3-8506-e81df82d83e9,Information governance policies must be monitored for compliance to expected requirements,,,,,2022-01-04 19:31:46,,Governance,,,,
Mask a value by invoking an exit routine,rule,,6ce82e6b-46f2-4fb6-b800-69dff7667514,"Generates a masked value by invoking a user supplied exit routine.
An exit routine is called to derive the value for the destination value. 

InfoSphere Optim provides several ways to specify a column value in a column map. One way is to specify an exit routine as the source; the exit sets values that could not otherwise be defined for destination columns. Another way is to use exit routines to exclude rows from processing.

For details on defining column maps, refer to Create a Column Map. You can use three types of exit routines when you create a process request to convert, create, insert, load, or restore data.

Standard exit

A standard exit routine is called to derive the value for a destination column in a column map. This type of exit routine is useful when you want to perform data transformations that are beyond the scope of functions in a column map. For example, an exit can change an employee department number for selected rows according to a complex algorithm, or select specific rows to be processed and discard all others.

Source format exit

A source format exit is called to format the source column that would otherwise not be supported in a column map age function. This exit routine examines the source date in a character or integer column and converts it into a date format usable as input to the age function.

Destination format exit

A destination format exit is called to format a destination column that would otherwise not be supported in a column map age function. This exit routine converts a date into one of four different destination formats. The data type of the destination column determines the format.
Using an exit in a column map",,,,,2022-01-04 19:31:46,,Governance,,,,
Passwords must be changed regularly,rule,,6d1d44a8-a25c-46d6-9959-f6252804eed8,Every user must change their password every 90 days.,,,,,2022-01-04 19:31:46,,Governance,,,,
Customer status code must conform to valid reference codes,rule,,6dc3ed77-a5f0-4923-aca2-ecf217150576,"Customer status code must conform to valid reference codes.  For example: Active, Prospect, Dormant, On Hold, Investigate)",,,,,2022-01-04 19:31:46,,Governance,,,,
Mask a value by using a numeric constant,rule,,6edd19fe-176b-4ea9-a114-1bb586a03c80,"Generates a masked value by replacing the value with a numeric constant.
This rules uses a numeric constant and the constant value must fit into the destination column as defined by its data type, precision, and scale.",,,,,2022-01-04 19:31:46,,Governance,,,,
Mask a value by using a boolean constant,rule,,73a0b1a8-67fa-41d6-aacc-127afddc4014,"Generates a masked value by replacing a value with a boolean constant of TRUE or FALSE.
Masks a value by replacing the value with a boolean constant of either TRUE or FALSE.",,,,,2022-01-04 19:31:46,,Governance,,,,
Customer transactions must be disposed of when no longer required,rule,,77e392ee-cf65-46ae-8636-7f91a3736c61,Customer transactions must be disposed of when no longer required by tax regulations or analytical needs.,,,,,2022-01-04 19:31:46,,Governance,,,,
Data classifications must be governed by relevant governance rules,rule,,7e793003-668d-4704-98f5-d5525fe09f81,Data classifications provide a means to identify data that must be monitored according to one or multiple policies.  Data classifications must be appropriately linked to relevant information governance rules to support this goal.,,,,,2022-01-04 19:31:46,,Governance,,,,
Gender must be a populated and valid code,rule,,8212ee24-386f-43eb-9dfd-20784767c67d,"Gender code must be populated and be a valid and accepted code in the organization
Gender is used to drive important analytics associated with people such as buying habits and employee retention and benefits.",,,,,2022-01-04 19:31:46,,Governance,,,,
Mask a Spanish Fiscal Identification Number by using a random method,rule,,843f4c50-36fc-401d-943c-c89494cdf6f5,"Generates a masked Spanish Fiscal Identifiction Number randomly without preserving any part of the source value.
This rule uses the InfoSphere Optim ""national identifier"" data privacy provider's random processing method. The random method does not preserve any part of the source value. The output values are generated by a random masking algorithm. The output values are not based on the source values.",,,,,2022-01-04 19:31:46,,Governance,,,,3ad05a7b-4b98-427d-a392-da717a30be56
Mask a French INSEE Number by using a random method,rule,,846ce254-07db-47bd-beb2-6ebc18ea813e,"Generates a masked French INSEE Number randomly without preserving any part of the source value.
This rule uses the InfoSphere Optim ""national identifier"" data privacy provider's random processing method. The random method does not preserve any part of the source value. The output values are generated by a random masking algorithm. The output values are not based on the source values.",,,,,2022-01-04 19:31:46,,Governance,,,,3ad05a7b-4b98-427d-a392-da717a30be56
Tax identifier must be linked to one and only one person or entity,rule,,85738ea1-6b3f-4c44-8544-0941c39f20c3,A given tax identifier must be linked to one and only one person or entity,,,,,2022-01-04 19:31:46,,Governance,,,,3ad05a7b-4b98-427d-a392-da717a30be56
US Social Security Number (SSN) must be complete and valid,rule,,866e25bd-3ae7-444f-a2c0-08f1ac1f0f95,US Social Security Number (SSN) must be complete and valid.  Valid format for SSN is a 9-digit number.,,,,,2022-01-04 19:31:46,,Governance,,,,
Applications must identify and use an authoritative source,rule,,8705da42-c3e1-4b47-bea9-37e36117e918,How and when to use an authoritative source by application code.,,,,,2022-01-04 19:31:46,,Governance,,,,
Mask a Spanish Fiscal Identification Number by using a repeatable method,rule,,8c1b1470-73fc-4fbb-9985-2a7a307989e7,"Generates a masked Spanish Fiscal or Foreign Identification Number that preserves part of the source value.
This method uses the InfoSphere Optim national identifier data privacy provider repeatable method to mask Spanish Fiscal Identification Numbers (NIF) and Foreign Identification Numbers (NIE). It generates a valid masked Spanish Fiscal Identification Numbers (NIF) or Foreign Identification Numbers (NIE) that preserves part of the source value to produce a valid and masked number. If the same source value is encountered during masking, the same number will be produced repeatably.

An NIF is an eight character value in the following format NNNNNNN-A, where the first seven characters are a serial number and the final character is an alphabetic suffix. The suffix is a check digit.

Foreign Spanish nationals use a Foreign Identification Number (NIE), which is a nine character value that uses the same format as an NIF, but is preceded by an X. An NIE uses the following format: X-NNNNNNN-A.

InfoSphere Optim's national identifier data privacy provider generates a masked NIF or NIE with a check digit that is calculated based on the preceding masked 7 digits of the output value.",,,,,2022-01-04 19:31:46,,Governance,,,,3ad05a7b-4b98-427d-a392-da717a30be56
Creation date for a customer record must be validated for correct format and dating,rule,,8ee5cc1e-6b3a-428c-8b9c-2131fb48ef39,"The creation date for a customer record must exist, be a valid timestamp, and cannot be a future date.",,,,,2022-01-04 19:31:46,,Governance,,,,
Mask a UK National Insurance Number by using a random method,rule,,8f364d9c-3382-4842-beb8-6e21ece1d12c,"Generates a masked UK National Insurance Number randomly without preserving any part of the source value.
This rule uses the InfoSphere Optim ""national identifier"" data privacy provider's random processing method. The random method does not preserve any part of the source value. The output values are generated by a random masking algorithm. The output values are not based on the source values.",,,,,2022-01-04 19:31:46,,Governance,,,,3ad05a7b-4b98-427d-a392-da717a30be56
Social Media ID must conform to valid format if it exists,rule,,8fc8196a-3810-4234-ad1c-287b49fd2cf0,"Social Media ID must conform to a valid format, if it exists.",,,,,2022-01-04 19:31:46,,Governance,,,,
Mask a UK National Insurance Number by using a repeatable method,rule,,90332e42-ab65-45e1-9aa7-3c8fb1724fe4,"Generates a masked United Kingdom National Insurance Number that preserves part of the source value.
This method uses the InfoSphere Optim national identifier data privacy provider repeatable method to mask a United Kingdom National Insurance Number (NINO). It uses a repeatable method that preserves part of the source value to produce a valid and masked number. If the same source value is encountered during masking, the same number will be produced repeatably.

A NINO consists of three parts: two letters (the prefix), six digits (the number), and one optional letter (the suffix).

A NINO can be masked without a separator or with a separator in either a three- or five-part format.",,,,,2022-01-04 19:31:46,,Governance,,,,3ad05a7b-4b98-427d-a392-da717a30be56
Customer order transactions must be processed in a timely manner,rule,,932262fe-3871-44db-9cb9-d7b6ab94268f,"Customer order transactions must be processed in a timely manner per advertised terms
Customer order transactions must be processed in a timely manner according to advertised terms.  Advertised terms are set in the Terms and Conditions for online purchase orders",,,,,2022-01-04 19:31:46,,Governance,,,,
Mask a credit card number by using a repeatable method,rule,,93f9f74f-eaca-4c32-b36a-0c94c93a2055,"Generates a masked but valid credit card number by algorithmically generating a consistently altered number based on the source value.
This rule uses the InfoSphere Optim ""credit card number"" (CCN) data privacy provider by using a repeatable processing method. It generates a valid but masked credit card number based on the source value .By default, the algorithm generates a consistently altered credit card number based on the source credit card number and maintains the original credit card number's provider. 

A credit card number, as defined by ISO 7812, consists of a 6-digit issuer identifier followed by a variable length account number and a single check digit as the final number. The check digit verifies the accuracy of the CCN and is generated by passing the issuer identifier and account numbers through the Luhn algorithm. The maximum length of a CCN is 19 digits.",,,,,2022-01-04 19:31:46,,Governance,,,,
Date of death for individuals where it exists must be validated,rule,,94571bd8-1276-4911-a274-7e0befd8bc12,"Date of death for individuals if it exists must be validated if it is properly formatted and individual is not anonymous
Date of death for an individual if it exists, is properly formatted, and not an anonymous individual, must be populated with valid calendar date less than the current date, must be after the date of birth, and cannot contain default dates.",,,,,2022-01-04 19:31:46,,Governance,,,,
Mask a value by using a NULL expression,rule,,96f1ff66-59ce-4a94-bc35-ab8d9cd6303e,"Generates a masked value by replacing the value with a NULL value.
Replaces a value with a NULL. The destination column must be nullable.",,,,,2022-01-04 19:31:46,,Governance,,,,
Customer addresses in production cannot contain test data,rule,,9820f9ae-f3fb-44e5-aa90-a45682bf5d02,"Customer addresses in production cannot contain test data such as ""1 Test Street""",,,,,2022-01-04 19:31:46,,Governance,,,,
Passwords must be secure,rule,,98503223-6f94-4ce8-af73-bde44cbb5f6e,Each user password must be at least 8 characters long and include both alphabetic and numeric characters.,,,,,2022-01-04 19:31:46,,Governance,,,,
Modification of an authoritative source must follow IT standards,rule,,a9502a3b-1081-415e-8987-97a54d3d7965,"Describes how to make changes to the structure, interfaces and logic of an authoritative source according to IT standards.",,,,,2022-01-04 19:31:46,,Governance,,,,
Deletion of an authoritative source must follow IT standards,rule,,ab84de5c-03be-4502-8702-f77059df2f40,The process for removing an authoritative source must follow the standards set by IT.,,,,,2022-01-04 19:31:46,,Governance,,,,
Mask a value by using a fill function,rule,,ac7f4443-b3b4-4370-8c57-1ace22871063,"Generates a masked value by specifying a replacement character from ""a"" through ""z"".
Use this function to replace the data in a CHAR, VARCHAR or CLOB column with a character that you specify. You can replace some or all of the characters in the source column. It allows any alphabetic character from ""a"" through ""z"".

For CLOB column data, the replacement characters will be in ASCII format. For a CLOB column, if you use length=max, InfoSphere Optim calculates the supported CLOB size for the database and fills the column accordingly. If a source CLOB column is null and the destination column is null-eligible, null will be used as the replacement. If a source CLOB column is null and the destination column does not allow nulls, the row is skipped.",,,,,2022-01-04 19:31:46,,Governance,,,,3ad05a7b-4b98-427d-a392-da717a30be56
Mask a French INSEE Number by using a repeatable method,rule,,afb70404-4604-4c1b-8dfa-8e8c8d0f3e6a,"Generates a masked French INSEE Code that preserves part of the source value.
This rule uses the InfoSphere Optim ""national identifier"" data privacy provider by using a repeatable processing method. The repeatable method preserves part of the source value to produce a valid and masked number. If the same source value is encountered during masking, the same number will be produced repeatably.

A French INSEE number is a 15-digit number with the following format: SYYMMDDCCCOOOKK.  InfoSphere Optim's ""national identifier"" data privacy provider generates a random INSEE code with a valid order field and a check digit field is calculated based on the preceding masked 13 digits of the output value.",,,,,2022-01-04 19:31:46,,Governance,,,,3ad05a7b-4b98-427d-a392-da717a30be56
Mask a US Social Security Number by using a random method,rule,,b08010b1-77b9-495c-814d-0387df1c1787,"Generates a masked US Social Security Number randomly without preserving any part of the source value.
This rule uses the InfoSphere Optim ""national identifier"" data privacy provider's random processing method. The random method does not preserve any part of the source value. The output values are generated by a random masking algorithm. The output values are not based on the source values.",,,,,2022-01-04 19:31:46,,Governance,,,,
Mask a value by using a random number range function,rule,,b271c6b6-01c0-4e42-8570-b00484b1823a,"Generates a masked numeric value by generating random numbers within the range indicated by the low and high values.
The random number function returns a number selected at random within the range indicated by the low and high values.",,,,,2022-01-04 19:31:46,,Governance,,,,
Customer tax identification must be encrypted,rule,,b28fc51e-a831-4388-8b22-778d4d9b1919,"Customer tax identification must be encrypted to protect data privacy
Customer tax identification must be stored and transferred in an encrypted format throughout the Information Supply Chain; only privileged users may see tax identification in an unencrypted form.",,,,,2022-01-04 19:31:46,,Governance,,,,
Mask a value by using a lookup hash method,rule,,b48f7480-71af-408d-b7f1-4dac605f05c8,"Generate a consistent masked value by obtaining a replacement value from a lookup table based on a hash value.
This data masking rule obtains a replacement value for a target column from an InfoSphere Optim or user supplied database lookup table, according to a hashed value derived from source column(s). The database lookup hash rule allows you to consistently mask data when you use the same source and lookup tables in any environment.",,,,,2022-01-04 19:31:46,,Governance,,,,
Information must be delivered according to SLA,rule,,b512161f-2bd9-455d-a05f-39f601c26b45,New or updated information for operational and analytical use must be delivered within the timeframes that are prescribed by a Service Level Agreement.,,,,,2022-01-04 19:31:46,,Governance,,,,
Information must satisfy the level of quality defined by the SLA,rule,,bed3b62f-5b80-472c-a106-5fe59d416d7a,Information for operational and analytical use must meet the level of quality that are prescribed by a Service Level Agreement.,,,,,2022-01-04 19:31:46,,Governance,,,,
All customers must have a unique customer identification number.,rule,,bef3dde5-c441-4edc-954c-3e9f3dc135de,Customer records must be uniquely identified.,,,,,2022-01-04 19:31:46,,Governance,,,,
Customer record match must minimize false positive rate below targeted threshold,rule,,bf70afb9-cac7-4181-a105-8b385fe3b0fd,"Customer record match must minimize the false positive rate below the targeted threshold.
False positive rate represents the detection of an effect that is not present, that is a customer record is matched to a record that is not the same customer.",,,,,2022-01-04 19:31:46,,Governance,,,,
Customer data must satisfy self-score completeness in the master data hub,rule,,bffcc6fa-c5fd-4b90-9b07-52e5413659f2,"Customer data must contain sufficient information to match incoming customer data records: complete and valid name, tax id, date of birth or of incorporation, and customer status.",,,,,2022-01-04 19:31:46,,Governance,,,,
Analytical data must be supplied from an authoritative source,rule,,c2f5c4b3-e2e8-4b3b-9ec4-456f9dbda608,Data for historical data analysis must be harvested from an authoritative source.,,,,,2022-01-04 19:31:46,,Governance,,,,
Source system loads to the MDM system must complete within 10 hours,rule,,c3abb1ac-0c19-41cb-b2ec-a543e9f2c3eb,Data loads from all source systems to the Master Data Management (MDM) system must be completed within 10 hours from the defined start time.,,,,,2022-01-04 19:31:46,,Governance,,,,
Date of incorporation for organizations must be validated against 3rd party source,rule,,c6ec34f3-de0b-455b-9c5d-c75a6c16949c,Date of incorporation for organizations must be validated against accepted 3rd party source such as Dun and Bradstreet.,,,,,2022-01-04 19:31:46,,Governance,,,,
Confidential information cannot be shared without appropriate controls and approvals,rule,,c7d8a336-2520-467d-a9dc-4579bfaca1f6,Confidential information cannot be shared internally or externally without appropriate controls and approvals,,,,,2022-01-04 19:31:46,,Governance,,,,3ad05a7b-4b98-427d-a392-da717a30be56
Organization name must be validated against a third-party source,rule,,ca50cbb7-a67f-43c4-92f3-b5811eab04d7,Organization name must be validated against a third-party reference source such as Dun and Bradstreet.,,,,,2022-01-04 19:31:46,,Governance,,,,
Mask a value by using an affinity method,rule,,caf4dcf2-578b-4eb8-943b-8dd9a219dc9a,"Generates a masked value while preserving the format, length and character types of the source values.
This method uses the InfoSphere Optim affinity data privacy provider repeatable method to mask data values. The affinity data privacy provider can mask data that has no inherent format or a format that is not widely known. Affinity maintains the format and character type of the source data at the destination. The repeatable method generates a unique destination value. The length of the destination value will be the same as the source value length.

If the source data is upper case, alphabetic characters it generates upper case, alphabetic characters at the destination. This function masks alphabetic and numeric characters, but other characters in the source data are copied to the destination without being changed. You can use the Affinity data privacy provider to mask CHAR, VARCHAR, and non-float numeric data types. You can generate unique values, a different value for each occurrence of the same source, and you can generate values with a length different from the source.

For the same source value, it is possible to obtain the same destination value when either the repeatable or the hash method is used. Use hash with the seed parameter to produce different destination values each time the process is run.",,,,,2022-01-04 19:31:46,,Governance,,,,3ad05a7b-4b98-427d-a392-da717a30be56
Customer data sources should be identifiable and auditable for additions and modifications,rule,,cfc19665-4ecf-467e-94ad-e80a7e94c475,"The sources for additions and changes to customer data contents, particularly for those data elements relevant to Know Your Customer, must be identifiable and auditable.",,,,,2022-01-04 19:31:46,,Governance,,,,
Mask a value by using a hexadecimal literal,rule,,d4b48148-9fff-4880-91d9-616e0f6e40c2,"Generates a masked value by replacing it with a hexadecimal literal.
This rule replaces the original value with a hexadecimal literal.

Example: X‘1234567890ABCDEF' or 0X1234567890ABCDEF",,,,,2022-01-04 19:31:46,,Governance,,,,
Customer records must be kept up-to-date and synchronized,rule,,d565b634-9bd3-44a7-82e3-d9fe1d034ec1,"Customer records are kept up-to-date and synchronized across all data stores.
Customer records are kept up-to-date and synchronized across all data stores.  For example, customer records added in the credit and order systems are delivered and matched to the customer master data management (MDM) system as soon as possible, and updated records in the customer MDM system and sent back to the credit and order systems to ensure the most accurate information for entry.",,,,,2022-01-04 19:31:46,,Governance,,,,
Computer addresses have a valid format,rule,,d626de85-0e53-4e94-a02d-eb1a641185f4,Computer addresses such as host names and IP addresses must have a valid format,,,,,2022-01-04 19:31:46,,Governance,,,,
System architecture diagrams must be available for each authoritative source,rule,,dbf5d487-7fc0-4dda-936f-82a627b45421,System Architecture Diagrams must be available for each authoritative source to ensure appropriate use.,,,,,2022-01-04 19:31:46,,Governance,,,,
Customer record match must minimize false negative rate below targeted threshold,rule,,df01f434-c359-449f-94b0-2b397eb066ce,"Customer record match must minimize the false negative rate below the targeted threshold.
False negatives represent conditions that fail to detect an effect that is present, that is failing to detect and match a customer that already exists.",,,,,2022-01-04 19:31:46,,Governance,,,,
Mask a value by using a string literal,rule,,e1b904d3-f8fa-4c23-b7bf-fb05dcf5534e,"Generates a masked value by replacing a character value with a character string enclosed in single quotes.
This masking rules uses a string literal, enclosed in single quotes. The destination column must contain character data.

Example: 'CA' or '90210'.",,,,,2022-01-04 19:31:46,,Governance,,,,3ad05a7b-4b98-427d-a392-da717a30be56
Every user has their own user logon.,rule,,e7bde981-46d4-4a17-9ace-035636730626,Every user of a company system will have their own unique user logon account.,,,,,2022-01-04 19:31:46,,Governance,,,,
Mask a date by using an aging method,rule,,e84cac2b-eeaa-4c81-86be-aa48fc172036,"Generates a masked date based on the source value by arithmetically changing the content of a date's year, month, day etc. 
This method uses the InfoSphere Optim ""age"" data privacy provider to mask any date using an aging method. The date could be an expiration date, hire date termination date etc. 

Aging is a process of incrementing or decrementing a date value.  Aging can be specific to the number of years, months, weeks or days.  Optionally, aging may be a combination of these units.  Lastly, aging can also be based upon a specific 4-digit year value.",,,,,2022-01-04 19:31:46,,Governance,,,,3ad05a7b-4b98-427d-a392-da717a30be56
Mask a US Social Security Number by using a repeatable method,rule,,ebf025e7-a803-47d9-b197-5a62b0091f9b,"Generates a masked United States Social Security Number by preserving part of the source value.
This method uses the InfoSphere Optim national identifier data privacy provider repeatable method to mask a United States Social Security Number (SSN). It uses a repeatable method that preserves part of the source value to produce a valid and masked number. If the same source value is encountered during masking, the same number will be produced repeatably.

An SSN consists of 3 subfields with the following format: AAAGGSSSS.

AAA
    Area number. The area is generally determined by the state in which the SSN is issued.
GG
    Group number. A group number is assigned based on the area number.
SSSS
    Serial number.

The InfoSphere Optim national identifier data privacy provider generates a masked SSN according to the following rules:

1. A group number that is appropriate for the area number is generated. The group number will be the most recent group used by the Social Security Administration for the area.

2. Serial numbers begin with 0001 and are incremented by 1 for each additional SSN generated for the area number. When the serial number exceeds 9999, the serial number will be reset to 0001 and the group number preceding the number most recently issued for the area number will be used.

3. When the repeatable method is used the output value will include an area number corresponding to the same state as the source area number.",,,,,2022-01-04 19:31:46,,Governance,,,,
Personal data must be deleted when it is no longer needed for the stated purpose,rule,,ec599e97-acb3-499d-9cf0-ca24c8ce3fed,"Personal data must be deleted when it is no longer needed for the stated purpose
Personal data must be deleted when it is no longer needed for the stated purpose.  Review additional regulations for associated information retention requirements, and consider a 5 year window since the last activity date to be sufficient to meet the rule criteria.",,,,,2022-01-04 19:31:46,,Governance,,,,3ad05a7b-4b98-427d-a392-da717a30be56
Logical data models are available for each authoritative source,rule,,ed0df5ba-8b20-40be-8461-68bc49345e23,Logical data models detail the expected contents for each authoritative source and are available to ensure consistent meaning and usage.,,,,,2022-01-04 19:31:46,,Governance,,,,
Age must be valid,rule,,ee8f8cd6-20ee-4f3d-9903-7347d88ba4c5,"Age of an individual customer must be valid.
Age of an individual customer must be valid.  Age is commonly calculated to identify the status values of 'Adult' or 'Child' for regulatory policies and reporting.",,,,,2022-01-04 19:31:46,,Governance,,,,
Mask a value by using a special register function,rule,,ef8d206a-ff67-4393-bf37-908bad6a7951,"Generates a masked value by using a special register.
This masking rule can use a set of InfoSphere Optim provided special registers and RDBMS special registers to provide a masked value

Special Registers:

    CURRENT DATE
    CURRENT_DATE
    CURRENT TIME
    CURRENT_TIME
    CURRENT TIMESTAMP
    CURRENT_TIMESTAMP
    CURRENT SQLID
    CURRENT_SQLID
    CURDATE( )
    CURTIME( )
    GETDATE( )
    GETTIME( )
    SYSDATE( )
    NOW( )
    WORKSTATION_ID
    USER",,,,,2022-01-04 19:31:46,,Governance,,,,
Minors must be identified,rule,,f03e0a38-ee37-4742-b14e-d759458ca827,Customers who are minors must be identified.,,,,,2022-01-04 19:31:46,,Governance,,,,
Mask a value by using a substring function,rule,,f29a3eb5-8e57-4116-9739-124777b2b003,"Generates a masked value by utilizing a substring function to return a value based on the substring of the contents of the value being masked.
The substring function returns a substring of the contents of the named column.

SUBSTR(columnname, start, [length])

columnname - Name of a character or binary column.
start - The position of the first character in the string.
length - The number of characters to use.

Example:

If the PHONE_NUMBER column is defined as CHAR(10), you can use the substring function to map the area code. To obtain a substring of the first three positions of the phone number (area code) for the destination column, specify: SUBSTR(PHONE_NUMBER, 1, 3)",,,,,2022-01-04 19:31:46,,Governance,,,,
Mask a Canadian Social Insurance Number by using a repeatable method,rule,,f6611c84-0f3b-4129-ba2a-b7fc66948503,"Generates a masked Canadian Social Insurance Number that preserves part of the source value.
This rule uses the InfoSphere Optim ""national identifier"" data privacy provider by using a repeatable processing method. The repeatable method preserves part of the source value to produce a valid and masked number. If the same source value is encountered during masking, the same number will be produced repeatably.

A Canadian Social Insurance Number (SIN) is a nine-digit number that consists of a one-digit region code number followed by an eight-digit serial number. The first three digits are called the header. The last digit of the serial number is a check digit. The national identifier data privacy policy generates a masked SIN with a check digit that is calculated based on the preceding masked eight digits of the output value.",,,,,2022-01-04 19:31:46,,Governance,,,,
Mask a value by using a shuffle method with retry,rule,,f7c61f68-c289-4df0-9c25-9d7c2b557f2b,"Generates a masked value by replacing a source value with another value from the same column of a different rows in a table.
The shuffle function replaces a source value with another value from the column that is then inserted in a destination column. The source row and the row that contains the replacement value will never be the same, but depending on your data, source and replacement values can be identical.

You can indicate the number of times the function will re-fetch a replacement value until a value that does not match the source value is found (a ""retry""), or you can allow a replacement value to match the source.",,,,,2022-01-04 19:31:46,,Governance,,,,
