"code","value","description","parent","reference data set","related terms","is_multi_mapped_to_c57cb90f-2126-3800-9c9f-9eab82021cdf"
"CAN","Canada","Canada",,"534561ac-1080-3714-b7aa-5a5809ff1f00",,"TOR"
"USA","United States of America","United States of America",,,,"DAL,WAS"
"GBR","United Kingdom of Great Britain and Northern Ireland","United Kingdom of Great Britain and Northern Ireland",,,,"LON"
"ARG","Argentina","Argentina",,,,
"HKG","Hong Kong","Hong Kong",,,,
"JPN","Japan","Japan",,,,"OSA,TOK"
"PRK","Korea (Democratic People's Republic of)","Korea (Democratic People's Republic of)",,,,
"DEU","Germany","Germany","EU",,,"FRA"
"TUR","Turkey","Turkey",,,,
"EU","European Union","European Union",,,,
"AUS","Australia","Australia",,,,"SYD"
"BEL","Belgium","Belgium","EU",,,
"RUS","Russian Federation","Russian Federation",,,,
"CHL","Chile","Chile",,,,
"PRT","Portugal","Portugal","EU",,,
"FRA","France","France","EU",,,
"ITA","Italy","Italy","EU",,,
"NLD","Netherlands","Netherlands","EU",,,
"CHN","China","China",,,,
"BRA","Brazil","Brazil",,,,"SAO"
"MEX","Mexico","Mexico",,,,
"NZL","New Zealand","New Zealand",,,,
