Name,Artifact Type,Category,Artifact ID,Description,Tags,Classifications,Stewards,Related Terms,Business Start,Business End,Data Set Type,Parent Reference Data Sets,Secondary Categories,Custom Columns
Document Electronic Storage Medium Type,reference_data,869329e0-db78-4c2f-b539-a831722602f7,227d3c2c-41ef-4ec4-8c4d-52c828a8251c,"Indicates the electronic form in which the document is retained. For example, flash, magnetic, microchip, optical, etc.",,,,f34c2181-ac62-46bb-81bb-8cad182c3372,2022-10-21 12:45:42,,TEXT,,1bc69e7d-922c-4e4c-868e-110aa727b956,
"",,,,,,,,,,,,,70f78c65-a867-41c9-80b3-b29eb7dbb342,
Agent Type,reference_data,869329e0-db78-4c2f-b539-a831722602f7,2603301a-6a47-41df-b0ba-1303b0970fe9,"Indicates whether an automated service or human is acting as the agent. For example, human, automated dialer, chatbot, virtual assistant, interactive voice response, etc.",,,,dcee8e71-40f3-41e3-ba75-8215ccd96a4a,2022-10-21 12:45:42,,TEXT,,1bc69e7d-922c-4e4c-868e-110aa727b956,
"",,,,,,,,,,,,,c4cfdd71-43bd-4676-b2c4-69fdadc37954,
Document Life Cycle Status,reference_data,869329e0-db78-4c2f-b539-a831722602f7,506efcd0-b96e-4099-b787-b465ea0858b3,"Identifies the current status of the document. For example, active, approved, delivered, destroyed, expired, issued, missing, obsolete, received, rejected, requested, suspended, terminated.",,,,577f3aba-d159-4667-a911-e5e1cf252002,2022-10-21 12:45:42,,TEXT,,1bc69e7d-922c-4e4c-868e-110aa727b956,
"",,,,,,,,,,,,,70f78c65-a867-41c9-80b3-b29eb7dbb342,
Personal Document Type,reference_data,869329e0-db78-4c2f-b539-a831722602f7,67f4ffca-ea48-4b67-8d30-0d62bb8fc641,"Classifies the document by its type or subject matter as a document that may contain personal information. For example, call audio, signature specimen, video recording, birth certificate, password, medical image, passport etc. 

Note: Depending on the type of document this information could be classified ""Personally Identifiable Information"" or ""Sensitive Personal Information"" or 'Personal Information"" or a combination of these.",,,,0c449415-0059-4fd0-9c30-ba7fd11c80aa,2022-10-21 12:44:40,,TEXT,,62755581-d85a-4c0e-821c-f6b98ace64d1,
"",,,,,,,,,,,,,1a8525b2-0832-49a8-ac4c-77afe7b1f3f2,
"",,,,,,,,,,,,,7fa127e4-331e-4cad-ac50-f9f38a536125,
"",,,,,,,,,,,,,c71f549d-bbd7-4ff8-81ee-ec3800994fb9,
"",,,,,,,,,,,,,7cc7ba75-9f1a-43c5-b83c-01d91516908f,
"",,,,,,,,,,,,,dc567b40-f13d-48b5-b121-2c74142d0707,
"",,,,,,,,,,,,,e9280932-5ed5-4146-8cc5-a5426ba190bf,
Meeting Status,reference_data,869329e0-db78-4c2f-b539-a831722602f7,6e371835-c8cc-4090-934f-374e1ce859ee,"The status of a meeting at a point in time. For example, planned, cancelled, rescheduled, concluded, proposed, or suspended.",,,,b042d7f5-a52e-4b46-8b02-7cec2cd0dba0,2022-10-21 12:45:42,,TEXT,,1bc69e7d-922c-4e4c-868e-110aa727b956,
"",,,,,,,,,,,,,c4cfdd71-43bd-4676-b2c4-69fdadc37954,
Recording Process Type,reference_data,869329e0-db78-4c2f-b539-a831722602f7,7bbdf39a-8a21-495f-9380-ece58a63b584,"The method used to create or replicate the document. For example, electronic, embossed, hand written, optical, photographic or printed.",,,,5e2c1f96-1b2e-43e1-8176-a922909cd322,2022-10-21 12:45:42,,TEXT,,1bc69e7d-922c-4e4c-868e-110aa727b956,
"",,,,,,,,,,,,,70f78c65-a867-41c9-80b3-b29eb7dbb342,
Data Processing Request Type,reference_data,869329e0-db78-4c2f-b539-a831722602f7,877a22bc-6afe-4929-bc66-53e769f8b27a,Identifies a classification of the data processing request type for personal information.,,,,7e45c973-26c6-4c5f-b2d0-ae563a924cc4,2022-10-21 12:44:40,,TEXT,,62755581-d85a-4c0e-821c-f6b98ace64d1,
"",,,,,,,,,,,,,1a8525b2-0832-49a8-ac4c-77afe7b1f3f2,
Data Processing Activity Type,reference_data,869329e0-db78-4c2f-b539-a831722602f7,909e3546-5d71-4c72-b754-5d09605243b4,Identifies a classification of the data processing activity types for personal information.,,,,0df21c2b-9405-40ed-87c8-31382a1c51c0,2022-10-21 12:44:40,,TEXT,,62755581-d85a-4c0e-821c-f6b98ace64d1,
"",,,,,,,,,,,,,1a8525b2-0832-49a8-ac4c-77afe7b1f3f2,
Location Type,reference_data,869329e0-db78-4c2f-b539-a831722602f7,ad23c173-54c9-4373-902d-0b489f14c2f0,"The location classification by the corporate standards and practices of the company, relative to the location, not a property that exists at the location.",,,,74ea057e-14d5-4bdb-b22e-93950fc18ae3,2022-10-21 12:44:40,,TEXT,,62755581-d85a-4c0e-821c-f6b98ace64d1,
"",,,,,,,,,,,,,1a8525b2-0832-49a8-ac4c-77afe7b1f3f2,
"",,,,,,,,,,,,,e7d4e3b0-464b-4df3-bb6a-e4699345be98,
Call Type,reference_data,869329e0-db78-4c2f-b539-a831722602f7,c32b3fc8-fdc4-445e-8a12-2973827e5720,"Identifies the communications technology used for the call. For example, mobile, landline or VOIP.",,,,aff55347-d8a1-4400-9d5c-67d7be5e1de3,2022-10-21 12:45:42,,TEXT,,1bc69e7d-922c-4e4c-868e-110aa727b956,
"",,,,,,,,,,,,,c4cfdd71-43bd-4676-b2c4-69fdadc37954,
Content Type,reference_data,869329e0-db78-4c2f-b539-a831722602f7,cbe49f26-3686-49d9-92b2-b396ffaf7db6,"Describes the nature of the content. For example, table, image, text, audio, etc.",,,,0a7bfc57-f4bc-4c2e-a2ac-36b7406356ce,2022-10-21 12:44:40,,TEXT,,1a8525b2-0832-49a8-ac4c-77afe7b1f3f2,
"",,,,,,,,,,,,,7fa127e4-331e-4cad-ac50-f9f38a536125,
"",,,,,,,,,,,,,1bc69e7d-922c-4e4c-868e-110aa727b956,
"",,,,,,,,,,,,,70f78c65-a867-41c9-80b3-b29eb7dbb342,
Communication Status,reference_data,869329e0-db78-4c2f-b539-a831722602f7,cc58e307-d81d-4595-b1cb-0c0c74781469,"The status of a communication at a point in time. For example, unanswered, requested call back, concluded, call dropped by customer, call dropped by agent, call dropped by system, awaiting further information, received, sent, superseded, suspended.",,,,ba5642ae-9da3-4dc2-9636-1ae46593b2e5,2022-10-21 12:44:40,,TEXT,,1a8525b2-0832-49a8-ac4c-77afe7b1f3f2,
"",,,,,,,,,,,,,7fa127e4-331e-4cad-ac50-f9f38a536125,
"",,,,,,,,,,,,,1bc69e7d-922c-4e4c-868e-110aa727b956,
"",,,,,,,,,,,,,7cc7ba75-9f1a-43c5-b83c-01d91516908f,
"",,,,,,,,,,,,,c4cfdd71-43bd-4676-b2c4-69fdadc37954,
Communication Purpose,reference_data,869329e0-db78-4c2f-b539-a831722602f7,d262b88d-df7b-4b2e-bde8-7a0ef62831e2,"The reason for a communication or what the communication is intended to achieve. For example, offer, compliment, complaint, notification, information, etc.",,,,38ed0ee1-2b27-4879-9160-ab7e6cf69a65,2022-10-21 12:44:40,,TEXT,,62755581-d85a-4c0e-821c-f6b98ace64d1,
"",,,,,,,,,,,,,1a8525b2-0832-49a8-ac4c-77afe7b1f3f2,
"",,,,,,,,,,,,,7fa127e4-331e-4cad-ac50-f9f38a536125,
"",,,,,,,,,,,,,1bc69e7d-922c-4e4c-868e-110aa727b956,
"",,,,,,,,,,,,,7cc7ba75-9f1a-43c5-b83c-01d91516908f,
"",,,,,,,,,,,,,c4cfdd71-43bd-4676-b2c4-69fdadc37954,
Product Life Cycle Status,reference_data,869329e0-db78-4c2f-b539-a831722602f7,dd744180-d9c3-4e22-b191-0924337a85f5,"Identifies the current status of the product. For example, announced, approved, canceled, obsolete, proposed, rejected, released, suspended.",,,,970e77cd-a05d-434a-86a6-0cdf156012df,2022-10-21 12:45:42,,TEXT,,1bc69e7d-922c-4e4c-868e-110aa727b956,
"",,,,,,,,,,,,,740a852d-96c9-4882-82b6-60d728eb2d9a,
Chat Type,reference_data,869329e0-db78-4c2f-b539-a831722602f7,de83f831-24ae-4b73-b502-d49a406419a4,"Indicates the type of chat. For example, live web chat, chatbot, messenger app or social media.",,,,499f6305-7cdc-4f37-a81d-a6beb3704d33,2022-10-21 12:45:42,,TEXT,,1bc69e7d-922c-4e4c-868e-110aa727b956,
"",,,,,,,,,,,,,c4cfdd71-43bd-4676-b2c4-69fdadc37954,
Meeting Type,reference_data,869329e0-db78-4c2f-b539-a831722602f7,e3d41496-41f9-44ef-9600-02a3d7364067,"Indicates the format of the meeting. For example, an in person meeting or a web conference.",,,,35f69dde-842c-432f-9c03-4842700b7399,2022-10-21 12:45:42,,TEXT,,1bc69e7d-922c-4e4c-868e-110aa727b956,
"",,,,,,,,,,,,,c4cfdd71-43bd-4676-b2c4-69fdadc37954,
Personal Information Processing Purpose,reference_data,869329e0-db78-4c2f-b539-a831722602f7,f2264e58-3c63-479a-9e0b-09d182f5bbc7,Identifies a classification of data processing according to their purpose for personal information.,,,,c972e3a7-305a-4d3b-9da1-aa7036e936d8,2022-10-21 12:44:40,,TEXT,,62755581-d85a-4c0e-821c-f6b98ace64d1,
"",,,,,,,,,,,,,1a8525b2-0832-49a8-ac4c-77afe7b1f3f2,
Document Type,reference_data,869329e0-db78-4c2f-b539-a831722602f7,f94c5839-f9e8-48ee-99f5-a7531e432360,"Classifies the document by its type or subject matter. For example, call audio, script, form, signature specimen, video recording, web page, report, etc.",,,,785892b3-5424-4c13-bcb1-25d046122cfb,2022-10-21 12:45:42,,TEXT,,1bc69e7d-922c-4e4c-868e-110aa727b956,
"",,,,,,,,,,,,,70f78c65-a867-41c9-80b3-b29eb7dbb342,
Product Life Cycle Status Reason,reference_data,869329e0-db78-4c2f-b539-a831722602f7,fcbf4a8a-7011-4303-afa4-96834490ea3f,"Identifies the reason for the current life cycle status of the product. For example, approval process successful, entry date expired, legally required, opportunity identified, profitable, superseded, withdrawn, etc.",,,,22f0efca-d3b4-4b61-9d34-b8ad4c73973f,2022-10-21 12:45:42,,TEXT,,1bc69e7d-922c-4e4c-868e-110aa727b956,
"",,,,,,,,,,,,,740a852d-96c9-4882-82b6-60d728eb2d9a,
Sovereign Locations,reference_data,eebd338d-dbd5-37e4-9e4a-1296de82963a,534561ac-1080-3714-b7aa-5a5809ff1f00,Sovereign Locations Reference Dataset (SLRDS) is defined as sovereign administration data.,,,,,2023-01-10 12:20:13,,TEXT,,,
Physical Locations,reference_data,eebd338d-dbd5-37e4-9e4a-1296de82963a,c57cb90f-2126-3800-9c9f-9eab82021cdf,Physical Locations Reference Dataset (PLRDS) is defined as geographical position data.,,,,,2023-01-10 12:20:13,,TEXT,,,
