Name,Artifact Type,Category,Artifact ID,Description,Tags,Stewards
Industry Accelerators,category,,2c282a23-82c1-44a8-9287-30fcb08b452c,The IBM Industry Accelerators are a suite of collections of various artifacts intended to address a particular business or industry issue.,,
Customer 360 Degree View,category,2c282a23-82c1-44a8-9287-30fcb08b452c,65b9bb49-6ba6-4359-a195-2d481055c538,"The collection of concepts and metrics useful for analysis of customer segmentation, credit risk, loyalty and social media sentiment. © Copyright IBM Corp. 2019. All Rights Reserved",,
Customer Life Event Prediction,category,2c282a23-82c1-44a8-9287-30fcb08b452c,e15e1309-a73e-4b20-84e1-15489f4d01e1,The collection of concepts and metrics used for analysis of the current and historic details of the customer's past wealth and life events and for prediction of how likely customers are to experience a chosen life event within a given forecast horizon. © Copyright IBM Corp. 2019. All Rights Reserved,,
Locations,category,,eebd338d-dbd5-37e4-9e4a-1296de82963a,Locations Category (LC) is defined as parent for locations reference datasets.,,
