{"description":"A design schema for information assets","fields":[],"relationships":[],"properties":{"description":{"type":"string","description":"Text description of the schema used as a comment"},"notes":{"type":"string","description":"Free form textual notes that a user can add"}},"localized_metadata_attributes":{"name":{"default":"Physical model schema","en":"Physical model schema","de":"Schema des physischen Modells","es":"Esquema de modelo físico","fr":"Schéma de modèle physique","it":"Schema del modello fisico","ja":"物理モデル・スキーマ","ko":"물리적 모델 스키마","pt":"Esquema do modelo físico","ru":"Схема физической модели","sv":"Schemat för fysisk modell","zh":"物理模型模式","zh_TW":"實體模型綱目"}},"global_search_searchable":[],"attribute_only":false,"version":1,"name":"ibm_physical_model_schema","scope":"GLOBAL","is_column_custom_attribute":false,"allow_decorators":true}