{"description":"Basic object in a logical data model","fields":[],"relationships":[],"properties":{"persistent":{"type":"bool","description":"Information about whether the LDM entity is intended to be persisted when transformed to table or is meant to be only in logical model."},"notes":{"type":"string"}},"localized_metadata_attributes":{"name":{"default":"Logical model entity","en":"Logical model entity","de":"Entität des logischen Modells","es":"Entidad de modelo lógico","fr":"Entité du modèle logique","it":"Entità del modello logico","ja":"論理モデル・エンティティー","ko":"논리 모델 엔티티","pt":"Entidade do modelo lógico","ru":"Сущность логической модели","sv":"Logisk modellentitet","zh":"逻辑模型实体","zh_TW":"邏輯模型實體"}},"global_search_searchable":[],"attribute_only":false,"version":1,"name":"ibm_logical_model_entity","scope":"GLOBAL","is_column_custom_attribute":false,"allow_decorators":true}