{"description":"Flow asset type","fields":[{"key":"name","type":"string","facet":false,"is_array":false,"is_searchable_across_types":false},{"key":"mime_type","type":"string","facet":false,"is_array":false,"is_searchable_across_types":false},{"key":"path","type":"string","facet":false,"is_array":false,"is_searchable_across_types":false},{"key":"stream_id","type":"string","facet":false,"is_array":false,"is_searchable_across_types":false},{"key":"properties","type":"object","facet":false,"is_array":false,"is_searchable_across_types":false}],"relationships":[],"global_search_searchable":[],"attribute_only":false,"version":1,"name":"machine-learning-stream","scope":"PROJECT","is_column_custom_attribute":false,"allow_decorators":true}