{"metadata":{"asset_id":"4775f93a-cd9f-4d8f-aef9-aaf3c86ca1b5","asset_attributes":["notebook"],"name":"governance_artifacts","asset_type":"notebook","created_at":"2022-06-06T13:49:52Z","description":"","origin_country":"us","owner_id":"1000330999","project_id":"3da71a92-02b4-4bab-91ff-6a514a22e54d","size":46774,"tags":["notebook"],"usage":{"last_update_time":1654523393223,"last_updated_at":"2022-06-06T13:49:53Z"}},"entity":{"notebook":{"kernel":"","originates_from":{"type":"file"}}},"attachments":[{"id":"88ce87ec-6a99-4b69-accf-77b185582c4c","version":2,"asset_type":"notebook","name":"attachment for notebook 4775f93a-cd9f-4d8f-aef9-aaf3c86ca1b5","description":"attachment for notebook 4775f93a-cd9f-4d8f-aef9-aaf3c86ca1b5","mime":"application/json","datasource_type":"81bafdbd-b7c6-45c5-a4fd-6ec135f66f4e","object_key":"notebook/governance_artifacts_X4lJUlA3C.ipynb","creator_id":"1000330999","create_time":1654523392812,"size":46774,"is_remote":false,"is_managed":false,"is_referenced":true,"is_object_key_read_only":false,"is_user_provided_path_key":true,"transfer_complete":true,"is_partitioned":false,"complete_time_ticks":1654523392812,"user_data":{},"test_doc":0,"handle":{"key":"notebook/governance_artifacts_X4lJUlA3C.ipynb","upload_id":"done","max_part_num":1},"usage":{"access_count":1,"last_accessor_id":"icp4d-dev","last_access_time":1654523393091,"last_updater_id":"icp4d-dev","last_update_time":1654523393091}}]}