{"metadata":{"asset_id":"2bfb16b3-d933-42f3-8d32-eaec65a34dec","asset_type":"connection","creator_id":"1000331001"},"entity":{"datasource_type":"8c1a4480-1c29-4b33-9086-9cb799d7b157","description":"","name":"DB2","origin_country":"us","properties":{"database":"bludb","password":"GtMyV3WcWqWRuhI0","username_password_security":"default","port":"30756","host":"2f3279a5-73d1-4859-88f0-a6c3e6b4b907.c3n41cmd0nqnrk39u98g.databases.appdomain.cloud","username_password_encryption":"default","ssl":"true","username":"fxr76141"}}}