{"metadata":{"asset_id":"fe7546a7-6af9-48fb-a6e9-eb4dcd1aeee9","asset_attributes":["data_asset"],"name":"US_AVI_409.csv","asset_type":"data_asset","created_at":"2022-05-31T21:06:12Z","description":"","origin_country":"us","owner_id":"1000331003","project_id":"e80b2637-53b7-4ecd-b95e-82f2fa25edcb","size":214502,"tags":[],"usage":{"last_update_time":1654031172382,"last_updated_at":"2022-05-31T21:06:12Z"}},"entity":{"data_asset":{"mime_type":"text/csv","dataset":false}},"attachments":[{"id":"50fa5603-ae98-494d-9914-b152434e12e7","version":2,"asset_type":"data_asset","name":"US_AVI_409.csv","mime":"text/csv","datasource_type":"81bafdbd-b7c6-45c5-a4fd-6ec135f66f4e","object_key":"data_asset/US_AVI_409.csv","creator_id":"1000331003","create_time":1654031172399,"size":214502,"is_remote":false,"is_managed":false,"is_referenced":true,"is_object_key_read_only":true,"is_user_provided_path_key":true,"transfer_complete":true,"is_partitioned":false,"complete_time_ticks":1654031172399,"user_data":{},"test_doc":0,"handle":{"key":"data_asset/US_AVI_409.csv","upload_id":"done","max_part_num":1},"usage":{"access_count":0,"last_accessor_id":"1000331003","last_access_time":1654031172399}}]}