[{"metadata":{"asset_id":"97249289-ee0e-4d6c-a62d-31f17f6fb829","asset_type":"data_intg_flow","catalog_id":"41dff906-8682-4a8f-b33d-9acc4d2774c7","create_time":"2022-06-02T22:20:36.000Z","creator_id":"1000331003","name":"ValidateInternationalAddresses","origin_country":"us","size":80511,"project_id":"e80b2637-53b7-4ecd-b95e-82f2fa25edcb","resource_key":"e80b2637-53b7-4ecd-b95e-82f2fa25edcb/data_intg_flow/ValidateInternationalAddresses","description":"","tags":[],"usage":{"last_access_time":"2022-06-02T22:59:17.219Z","last_accessor_id":"1000331003","access_count":0}},"entity":{"data_intg_flow":{"mime_type":"application/json","dataset":false}},"attachments":[{"test_doc":0,"object_key":"data_intg_flow/e80b2637-53b7-4ecd-b95e-82f2fa25edcb97249289-ee0e-4d6c-a62d-31f17f6fb829","create_time":1654210752076,"complete_time_ticks":1654210752076,"mime":"application/json","usage":{"access_count":0,"last_accessor_id":"1000331003","last_access_time":1654210752076},"is_remote":false,"handle":{"max_part_num":1,"upload_id":"done","key":"data_intg_flow/e80b2637-53b7-4ecd-b95e-82f2fa25edcb97249289-ee0e-4d6c-a62d-31f17f6fb829"},"is_user_provided_path_key":true,"user_data":{},"version":2,"size":75017,"is_partitioned":false,"datasource_type":"81bafdbd-b7c6-45c5-a4fd-6ec135f66f4e","transfer_complete":true,"asset_type":"data_intg_flow","name":"data_intg_flows","creator_id":"1000331003","id":"570e6a5f-c215-4cdc-85ac-d05a45809758","is_referenced":true,"is_managed":false,"is_object_key_read_only":false},{"test_doc":0,"object_key":"data_intg_flow/e80b2637-53b7-4ecd-b95e-82f2fa25edcb97249289-ee0e-4d6c-a62d-31f17f6fb829px_executables","create_time":1654210757218,"complete_time_ticks":1654210757218,"mime":"application/octet-stream","usage":{"access_count":0,"last_accessor_id":"1000331003","last_access_time":1654210757218},"is_remote":false,"handle":{"max_part_num":1,"upload_id":"done","key":"data_intg_flow/e80b2637-53b7-4ecd-b95e-82f2fa25edcb97249289-ee0e-4d6c-a62d-31f17f6fb829px_executables"},"is_user_provided_path_key":true,"user_data":{},"version":2,"size":5494,"is_partitioned":false,"datasource_type":"81bafdbd-b7c6-45c5-a4fd-6ec135f66f4e","transfer_complete":true,"asset_type":"data_intg_flow","name":"px_executables","creator_id":"1000331003","id":"863d876a-82cb-4590-842b-64d0a1fda93b","is_referenced":true,"is_managed":false,"is_object_key_read_only":false}]}]