{"metadata":{"asset_id":"8ed0cede-aaf1-4ee4-acf8-4ef59c971101","asset_attributes":["data_asset"],"name":"AE.csv","asset_type":"data_asset","created_at":"2022-06-01T19:03:07Z","description":"","origin_country":"us","owner_id":"1000331003","project_id":"e80b2637-53b7-4ecd-b95e-82f2fa25edcb","size":36426,"tags":[],"usage":{"last_update_time":1654110188357,"last_updated_at":"2022-06-01T19:03:08Z"}},"entity":{"data_asset":{"mime_type":"text/csv","dataset":false}},"attachments":[{"id":"9a722a30-433c-43a6-ac68-47650d6875f0","version":2,"asset_type":"data_asset","name":"AE.csv","mime":"text/csv","datasource_type":"81bafdbd-b7c6-45c5-a4fd-6ec135f66f4e","object_key":"data_asset/AE.csv","creator_id":"1000331003","create_time":1654110188357,"size":36426,"is_remote":false,"is_managed":false,"is_referenced":true,"is_object_key_read_only":true,"is_user_provided_path_key":true,"transfer_complete":true,"is_partitioned":false,"complete_time_ticks":1654110188357,"user_data":{},"test_doc":0,"handle":{"key":"data_asset/AE.csv","upload_id":"done","max_part_num":1},"usage":{"access_count":0,"last_accessor_id":"1000331003","last_access_time":1654110188357}}]}