{"metadata":{"asset_id":"26d1d9bc-f265-41c7-8792-12b7f66fe08c","asset_attributes":["data_asset"],"name":"US_AVI.csv","asset_type":"data_asset","created_at":"2022-05-28T01:53:52Z","description":"","origin_country":"us","owner_id":"1000331001","project_id":"e80b2637-53b7-4ecd-b95e-82f2fa25edcb","size":327396,"tags":[],"usage":{"last_update_time":1653702832263,"last_updated_at":"2022-05-28T01:53:52Z"}},"entity":{"data_asset":{"mime_type":"text/csv","dataset":false}},"attachments":[{"id":"31169cd6-e97d-40f3-ae53-c014c68c84a7","version":2,"asset_type":"data_asset","name":"US_AVI.csv","mime":"text/csv","datasource_type":"81bafdbd-b7c6-45c5-a4fd-6ec135f66f4e","object_key":"data_asset/US_AVI.csv","creator_id":"icp4d-dev","create_time":1653702832170,"size":327396,"is_remote":false,"is_managed":false,"is_referenced":true,"is_object_key_read_only":true,"is_user_provided_path_key":true,"transfer_complete":true,"is_partitioned":false,"complete_time_ticks":1653702832170,"user_data":{},"test_doc":0,"handle":{"key":"data_asset/US_AVI.csv","upload_id":"done","max_part_num":1},"usage":{"access_count":0,"last_accessor_id":"icp4d-dev","last_access_time":1653702832170}}]}