{"metadata":{"asset_id":"3f00e8b4-d10a-412c-be63-0fdba69c5371","asset_attributes":["data_asset"],"name":"validated_demographics.csv","asset_type":"data_asset","created_at":"2022-06-01T20:26:56Z","description":"","origin_country":"us","owner_id":"1000331003","project_id":"e80b2637-53b7-4ecd-b95e-82f2fa25edcb","size":11061,"tags":[],"usage":{"last_update_time":1654115216600,"last_updated_at":"2022-06-01T20:26:56Z"}},"entity":{"data_asset":{"mime_type":"text/csv","dataset":false}},"attachments":[{"id":"459c438a-44d4-423c-9794-42e1d5179c31","version":2,"asset_type":"data_asset","name":"validated_demographics.csv","mime":"text/csv","datasource_type":"81bafdbd-b7c6-45c5-a4fd-6ec135f66f4e","object_key":"data_asset/validated_demographics.csv","creator_id":"1000331003","create_time":1654115216622,"size":11061,"is_remote":false,"is_managed":false,"is_referenced":true,"is_object_key_read_only":true,"is_user_provided_path_key":true,"transfer_complete":true,"is_partitioned":false,"complete_time_ticks":1654115216622,"user_data":{},"test_doc":0,"handle":{"key":"data_asset/validated_demographics.csv","upload_id":"done","max_part_num":1},"usage":{"access_count":0,"last_accessor_id":"1000331003","last_access_time":1654115216622}}]}