{"metadata":{"asset_id":"3012ba1e-1d77-4697-a4f7-1a446a377875","asset_attributes":["data_flow_run"],"name":"profiling_723a700c-83fe-4f57-befd-c372db1e6f5b","asset_type":"data_flow_run","created_at":"2022-05-29T16:09:49Z","description":"","origin_country":"us","owner_id":"1000331001","project_id":"e80b2637-53b7-4ecd-b95e-82f2fa25edcb","size":2885,"tags":[],"usage":{"last_update_time":1653840650206,"last_updated_at":"2022-05-29T16:10:50Z"}},"entity":{"data_flow_run":{"data_flow_ref":"601ec278-7e69-4bf8-a8d0-a529a1831882","configuration":{"param_replacements":[]},"sub_type":"profiling","metrics_details":[{"connection_type":"81bafdbd-b7c6-45c5-a4fd-6ec135f66f4e","disposition":"source","data_asset":{"attachment_ref":"96d9811d-51fb-4014-acbb-a1fcbd0bfac7","attachment_action":"existing_attachment","attachment_type":"referenced","data_asset_ref":"b457a4a2-8c8b-42a0-bf8e-be6e561083cb","data_asset_action":"existing_data_asset","project_ref":"e80b2637-53b7-4ecd-b95e-82f2fa25edcb","no_write_schema":false,"no_write_status":false},"metrics":{"bytes_read":162894,"fields":[],"fields_read":96,"rows_read":563},"pipeline_ref":"pipeline1","port_ref":"source1Output","node_ref":"source1","type":"binding"},{"connection_type":"81bafdbd-b7c6-45c5-a4fd-6ec135f66f4e","disposition":"target","connection":{"connection_ref":"b15b9642-8444-48c7-a8e4-abcd8c4d9187","connection_datasource_type_id":"81bafdbd-b7c6-45c5-a4fd-6ec135f66f4e","connection_datasource_type_name":"assetfiles","connection_datasource_type":"file","project_ref":"e80b2637-53b7-4ecd-b95e-82f2fa25edcb","properties":{"file_name":"data_profile_723a700c-83fe-4f57-befd-c372db1e6f5b","quote_character":"none","encoding":"UTF-8","escape_character":"none","field_delimiter":"tab","file_format":"delimited"}},"metrics":{"bytes_written":715682,"fields":[{"metadata":{"values":[]},"nullable":false,"name":"dataprofile","type":"wvarchar"}],"fields_written":1,"rows_written":1},"pipeline_ref":"pipeline1","port_ref":"target1Input","node_ref":"target1","type":"binding"},{"operation_type":"com.ibm.wdp.transformer.DataQualityTransformer","metrics":{"fields":[]},"pipeline_ref":"pipeline1","node_ref":"operation1","type":"execution_node"}],"state":"finished","engine_state":{"session_cookie":"route=06967DF9FBA56F46F04A322BA067CBDB; HttpOnly; Secure","engine_run_id":"3012ba1e-1d77-4697-a4f7-1a446a377875"},"summary":{"completed_date":"2022-05-29T16:10:49.317Z","engine_elapsed_secs":46,"engine_completed_date":"2022-05-29T16:10:49.044Z","engine_compute_units":0.96,"engine_started_date":"2022-05-29T16:10:02.806Z","engine_status_date":"2022-05-29T16:10:49.045Z","engine_submitted_date":"2022-05-29T16:09:52.511Z","total_bytes_read":162894,"total_bytes_written":715682,"total_rows_read":563,"total_rows_written":1}}},"attachments":[{"id":"b1389440-c5ea-4b18-b9ad-a92e6d884ab6","version":2,"asset_type":"data_flow_run","name":"data_flow_run_origin","mime":"application/json","datasource_type":"81bafdbd-b7c6-45c5-a4fd-6ec135f66f4e","object_key":"data_flow_run/data_flow_run_origin_X2PpsYgDTFObQGUy2i3kug","creator_id":"1000331001","create_time":1653840590434,"size":2278,"is_remote":false,"is_managed":false,"is_referenced":true,"is_object_key_read_only":false,"is_user_provided_path_key":true,"transfer_complete":true,"is_partitioned":false,"complete_time_ticks":1653840590434,"user_data":{},"test_doc":0,"handle":{"key":"data_flow_run/data_flow_run_origin_X2PpsYgDTFObQGUy2i3kug","upload_id":"done","max_part_num":1},"usage":{"access_count":0,"last_accessor_id":"1000331001","last_access_time":1653840590434}},{"id":"bce4ea42-e393-4b3f-a8d6-dcb3fc095db2","version":2,"asset_type":"data_flow_run","name":"data_flow_run_log","mime":"application/json","datasource_type":"81bafdbd-b7c6-45c5-a4fd-6ec135f66f4e","object_key":"data_flow_run/data_flow_run_log_IykTTvxFQSWYbMhoHaxWdA","creator_id":"icp4d-dev","create_time":1653840649700,"size":607,"is_remote":false,"is_managed":false,"is_referenced":true,"is_object_key_read_only":false,"is_user_provided_path_key":true,"transfer_complete":true,"is_partitioned":false,"complete_time_ticks":1653840649700,"user_data":{},"test_doc":0,"handle":{"key":"data_flow_run/data_flow_run_log_IykTTvxFQSWYbMhoHaxWdA","upload_id":"done","max_part_num":1},"usage":{"access_count":0,"last_accessor_id":"icp4d-dev","last_access_time":1653840649700}}]}