{"metadata":{"asset_id":"adfc70f3-bd27-458f-9121-81d41b2c34cb","asset_attributes":["data_asset"],"name":"address_countries.csv","asset_type":"data_asset","created_at":"2022-06-01T22:27:26Z","description":"","origin_country":"us","owner_id":"1000331003","project_id":"e80b2637-53b7-4ecd-b95e-82f2fa25edcb","size":803,"tags":[],"usage":{"last_update_time":1654122446386,"last_updated_at":"2022-06-01T22:27:26Z"}},"entity":{"data_asset":{"mime_type":"text/csv","dataset":false}},"attachments":[{"id":"77f521a5-6dda-43e6-b4f9-a2b71f1ccbde","version":2,"asset_type":"data_asset","name":"address_countries.csv","mime":"text/csv","datasource_type":"81bafdbd-b7c6-45c5-a4fd-6ec135f66f4e","object_key":"data_asset/address_countries.csv","creator_id":"1000331003","create_time":1654122446405,"size":803,"is_remote":false,"is_managed":false,"is_referenced":true,"is_object_key_read_only":true,"is_user_provided_path_key":true,"transfer_complete":true,"is_partitioned":false,"complete_time_ticks":1654122446405,"user_data":{},"test_doc":0,"handle":{"key":"data_asset/address_countries.csv","upload_id":"done","max_part_num":1},"usage":{"access_count":0,"last_accessor_id":"1000331003","last_access_time":1654122446405}}]}