[{"metadata":{"asset_id":"af01ff37-1f82-4e72-ab0b-ae5f4c345a70","asset_type":"data_intg_flow","catalog_id":"41dff906-8682-4a8f-b33d-9acc4d2774c7","create_time":"2022-06-01T22:13:18.000Z","creator_id":"1000331003","name":"Invdstigate parsed international addresses","origin_country":"us","size":36837,"project_id":"e80b2637-53b7-4ecd-b95e-82f2fa25edcb","resource_key":"e80b2637-53b7-4ecd-b95e-82f2fa25edcb/data_intg_flow/Invdstigate parsed international addresses","description":"","tags":[],"usage":{"last_access_time":"2022-06-02T22:29:31.657Z","last_accessor_id":"1000331003","access_count":0}},"entity":{"data_intg_flow":{"mime_type":"application/json","dataset":false}},"attachments":[{"test_doc":0,"object_key":"data_intg_flow/e80b2637-53b7-4ecd-b95e-82f2fa25edcbaf01ff37-1f82-4e72-ab0b-ae5f4c345a70px_executables","create_time":1654122382942,"complete_time_ticks":1654122382942,"mime":"application/octet-stream","usage":{"access_count":0,"last_accessor_id":"1000331003","last_access_time":1654122382942},"is_remote":false,"handle":{"max_part_num":1,"upload_id":"done","key":"data_intg_flow/e80b2637-53b7-4ecd-b95e-82f2fa25edcbaf01ff37-1f82-4e72-ab0b-ae5f4c345a70px_executables"},"is_user_provided_path_key":true,"user_data":{},"version":2,"size":2711,"is_partitioned":false,"datasource_type":"81bafdbd-b7c6-45c5-a4fd-6ec135f66f4e","transfer_complete":true,"asset_type":"data_intg_flow","name":"px_executables","creator_id":"1000331003","id":"cd0790e7-db4a-4385-8bef-c0cc4ff51211","is_referenced":true,"is_managed":false,"is_object_key_read_only":false},{"test_doc":0,"object_key":"data_intg_flow/e80b2637-53b7-4ecd-b95e-82f2fa25edcbaf01ff37-1f82-4e72-ab0b-ae5f4c345a70","create_time":1654208971656,"complete_time_ticks":1654208971656,"mime":"application/json","usage":{"access_count":0,"last_accessor_id":"1000331003","last_access_time":1654208971656},"is_remote":false,"handle":{"max_part_num":1,"upload_id":"done","key":"data_intg_flow/e80b2637-53b7-4ecd-b95e-82f2fa25edcbaf01ff37-1f82-4e72-ab0b-ae5f4c345a70"},"is_user_provided_path_key":true,"user_data":{},"version":2,"size":34126,"is_partitioned":false,"datasource_type":"81bafdbd-b7c6-45c5-a4fd-6ec135f66f4e","transfer_complete":true,"asset_type":"data_intg_flow","name":"data_intg_flows","creator_id":"1000331003","id":"97081cb4-a122-4b1a-93f3-899fc0a33505","is_referenced":true,"is_managed":false,"is_object_key_read_only":false}]}]