{"metadata":{"asset_id":"fd6b161c-3529-44d3-aa71-9f9c0eae7e41","asset_attributes":["job"],"name":"AVI North America.DataStage job","asset_type":"job","created_at":"2022-05-28T01:53:57Z","description":"","origin_country":"us","owner_id":"1000331001","project_id":"e80b2637-53b7-4ecd-b95e-82f2fa25edcb","size":0,"tags":[],"usage":{"last_update_time":1654096188979,"last_updated_at":"2022-06-01T15:09:48Z"}},"entity":{"job":{"asset_ref_type":"data_intg_flow","configuration":{"env_variables":[],"flow_limits":{"warn_limit":100},"job_parameters":[],"env_type":"data_intg_flow"},"last_run_initiator":"None","last_run_time":"","last_run_status":"None","last_run_status_timestamp":0,"future_scheduled_runs":[],"enable_notifications":true,"project_name":"Wilson-AVI-test","asset_ref":"b5fcc25e-7742-4ab3-ad70-08311888bd30","schedule_id":"","schedule_creator_id":"","data_assets_array":["US_AVI_409.csv=US_AVI_409.csv=fe7546a7-6af9-48fb-a6e9-eb4dcd1aeee9"]}}}