{"metadata":{"asset_id":"ff18bac6-1079-4a1f-86ef-faf02e7870c2","asset_attributes":["job"],"name":"Invdstigate parsed international addresses.DataStage job","asset_type":"job","created_at":"2022-06-01T22:16:48Z","description":"","origin_country":"us","owner_id":"1000331003","project_id":"e80b2637-53b7-4ecd-b95e-82f2fa25edcb","size":0,"tags":[],"usage":{"last_update_time":1654122446894,"last_updated_at":"2022-06-01T22:27:26Z"}},"entity":{"job":{"asset_ref_type":"data_intg_flow","configuration":{"env_variables":[],"flow_limits":{"warn_limit":100},"job_parameters":[],"env_id":"64efbc18-9c96-4d69-9856-a27c3f1e44fb","env_type":"datastage"},"last_run_initiator":"None","last_run_time":"","last_run_status":"None","last_run_status_timestamp":0,"future_scheduled_runs":[],"enable_notifications":true,"project_name":"Wilson-AVI-test","asset_ref":"af01ff37-1f82-4e72-ab0b-ae5f4c345a70","schedule_id":"","schedule_creator_id":"","data_assets_array":["address_countries.csv=address_countries.csv=adfc70f3-bd27-458f-9121-81d41b2c34cb"]}}}