{"metadata":{"asset_id":"a1909654-483f-467b-a035-3d78f04283b0","asset_attributes":["job_run"],"name":"job run","asset_type":"job_run","created_at":"2022-06-01T22:26:25Z","description":"","origin_country":"us","owner_id":"1000331003","project_id":"e80b2637-53b7-4ecd-b95e-82f2fa25edcb","size":0,"tags":[],"usage":{"last_update_time":1654122447907,"last_updated_at":"2022-06-01T22:27:27Z"}},"entity":{"job_run":{"job_ref":"ff18bac6-1079-4a1f-86ef-faf02e7870c2","job_name":"Invdstigate parsed international addresses.DataStage job","job_type":"data_intg_flow","state":"CompletedWithWarnings","isScheduledRun":false,"configuration":{"env_variables":["HARDWARE_SPECIFICATION={'datastage':{'compute':{'mem':{'size':'12Gi'},'cpu':{'model':'','units':'3'}},'num_conductors':1,'instance':'ds-px-default','num_computes':2,'conductor':{'mem':{'size':'4Gi'},'cpu':{'model':'','units':'1'}}},'built_in':false}","","instance_id=ds-px-default","instance_location=https://datastage-ibm-datastage-ds-nginx.cpd-instance.svc"],"flow_limits":{"warn_limit":100},"job_parameters":[],"env_id":"64efbc18-9c96-4d69-9856-a27c3f1e44fb","env_type":"datastage"},"project_name":"Wilson-AVI-test","runtime_job_id":"a1909654-483f-467b-a035-3d78f04283b0","duration":20,"stage_metrics":[{"rows_read":0,"rows_written":78,"stage_name":"Parsed_International_1","state":"finished"},{"rows_read":0,"rows_written":7,"stage_name":"Investigate_1","state":"finished"},{"rows_read":14,"rows_written":0,"stage_name":"Sequential_file_1","state":"finished"}],"link_metrics":[{"start_time":"2022-06-01 22:27:15","rows_read":0,"rows_written":78,"stop_time":"2022-06-01 22:27:24","source":"Parsed_International_1","state":"finished","link_name":"Link_1"},{"start_time":"2022-06-01 22:27:15","rows_read":14,"rows_written":7,"stop_time":"2022-06-01 22:27:25","source":"Investigate_1","state":"finished","link_name":"Link_2","dest":"Sequential_file_1"}],"last_state_change_timestamp":"2022-06-01T22:27:27Z"}},"attachments":[{"id":"357f8666-7622-4d87-9322-3ce0ff5975bf","version":2,"asset_type":"job_run","name":"a1909654-483f-467b-a035-3d78f04283b0","description":"log for job run a1909654-483f-467b-a035-3d78f04283b0","mime":"application/json","datasource_type":"81bafdbd-b7c6-45c5-a4fd-6ec135f66f4e","object_key":"job_run/log/a1909654-483f-467b-a035-3d78f04283b0","creator_id":"icp4d-dev","create_time":1654122447663,"size":0,"is_remote":false,"is_managed":false,"is_referenced":true,"is_object_key_read_only":false,"is_user_provided_path_key":true,"transfer_complete":true,"is_partitioned":true,"complete_time_ticks":1654122447663,"user_data":{},"test_doc":0,"handle":{"key":"job_run/log/a1909654-483f-467b-a035-3d78f04283b0","upload_id":"done","max_part_num":1},"usage":{"access_count":0,"last_accessor_id":"icp4d-dev","last_access_time":1654122447663}}]}