{"metadata":{"asset_id":"5e903c3c-c821-41f6-bb2b-7cb03cb4a29b","asset_attributes":["job_run"],"name":"job run","asset_type":"job_run","created_at":"2022-05-28T01:55:13Z","description":"","origin_country":"us","owner_id":"1000331001","project_id":"e80b2637-53b7-4ecd-b95e-82f2fa25edcb","size":0,"tags":[],"usage":{"last_update_time":1653702928599,"last_updated_at":"2022-05-28T01:55:28Z"}},"entity":{"job_run":{"job_ref":"7c922a1b-45fa-44a6-b738-ef8eeb382a05","job_name":"Validate International Addresses.DataStage job","job_type":"data_intg_flow","state":"Failed","isScheduledRun":false,"configuration":{"env_variables":["HARDWARE_SPECIFICATION={'datastage':{'compute':{'mem':{'size':'12Gi'},'cpu':{'model':'','units':'3'}},'num_conductors':1,'instance':'ds-px-default','num_computes':2,'conductor':{'mem':{'size':'4Gi'},'cpu':{'model':'','units':'1'}}},'built_in':false}","instance_id=ds-px-default","instance_location=https://datastage-ibm-datastage-ds-nginx.cpd-instance.svc"],"flow_limits":{"warn_limit":100},"job_parameters":[],"env_type":"data_intg_flow"},"project_name":"Wilson-AVI-test","runtime_job_id":"5e903c3c-c821-41f6-bb2b-7cb03cb4a29b","duration":0,"stage_metrics":[],"link_metrics":[],"last_state_change_timestamp":"2022-05-28T01:55:28Z"}},"attachments":[{"id":"7856b3a3-20ad-4c0a-ba20-c49832c340c6","version":2,"asset_type":"job_run","name":"5e903c3c-c821-41f6-bb2b-7cb03cb4a29b","description":"log for job run 5e903c3c-c821-41f6-bb2b-7cb03cb4a29b","mime":"application/json","datasource_type":"81bafdbd-b7c6-45c5-a4fd-6ec135f66f4e","object_key":"job_run/log/5e903c3c-c821-41f6-bb2b-7cb03cb4a29b","creator_id":"icp4d-dev","create_time":1653702928522,"size":0,"is_remote":false,"is_managed":false,"is_referenced":true,"is_object_key_read_only":false,"is_user_provided_path_key":true,"transfer_complete":true,"is_partitioned":true,"complete_time_ticks":1653702928522,"user_data":{},"test_doc":0,"handle":{"key":"job_run/log/5e903c3c-c821-41f6-bb2b-7cb03cb4a29b","upload_id":"done","max_part_num":1},"usage":{"access_count":0,"last_accessor_id":"icp4d-dev","last_access_time":1653702928522}}]}