{"metadata":{"asset_id":"1ab311eb-f62e-4aae-91be-6d4ad350b2d4","asset_attributes":["job_run"],"name":"job run","asset_type":"job_run","created_at":"2022-06-01T16:57:20Z","description":"","origin_country":"us","owner_id":"1000331003","project_id":"e80b2637-53b7-4ecd-b95e-82f2fa25edcb","size":0,"tags":[],"usage":{"last_update_time":1654102663201,"last_updated_at":"2022-06-01T16:57:43Z"}},"entity":{"job_run":{"job_ref":"3c095a09-269f-479b-b324-867c53d58930","job_name":"Parse International Addresses.DataStage job","job_type":"data_intg_flow","state":"Completed","isScheduledRun":false,"configuration":{"env_variables":["HARDWARE_SPECIFICATION={'datastage':{'compute':{'mem':{'size':'12Gi'},'cpu':{'model':'','units':'3'}},'num_conductors':1,'instance':'ds-px-default','num_computes':2,'conductor':{'mem':{'size':'4Gi'},'cpu':{'model':'','units':'1'}}},'built_in':false}","instance_id=ds-px-default","instance_location=https://datastage-ibm-datastage-ds-nginx.cpd-instance.svc"],"flow_limits":{"warn_limit":100},"job_parameters":[],"env_type":""},"project_name":"Wilson-AVI-test","runtime_job_id":"1ab311eb-f62e-4aae-91be-6d4ad350b2d4","duration":18,"stage_metrics":[{"rows_read":109,"rows_written":0,"stage_name":"FXR76141_1","state":"finished"},{"rows_read":109,"rows_written":109,"stage_name":"Address_Verification_1","state":"finished"},{"rows_read":109,"rows_written":109,"stage_name":"Transformer_1","state":"finished"},{"rows_read":0,"rows_written":0,"stage_name":"International_addresses.csv_1","state":"finished"}],"link_metrics":[{"start_time":"2022-06-01 16:57:36","rows_read":109,"rows_written":109,"stop_time":"2022-06-01 16:57:42","source":"Address_Verification_1","state":"finished","link_name":"Link_4","dest":"FXR76141_1"},{"start_time":"2022-06-01 16:57:36","rows_read":109,"rows_written":109,"stop_time":"2022-06-01 16:57:42","source":"Transformer_1","state":"finished","link_name":"Link_3","dest":"Address_Verification_1"},{"start_time":"2022-06-01 16:57:36","rows_read":109,"rows_written":0,"stop_time":"2022-06-01 16:57:36","source":"International_addresses.csv_1","state":"finished","link_name":"Link_2","dest":"Transformer_1"}],"last_state_change_timestamp":"2022-06-01T16:57:43Z"}},"attachments":[{"id":"2dbcc158-1cc8-437b-b782-d1cc0e251035","version":2,"asset_type":"job_run","name":"1ab311eb-f62e-4aae-91be-6d4ad350b2d4","description":"log for job run 1ab311eb-f62e-4aae-91be-6d4ad350b2d4","mime":"application/json","datasource_type":"81bafdbd-b7c6-45c5-a4fd-6ec135f66f4e","object_key":"job_run/log/1ab311eb-f62e-4aae-91be-6d4ad350b2d4","creator_id":"icp4d-dev","create_time":1654102663103,"size":0,"is_remote":false,"is_managed":false,"is_referenced":true,"is_object_key_read_only":false,"is_user_provided_path_key":true,"transfer_complete":true,"is_partitioned":true,"complete_time_ticks":1654102663103,"user_data":{},"test_doc":0,"handle":{"key":"job_run/log/1ab311eb-f62e-4aae-91be-6d4ad350b2d4","upload_id":"done","max_part_num":1},"usage":{"access_count":0,"last_accessor_id":"icp4d-dev","last_access_time":1654102663103}}]}