{"metadata":{"asset_id":"fbe15bb7-5db2-437c-afc2-d4b46a54a446","asset_attributes":["job_run"],"name":"job run","asset_type":"job_run","created_at":"2022-06-01T17:15:04Z","description":"","origin_country":"us","owner_id":"1000331003","project_id":"e80b2637-53b7-4ecd-b95e-82f2fa25edcb","size":0,"tags":[],"usage":{"last_update_time":1654103770784,"last_updated_at":"2022-06-01T17:16:10Z"}},"entity":{"job_run":{"job_ref":"9d9f3bea-9127-47c0-aee7-846cfc404f5a","job_name":"Select Parsed International Addresses","job_type":"data_flow","state":"Completed","isScheduledRun":true,"configuration":{"env_id":"shaper_rruntime","env_name":"Default Data Refinery XS","env_type":"shaper_rruntime","env_variables":[],"is_scheduled_run":true,"asset_ref":"2688d076-dcdd-4a55-bf44-2ecd4901578f","nodes":[{"id":"source1","data_asset":{"properties":{"schema_name":"FXR76141","table_name":"Parsed_International"},"ref":"ad9fa1c2-ca46-469b-b8c1-7a9d06ee8c70"},"nodeType":"source"},{"id":"target1","data_asset":{"properties":{"file_format":"csv","mode":"overwrite","first_line_header":true,"name":"Parsed_addresses_shaped"}},"nodeType":"target"}],"outputs":{"total_rows_read":156,"total_bytes_read":39464,"total_bytes_written":39464,"total_rows_written":156,"engine_elapsed_secs":33}},"project_name":"Wilson-AVI-test","runtime_job_id":"f6c5c8dd-2241-4ec9-ab90-83f24214fbde","last_state_change_timestamp":"2022-06-01T17:16:10Z","duration":33,"data_flow_job_output":{"total_rows_read":156,"total_bytes_read":39464,"total_bytes_written":39464,"total_rows_written":156,"engine_elapsed_secs":33}}},"attachments":[{"id":"a17bff73-d254-40d3-bc57-5e26189532c9","version":2,"asset_type":"job_run","name":"fbe15bb7-5db2-437c-afc2-d4b46a54a446","description":"log for job run fbe15bb7-5db2-437c-afc2-d4b46a54a446","mime":"application/json","datasource_type":"81bafdbd-b7c6-45c5-a4fd-6ec135f66f4e","object_key":"job_run/log/fbe15bb7-5db2-437c-afc2-d4b46a54a446","creator_id":"1000331003","create_time":1654103770645,"size":0,"is_remote":false,"is_managed":false,"is_referenced":true,"is_object_key_read_only":false,"is_user_provided_path_key":true,"transfer_complete":true,"is_partitioned":true,"complete_time_ticks":1654103770645,"user_data":{},"test_doc":0,"handle":{"key":"job_run/log/fbe15bb7-5db2-437c-afc2-d4b46a54a446","upload_id":"done","max_part_num":1},"usage":{"access_count":0,"last_accessor_id":"1000331003","last_access_time":1654103770645}}]}