[{"metadata":{"asset_id":"34eb09b0-3d01-4ed5-8df7-074af4e07c67","asset_type":"data_intg_flow","catalog_id":"ce2924b0-75a8-4f8f-afc8-f41c401f8b5d","create_time":"2022-07-11T12:42:22.000Z","creator_id":"1000330999","name":"JSONParsing Demo","origin_country":"us","size":74612,"project_id":"81c14761-5d61-478d-a46a-aea30882a1dd","resource_key":"81c14761-5d61-478d-a46a-aea30882a1dd/data_intg_flow/JSONParsing Demo","usage":{"last_access_time":"2022-07-11T12:42:27.869Z","last_accessor_id":"icp4d-dev","access_count":0}},"entity":{"data_intg_flow":{"mime_type":"application/json","dataset":false}},"attachments":[{"test_doc":0,"object_key":"data_intg_flow/5c73006a-fd64-4be4-bd94-c45ae5d90102370bb2ba-2f27-45d5-ba3e-d8fe36656313px_executables","create_time":1657543344088,"complete_time_ticks":1657543344088,"mime":"application/octet-stream","usage":{"access_count":0,"last_accessor_id":"icp4d-dev","last_access_time":1657543344088},"is_remote":false,"description":"","handle":{"max_part_num":1,"upload_id":"done","key":"data_intg_flow/5c73006a-fd64-4be4-bd94-c45ae5d90102370bb2ba-2f27-45d5-ba3e-d8fe36656313px_executables"},"is_user_provided_path_key":true,"user_data":{},"version":2,"size":7079,"is_partitioned":false,"datasource_type":"81bafdbd-b7c6-45c5-a4fd-6ec135f66f4e","transfer_complete":true,"asset_type":"data_intg_flow","name":"px_executables","creator_id":"icp4d-dev","id":"031ca4fb-4a79-4f3b-97bc-e81a992039bd","is_referenced":true,"is_managed":false,"is_object_key_read_only":false},{"test_doc":0,"object_key":"data_intg_flow/81c14761-5d61-478d-a46a-aea30882a1dd34eb09b0-3d01-4ed5-8df7-074af4e07c67","create_time":1657543347868,"complete_time_ticks":1657543347868,"mime":"application/json","usage":{"access_count":0,"last_accessor_id":"icp4d-dev","last_access_time":1657543347868},"is_remote":false,"handle":{"max_part_num":1,"upload_id":"done","key":"data_intg_flow/81c14761-5d61-478d-a46a-aea30882a1dd34eb09b0-3d01-4ed5-8df7-074af4e07c67"},"is_user_provided_path_key":true,"user_data":{},"version":2,"size":67533,"is_partitioned":false,"datasource_type":"81bafdbd-b7c6-45c5-a4fd-6ec135f66f4e","transfer_complete":true,"asset_type":"data_intg_flow","name":"data_intg_flows","creator_id":"icp4d-dev","id":"3df41096-e977-43fa-a0d4-04873bbe6689","is_referenced":true,"is_managed":false,"is_object_key_read_only":false}]}]