{"metadata":{"asset_id":"63fb8c6a-e02b-4402-9758-46f7ea60537e","asset_attributes":["auto_ml"],"name":"demo 1","asset_type":"auto_ml","created_at":"2022-10-26T09:37:52Z","origin_country":"us","owner_id":"1000331005","project_id":"66e336b3-2158-4908-9edf-2ed9515c73fa","size":564,"tags":[],"usage":{"last_update_time":1666777323820,"last_updated_at":"2022-10-26T09:42:03Z"}},"entity":{"auto_ml":{"wml":{"service_instance_id":"99999999-9999-9999-9999-999999999999","plan_version":2,"cpd_version":"4.5","pipeline":{"entity":{"document":{"doc_type":"pipeline","pipelines":[{"id":"autoai","nodes":[{"id":"automl","op":"kube","parameters":{"output_logs":true,"input_file_separator":",","stage_flag":true,"optimization":{"compute_pipeline_notebooks_flag":true,"cv_num_folds":3,"daub_adaptive_subsampling_max_mem_usage":9000000000,"holdout_param":0.1,"label":"DOWNTIME","learning_type":"classification","max_num_daub_ensembles":2,"positive_label":1,"run_cognito_flag":true,"scorer_for_ranking":"accuracy"},"n_parallel_data_connections":4,"one_vs_all_file":true},"runtime_ref":"autoai","type":"execution_node"}],"runtime_ref":"hybrid"}],"primary_pipeline":"autoai","runtimes":[{"app_data":{"wml_data":{"hardware_spec":{"id":"c076e82c-b2a7-4d20-9c0f-1f0c2fdf5a24","name":"M"}}},"id":"autoai","name":"auto_ai.kb"}],"version":"2.0"}},"metadata":{"created_at":"2022-10-26T09:38:47.737Z","id":"4ec1f9b1-3fde-4f27-b5a2-f047d7cec1bd","modified_at":"2022-10-26T09:38:47.737Z","name":"demo 1","owner":"1000331005","project_id":"66e336b3-2158-4908-9edf-2ed9515c73fa","tags":["dsx-project.66e336b3-2158-4908-9edf-2ed9515c73fa"]},"system":{"warnings":[]}},"training_definition":{"metadata":{"created_at":"2022-10-26T09:38:48.211Z","id":"6a30613b-2598-4f29-b9b7-63b2c0144357","project_id":"66e336b3-2158-4908-9edf-2ed9515c73fa","tags":["dsx-project.66e336b3-2158-4908-9edf-2ed9515c73fa"]},"entity":{"pipeline":{"data_bindings":[{"data_reference_name":"training_input_data","node_id":"training"}],"id":"4ec1f9b1-3fde-4f27-b5a2-f047d7cec1bd","nodes_parameters":[{"node_id":"training","parameters":{}}]},"project_id":"66e336b3-2158-4908-9edf-2ed9515c73fa","results_reference":{"location":{"path":"/projects/66e336b3-2158-4908-9edf-2ed9515c73fa/assets/auto_ml/63fb8c6a-e02b-4402-9758-46f7ea60537e/wml_data","notebooks_path":"/projects/66e336b3-2158-4908-9edf-2ed9515c73fa/assets/auto_ml/63fb8c6a-e02b-4402-9758-46f7ea60537e/wml_data/6a30613b-2598-4f29-b9b7-63b2c0144357/notebooks","training":"/projects/66e336b3-2158-4908-9edf-2ed9515c73fa/assets/auto_ml/63fb8c6a-e02b-4402-9758-46f7ea60537e/wml_data/6a30613b-2598-4f29-b9b7-63b2c0144357","training_status":"/projects/66e336b3-2158-4908-9edf-2ed9515c73fa/assets/auto_ml/63fb8c6a-e02b-4402-9758-46f7ea60537e/wml_data/6a30613b-2598-4f29-b9b7-63b2c0144357/training-status.json","assets_path":"/projects/66e336b3-2158-4908-9edf-2ed9515c73fa/assets/auto_ml/63fb8c6a-e02b-4402-9758-46f7ea60537e/wml_data/6a30613b-2598-4f29-b9b7-63b2c0144357/assets"},"type":"fs"},"tags":["dsx-project.66e336b3-2158-4908-9edf-2ed9515c73fa"],"test_data_references":[],"training_data_references":[{"connection":{},"id":"WORKORDER_2022-c1_csv_shaped_master","location":{"href":"/v2/assets/527fa4b3-42a8-4142-b153-d648622ca4cb?project_id=66e336b3-2158-4908-9edf-2ed9515c73fa","id":"527fa4b3-42a8-4142-b153-d648622ca4cb","userfs":"false"},"type":"data_asset"}]}}},"status":"completed","learning_type":"binary"}},"attachments":[{"id":"d409f7a8-8d0b-4e91-89b7-c23431c77e99","version":2,"asset_type":"auto_ml","name":"config","description":"config attachment for auto_ml asset 63fb8c6a-e02b-4402-9758-46f7ea60537e","datasource_type":"81bafdbd-b7c6-45c5-a4fd-6ec135f66f4e","object_key":"auto_ml/63fb8c6a-e02b-4402-9758-46f7ea60537e/attachments/config_63fb8c6a-e02b-4402-9758-46f7ea60537e","creator_id":"1000331005","create_time":1666777072613,"size":242,"is_remote":false,"is_managed":false,"is_referenced":true,"is_object_key_read_only":true,"is_user_provided_path_key":true,"transfer_complete":true,"is_partitioned":false,"complete_time_ticks":1666777072613,"user_data":{},"test_doc":0,"handle":{"key":"auto_ml/63fb8c6a-e02b-4402-9758-46f7ea60537e/attachments/config_63fb8c6a-e02b-4402-9758-46f7ea60537e","upload_id":"done","max_part_num":1},"usage":{"access_count":0,"last_accessor_id":"1000331005","last_access_time":1666777072613}},{"id":"e99973ee-bce0-40b1-b091-6610c13456b9","version":2,"asset_type":"auto_ml","name":"referenced","description":"referenced attachment for auto_ml asset 63fb8c6a-e02b-4402-9758-46f7ea60537e","datasource_type":"81bafdbd-b7c6-45c5-a4fd-6ec135f66f4e","object_key":"auto_ml/63fb8c6a-e02b-4402-9758-46f7ea60537e/attachments/referenced_63fb8c6a-e02b-4402-9758-46f7ea60537e","creator_id":"1000331005","create_time":1666777073044,"size":322,"is_remote":false,"is_managed":false,"is_referenced":true,"is_object_key_read_only":true,"is_user_provided_path_key":true,"transfer_complete":true,"is_partitioned":false,"complete_time_ticks":1666777073044,"user_data":{},"test_doc":0,"handle":{"key":"auto_ml/63fb8c6a-e02b-4402-9758-46f7ea60537e/attachments/referenced_63fb8c6a-e02b-4402-9758-46f7ea60537e","upload_id":"done","max_part_num":1},"usage":{"access_count":0,"last_accessor_id":"1000331005","last_access_time":1666777073044}}]}