{"metadata":{"asset_id":"2cf83337-5b90-4f5a-a41e-d4fd27f5688b","asset_attributes":["auto_ml"],"name":"Asset downtime prediction","asset_type":"auto_ml","created_at":"2022-10-25T14:19:31Z","origin_country":"us","owner_id":"1000331003","project_id":"66e336b3-2158-4908-9edf-2ed9515c73fa","size":564,"tags":[],"usage":{"last_update_time":1666708161637,"last_updated_at":"2022-10-25T14:29:21Z"}},"entity":{"auto_ml":{"wml":{"service_instance_id":"99999999-9999-9999-9999-999999999999","plan_version":2,"cpd_version":"4.5","pipeline":{"entity":{"document":{"doc_type":"pipeline","pipelines":[{"id":"autoai","nodes":[{"id":"automl","op":"kube","parameters":{"output_logs":true,"input_file_separator":",","stage_flag":true,"optimization":{"compute_pipeline_notebooks_flag":true,"cv_num_folds":3,"daub_adaptive_subsampling_max_mem_usage":9000000000,"holdout_param":0.1,"label":"DOWNTIME","learning_type":"classification","max_num_daub_ensembles":4,"positive_label":1,"run_cognito_flag":true,"scorer_for_ranking":"accuracy"},"n_parallel_data_connections":4,"one_vs_all_file":true},"runtime_ref":"autoai","type":"execution_node"}],"runtime_ref":"hybrid"}],"primary_pipeline":"autoai","runtimes":[{"app_data":{"wml_data":{"hardware_spec":{"id":"c076e82c-b2a7-4d20-9c0f-1f0c2fdf5a24","name":"M"}}},"id":"autoai","name":"auto_ai.kb"}],"version":"2.0"}},"metadata":{"created_at":"2022-10-25T14:21:56.215Z","id":"42491804-c3e8-46f3-9358-0e2337d4e0ec","modified_at":"2022-10-25T14:21:56.215Z","name":"Asset downtime prediction","owner":"1000331003","project_id":"66e336b3-2158-4908-9edf-2ed9515c73fa","tags":["dsx-project.66e336b3-2158-4908-9edf-2ed9515c73fa"]},"system":{"warnings":[]}},"training_definition":{"metadata":{"created_at":"2022-10-25T14:21:59.435Z","id":"4df8b206-7d36-473f-8efc-4fa6339c83dc","project_id":"66e336b3-2158-4908-9edf-2ed9515c73fa","tags":["dsx-project.66e336b3-2158-4908-9edf-2ed9515c73fa"]},"entity":{"pipeline":{"data_bindings":[{"data_reference_name":"training_input_data","node_id":"training"}],"id":"42491804-c3e8-46f3-9358-0e2337d4e0ec","nodes_parameters":[{"node_id":"training","parameters":{}}]},"project_id":"66e336b3-2158-4908-9edf-2ed9515c73fa","results_reference":{"location":{"path":"/projects/66e336b3-2158-4908-9edf-2ed9515c73fa/assets/auto_ml/2cf83337-5b90-4f5a-a41e-d4fd27f5688b/wml_data","notebooks_path":"/projects/66e336b3-2158-4908-9edf-2ed9515c73fa/assets/auto_ml/2cf83337-5b90-4f5a-a41e-d4fd27f5688b/wml_data/4df8b206-7d36-473f-8efc-4fa6339c83dc/notebooks","training":"/projects/66e336b3-2158-4908-9edf-2ed9515c73fa/assets/auto_ml/2cf83337-5b90-4f5a-a41e-d4fd27f5688b/wml_data/4df8b206-7d36-473f-8efc-4fa6339c83dc","training_status":"/projects/66e336b3-2158-4908-9edf-2ed9515c73fa/assets/auto_ml/2cf83337-5b90-4f5a-a41e-d4fd27f5688b/wml_data/4df8b206-7d36-473f-8efc-4fa6339c83dc/training-status.json","assets_path":"/projects/66e336b3-2158-4908-9edf-2ed9515c73fa/assets/auto_ml/2cf83337-5b90-4f5a-a41e-d4fd27f5688b/wml_data/4df8b206-7d36-473f-8efc-4fa6339c83dc/assets"},"type":"fs"},"tags":["dsx-project.66e336b3-2158-4908-9edf-2ed9515c73fa"],"test_data_references":[],"training_data_references":[{"connection":{},"id":"WORKORDER_2022-c1_csv_shaped-master","location":{"href":"/v2/assets/c4cfacdf-336a-4dbe-9262-9d592b358405?project_id=66e336b3-2158-4908-9edf-2ed9515c73fa","id":"c4cfacdf-336a-4dbe-9262-9d592b358405","userfs":"false"},"type":"data_asset"}]}}},"status":"completed","learning_type":"binary"}},"attachments":[{"id":"c3d0d197-7883-4032-8f82-aeb62dd7ceb1","version":2,"asset_type":"auto_ml","name":"config","description":"config attachment for auto_ml asset 2cf83337-5b90-4f5a-a41e-d4fd27f5688b","datasource_type":"81bafdbd-b7c6-45c5-a4fd-6ec135f66f4e","object_key":"auto_ml/2cf83337-5b90-4f5a-a41e-d4fd27f5688b/attachments/config_2cf83337-5b90-4f5a-a41e-d4fd27f5688b","creator_id":"1000331003","create_time":1666707572358,"size":242,"is_remote":false,"is_managed":false,"is_referenced":true,"is_object_key_read_only":true,"is_user_provided_path_key":true,"transfer_complete":true,"is_partitioned":false,"complete_time_ticks":1666707572358,"user_data":{},"test_doc":0,"handle":{"key":"auto_ml/2cf83337-5b90-4f5a-a41e-d4fd27f5688b/attachments/config_2cf83337-5b90-4f5a-a41e-d4fd27f5688b","upload_id":"done","max_part_num":1},"usage":{"access_count":0,"last_accessor_id":"1000331003","last_access_time":1666707572358}},{"id":"a5f1893f-0ac2-4617-bd93-169aba762e8b","version":2,"asset_type":"auto_ml","name":"referenced","description":"referenced attachment for auto_ml asset 2cf83337-5b90-4f5a-a41e-d4fd27f5688b","datasource_type":"81bafdbd-b7c6-45c5-a4fd-6ec135f66f4e","object_key":"auto_ml/2cf83337-5b90-4f5a-a41e-d4fd27f5688b/attachments/referenced_2cf83337-5b90-4f5a-a41e-d4fd27f5688b","creator_id":"1000331003","create_time":1666707573611,"size":322,"is_remote":false,"is_managed":false,"is_referenced":true,"is_object_key_read_only":true,"is_user_provided_path_key":true,"transfer_complete":true,"is_partitioned":false,"complete_time_ticks":1666707573611,"user_data":{},"test_doc":0,"handle":{"key":"auto_ml/2cf83337-5b90-4f5a-a41e-d4fd27f5688b/attachments/referenced_2cf83337-5b90-4f5a-a41e-d4fd27f5688b","upload_id":"done","max_part_num":1},"usage":{"access_count":0,"last_accessor_id":"1000331003","last_access_time":1666707573611}}]}