{"metadata":{"asset_id":"ac34cb56-cd23-4daf-a2d3-e5ad96e7a636","asset_attributes":["data_asset"],"name":"WORKORDER_2022-c1(1).csv","asset_type":"data_asset","created_at":"2022-10-25T14:18:21Z","origin_country":"us","owner_id":"1000331003","project_id":"66e336b3-2158-4908-9edf-2ed9515c73fa","size":401373,"usage":{"last_update_time":1666707501439,"last_updated_at":"2022-10-25T14:18:21Z"}},"entity":{"data_asset":{"mime_type":"text/csv","dataset":false}},"attachments":[{"id":"cbcd1250-ce35-4e6b-b077-bc7574265afe","version":2,"asset_type":"data_asset","name":"WORKORDER_2022-c1(1).csv","mime":"text/csv","datasource_type":"81bafdbd-b7c6-45c5-a4fd-6ec135f66f4e","object_key":"data_asset/WORKORDER_2022-c1(1).csv","creator_id":"1000331003","create_time":1666707501478,"size":401373,"is_remote":false,"is_managed":false,"is_referenced":true,"is_object_key_read_only":true,"is_user_provided_path_key":true,"transfer_complete":true,"is_partitioned":false,"complete_time_ticks":1666707501478,"user_data":{},"test_doc":0,"handle":{"key":"data_asset/WORKORDER_2022-c1(1).csv","upload_id":"done","max_part_num":1},"usage":{"access_count":0,"last_accessor_id":"1000331003","last_access_time":1666707501478}}]}