{"metadata":{"asset_id":"42491804-c3e8-46f3-9358-0e2337d4e0ec","asset_attributes":["wml_pipeline"],"name":"Asset downtime prediction","asset_type":"wml_pipeline","created_at":"2022-10-25T14:21:56Z","origin_country":"us","owner_id":"1000331003","project_id":"66e336b3-2158-4908-9edf-2ed9515c73fa","sandbox_id":"66e336b3-2158-4908-9edf-2ed9515c73fa","size":0,"tags":["dsx-project.66e336b3-2158-4908-9edf-2ed9515c73fa"],"usage":{"last_update_time":1666707716213,"last_updated_at":"2022-10-25T14:21:56Z"}},"entity":{"wml_pipeline":{"document":{"doc_type":"pipeline","pipelines":[{"id":"autoai","nodes":[{"id":"automl","op":"kube","parameters":{"output_logs":true,"input_file_separator":",","stage_flag":true,"optimization":{"compute_pipeline_notebooks_flag":true,"cv_num_folds":3,"daub_adaptive_subsampling_max_mem_usage":9000000000,"holdout_param":0.1,"label":"DOWNTIME","learning_type":"classification","max_num_daub_ensembles":4,"positive_label":1,"run_cognito_flag":true,"scorer_for_ranking":"accuracy"},"n_parallel_data_connections":4,"one_vs_all_file":true},"runtime_ref":"autoai","type":"execution_node"}],"runtime_ref":"hybrid"}],"primary_pipeline":"autoai","runtimes":[{"app_data":{"wml_data":{"hardware_spec":{"base_id":"c076e82c-b2a7-4d20-9c0f-1f0c2fdf5a24","name":"M"}}},"id":"autoai","name":"auto_ai.kb"}],"version":"2.0"},"ml_version":"4.0.1"}}}