{"metadata":{"asset_id":"e29246b7-aea4-4d46-b570-d8c240c4e652","asset_type":"connection","creator_id":"1000330999"},"entity":{"datasource_type":"e59b1c36-6f30-4879-9f74-7e81dde4cca6","name":"JDBCConnectorPX_conn_bigsql_1665693526320","origin_country":"us","properties":{"trust_all_ssl_cert":"false","password":"passw0rd","gateway_url":"https://internal-nginx-svc.cpd-instance.svc:12443","jdbc_driver":"#ConnProp_JDBC_bigsql_jdbc_driver#","jdbc_url":"jdbc:bigsql://bigdata:7052/default","username":"biadmin"}}}