[{"metadata":{"asset_id":"36d64479-d545-4cf4-8538-d6ae8ad0358f","asset_type":"data_intg_flow","catalog_id":"22232a3f-7ea6-44d6-8bee-e4b461baa773","create_time":"2022-10-13T20:39:03.000Z","creator_id":"1000330999","name":"Job6B_Load_BigSQL","origin_country":"us","size":208200,"project_id":"c4eed2b6-6555-4d6b-a88d-2ce1e5cef378","resource_key":"c4eed2b6-6555-4d6b-a88d-2ce1e5cef378/data_intg_flow/Job6B_Load_BigSQL","usage":{"last_access_time":"2022-10-13T20:39:08.635Z","last_accessor_id":"1000330999","access_count":0}},"entity":{"data_intg_flow":{"mime_type":"application/json","dataset":false}},"attachments":[{"test_doc":0,"object_key":"data_intg_flow/c4eed2b6-6555-4d6b-a88d-2ce1e5cef37836d64479-d545-4cf4-8538-d6ae8ad0358f","create_time":1665693547294,"complete_time_ticks":1665693547294,"mime":"application/json","usage":{"access_count":0,"last_accessor_id":"1000330999","last_access_time":1665693547294},"is_remote":false,"handle":{"max_part_num":1,"upload_id":"done","key":"data_intg_flow/c4eed2b6-6555-4d6b-a88d-2ce1e5cef37836d64479-d545-4cf4-8538-d6ae8ad0358f"},"is_user_provided_path_key":true,"user_data":{},"version":2,"size":202443,"is_partitioned":false,"datasource_type":"81bafdbd-b7c6-45c5-a4fd-6ec135f66f4e","transfer_complete":true,"asset_type":"data_intg_flow","name":"data_intg_flows","creator_id":"1000330999","id":"9d1a598a-2adf-463d-887d-1abe41e14cb3","is_referenced":true,"is_managed":false,"is_object_key_read_only":false},{"test_doc":0,"object_key":"data_intg_flow/c4eed2b6-6555-4d6b-a88d-2ce1e5cef37836d64479-d545-4cf4-8538-d6ae8ad0358fpx_executables","create_time":1665693548635,"complete_time_ticks":1665693548635,"mime":"application/octet-stream","usage":{"access_count":0,"last_accessor_id":"1000330999","last_access_time":1665693548635},"is_remote":false,"handle":{"max_part_num":1,"upload_id":"done","key":"data_intg_flow/c4eed2b6-6555-4d6b-a88d-2ce1e5cef37836d64479-d545-4cf4-8538-d6ae8ad0358fpx_executables"},"is_user_provided_path_key":true,"user_data":{},"version":2,"size":5757,"is_partitioned":false,"datasource_type":"81bafdbd-b7c6-45c5-a4fd-6ec135f66f4e","transfer_complete":true,"asset_type":"data_intg_flow","name":"px_executables","creator_id":"1000330999","id":"1682734d-a1ed-4dd7-acd5-930a836267c3","is_referenced":true,"is_managed":false,"is_object_key_read_only":false}]}]