[{"metadata":{"asset_id":"15e56ecb-0479-4e2e-a506-1b2201b7c7e4","asset_type":"data_intg_flow","catalog_id":"22232a3f-7ea6-44d6-8bee-e4b461baa773","create_time":"2022-10-13T20:39:36.000Z","creator_id":"1000330999","name":"EWS_ProductMart","origin_country":"us","size":31819,"project_id":"c4eed2b6-6555-4d6b-a88d-2ce1e5cef378","resource_key":"c4eed2b6-6555-4d6b-a88d-2ce1e5cef378/data_intg_flow/EWS_ProductMart","description":"Short description: Collect product data from EWS and write to mart for reporting requirements. Long description: Specification Name:EWS_ProdMart\r\nDescription:Collect production data from EWS and write to Mart for reporting requirements\r\n","usage":{"last_access_time":"2022-10-13T20:39:41.664Z","last_accessor_id":"1000330999","access_count":0}},"entity":{"data_intg_flow":{"mime_type":"application/json","dataset":false}},"attachments":[{"test_doc":0,"object_key":"data_intg_flow/c4eed2b6-6555-4d6b-a88d-2ce1e5cef37815e56ecb-0479-4e2e-a506-1b2201b7c7e4","create_time":1665693579116,"complete_time_ticks":1665693579116,"mime":"application/json","usage":{"access_count":0,"last_accessor_id":"1000330999","last_access_time":1665693579116},"is_remote":false,"handle":{"max_part_num":1,"upload_id":"done","key":"data_intg_flow/c4eed2b6-6555-4d6b-a88d-2ce1e5cef37815e56ecb-0479-4e2e-a506-1b2201b7c7e4"},"is_user_provided_path_key":true,"user_data":{},"version":2,"size":28513,"is_partitioned":false,"datasource_type":"81bafdbd-b7c6-45c5-a4fd-6ec135f66f4e","transfer_complete":true,"asset_type":"data_intg_flow","name":"data_intg_flows","creator_id":"1000330999","id":"a1ffe94e-0872-469f-9681-46ce32ee3124","is_referenced":true,"is_managed":false,"is_object_key_read_only":false},{"test_doc":0,"object_key":"data_intg_flow/c4eed2b6-6555-4d6b-a88d-2ce1e5cef37815e56ecb-0479-4e2e-a506-1b2201b7c7e4px_executables","create_time":1665693581663,"complete_time_ticks":1665693581663,"mime":"application/octet-stream","usage":{"access_count":0,"last_accessor_id":"1000330999","last_access_time":1665693581663},"is_remote":false,"handle":{"max_part_num":1,"upload_id":"done","key":"data_intg_flow/c4eed2b6-6555-4d6b-a88d-2ce1e5cef37815e56ecb-0479-4e2e-a506-1b2201b7c7e4px_executables"},"is_user_provided_path_key":true,"user_data":{},"version":2,"size":3306,"is_partitioned":false,"datasource_type":"81bafdbd-b7c6-45c5-a4fd-6ec135f66f4e","transfer_complete":true,"asset_type":"data_intg_flow","name":"px_executables","creator_id":"1000330999","id":"d74b66ed-1c76-4d55-b2fd-999a72f71888","is_referenced":true,"is_managed":false,"is_object_key_read_only":false}]}]