[{"metadata":{"asset_id":"8903e745-98c3-4650-ae4a-99fcbc705659","asset_type":"data_intg_flow","catalog_id":"22232a3f-7ea6-44d6-8bee-e4b461baa773","create_time":"2022-10-13T20:38:49.000Z","creator_id":"1000330999","name":"EWS_SalesLoad","origin_country":"us","size":19412,"project_id":"c4eed2b6-6555-4d6b-a88d-2ce1e5cef378","resource_key":"c4eed2b6-6555-4d6b-a88d-2ce1e5cef378/data_intg_flow/EWS_SalesLoad","description":"Short description: Collect Sales and Production data and write to Warehouse. Long description: Qualify and copy data from the Staging Source to the Warehouse","usage":{"last_access_time":"2022-10-13T20:39:01.557Z","last_accessor_id":"1000330999","access_count":0}},"entity":{"data_intg_flow":{"mime_type":"application/json","dataset":false}},"attachments":[{"test_doc":0,"object_key":"data_intg_flow/c4eed2b6-6555-4d6b-a88d-2ce1e5cef3788903e745-98c3-4650-ae4a-99fcbc705659","create_time":1665693530490,"complete_time_ticks":1665693530490,"mime":"application/json","usage":{"access_count":0,"last_accessor_id":"1000330999","last_access_time":1665693530490},"is_remote":false,"handle":{"max_part_num":1,"upload_id":"done","key":"data_intg_flow/c4eed2b6-6555-4d6b-a88d-2ce1e5cef3788903e745-98c3-4650-ae4a-99fcbc705659"},"is_user_provided_path_key":true,"user_data":{},"version":2,"size":16716,"is_partitioned":false,"datasource_type":"81bafdbd-b7c6-45c5-a4fd-6ec135f66f4e","transfer_complete":true,"asset_type":"data_intg_flow","name":"data_intg_flows","creator_id":"1000330999","id":"22c0401d-bc46-4e36-89d2-883d5c9da5b2","is_referenced":true,"is_managed":false,"is_object_key_read_only":false},{"test_doc":0,"object_key":"data_intg_flow/c4eed2b6-6555-4d6b-a88d-2ce1e5cef3788903e745-98c3-4650-ae4a-99fcbc705659px_executables","create_time":1665693541556,"complete_time_ticks":1665693541556,"mime":"application/octet-stream","usage":{"access_count":0,"last_accessor_id":"1000330999","last_access_time":1665693541556},"is_remote":false,"handle":{"max_part_num":1,"upload_id":"done","key":"data_intg_flow/c4eed2b6-6555-4d6b-a88d-2ce1e5cef3788903e745-98c3-4650-ae4a-99fcbc705659px_executables"},"is_user_provided_path_key":true,"user_data":{},"version":2,"size":2696,"is_partitioned":false,"datasource_type":"81bafdbd-b7c6-45c5-a4fd-6ec135f66f4e","transfer_complete":true,"asset_type":"data_intg_flow","name":"px_executables","creator_id":"1000330999","id":"ca02ae80-2778-484a-be61-86dc28f0b8e8","is_referenced":true,"is_managed":false,"is_object_key_read_only":false}]}]