[{"metadata":{"asset_id":"d39263e4-97e9-4776-ad11-2fa4b575e274","asset_type":"data_intg_flow","catalog_id":"22232a3f-7ea6-44d6-8bee-e4b461baa773","create_time":"2022-10-13T20:39:00.000Z","creator_id":"1000330999","name":"UncompiledLineage","origin_country":"us","size":12840,"project_id":"c4eed2b6-6555-4d6b-a88d-2ce1e5cef378","resource_key":"c4eed2b6-6555-4d6b-a88d-2ce1e5cef378/data_intg_flow/UncompiledLineage","usage":{"last_access_time":"2022-10-13T20:39:00.799Z","last_accessor_id":"1000330999","access_count":0}},"entity":{"data_intg_flow":{"mime_type":"application/json","dataset":false}},"attachments":[{"test_doc":0,"object_key":"data_intg_flow/c4eed2b6-6555-4d6b-a88d-2ce1e5cef378d39263e4-97e9-4776-ad11-2fa4b575e274","create_time":1665693540799,"complete_time_ticks":1665693540799,"mime":"application/json","usage":{"access_count":0,"last_accessor_id":"1000330999","last_access_time":1665693540799},"is_remote":false,"handle":{"max_part_num":1,"upload_id":"done","key":"data_intg_flow/c4eed2b6-6555-4d6b-a88d-2ce1e5cef378d39263e4-97e9-4776-ad11-2fa4b575e274"},"is_user_provided_path_key":true,"user_data":{},"version":2,"size":12840,"is_partitioned":false,"datasource_type":"81bafdbd-b7c6-45c5-a4fd-6ec135f66f4e","transfer_complete":true,"asset_type":"data_intg_flow","name":"data_intg_flows","creator_id":"1000330999","id":"a83a7e22-efc9-41d3-9061-3644aec55c18","is_referenced":true,"is_managed":false,"is_object_key_read_only":false}]}]