[{"metadata":{"asset_id":"7dc5321a-2988-4927-a998-4f2b452a0364","asset_type":"data_intg_flow","catalog_id":"22232a3f-7ea6-44d6-8bee-e4b461baa773","create_time":"2022-10-13T20:40:23.000Z","creator_id":"1000330999","name":"CopyOfJob3_QS_Match","origin_country":"us","size":364350,"project_id":"c4eed2b6-6555-4d6b-a88d-2ce1e5cef378","resource_key":"c4eed2b6-6555-4d6b-a88d-2ce1e5cef378/data_intg_flow/CopyOfJob3_QS_Match","usage":{"last_access_time":"2022-10-13T20:40:30.796Z","last_accessor_id":"1000330999","access_count":0}},"entity":{"data_intg_flow":{"mime_type":"application/json","dataset":false}},"attachments":[{"test_doc":0,"object_key":"data_intg_flow/c4eed2b6-6555-4d6b-a88d-2ce1e5cef3787dc5321a-2988-4927-a998-4f2b452a0364","create_time":1665693629008,"complete_time_ticks":1665693629008,"mime":"application/json","usage":{"access_count":0,"last_accessor_id":"1000330999","last_access_time":1665693629008},"is_remote":false,"handle":{"max_part_num":1,"upload_id":"done","key":"data_intg_flow/c4eed2b6-6555-4d6b-a88d-2ce1e5cef3787dc5321a-2988-4927-a998-4f2b452a0364"},"is_user_provided_path_key":true,"user_data":{},"version":2,"size":360191,"is_partitioned":false,"datasource_type":"81bafdbd-b7c6-45c5-a4fd-6ec135f66f4e","transfer_complete":true,"asset_type":"data_intg_flow","name":"data_intg_flows","creator_id":"1000330999","id":"7850681c-76be-462c-9624-9b2205398be2","is_referenced":true,"is_managed":false,"is_object_key_read_only":false},{"test_doc":0,"object_key":"data_intg_flow/c4eed2b6-6555-4d6b-a88d-2ce1e5cef3787dc5321a-2988-4927-a998-4f2b452a0364px_executables","create_time":1665693630795,"complete_time_ticks":1665693630795,"mime":"application/octet-stream","usage":{"access_count":0,"last_accessor_id":"1000330999","last_access_time":1665693630795},"is_remote":false,"handle":{"max_part_num":1,"upload_id":"done","key":"data_intg_flow/c4eed2b6-6555-4d6b-a88d-2ce1e5cef3787dc5321a-2988-4927-a998-4f2b452a0364px_executables"},"is_user_provided_path_key":true,"user_data":{},"version":2,"size":4159,"is_partitioned":false,"datasource_type":"81bafdbd-b7c6-45c5-a4fd-6ec135f66f4e","transfer_complete":true,"asset_type":"data_intg_flow","name":"px_executables","creator_id":"1000330999","id":"09d1f225-d3c1-41bb-b913-5132341bfa0f","is_referenced":true,"is_managed":false,"is_object_key_read_only":false}]}]