[{"metadata":{"asset_id":"a4b2347b-5376-4b61-9833-d7c0a8e489ab","asset_type":"data_intg_flow","catalog_id":"22232a3f-7ea6-44d6-8bee-e4b461baa773","create_time":"2022-10-13T20:40:10.000Z","creator_id":"1000330999","name":"EWS_ProductStaging_Pan","origin_country":"us","size":20160,"project_id":"c4eed2b6-6555-4d6b-a88d-2ce1e5cef378","resource_key":"c4eed2b6-6555-4d6b-a88d-2ce1e5cef378/data_intg_flow/EWS_ProductStaging_Pan","description":"Collect EWS production data from FTP feed, generating Audit Data and writing to temp Data Set for further processing","usage":{"last_access_time":"2022-10-13T20:40:18.482Z","last_accessor_id":"1000330999","access_count":0}},"entity":{"data_intg_flow":{"mime_type":"application/json","dataset":false}},"attachments":[{"test_doc":0,"object_key":"data_intg_flow/c4eed2b6-6555-4d6b-a88d-2ce1e5cef378a4b2347b-5376-4b61-9833-d7c0a8e489ab","create_time":1665693612222,"complete_time_ticks":1665693612222,"mime":"application/json","usage":{"access_count":0,"last_accessor_id":"1000330999","last_access_time":1665693612222},"is_remote":false,"handle":{"max_part_num":1,"upload_id":"done","key":"data_intg_flow/c4eed2b6-6555-4d6b-a88d-2ce1e5cef378a4b2347b-5376-4b61-9833-d7c0a8e489ab"},"is_user_provided_path_key":true,"user_data":{},"version":2,"size":18683,"is_partitioned":false,"datasource_type":"81bafdbd-b7c6-45c5-a4fd-6ec135f66f4e","transfer_complete":true,"asset_type":"data_intg_flow","name":"data_intg_flows","creator_id":"1000330999","id":"37c63ad0-58f3-4f20-aedb-355fa68ea312","is_referenced":true,"is_managed":false,"is_object_key_read_only":false},{"test_doc":0,"object_key":"data_intg_flow/c4eed2b6-6555-4d6b-a88d-2ce1e5cef378a4b2347b-5376-4b61-9833-d7c0a8e489abpx_executables","create_time":1665693618482,"complete_time_ticks":1665693618482,"mime":"application/octet-stream","usage":{"access_count":0,"last_accessor_id":"1000330999","last_access_time":1665693618482},"is_remote":false,"handle":{"max_part_num":1,"upload_id":"done","key":"data_intg_flow/c4eed2b6-6555-4d6b-a88d-2ce1e5cef378a4b2347b-5376-4b61-9833-d7c0a8e489abpx_executables"},"is_user_provided_path_key":true,"user_data":{},"version":2,"size":1477,"is_partitioned":false,"datasource_type":"81bafdbd-b7c6-45c5-a4fd-6ec135f66f4e","transfer_complete":true,"asset_type":"data_intg_flow","name":"px_executables","creator_id":"1000330999","id":"6c46562d-ef31-4d34-a147-c9ae36775a96","is_referenced":true,"is_managed":false,"is_object_key_read_only":false}]}]