[{"metadata":{"asset_id":"9d88b20d-6a77-483c-8b8f-26e8201e63ee","asset_type":"data_intg_flow","catalog_id":"22232a3f-7ea6-44d6-8bee-e4b461baa773","create_time":"2022-10-13T20:40:32.000Z","creator_id":"1000330999","name":"TestCompiler","origin_country":"us","size":6738,"project_id":"c4eed2b6-6555-4d6b-a88d-2ce1e5cef378","resource_key":"c4eed2b6-6555-4d6b-a88d-2ce1e5cef378/data_intg_flow/TestCompiler","usage":{"last_access_time":"2022-10-13T20:40:36.775Z","last_accessor_id":"1000330999","access_count":0}},"entity":{"data_intg_flow":{"mime_type":"application/json","dataset":false}},"attachments":[{"test_doc":0,"object_key":"data_intg_flow/c4eed2b6-6555-4d6b-a88d-2ce1e5cef3789d88b20d-6a77-483c-8b8f-26e8201e63ee","create_time":1665693635775,"complete_time_ticks":1665693635775,"mime":"application/json","usage":{"access_count":0,"last_accessor_id":"1000330999","last_access_time":1665693635775},"is_remote":false,"handle":{"max_part_num":1,"upload_id":"done","key":"data_intg_flow/c4eed2b6-6555-4d6b-a88d-2ce1e5cef3789d88b20d-6a77-483c-8b8f-26e8201e63ee"},"is_user_provided_path_key":true,"user_data":{},"version":2,"size":5258,"is_partitioned":false,"datasource_type":"81bafdbd-b7c6-45c5-a4fd-6ec135f66f4e","transfer_complete":true,"asset_type":"data_intg_flow","name":"data_intg_flows","creator_id":"1000330999","id":"60eaad58-44ab-445b-bd9d-6b0056af790d","is_referenced":true,"is_managed":false,"is_object_key_read_only":false},{"test_doc":0,"object_key":"data_intg_flow/c4eed2b6-6555-4d6b-a88d-2ce1e5cef3789d88b20d-6a77-483c-8b8f-26e8201e63eepx_executables","create_time":1665693636774,"complete_time_ticks":1665693636774,"mime":"application/octet-stream","usage":{"access_count":0,"last_accessor_id":"1000330999","last_access_time":1665693636774},"is_remote":false,"handle":{"max_part_num":1,"upload_id":"done","key":"data_intg_flow/c4eed2b6-6555-4d6b-a88d-2ce1e5cef3789d88b20d-6a77-483c-8b8f-26e8201e63eepx_executables"},"is_user_provided_path_key":true,"user_data":{},"version":2,"size":1480,"is_partitioned":false,"datasource_type":"81bafdbd-b7c6-45c5-a4fd-6ec135f66f4e","transfer_complete":true,"asset_type":"data_intg_flow","name":"px_executables","creator_id":"1000330999","id":"a2187474-b3a9-45b8-8961-e1e3b6d4d3a7","is_referenced":true,"is_managed":false,"is_object_key_read_only":false}]}]