[{"metadata":{"asset_id":"4c15e6cb-0b8e-4ce2-baeb-042c7239e7f4","asset_type":"data_intg_flow","catalog_id":"22232a3f-7ea6-44d6-8bee-e4b461baa773","create_time":"2022-10-13T20:39:24.000Z","creator_id":"1000330999","name":"BANK1_CombinedBANK2_to_CustomerStage","origin_country":"us","size":92835,"project_id":"c4eed2b6-6555-4d6b-a88d-2ce1e5cef378","resource_key":"c4eed2b6-6555-4d6b-a88d-2ce1e5cef378/data_intg_flow/BANK1_CombinedBANK2_to_CustomerStage","description":"Column Mapping between JK Wealth Bank Accounts from Subdevision 1.\r\nThis provides a mapping from its ODS to the Customer MDM view for the Customer BDW.\r\n\r\nThe Customer Master Data is then cleansed and standardized before it can be integrated into the Warehouse.This mapping specification looks up detailed Bank Branch  and Customer Demographics and adds these to the collected customer information for BANK 2 LOB.\r\nThe customer stage target can then be used as the input for the Custer Master table but to ensure good quality records the target needs to be standardized and cleansed before it can be integrated into JKLW customer master.","usage":{"last_access_time":"2022-10-13T20:39:26.836Z","last_accessor_id":"1000330999","access_count":0}},"entity":{"data_intg_flow":{"mime_type":"application/json","dataset":false}},"attachments":[{"test_doc":0,"object_key":"data_intg_flow/c4eed2b6-6555-4d6b-a88d-2ce1e5cef3784c15e6cb-0b8e-4ce2-baeb-042c7239e7f4","create_time":1665693566836,"complete_time_ticks":1665693566836,"mime":"application/json","usage":{"access_count":0,"last_accessor_id":"1000330999","last_access_time":1665693566836},"is_remote":false,"handle":{"max_part_num":1,"upload_id":"done","key":"data_intg_flow/c4eed2b6-6555-4d6b-a88d-2ce1e5cef3784c15e6cb-0b8e-4ce2-baeb-042c7239e7f4"},"is_user_provided_path_key":true,"user_data":{},"version":2,"size":92835,"is_partitioned":false,"datasource_type":"81bafdbd-b7c6-45c5-a4fd-6ec135f66f4e","transfer_complete":true,"asset_type":"data_intg_flow","name":"data_intg_flows","creator_id":"1000330999","id":"63a1186d-1be7-469c-8c1a-f47f2b2f24b3","is_referenced":true,"is_managed":false,"is_object_key_read_only":false}]}]