[{"metadata":{"asset_id":"42812379-a7cd-491d-b800-652ce8157e96","asset_type":"data_intg_flow","catalog_id":"22232a3f-7ea6-44d6-8bee-e4b461baa773","create_time":"2022-10-13T20:40:45.000Z","creator_id":"1000330999","name":"Job5_DS_Create_HVC_Lookup","origin_country":"us","size":100044,"project_id":"c4eed2b6-6555-4d6b-a88d-2ce1e5cef378","resource_key":"c4eed2b6-6555-4d6b-a88d-2ce1e5cef378/data_intg_flow/Job5_DS_Create_HVC_Lookup","usage":{"last_access_time":"2022-10-13T20:40:50.556Z","last_accessor_id":"1000330999","access_count":0}},"entity":{"data_intg_flow":{"mime_type":"application/json","dataset":false}},"attachments":[{"test_doc":0,"object_key":"data_intg_flow/c4eed2b6-6555-4d6b-a88d-2ce1e5cef37842812379-a7cd-491d-b800-652ce8157e96","create_time":1665693650556,"complete_time_ticks":1665693650556,"mime":"application/json","usage":{"access_count":0,"last_accessor_id":"1000330999","last_access_time":1665693650556},"is_remote":false,"handle":{"max_part_num":1,"upload_id":"done","key":"data_intg_flow/c4eed2b6-6555-4d6b-a88d-2ce1e5cef37842812379-a7cd-491d-b800-652ce8157e96"},"is_user_provided_path_key":true,"user_data":{},"version":2,"size":100044,"is_partitioned":false,"datasource_type":"81bafdbd-b7c6-45c5-a4fd-6ec135f66f4e","transfer_complete":true,"asset_type":"data_intg_flow","name":"data_intg_flows","creator_id":"1000330999","id":"0c7274b6-998f-4424-b1fd-b8e01cba05bb","is_referenced":true,"is_managed":false,"is_object_key_read_only":false}]}]