[{"metadata":{"asset_id":"11aebfa2-e158-4770-a6ee-2f246f67e297","asset_type":"data_intg_flow","catalog_id":"22232a3f-7ea6-44d6-8bee-e4b461baa773","create_time":"2022-10-13T20:39:55.000Z","creator_id":"1000330999","name":"EWS_ProductLoad","origin_country":"us","size":20978,"project_id":"c4eed2b6-6555-4d6b-a88d-2ce1e5cef378","resource_key":"c4eed2b6-6555-4d6b-a88d-2ce1e5cef378/data_intg_flow/EWS_ProductLoad","usage":{"last_access_time":"2022-10-13T20:40:08.199Z","last_accessor_id":"1000330999","access_count":0}},"entity":{"data_intg_flow":{"mime_type":"application/json","dataset":false}},"attachments":[{"test_doc":0,"object_key":"data_intg_flow/c4eed2b6-6555-4d6b-a88d-2ce1e5cef37811aebfa2-e158-4770-a6ee-2f246f67e297","create_time":1665693599428,"complete_time_ticks":1665693599428,"mime":"application/json","usage":{"access_count":0,"last_accessor_id":"1000330999","last_access_time":1665693599428},"is_remote":false,"handle":{"max_part_num":1,"upload_id":"done","key":"data_intg_flow/c4eed2b6-6555-4d6b-a88d-2ce1e5cef37811aebfa2-e158-4770-a6ee-2f246f67e297"},"is_user_provided_path_key":true,"user_data":{},"version":2,"size":18488,"is_partitioned":false,"datasource_type":"81bafdbd-b7c6-45c5-a4fd-6ec135f66f4e","transfer_complete":true,"asset_type":"data_intg_flow","name":"data_intg_flows","creator_id":"1000330999","id":"b16c5092-cf68-47c3-a121-7b5192b1e47d","is_referenced":true,"is_managed":false,"is_object_key_read_only":false},{"test_doc":0,"object_key":"data_intg_flow/c4eed2b6-6555-4d6b-a88d-2ce1e5cef37811aebfa2-e158-4770-a6ee-2f246f67e297px_executables","create_time":1665693608199,"complete_time_ticks":1665693608199,"mime":"application/octet-stream","usage":{"access_count":0,"last_accessor_id":"1000330999","last_access_time":1665693608199},"is_remote":false,"handle":{"max_part_num":1,"upload_id":"done","key":"data_intg_flow/c4eed2b6-6555-4d6b-a88d-2ce1e5cef37811aebfa2-e158-4770-a6ee-2f246f67e297px_executables"},"is_user_provided_path_key":true,"user_data":{},"version":2,"size":2490,"is_partitioned":false,"datasource_type":"81bafdbd-b7c6-45c5-a4fd-6ec135f66f4e","transfer_complete":true,"asset_type":"data_intg_flow","name":"px_executables","creator_id":"1000330999","id":"7203ebe5-6473-487c-af6d-9a3cbd212386","is_referenced":true,"is_managed":false,"is_object_key_read_only":false}]}]