[{"metadata":{"asset_id":"e6cebb58-de67-4773-bd91-b03d0f8967b9","asset_type":"data_intg_flow","catalog_id":"22232a3f-7ea6-44d6-8bee-e4b461baa773","create_time":"2022-10-13T20:39:36.000Z","creator_id":"1000330999","name":"Job_1","origin_country":"us","size":27117,"project_id":"c4eed2b6-6555-4d6b-a88d-2ce1e5cef378","resource_key":"c4eed2b6-6555-4d6b-a88d-2ce1e5cef378/data_intg_flow/Job_1","usage":{"last_access_time":"2022-10-13T20:39:41.664Z","last_accessor_id":"1000330999","access_count":0}},"entity":{"data_intg_flow":{"mime_type":"application/json","dataset":false}},"attachments":[{"test_doc":0,"object_key":"data_intg_flow/c4eed2b6-6555-4d6b-a88d-2ce1e5cef378e6cebb58-de67-4773-bd91-b03d0f8967b9","create_time":1665693579627,"complete_time_ticks":1665693579627,"mime":"application/json","usage":{"access_count":0,"last_accessor_id":"1000330999","last_access_time":1665693579627},"is_remote":false,"handle":{"max_part_num":1,"upload_id":"done","key":"data_intg_flow/c4eed2b6-6555-4d6b-a88d-2ce1e5cef378e6cebb58-de67-4773-bd91-b03d0f8967b9"},"is_user_provided_path_key":true,"user_data":{},"version":2,"size":24236,"is_partitioned":false,"datasource_type":"81bafdbd-b7c6-45c5-a4fd-6ec135f66f4e","transfer_complete":true,"asset_type":"data_intg_flow","name":"data_intg_flows","creator_id":"1000330999","id":"61948c65-31e3-45a7-ac35-46f656c1808f","is_referenced":true,"is_managed":false,"is_object_key_read_only":false},{"test_doc":0,"object_key":"data_intg_flow/c4eed2b6-6555-4d6b-a88d-2ce1e5cef378e6cebb58-de67-4773-bd91-b03d0f8967b9px_executables","create_time":1665693581663,"complete_time_ticks":1665693581663,"mime":"application/octet-stream","usage":{"access_count":0,"last_accessor_id":"1000330999","last_access_time":1665693581663},"is_remote":false,"handle":{"max_part_num":1,"upload_id":"done","key":"data_intg_flow/c4eed2b6-6555-4d6b-a88d-2ce1e5cef378e6cebb58-de67-4773-bd91-b03d0f8967b9px_executables"},"is_user_provided_path_key":true,"user_data":{},"version":2,"size":2881,"is_partitioned":false,"datasource_type":"81bafdbd-b7c6-45c5-a4fd-6ec135f66f4e","transfer_complete":true,"asset_type":"data_intg_flow","name":"px_executables","creator_id":"1000330999","id":"dbae5f1f-2aa4-41cd-a050-16b60cb7d5aa","is_referenced":true,"is_managed":false,"is_object_key_read_only":false}]}]