[{"metadata":{"asset_id":"483054f6-6853-45d7-935b-02b8a0556135","asset_type":"data_intg_flow","catalog_id":"22232a3f-7ea6-44d6-8bee-e4b461baa773","create_time":"2022-10-13T20:38:48.000Z","creator_id":"1000330999","name":"testCompiler","origin_country":"us","size":6173,"project_id":"c4eed2b6-6555-4d6b-a88d-2ce1e5cef378","resource_key":"c4eed2b6-6555-4d6b-a88d-2ce1e5cef378/data_intg_flow/testCompiler","usage":{"last_access_time":"2022-10-13T20:39:01.763Z","last_accessor_id":"1000330999","access_count":0}},"entity":{"data_intg_flow":{"mime_type":"application/json","dataset":false}},"attachments":[{"test_doc":0,"object_key":"data_intg_flow/c4eed2b6-6555-4d6b-a88d-2ce1e5cef378483054f6-6853-45d7-935b-02b8a0556135","create_time":1665693530992,"complete_time_ticks":1665693530992,"mime":"application/json","usage":{"access_count":0,"last_accessor_id":"1000330999","last_access_time":1665693530992},"is_remote":false,"handle":{"max_part_num":1,"upload_id":"done","key":"data_intg_flow/c4eed2b6-6555-4d6b-a88d-2ce1e5cef378483054f6-6853-45d7-935b-02b8a0556135"},"is_user_provided_path_key":true,"user_data":{},"version":2,"size":4705,"is_partitioned":false,"datasource_type":"81bafdbd-b7c6-45c5-a4fd-6ec135f66f4e","transfer_complete":true,"asset_type":"data_intg_flow","name":"data_intg_flows","creator_id":"1000330999","id":"48889c4a-3532-4b05-a2b6-a3fe030e4fa3","is_referenced":true,"is_managed":false,"is_object_key_read_only":false},{"test_doc":0,"object_key":"data_intg_flow/c4eed2b6-6555-4d6b-a88d-2ce1e5cef378483054f6-6853-45d7-935b-02b8a0556135px_executables","create_time":1665693541763,"complete_time_ticks":1665693541763,"mime":"application/octet-stream","usage":{"access_count":0,"last_accessor_id":"1000330999","last_access_time":1665693541763},"is_remote":false,"handle":{"max_part_num":1,"upload_id":"done","key":"data_intg_flow/c4eed2b6-6555-4d6b-a88d-2ce1e5cef378483054f6-6853-45d7-935b-02b8a0556135px_executables"},"is_user_provided_path_key":true,"user_data":{},"version":2,"size":1468,"is_partitioned":false,"datasource_type":"81bafdbd-b7c6-45c5-a4fd-6ec135f66f4e","transfer_complete":true,"asset_type":"data_intg_flow","name":"px_executables","creator_id":"1000330999","id":"7311db54-d8c6-4d01-92c9-bfc359a20cb3","is_referenced":true,"is_managed":false,"is_object_key_read_only":false}]}]