{"metadata":{"asset_id":"585e0e97-7949-4752-a15f-8529ec20af7e","asset_attributes":["environment"],"name":"default_datastage_px","asset_type":"environment","created_at":"2022-10-13T20:38:30Z","origin_country":"us","owner_id":"1000330999","project_id":"c4eed2b6-6555-4d6b-a88d-2ce1e5cef378","sandbox_id":"c4eed2b6-6555-4d6b-a88d-2ce1e5cef378","size":0,"tags":["dsx"],"usage":{"last_update_time":1665693510443,"last_updated_at":"2022-10-13T20:38:30Z"}},"entity":{"environment":{"sub_type":"datastage","display_name":"Default DataStage PX","hardware_specification":{"datastage":{"num_conductors":1,"instance":"ds-px-default","conductor":{"cpu":{"units":"1","model":""},"mem":{"size":"4Gi"}},"num_computes":2,"compute":{"cpu":{"units":"3","model":""},"mem":{"size":"12Gi"}}},"built_in":false},"software_specification":{},"tools_specification":{"runtime_root_folder":"/DataStage/"}}}}