{"metadata":{"asset_id":"f66990c8-dc21-4983-a1d8-00a60cd54411","asset_attributes":["job"],"name":"testCompiler.DataStage job","asset_type":"job","created_at":"2022-10-13T20:39:24Z","origin_country":"us","owner_id":"1000330999","project_id":"c4eed2b6-6555-4d6b-a88d-2ce1e5cef378","size":0,"usage":{"last_update_time":1665693564144,"last_updated_at":"2022-10-13T20:39:24Z"}},"entity":{"job":{"asset_ref_type":"data_intg_flow","configuration":{"env_id":"585e0e97-7949-4752-a15f-8529ec20af7e","env_type":"datastage","env_variables":[]},"last_run_initiator":"None","last_run_time":"","last_run_status":"None","last_run_status_timestamp":0,"future_scheduled_runs":[],"enable_notifications":true,"project_name":"Accounts","asset_ref":"483054f6-6853-45d7-935b-02b8a0556135","schedule_id":"","schedule_creator_id":""}}}