{"metadata":{"asset_id":"0888cab3-ef42-4d56-aec2-06d170f01ca7","asset_attributes":["job"],"name":"AccountsME","asset_type":"job","created_at":"2022-10-13T16:17:20Z","origin_country":"us","owner_id":"1000330999","project_id":"c4eed2b6-6555-4d6b-a88d-2ce1e5cef378","size":0,"usage":{"last_update_time":1665689563873,"last_updated_at":"2022-10-13T19:32:43Z"}},"entity":{"job":{"asset_ref_type":"metadata_enrichment_area","configuration":{"env_type":"","env_variables":[]},"schedule_info":{},"last_run_initiator":"None","last_run_time":"","last_run_status":"None","last_run_status_timestamp":0,"future_scheduled_runs":[],"enable_notifications":true,"project_name":"Accounts","asset_ref":"c1796baa-d8f9-48e8-aabb-0704a7029af9","schedule_id":"","schedule_creator_id":""}}}