{"metadata":{"asset_id":"b4edf197-a3cb-4c45-acb6-af80a2a97e8c","asset_attributes":["job"],"name":"Customer job","asset_type":"job","created_at":"2022-10-13T16:03:58Z","description":"","origin_country":"us","owner_id":"1000330999","project_id":"c4eed2b6-6555-4d6b-a88d-2ce1e5cef378","size":0,"usage":{"last_update_time":1665677038170,"last_updated_at":"2022-10-13T16:03:58Z"}},"entity":{"job":{"asset_ref_type":"metadata_import","configuration":{"env_type":"","env_variables":[]},"last_run_initiator":"None","last_run_time":"","last_run_status":"None","last_run_status_timestamp":0,"future_scheduled_runs":[],"enable_notifications":true,"project_name":"Accounts","asset_ref":"6a4d4a8a-32c0-4890-97e6-445054524157","schedule_id":"","schedule_creator_id":""}}}