{"metadata":{"asset_id":"8f3832e2-8005-41d5-986a-8fb0bf355668","asset_attributes":["job"],"name":"EWS_Sequence.DataStage sequence","asset_type":"job","created_at":"2022-10-13T20:41:13Z","origin_country":"us","owner_id":"1000330999","project_id":"c4eed2b6-6555-4d6b-a88d-2ce1e5cef378","size":0,"usage":{"last_update_time":1665693673139,"last_updated_at":"2022-10-13T20:41:13Z"}},"entity":{"job":{"asset_ref_type":"orchestration_flow","configuration":{"env_type":"","env_variables":[]},"last_run_initiator":"None","last_run_time":"","last_run_status":"None","last_run_status_timestamp":0,"future_scheduled_runs":[],"enable_notifications":true,"project_name":"Accounts","asset_ref":"a18ce510-c0fd-4fd8-9552-b6237bfd5975","schedule_id":"","schedule_creator_id":""}}}