{"metadata":{"asset_id":"f4da6a87-2e37-4089-98bd-9efca3cb85a3","asset_attributes":["job"],"name":"BANK_to_CST_STAGE_SEQ.DataStage sequence","asset_type":"job","created_at":"2022-10-13T20:41:13Z","origin_country":"us","owner_id":"1000330999","project_id":"c4eed2b6-6555-4d6b-a88d-2ce1e5cef378","size":0,"usage":{"last_update_time":1665693673173,"last_updated_at":"2022-10-13T20:41:13Z"}},"entity":{"job":{"asset_ref_type":"orchestration_flow","configuration":{"env_type":"","env_variables":[]},"last_run_initiator":"None","last_run_time":"","last_run_status":"None","last_run_status_timestamp":0,"future_scheduled_runs":[],"enable_notifications":true,"project_name":"Accounts","asset_ref":"3c7963dd-5042-419d-a7f5-25678c673ac4","schedule_id":"","schedule_creator_id":""}}}