{"metadata":{"asset_id":"7e44dde4-44b7-4f75-b947-77eaec74847a","asset_attributes":["job_run"],"name":"job run","asset_type":"job_run","created_at":"2022-10-13T16:03:59Z","origin_country":"us","owner_id":"1000330999","project_id":"c4eed2b6-6555-4d6b-a88d-2ce1e5cef378","size":0,"usage":{"last_update_time":1665677085043,"last_updated_at":"2022-10-13T16:04:45Z"}},"entity":{"job_run":{"job_ref":"b4edf197-a3cb-4c45-acb6-af80a2a97e8c","job_name":"Customer job","job_type":"metadata_import","state":"Completed","isScheduledRun":false,"configuration":{"env_type":"","env_variables":[],"discovery":{"metadata":{"id":"95b7b504-f291-4e48-854b-2a549527fee7","invoked_by":"1000330999","bss_account_id":"999","created_at":1665677045453,"started_at":1665677046462,"discovered_at":1665677065263,"processed_at":1665677070598,"finished_at":1665677079037},"entity":{"statistics":{"discovered":5,"discovered_with_children":5,"submit_succ":5,"create_succ":5,"create_succ_with_children":5},"status":"COMPLETED","connection_id":"07291731-acf0-4b1a-88c6-6f4241b459e3","project_id":"c4eed2b6-6555-4d6b-a88d-2ce1e5cef378","job_id":"b4edf197-a3cb-4c45-acb6-af80a2a97e8c","job_run_id":"7e44dde4-44b7-4f75-b947-77eaec74847a","metadata_import_id":"6a4d4a8a-32c0-4890-97e6-445054524157","import_type":"metadata","scope":{"paths":["/GBC07863/CUSTOMERS","/GBC07863/DIMACCOUNT","/GBC07863/DIMLOAN","/GBC07863/FACTLOANBALANCE","/GBC07863/ONLINEORDERS"]}}}},"project_name":"Accounts","runtime_job_id":"95b7b504-f291-4e48-854b-2a549527fee7","last_state_change_timestamp":"2022-10-13T16:04:44Z","duration":38}},"attachments":[{"id":"ccd57e22-c356-4188-81c6-3626e26d59de","version":2,"asset_type":"job_run","name":"7e44dde4-44b7-4f75-b947-77eaec74847a","description":"log for job run 7e44dde4-44b7-4f75-b947-77eaec74847a","mime":"application/json","datasource_type":"81bafdbd-b7c6-45c5-a4fd-6ec135f66f4e","object_key":"job_run/log/7e44dde4-44b7-4f75-b947-77eaec74847a","creator_id":"icp4d-dev","create_time":1665677084794,"size":0,"is_remote":false,"is_managed":false,"is_referenced":true,"is_object_key_read_only":false,"is_user_provided_path_key":true,"transfer_complete":true,"is_partitioned":true,"complete_time_ticks":1665677084794,"user_data":{},"test_doc":0,"handle":{"key":"job_run/log/7e44dde4-44b7-4f75-b947-77eaec74847a","upload_id":"done","max_part_num":1},"usage":{"access_count":0,"last_accessor_id":"icp4d-dev","last_access_time":1665677084794}}]}