{"metadata":{"asset_id":"62b01427-abec-4833-963a-da64a7db41ad","asset_attributes":["term_assignment_model"],"name":"term_assignment_model","asset_type":"term_assignment_model","created_at":"2022-10-13T16:19:50Z","description":"The term assignment model.","origin_country":"us","owner_id":"icp4d-dev","project_id":"c4eed2b6-6555-4d6b-a88d-2ce1e5cef378","size":354434,"usage":{"last_update_time":1665678003776,"last_updated_at":"2022-10-13T16:20:03Z"}},"entity":{"term_assignment_model":{"description":"The term assignment model.","training":{"status":"success","model_description":"Model generated by automatic training on 2022-10-13T16:19:49Z. Reason to initiate training: No previous model found","phase":"upload","started_at":"2022-10-13T16:19:50Z","model_details":{"use_data_profile":false,"Number of categories":15,"Number of terms":798,"Number of tables":0,"Number of distinct columns":0,"Number of term assignments":0},"finished_at":"2022-10-13T16:20:01Z","model_id":"83855304-50ec-488b-92b6-56adcd2b4450"},"project_id":"c4eed2b6-6555-4d6b-a88d-2ce1e5cef378","active_model":{"model_id":"83855304-50ec-488b-92b6-56adcd2b4450","origin":"training","finished_at":"2022-10-13T16:20:01Z","model_details":{"use_data_profile":false,"Number of categories":15,"Number of terms":798,"Number of tables":0,"Number of distinct columns":0,"Number of term assignments":0},"model_description":"Model generated by automatic training on 2022-10-13T16:19:49Z. Reason to initiate training: No previous model found"}}},"attachments":[{"id":"83855304-50ec-488b-92b6-56adcd2b4450","version":2,"asset_type":"term_assignment_model","name":"term_assignment_model_c4eed2b6-6555-4d6b-a88d-2ce1e5cef378_62b01427-abec-4833-963a-da64a7db41ad","mime":"application/octet-stream","datasource_type":"81bafdbd-b7c6-45c5-a4fd-6ec135f66f4e","creator_id":"icp4d-dev","create_time":1665678002121,"size":354434,"is_remote":false,"is_managed":true,"is_referenced":false,"is_object_key_read_only":false,"is_user_provided_path_key":false,"transfer_complete":true,"is_partitioned":false,"complete_time_ticks":1665678003142,"user_data":{},"test_doc":0,"handle":{"type":"assetfiles","key":"22232a3f-7ea6-44d6-8bee-e4b461baa773/62b01427-abec-4833-963a-da64a7db41ad/83855304-50ec-488b-92b6-56adcd2b4450","upload_id":"done","max_part_num":1},"usage":{"access_count":0,"last_accessor_id":"icp4d-dev","last_access_time":1665678002121}}]}