Name,Artifact Type,Category,Artifact ID,Description,Tags,Stewards
General,category,,f1dbc5a7-77fc-4074-83e7-30a7ceed6cdd,,,
Industry Accelerators,category,,7745776f-9c92-4490-b3d0-bd044ef012b4,The IBM Industry Accelerators are a suite of collections of various artifacts intended to address a particular business or industry issue.,,
Utilities Payment Risk Prediction,category,7745776f-9c92-4490-b3d0-bd044ef012b4,b25b3fab-5281-4424-a3ec-ac1847bb0d7b,The collection of concepts and metrics useful for estimating the likelihood of customers to miss payment of their utility bill. © Copyright IBM Corp. 2020. All Rights Reserved,,
Locations,category,,eebd338d-dbd5-37e4-9e4a-1296de82963a,Locations Category (LC) is defined as parent for locations reference datasets.,,
