"code","value","description","parent","reference data set","related terms"
"APPR","Approved","The work order has been approved",,"d939d486-2b21-44ee-9f25-bc0aa05b31d4",
"WAPPR","Waiting for approval","Waiting for work order approval",,,
"CAN","Cancelled","The work order has been cancelled",,,
"WMATL","Waiting for materials","Waiting for materials and consumables needed to complete the work",,,
"COMP","Completed","The work order has been completed",,,
"INPRG","In progress","The work is in progress",,,
"CLOSE","Closed","The work order has been closed",,,
"WSCH","Waiting for scheduling","Waiting for work to be scheduled",,,
