"code","value","description","parent","reference data set","related terms","is_multi_mapped_to_c57cb90f-2126-3800-9c9f-9eab82021cdf"
"BEL","Belgium","Belgium","EU","534561ac-1080-3714-b7aa-5a5809ff1f00",,
"GBR","United Kingdom of Great Britain and Northern Ireland","United Kingdom of Great Britain and Northern Ireland",,,,"LON"
"PRT","Portugal","Portugal","EU",,,
"PRK","Korea (Democratic People's Republic of)","Korea (Democratic People's Republic of)",,,,
"HKG","Hong Kong","Hong Kong",,,,
"NZL","New Zealand","New Zealand",,,,
"USA","United States of America","United States of America",,,,"DAL,WAS"
"NLD","Netherlands","Netherlands","EU",,,
"JPN","Japan","Japan",,,,"OSA,TOK"
"BRA","Brazil","Brazil",,,,"SAO"
"RUS","Russian Federation","Russian Federation",,,,
"MEX","Mexico","Mexico",,,,
"ITA","Italy","Italy","EU",,,
"CHN","China","China",,,,
"FRA","France","France","EU",,,
"CHL","Chile","Chile",,,,
"EU","European Union","European Union",,,,
"TUR","Turkey","Turkey",,,,
"DEU","Germany","Germany","EU",,,"FRA"
"AUS","Australia","Australia",,,,"SYD"
"ARG","Argentina","Argentina",,,,
"CAN","Canada","Canada",,,,"TOR"
