"code","value","description","parent","reference data set","COUNTRY","related terms"
"83","West Dunbartonshire","","S","65fdc4cd-8a79-4e07-a8a8-e1ccc6712a9b",,
"64","East Dunbartonshire","","S",,,
"8","Cornwall","","E",,,
"60","Clackmannanshire","","S",,,
"56","Banffshire","","S",,,
"49","West Yorkshire","","E",,,
"52","Aberdeenshire","","S",,,
"28","Lincolnshire","","E",,,
"11","Derbyshire","","E",,,
"4","Bristol","","E",,,
"112","Londonderry","","NI",,,
"89","Cardiff","","W",,,
"75","North Lanarkshire","","S",,,
"21","Herefordshire","","E",,,
"111","Fermanagh","","NI",,,
"25","Kent","","E",,,
"E","England","",,,"",
"99","Neath Port Talbot.","","W",,,
"106","Vale of Glamorgan","","W",,,
"100","Newport.","","W",,,
"57","Berwickshire","","S",,,
"NI","Northern Ireland","",,,"",
"96","Isle of Anglesey","","W",,,
"38","Shropshire","","E",,,
"107","Wrexham","","W",,,
"5","Buckinghamshire","","E",,,
"50","Wiltshire","","E",,,
"77","Perth & Kinross","","S",,,
"34","Northumberland","","E",,,
"39","Somerset","","E",,,
"95","Gwynedd","","W",,,
"58","Borders","","S",,,
"90","Carmarthenshire","","W",,,
"26","Lancashire","","E",,,
"23","Isle of Wight","","E",,,
"29","Merseyside","","E",,,
"108","Antrim","","NI",,,
"40","South Gloucestershire","","E",,,
"19","Greater Manchester","","E",,,
"92","Conwy","","W",,,
"82","Stirlingshire","","S",,,
"55","Ayrshire","","S",,,
"27","Leicestershire","","E",,,
"43","Suffolk","","E",,,
"84","West Lothian","","S",,,
"71","Lanarkshire","","S",,,
"93","Denbighshire","","W",,,
"69","Inverclyde","","S",,,
"32","North Yorkshire","","E",,,
"63","East Ayrshire","","S",,,
"48","West Sussex","","E",,,
"17","Gloucestershire","","E",,,
"66","East Renfrewshire","","S",,,
"94","Flintshire","","W",,,
"109","Armagh","","NI",,,
"105","Torfaen","","W",,,
"45","Tyne & Wear","","E",,,
"41","South Yorkshire","","E",,,
"37","Rutland","","E",,,
"1","Bath and North East Somerset","","E",,,
"85","Western Isles","","S",,,
"47","West Midlands","","E",,,
"78","Renfrewshire","","S",,,
"54","Argyll & Bute","","S",,,
"6","Cambridgeshire","","E",,,
"33","Northamptonshire","","E",,,
"97","Merthyr Tydfil","","W",,,
"59","Caithness","","S",,,
"68","Highland","","S",,,
"62","Dunbartonshire","","S",,,
"15","East Sussex","","E",,,
"104","Swansea","","W",,,
"103","Rhondda Cynon Taff","","W",,,
"35","Nottinghamshire","","E",,,
"46","Warwickshire","","E",,,
"S","Scotland","",,,"",
"42","Staffordshire","","E",,,
"70","Kincardineshire","","S",,,
"80","South Ayrshire","","S",,,
"79","Shetland","","S",,,
"88","Caerphilly","","W",,,
"98","Monmouthshire","","W",,,
"81","South Lanarkshire","","S",,,
"91","Ceredigion","","W",,,
"61","Dumfries & Galloway","","S",,,
"7","Cheshire","","E",,,
"86","Blaenau Gwent","","W",,,
"3","Berkshire","","E",,,
"113","Tyrone","","NI",,,
"16","Essex","","E",,,
"12","Devon","","E",,,
"74","North Ayrshire","","S",,,
"110","Down","","NI",,,
"101","Pembrokeshire","","W",,,
"2","Bedfordshire","","E",,,
"51","Worcestershire","","E",,,
"67","Fife","","S",,,
"10","Cumbria","","E",,,
"65","East Lothian","","S",,,
"31","North Somerset","","E",,,
"9","County Durham","","E",,,
"53","Angus","","S",,,
"24","Isles of Scilly","","E",,,
"30","Norfolk","","E",,,
"W","Wales","",,,"",
"44","Surrey","","E",,,
"13","Dorset","","E",,,
"20","Hampshire","","E",,,
"22","Hertfordshire","","E",,,
"36","Oxfordshire","","E",,,
"102","Powys","","W",,,
"72","Midlothian","","S",,,
"73","Moray","","S",,,
"76","Orkney","","S",,,
"18","Greater London","","E",,,
"14","East Riding of Yorkshire","","E",,,
"87","Bridgend","","W",,,
