"code","value","description","parent","reference data set","ABBREVIATION","related terms"
"HI","Hawaii","",,"509bd23c-ef76-419f-9ec4-932b620a57ba","Hawaii",
"TN","Tennessee","",,,"Tenn.",
"DC","District of Columbia","",,,"D.C.",
"AR","Arkansas","",,,"Ark.",
"WY","Wyoming","",,,"Wyo.",
"RI","Rhode Island","",,,"R.I.",
"NE","Nebraska","",,,"Nebr.",
"LA","Louisiana","",,,"La.",
"VA","Virginia","",,,"Va.",
"MN","Minnesota","",,,"Minn.",
"CT","Connecticut","",,,"Conn.",
"OR","Oregon","",,,"Ore.",
"MA","Massachusetts","",,,"Mass.",
"NH","New Hampshire","",,,"N.H.",
"NM","New Mexico","",,,"N.M.",
"TX","Texas","",,,"Tex.",
"FL","Florida","",,,"Fla.",
"IA","Iowa","",,,"Iowa",
"AL","Alabama","",,,"Ala.",
"GA","Georgia","",,,"Ga.",
"NV","Nevada","",,,"Nev.",
"MD","Maryland","",,,"Md.",
"ND","North Dakota","",,,"N.D.",
"PA","Pennsylvania","",,,"Pa.",
"OK","Oklahoma","",,,"Okla.",
"SD","South Dakota","",,,"S.D.",
"ME","Maine","",,,"Maine",
"WA","Washington","",,,"Wash.",
"WI","Wisconsin","",,,"Wis.",
"NY","New York","",,,"N.Y.",
"UT","Utah","",,,"Utah",
"KS","Kansas","",,,"Kans.",
"MI","Michigan","",,,"Mich.",
"MT","Montana","",,,"Mont.",
"MO","Missouri","",,,"Mo.",
"SC","South Carolina","",,,"S.C.",
"CO","Colorado","",,,"Colo.",
"AK","Alaska","",,,"Alaska","e156e536-20a1-4d11-9b70-5ca2afc3f182"
"IN","Indiana","",,,"Ind.",
"AZ","Arizona","",,,"Ariz.",
"ID","Idaho","",,,"Idaho",
"NJ","New Jersey","",,,"N.J.",
"OH","Ohio","",,,"Ohio",
"KY","Kentucky","",,,"Ky.",
"DE","Delaware","",,,"Del.",
"NC","North Carolina","",,,"N.C.",
"VT","Vermont","",,,"Vt.",
"MS","Mississippi","",,,"Miss.",
"IL","Illinois","",,,"Ill.",
"WV","West Virginia","",,,"W.Va.",
"CA","California","",,,"Calif.",
