"code","value","description","parent","reference data set","related terms"
"NE","Niger","",,"18d9cce3-571e-492c-b97d-d2206075bb3c",
"NC","New Caledonia","",,,
"UZ","Uzbekistan","",,,
"ZW","Zimbabwe","",,,
"GE","Georgia","",,,
"SC","Seychelles","",,,
"AQ","Antarctica","",,,
"CC","Cocos (Keeling) Islands","",,,
"FK","Falkland Islands (Malvinas)","",,,
"JE","Jersey","",,,
"TN","Tunisia","",,,
"NZ","New Zealand","",,,
"JO","Jordan","",,,
"SS","South Sudan","",,,
"PK","Pakistan","",,,
"VG","Virgin Islands, British","",,,
"EH","Western Sahara","",,,
"MS","Montserrat","",,,
"SL","Sierra Leone","",,,
"BR","Brazil","",,,
"CG","Congo","",,,
"TO","Tonga","",,,
"GY","Guyana","",,,
"MX","Mexico","",,,
"LA","Lao People's Democratic Republic","",,,
"NR","Nauru","",,,
"WS","Samoa","",,,
"IN","India","",,,
"UM","United States Minor Outlying Islands","",,,
"SJ","Svalbard and Jan Mayen","",,,
"AW","Aruba","",,,
"EG","Egypt","",,,
"HU","Hungary","",,,
"TC","Turks and Caicos Islands","",,,
"MQ","Martinique","",,,
"SX","Sint Maarten (Dutch part)","",,,
"NO","Norway","",,,
"ME","Montenegro","",,,
"BJ","Benin","",,,
"MD","Moldova, Republic of","",,,
"DO","Dominican Republic","",,,
"MC","Monaco","",,,
"AE","United Arab Emirates","",,,
"SY","Syrian Arab Republic","",,,
"BZ","Belize","",,,
"SH","Saint Helena, Ascension and Tristan da Cunha","",,,
"TF","French Southern Territories","",,,
"AL","Albania","",,,
"MA","Morocco","",,,
"HR","Croatia","",,,
"NL","Netherlands","",,,
"SD","Sudan","",,,
"KH","Cambodia","",,,
"FO","Faroe Islands","",,,
"MG","Madagascar","",,,
"AO","Angola","",,,
"GL","Greenland","",,,
"BY","Belarus","",,,
"TK","Tokelau","",,,
"CM","Cameroon","",,,
"DM","Dominica","",,,
"TJ","Tajikistan","",,,
"MH","Marshall Islands","",,,
"CD","Congo, the Democratic Republic of the","",,,
"TV","Tuvalu","",,,
"KI","Kiribati","",,,
"PH","Philippines","",,,
"BI","Burundi","",,,
"CA","Canada","",,,
"RW","Rwanda","",,,
"TG","Togo","",,,
"BQ","Bonaire, Sint Eustatius and Saba","",,,
"KZ","Kazakhstan","",,,
"BD","Bangladesh","",,,
"LT","Lithuania","",,,
"IL","Israel","",,,
"FR","France","",,,
"LI","Liechtenstein","",,,
"FM","Micronesia, Federated States of","",,,
"NI","Nicaragua","",,,
"MM","Myanmar","",,,
"JP","Japan","",,,
"IT","Italy","",,,
"IM","Isle of Man","",,,
"GA","Gabon","",,,
"BS","Bahamas","",,,
"GN","Guinea","",,,
"CI","Côte d'Ivoire","",,,
"CV","Cape Verde","",,,
"SO","Somalia","",,,
"TM","Turkmenistan","",,,
"TW","Taiwan, Province of China","",,,
"BT","Bhutan","",,,
"PR","Puerto Rico","",,,
"SG","Singapore","",,,
"GG","Guernsey","",,,
"KN","Saint Kitts and Nevis","",,,
"CF","Central African Republic","",,,
"AF","Afghanistan","",,,
"WF","Wallis and Futuna","",,,
"VE","Venezuela, Bolivarian Republic of","",,,
"VA","Holy See (Vatican City State)","",,,
"QA","Qatar","",,,
"ZM","Zambia","",,,
"CL","Chile","",,,
"YE","Yemen","",,,
"MU","Mauritius","",,,
"PY","Paraguay","",,,
"GU","Guam","",,,
"GS","South Georgia and the South Sandwich Islands","",,,
"MV","Maldives","",,,
"PN","Pitcairn","",,,
"GR","Greece","",,,
"PL","Poland","",,,
"BF","Burkina Faso","",,,
"SB","Solomon Islands","",,,
"MT","Malta","",,,
"VI","Virgin Islands, U.S.","",,,
"NU","Niue","",,,
"BH","Bahrain","",,,
"KG","Kyrgyzstan","",,,
"ML","Mali","",,,
"AM","Armenia","",,,
"VU","Vanuatu","",,,
"TD","Chad","",,,
"KP","Korea, Democratic People's Republic of","",,,
"MO","Macao","",,,
"LU","Luxembourg","",,,
"HM","Heard Island and McDonald Islands","",,,
"UY","Uruguay","",,,
"SZ","Swaziland","",,,
"RS","Serbia","",,,
"PT","Portugal","",,,
"SM","San Marino","",,,
"YT","Mayotte","",,,
"MK","Macedonia, the Former Yugoslav Republic of","",,,
"ER","Eritrea","",,,
"GF","French Guiana","",,,
"LB","Lebanon","",,,
"IE","Ireland","",,,
"KE","Kenya","",,,
"ZA","South Africa","",,,
"GT","Guatemala","",,,
"GQ","Equatorial Guinea","",,,
"SI","Slovenia","",,,
"PS","Palestine, State of","",,,
"BV","Bouvet Island","",,,
"BG","Bulgaria","",,,
"CX","Christmas Island","",,,
"DK","Denmark","",,,
"MF","Saint Martin (French part)","",,,
"MN","Mongolia","",,,
"CW","Curaçao","",,,
"CK","Cook Islands","",,,
"JM","Jamaica","",,,
"SN","Senegal","",,,
"DJ","Djibouti","",,,
"DZ","Algeria","",,,
"CH","Switzerland","",,,
"IR","Iran, Islamic Republic of","",,,
"HK","Hong Kong","",,,
"KY","Cayman Islands","",,,
"NF","Norfolk Island","",,,
"SV","El Salvador","",,,
"BE","Belgium","",,,
"PE","Peru","",,,
"BN","Brunei Darussalam","",,,
"BW","Botswana","",,,
"KW","Kuwait","",,,
"EE","Estonia","",,,
"RU","Russian Federation","",,,
"TH","Thailand","",,,
"BO","Bolivia, Plurinational State of","",,,
"FJ","Fiji","",,,
"AX","Åland Islands","",,,
"PF","French Polynesia","",,,
"AU","Australia","",,,
"IS","Iceland","",,,
"NP","Nepal","",,,
"UG","Uganda","",,,
"GM","Gambia","",,,
"AZ","Azerbaijan","",,,
"PM","Saint Pierre and Miquelon","",,,
"MR","Mauritania","",,,
"CN","China","",,,
"GH","Ghana","",,,
"TL","Timor-Leste","",,,
"AD","Andorra","",,,
"PA","Panama","",,,
"CU","Cuba","",,,
"OM","Oman","",,,
"ET","Ethiopia","",,,
"AS","American Samoa","",,,
"GP","Guadeloupe","",,,
"EC","Ecuador","",,,
"ID","Indonesia","",,,
"AR","Argentina","",,,
"RE","Réunion","",,,
"SK","Slovakia","",,,
"US","United States","",,,
"BB","Barbados","",,,
"SA","Saudi Arabia","",,,
"LS","Lesotho","",,,
"KR","Korea, Republic of","",,,
"TT","Trinidad and Tobago","",,,
"TR","Turkey","",,,
"LK","Sri Lanka","",,,
"VN","Viet Nam","",,,
"MZ","Mozambique","",,,
"FI","Finland","",,,
"CR","Costa Rica","",,,
"VC","Saint Vincent and the Grenadines","",,,
"AI","Anguilla","",,,
"SR","Suriname","",,,
"MY","Malaysia","",,,
"LV","Latvia","",,,
"DE","Germany","",,,
"ES","Spain","",,,
"MP","Northern Mariana Islands","",,,
"MW","Malawi","",,,
"PW","Palau","",,,
"HN","Honduras","",,,
"NA","Namibia","",,,
"PG","Papua New Guinea","",,,
"HT","Haiti","",,,
"CY","Cyprus","",,,
"LR","Liberia","",,,
"LC","Saint Lucia","",,,
"UA","Ukraine","",,,
"CZ","Czech Republic","",,,
"BA","Bosnia and Herzegovina","",,,
"AT","Austria","",,,
"ST","Sao Tome and Principe","",,,
"AG","Antigua and Barbuda","",,,
"BL","Saint Barthélemy","",,,
"GD","Grenada","",,,
"SE","Sweden","",,,
"GW","Guinea-Bissau","",,,
"GB","United Kingdom","",,,
"KM","Comoros","",,,
"NG","Nigeria","",,,
"TZ","Tanzania, United Republic of","",,,
"BM","Bermuda","",,,
"IQ","Iraq","",,,
"GI","Gibraltar","",,,
"LY","Libya","",,,
"RO","Romania","",,,
"CO","Colombia","",,,
"IO","British Indian Ocean Territory","",,,
