{"metadata":{"asset_id":"e8cdca16-d295-45ed-8c3e-8410c3f1e64a","asset_attributes":["data_asset","column_info","discovered_asset"],"name":"STATE_AVG_PRICE","asset_type":"data_asset","created_at":"2023-01-05T16:34:42Z","description":"","origin_country":"us","owner_id":"1000330999","project_id":"1fc39077-1bc1-4002-84ab-948d78db1a56","size":0,"tags":["cpd"],"usage":{"last_update_time":1672936482918,"last_updated_at":"2023-01-05T16:34:42Z"}},"entity":{"data_asset":{"mime_type":"application/x-ibm-rel-table","dataset":true,"columns":[{"name":"calendar_year","type":{"length":10,"nullable":true,"type":"integer","scale":0,"signed":true}},{"name":"state","type":{"length":50,"nullable":true,"type":"varchar","scale":0,"signed":false}},{"name":"avg_price","type":{"length":22,"nullable":true,"type":"double","scale":0,"signed":true}}],"properties":[{"name":"schema_name","value":"cpd"},{"name":"table_name","value":"STATE_AVG_PRICE"}]},"column_info":{"avg_price":{},"calendar_year":{},"state":{}},"discovered_asset":{"properties":{},"connection_id":"7e9f73e2-36a6-4121-bd9d-9037b236e73a","connection_path":"/cpd/STATE_AVG_PRICE","discovery_id":"534718c6-1df7-4cd0-b5ac-51401b9953c2","extended_metadata":[{"name":"num_columns","value":3},{"name":"parent_tables","value":[]},{"name":"num_children","value":0},{"name":"table_schema","value":"cpd"},{"name":"foreign_keys","value":[]},{"name":"primary_key","value":{"key_columns":[]}},{"name":"num_parents","value":0},{"name":"child_tables","value":[]},{"name":"table_type","value":"TABLE"}],"metadata_import_id":"4d99ffa3-a65e-4189-9f75-d594a7f059f6","first_imported_timestamp":1672936482892,"last_imported_timestamp":1672936482892,"outdated_timestamp":0,"last_discovered_timestamp":1672936482892,"outdated_reason":""}},"attachments":[{"id":"269eb06d-64ab-48ac-a1a5-6b7d9eeac50a","version":2,"asset_type":"data_asset","name":"reference_data","connection_id":"7e9f73e2-36a6-4121-bd9d-9037b236e73a","connection_path":"/cpd/STATE_AVG_PRICE","datasource_type":"0cd4b64c-b485-47ed-a8c4-329c25412de3","creator_id":"icp4d-dev","create_time":1672936482755,"size":0,"is_remote":true,"is_managed":false,"is_referenced":false,"is_object_key_read_only":false,"is_user_provided_path_key":true,"transfer_complete":true,"is_partitioned":false,"complete_time_ticks":1672936482755,"user_data":{},"test_doc":0,"usage":{"access_count":0,"last_accessor_id":"icp4d-dev","last_access_time":1672936482755}}]}