{"metadata":{"asset_id":"3dbfa825-73f1-4f13-bc41-121af9564173","asset_attributes":["job"],"name":"DB2 Metadata Import job","asset_type":"job","created_at":"2023-01-04T13:21:08Z","description":"","origin_country":"us","owner_id":"1000331003","project_id":"1fc39077-1bc1-4002-84ab-948d78db1a56","size":0,"usage":{"last_update_time":1672914812755,"last_updated_at":"2023-01-05T10:33:32Z"}},"entity":{"job":{"asset_ref_type":"metadata_import","configuration":{"env_type":"","env_variables":[]},"last_run_initiator":"deprecated field","last_run_time":"deprecated field","last_run_status":"deprecated field","last_run_status_timestamp":0,"future_scheduled_runs":[],"enable_notifications":true,"project_name":"Enrich and Publish to the Catalog","asset_ref":"1dc1f5da-9635-4cf4-b1b8-67fcb0fd141e","schedule_id":"","schedule_creator_id":"","schedule":""}}}