{"metadata":{"asset_id":"ae32be82-c190-499f-84cf-09e329a746de","asset_attributes":["job"],"name":"DB2WH Metadata Import job","asset_type":"job","created_at":"2023-01-04T13:05:57Z","description":"","origin_country":"us","owner_id":"1000331003","project_id":"1fc39077-1bc1-4002-84ab-948d78db1a56","size":0,"usage":{"last_update_time":1672837557370,"last_updated_at":"2023-01-04T13:05:57Z"}},"entity":{"job":{"asset_ref_type":"metadata_import","configuration":{"env_type":"","env_variables":[]},"last_run_initiator":"deprecated field","last_run_time":"deprecated field","last_run_status":"deprecated field","last_run_status_timestamp":0,"future_scheduled_runs":[],"enable_notifications":true,"project_name":"Enrich and Publish to the Catalog","asset_ref":"1ca9a55c-a553-47f4-9117-a10b515664cd","schedule_id":"","schedule_creator_id":""}}}