{"metadata":{"asset_id":"1b5dea1e-1fc4-45b4-9677-2302a6faa4c4","asset_attributes":["job"],"name":"DataQuack_MySQL Metadata Import job","asset_type":"job","created_at":"2023-01-05T16:34:36Z","description":"","origin_country":"us","owner_id":"1000331003","project_id":"1fc39077-1bc1-4002-84ab-948d78db1a56","size":0,"usage":{"last_update_time":1672936476313,"last_updated_at":"2023-01-05T16:34:36Z"}},"entity":{"job":{"asset_ref_type":"metadata_import","configuration":{"env_type":"","env_variables":[]},"last_run_initiator":"deprecated field","last_run_time":"deprecated field","last_run_status":"deprecated field","last_run_status_timestamp":0,"future_scheduled_runs":[],"enable_notifications":true,"project_name":"Enrich and Publish Project","asset_ref":"4d99ffa3-a65e-4189-9f75-d594a7f059f6","schedule_id":"","schedule_creator_id":""}}}