{"metadata":{"asset_id":"cfc4fccf-81a7-457e-b0b2-894212f665ff","asset_attributes":["job"],"name":"DB2WH Metadata Enrich_publish_job","asset_type":"job","created_at":"2023-01-04T13:55:02Z","origin_country":"us","owner_id":"1000331003","project_id":"1fc39077-1bc1-4002-84ab-948d78db1a56","size":0,"usage":{"last_update_time":1672840502738,"last_updated_at":"2023-01-04T13:55:02Z"}},"entity":{"job":{"asset_ref_type":"metadata_enrichment_area_publish","configuration":{"metadata_enrichment_area_id":"f3a9edd9-eff0-4773-a8c3-825de924bb32","env_type":"metadata_enrichment_area_publish","env_variables":[]},"last_run_initiator":"deprecated field","last_run_time":"deprecated field","last_run_status":"deprecated field","last_run_status_timestamp":0,"future_scheduled_runs":[],"enable_notifications":true,"project_name":"Enrich and Publish to the Catalog","schedule_id":"","schedule_creator_id":""}}}