{"metadata":{"asset_id":"bcaa09f0-1646-4be4-bac0-82a590729fd2","asset_attributes":["job"],"name":"DataQuack PostgreSQL Metadata Import","asset_type":"job","created_at":"2023-01-05T10:38:29Z","origin_country":"us","owner_id":"1000331003","project_id":"1fc39077-1bc1-4002-84ab-948d78db1a56","size":0,"usage":{"last_update_time":1672930618472,"last_updated_at":"2023-01-05T14:56:58Z"}},"entity":{"job":{"asset_ref_type":"metadata_enrichment_area","configuration":{"env_type":"","env_variables":[]},"schedule_info":{},"last_run_initiator":"deprecated field","last_run_time":"deprecated field","last_run_status":"deprecated field","last_run_status_timestamp":0,"future_scheduled_runs":[],"enable_notifications":true,"project_name":"Enrich and Publish to the Catalog","asset_ref":"a62bb492-7361-483a-9e43-5f03db8706da","schedule_id":"","schedule_creator_id":""}}}