{"metadata":{"asset_id":"b4e2f8b7-67ec-4af9-b0d7-b33079cf4297","asset_attributes":["job"],"name":"DB2WH Metadata Enrich","asset_type":"job","created_at":"2023-01-04T13:17:39Z","origin_country":"us","owner_id":"1000331003","project_id":"1fc39077-1bc1-4002-84ab-948d78db1a56","size":0,"usage":{"last_update_time":1672838260371,"last_updated_at":"2023-01-04T13:17:40Z"}},"entity":{"job":{"asset_ref_type":"metadata_enrichment_area","configuration":{"env_type":"","env_variables":[]},"schedule_info":{},"last_run_initiator":"deprecated field","last_run_time":"deprecated field","last_run_status":"deprecated field","last_run_status_timestamp":0,"future_scheduled_runs":[],"enable_notifications":true,"project_name":"Enrich and Publish to the Catalog","asset_ref":"f3a9edd9-eff0-4773-a8c3-825de924bb32","schedule_id":"","schedule_creator_id":""}}}