{"metadata":{"asset_id":"d662c5f0-9df5-46b8-8553-e0db901d8c99","asset_attributes":["job_run"],"name":"job run","asset_type":"job_run","created_at":"2023-01-05T09:33:17Z","origin_country":"us","owner_id":"1000331003","project_id":"1fc39077-1bc1-4002-84ab-948d78db1a56","size":251,"usage":{"last_update_time":1672911210838,"last_updated_at":"2023-01-05T09:33:30Z"}},"entity":{"job_run":{"job_ref":"cfc4fccf-81a7-457e-b0b2-894212f665ff","job_name":"DB2WH Metadata Enrich_publish_job","job_type":"metadata_enrichment_area_publish","state":"Completed","isScheduledRun":false,"configuration":{"metadata_enrichment_area_id":"f3a9edd9-eff0-4773-a8c3-825de924bb32","env_type":"metadata_enrichment_area_publish","env_variables":[],"skip_notifications":false,"catalog_id":"f5ad86e0-5907-419f-bbee-2e739e1baf25","duplicate_action":"UPDATE","asset_ids":["c19798dc-5e76-4918-b87c-a1d73c62d325"]},"project_name":"Enrich and Publish to the Catalog","last_state_change_timestamp":"2023-01-05T09:33:30Z","duration":13}},"attachments":[{"id":"ba7cfb2f-38da-4f7f-acdc-333cb46afc19","version":2,"asset_type":"job_run","name":"jobRunLog_2c119417-b890-46ad-addd-efa75a5e7830","mime":"text/plain","datasource_type":"81bafdbd-b7c6-45c5-a4fd-6ec135f66f4e","object_key":"mdesm/jobRunLog_2c119417-b890-46ad-addd-efa75a5e7830.txt","creator_id":"icp4d-dev","create_time":1672911210394,"size":251,"is_remote":false,"is_managed":false,"is_referenced":true,"is_object_key_read_only":false,"is_user_provided_path_key":true,"transfer_complete":true,"is_partitioned":false,"complete_time_ticks":1672911210394,"user_data":{},"test_doc":0,"handle":{"type":"assetfiles","key":"mdesm/jobRunLog_2c119417-b890-46ad-addd-efa75a5e7830.txt","upload_id":"done","max_part_num":1},"usage":{"access_count":0,"last_accessor_id":"icp4d-dev","last_access_time":1672911210394}},{"id":"f07b6bc1-6f37-481d-97da-1a375b639e32","version":2,"asset_type":"job_run","name":"d662c5f0-9df5-46b8-8553-e0db901d8c99","description":"log for job run d662c5f0-9df5-46b8-8553-e0db901d8c99","mime":"application/json","datasource_type":"81bafdbd-b7c6-45c5-a4fd-6ec135f66f4e","object_key":"mdesm/jobRunLog_2c119417-b890-46ad-addd-efa75a5e7830.txt","creator_id":"icp4d-dev","create_time":1672911210672,"size":0,"is_remote":false,"is_managed":false,"is_referenced":true,"is_object_key_read_only":false,"is_user_provided_path_key":true,"transfer_complete":true,"is_partitioned":true,"complete_time_ticks":1672911210672,"user_data":{},"test_doc":0,"handle":{"type":"assetfiles","key":"mdesm/jobRunLog_2c119417-b890-46ad-addd-efa75a5e7830.txt","upload_id":"done","max_part_num":1},"usage":{"access_count":0,"last_accessor_id":"icp4d-dev","last_access_time":1672911210672}}]}