{"metadata":{"asset_id":"982e88e2-9980-4679-8e9a-c03f7a9f4348","asset_attributes":["job_run"],"name":"job run","asset_type":"job_run","created_at":"2023-01-05T14:07:29Z","origin_country":"us","owner_id":"1000331003","project_id":"1fc39077-1bc1-4002-84ab-948d78db1a56","size":251,"usage":{"last_update_time":1672927671770,"last_updated_at":"2023-01-05T14:07:51Z"}},"entity":{"job_run":{"job_ref":"7928cce8-1020-4fdc-96a5-05c6989509dd","job_name":"DB2WH Data Fabric Trial Metadata Enrich_publish_job","job_type":"metadata_enrichment_area_publish","state":"Completed","isScheduledRun":false,"configuration":{"metadata_enrichment_area_id":"687b9915-5e5b-43ce-b69f-4f410d146de0","env_type":"metadata_enrichment_area_publish","env_variables":[],"skip_notifications":false,"catalog_id":"723c476b-0ee9-4a07-8ffb-43027cb76459","duplicate_action":"UPDATE","asset_ids":["6727465c-c795-4691-b1f9-16d2ec21e218"]},"project_name":"Enrich and Publish Project","last_state_change_timestamp":"2023-01-05T14:07:51Z","duration":20}},"attachments":[{"id":"33299b19-45f5-4bec-a63a-f2b92561fd2d","version":2,"asset_type":"job_run","name":"jobRunLog_eaee2d8b-ee84-46cd-bca1-b4a61fcab2f4","mime":"text/plain","datasource_type":"81bafdbd-b7c6-45c5-a4fd-6ec135f66f4e","object_key":"mdesm/jobRunLog_eaee2d8b-ee84-46cd-bca1-b4a61fcab2f4.txt","creator_id":"icp4d-dev","create_time":1672927670480,"size":251,"is_remote":false,"is_managed":false,"is_referenced":true,"is_object_key_read_only":false,"is_user_provided_path_key":true,"transfer_complete":true,"is_partitioned":false,"complete_time_ticks":1672927670480,"user_data":{},"test_doc":0,"handle":{"type":"assetfiles","key":"mdesm/jobRunLog_eaee2d8b-ee84-46cd-bca1-b4a61fcab2f4.txt","upload_id":"done","max_part_num":1},"usage":{"access_count":0,"last_accessor_id":"icp4d-dev","last_access_time":1672927670480}},{"id":"5b81a5a3-b1b0-4229-9dfe-3b527881f1a2","version":2,"asset_type":"job_run","name":"982e88e2-9980-4679-8e9a-c03f7a9f4348","description":"log for job run 982e88e2-9980-4679-8e9a-c03f7a9f4348","mime":"application/json","datasource_type":"81bafdbd-b7c6-45c5-a4fd-6ec135f66f4e","object_key":"mdesm/jobRunLog_eaee2d8b-ee84-46cd-bca1-b4a61fcab2f4.txt","creator_id":"icp4d-dev","create_time":1672927671482,"size":0,"is_remote":false,"is_managed":false,"is_referenced":true,"is_object_key_read_only":false,"is_user_provided_path_key":true,"transfer_complete":true,"is_partitioned":true,"complete_time_ticks":1672927671482,"user_data":{},"test_doc":0,"handle":{"type":"assetfiles","key":"mdesm/jobRunLog_eaee2d8b-ee84-46cd-bca1-b4a61fcab2f4.txt","upload_id":"done","max_part_num":1},"usage":{"access_count":0,"last_accessor_id":"icp4d-dev","last_access_time":1672927671482}}]}