{"metadata":{"asset_id":"850d51c7-c542-4bd8-b457-af28fa72793f","asset_attributes":["job_run"],"name":"job run","asset_type":"job_run","created_at":"2023-01-04T13:06:00Z","origin_country":"us","owner_id":"1000331003","project_id":"1fc39077-1bc1-4002-84ab-948d78db1a56","size":0,"usage":{"last_update_time":1672837576495,"last_updated_at":"2023-01-04T13:06:16Z"}},"entity":{"job_run":{"job_ref":"ae32be82-c190-499f-84cf-09e329a746de","job_name":"DB2WH Metadata Import job","job_type":"metadata_import","state":"Completed","isScheduledRun":false,"configuration":{"env_type":"","env_variables":[],"discovery":{"metadata":{"id":"51aea3c0-0d80-4b4d-974e-bf228b164bcc","invoked_by":"1000331003","bss_account_id":"999","created_at":1672837560534,"started_at":1672837560953,"discovered_at":1672837568472,"processed_at":1672837573594,"finished_at":1672837573594},"entity":{"statistics":{"discovered":4,"discovered_with_children":4,"submit_succ":4,"create_succ":4,"create_succ_with_children":4,"number_of_new_assets":4,"number_of_updated_assets":0,"number_of_removed_assets":0},"status":"COMPLETED","connection_id":"90ddb4d3-2460-4a40-b41f-70b8a1afdf45","project_id":"1fc39077-1bc1-4002-84ab-948d78db1a56","job_id":"ae32be82-c190-499f-84cf-09e329a746de","job_run_id":"850d51c7-c542-4bd8-b457-af28fa72793f","metadata_import_id":"1ca9a55c-a553-47f4-9117-a10b515664cd","import_type":"metadata","scope":{"paths":["/ASSURANCE_CIE"]}}}},"project_name":"Enrich and Publish to the Catalog","runtime_job_id":"51aea3c0-0d80-4b4d-974e-bf228b164bcc","last_state_change_timestamp":"2023-01-04T13:06:16Z","duration":14}},"attachments":[{"id":"157dc85c-e797-49c1-89bb-c6aff63f6996","version":2,"asset_type":"job_run","name":"850d51c7-c542-4bd8-b457-af28fa72793f","description":"log for job run 850d51c7-c542-4bd8-b457-af28fa72793f","mime":"application/json","datasource_type":"81bafdbd-b7c6-45c5-a4fd-6ec135f66f4e","object_key":"job_run/log/850d51c7-c542-4bd8-b457-af28fa72793f","creator_id":"icp4d-dev","create_time":1672837575612,"size":0,"is_remote":false,"is_managed":false,"is_referenced":true,"is_object_key_read_only":false,"is_user_provided_path_key":true,"transfer_complete":true,"is_partitioned":true,"complete_time_ticks":1672837575612,"user_data":{},"test_doc":0,"handle":{"type":"assetfiles","key":"job_run/log/850d51c7-c542-4bd8-b457-af28fa72793f","upload_id":"done","max_part_num":1},"usage":{"access_count":0,"last_accessor_id":"icp4d-dev","last_access_time":1672837575612}},{"id":"cdc7f03a-baba-4395-827f-9dca8c1e9a2d","version":2,"asset_type":"job_run","name":"850d51c7-c542-4bd8-b457-af28fa72793f","description":"log for job run 850d51c7-c542-4bd8-b457-af28fa72793f","mime":"application/json","datasource_type":"81bafdbd-b7c6-45c5-a4fd-6ec135f66f4e","object_key":"job_run/log/850d51c7-c542-4bd8-b457-af28fa72793f","creator_id":"icp4d-dev","create_time":1672837576377,"size":0,"is_remote":false,"is_managed":false,"is_referenced":true,"is_object_key_read_only":false,"is_user_provided_path_key":true,"transfer_complete":true,"is_partitioned":true,"complete_time_ticks":1672837576377,"user_data":{},"test_doc":0,"handle":{"type":"assetfiles","key":"job_run/log/850d51c7-c542-4bd8-b457-af28fa72793f","upload_id":"done","max_part_num":1},"usage":{"access_count":0,"last_accessor_id":"icp4d-dev","last_access_time":1672837576377}}]}