{"metadata":{"asset_id":"f536c463-d223-4982-b6c3-15311d237bd6","asset_attributes":["job_run"],"name":"job run","asset_type":"job_run","created_at":"2023-01-05T14:45:36Z","origin_country":"us","owner_id":"1000331003","project_id":"1fc39077-1bc1-4002-84ab-948d78db1a56","size":254,"usage":{"last_update_time":1672929971218,"last_updated_at":"2023-01-05T14:46:11Z"}},"entity":{"job_run":{"job_ref":"7928cce8-1020-4fdc-96a5-05c6989509dd","job_name":"DB2WH Data Fabric Trial Metadata Enrich_publish_job","job_type":"metadata_enrichment_area_publish","state":"Completed","isScheduledRun":false,"configuration":{"metadata_enrichment_area_id":"687b9915-5e5b-43ce-b69f-4f410d146de0","env_type":"metadata_enrichment_area_publish","env_variables":[],"skip_notifications":false,"catalog_id":"723c476b-0ee9-4a07-8ffb-43027cb76459","duplicate_action":"UPDATE","asset_ids":["642493ec-b82e-45cb-b621-d8ecdad79623","91c116b0-fb86-4bc5-a478-65bdb35bd824","9328cef0-eec7-4f97-8d84-9aaaa332812c","513320b4-f27d-4915-a041-6c9c22544e8f","c02bba59-38c0-4977-a621-65069c4942a6","6727465c-c795-4691-b1f9-16d2ec21e218","8dea7480-9a59-4174-a989-7010c646cc61","41ac9a34-f0a0-4c89-9a63-fd527c26cf26","08e0bee7-ed57-4531-9220-82d8ec100934","696ea107-5ac7-498b-aa8d-a9b7eb2c2ef2","a504297b-38fe-4f8c-81f4-fb43786d1e77","e28d0af1-b2ee-4778-8f7e-2db6d63e21ad","285d4fe8-dccb-4350-bf3b-c76842bea8a1","57c2ea6f-d014-4782-b2df-5369003fed9e","f841d57f-b222-4267-bd1a-c6214d261fc6","f58c9373-2185-4350-90b0-b12ec4d0e15d","a7a15fa6-bf0c-4b17-be2b-c79df84c9e88"]},"project_name":"Enrich and Publish Project","last_state_change_timestamp":"2023-01-05T14:46:11Z","duration":34}},"attachments":[{"id":"75b1741d-0bf2-44b0-afea-c721547a094b","version":2,"asset_type":"job_run","name":"jobRunLog_94d3c783-4904-447a-9243-734caaf80ad8","mime":"text/plain","datasource_type":"81bafdbd-b7c6-45c5-a4fd-6ec135f66f4e","object_key":"mdesm/jobRunLog_94d3c783-4904-447a-9243-734caaf80ad8.txt","creator_id":"icp4d-dev","create_time":1672929970820,"size":254,"is_remote":false,"is_managed":false,"is_referenced":true,"is_object_key_read_only":false,"is_user_provided_path_key":true,"transfer_complete":true,"is_partitioned":false,"complete_time_ticks":1672929970820,"user_data":{},"test_doc":0,"handle":{"type":"assetfiles","key":"mdesm/jobRunLog_94d3c783-4904-447a-9243-734caaf80ad8.txt","upload_id":"done","max_part_num":1},"usage":{"access_count":0,"last_accessor_id":"icp4d-dev","last_access_time":1672929970820}},{"id":"d7d0691d-3e81-446f-9790-b6826e572e26","version":2,"asset_type":"job_run","name":"f536c463-d223-4982-b6c3-15311d237bd6","description":"log for job run f536c463-d223-4982-b6c3-15311d237bd6","mime":"application/json","datasource_type":"81bafdbd-b7c6-45c5-a4fd-6ec135f66f4e","object_key":"mdesm/jobRunLog_94d3c783-4904-447a-9243-734caaf80ad8.txt","creator_id":"icp4d-dev","create_time":1672929971073,"size":0,"is_remote":false,"is_managed":false,"is_referenced":true,"is_object_key_read_only":false,"is_user_provided_path_key":true,"transfer_complete":true,"is_partitioned":true,"complete_time_ticks":1672929971073,"user_data":{},"test_doc":0,"handle":{"type":"assetfiles","key":"mdesm/jobRunLog_94d3c783-4904-447a-9243-734caaf80ad8.txt","upload_id":"done","max_part_num":1},"usage":{"access_count":0,"last_accessor_id":"icp4d-dev","last_access_time":1672929971073}}]}