{"metadata":{"asset_id":"11f9a861-3c36-43c5-80cf-0920b283762b","asset_attributes":["job_run"],"name":"job run","asset_type":"job_run","created_at":"2023-01-09T09:46:03Z","origin_country":"us","owner_id":"1000331003","project_id":"1fc39077-1bc1-4002-84ab-948d78db1a56","size":251,"usage":{"last_update_time":1673257572076,"last_updated_at":"2023-01-09T09:46:12Z"}},"entity":{"job_run":{"job_ref":"7928cce8-1020-4fdc-96a5-05c6989509dd","job_name":"DB2WH Data Fabric Trial Metadata Enrich_publish_job","job_type":"metadata_enrichment_area_publish","state":"Completed","isScheduledRun":false,"configuration":{"metadata_enrichment_area_id":"687b9915-5e5b-43ce-b69f-4f410d146de0","env_type":"metadata_enrichment_area_publish","env_variables":[],"skip_notifications":false,"catalog_id":"723c476b-0ee9-4a07-8ffb-43027cb76459","duplicate_action":"UPDATE","asset_ids":["642493ec-b82e-45cb-b621-d8ecdad79623"]},"project_name":"Enrich and Publish Data Project","last_state_change_timestamp":"2023-01-09T09:46:11Z","duration":7}},"attachments":[{"id":"f43350c8-d65d-437e-901b-b1fa46e16be8","version":2,"asset_type":"job_run","name":"jobRunLog_ef9a268e-5f47-4750-881c-a6b3e5b01f52","mime":"text/plain","datasource_type":"81bafdbd-b7c6-45c5-a4fd-6ec135f66f4e","object_key":"mdesm/jobRunLog_ef9a268e-5f47-4750-881c-a6b3e5b01f52.txt","creator_id":"icp4d-dev","create_time":1673257570675,"size":251,"is_remote":false,"is_managed":false,"is_referenced":true,"is_object_key_read_only":false,"is_user_provided_path_key":true,"transfer_complete":true,"is_partitioned":false,"complete_time_ticks":1673257570675,"user_data":{},"test_doc":0,"handle":{"type":"assetfiles","key":"mdesm/jobRunLog_ef9a268e-5f47-4750-881c-a6b3e5b01f52.txt","upload_id":"done","max_part_num":1},"usage":{"access_count":0,"last_accessor_id":"icp4d-dev","last_access_time":1673257570675}},{"id":"e233b96b-e460-4398-b421-a27371214570","version":2,"asset_type":"job_run","name":"11f9a861-3c36-43c5-80cf-0920b283762b","description":"log for job run 11f9a861-3c36-43c5-80cf-0920b283762b","mime":"application/json","datasource_type":"81bafdbd-b7c6-45c5-a4fd-6ec135f66f4e","object_key":"mdesm/jobRunLog_ef9a268e-5f47-4750-881c-a6b3e5b01f52.txt","creator_id":"icp4d-dev","create_time":1673257571666,"size":0,"is_remote":false,"is_managed":false,"is_referenced":true,"is_object_key_read_only":false,"is_user_provided_path_key":true,"transfer_complete":true,"is_partitioned":true,"complete_time_ticks":1673257571666,"user_data":{},"test_doc":0,"handle":{"type":"assetfiles","key":"mdesm/jobRunLog_ef9a268e-5f47-4750-881c-a6b3e5b01f52.txt","upload_id":"done","max_part_num":1},"usage":{"access_count":0,"last_accessor_id":"icp4d-dev","last_access_time":1673257571666}}]}