{"metadata":{"asset_id":"cca336c7-a050-43fa-8db0-c78e92e6d1ed","asset_attributes":["job_run"],"name":"job run","asset_type":"job_run","created_at":"2023-01-05T12:35:15Z","origin_country":"us","owner_id":"1000331003","project_id":"1fc39077-1bc1-4002-84ab-948d78db1a56","size":533,"usage":{"last_update_time":1672922292671,"last_updated_at":"2023-01-05T12:38:12Z"}},"entity":{"job_run":{"job_ref":"befaabb4-e085-476e-afdc-53aa66d51692","job_name":"DB2WH Data Fabric Trial Metadata Enrich","job_type":"metadata_enrichment_area","state":"Completed","isScheduledRun":false,"configuration":{"env_type":"","env_variables":[],"skip_notifications":false,"metadata_enrichment_assets":[{"asset_id":"642493ec-b82e-45cb-b621-d8ecdad79623","name":"AREA_AVG_PRICE"},{"asset_id":"91c116b0-fb86-4bc5-a478-65bdb35bd824","name":"COMMERCIAL_CLIENT"},{"asset_id":"9328cef0-eec7-4f97-8d84-9aaaa332812c","name":"CREDIT_SCORE"},{"asset_id":"513320b4-f27d-4915-a041-6c9c22544e8f","name":"CREDIT_SCORE_OLD"},{"asset_id":"c02bba59-38c0-4977-a621-65069c4942a6","name":"DS_MORTGAGE_APPROVAL"},{"asset_id":"6727465c-c795-4691-b1f9-16d2ec21e218","name":"HOUSE_PRICE"},{"asset_id":"8dea7480-9a59-4174-a989-7010c646cc61","name":"MORTGAGE_APPLICANT"},{"asset_id":"41ac9a34-f0a0-4c89-9a63-fd527c26cf26","name":"MORTGAGE_APPLICANTS"},{"asset_id":"08e0bee7-ed57-4531-9220-82d8ec100934","name":"MORTGAGE_APPLICANT_OLD"},{"asset_id":"696ea107-5ac7-498b-aa8d-a9b7eb2c2ef2","name":"MORTGAGE_APPLICATION"},{"asset_id":"a504297b-38fe-4f8c-81f4-fb43786d1e77","name":"MORTGAGE_APPROVAL_TABLE"},{"asset_id":"e28d0af1-b2ee-4778-8f7e-2db6d63e21ad","name":"MORTGAGE_APPROVAL_VIEW"},{"asset_id":"285d4fe8-dccb-4350-bf3b-c76842bea8a1","name":"MORTGAGE_APPROVE"},{"asset_id":"57c2ea6f-d014-4782-b2df-5369003fed9e","name":"MORTGAGE_DATA"},{"asset_id":"f841d57f-b222-4267-bd1a-c6214d261fc6","name":"MORTGAGE_DATA_WITH_APPROVALS"},{"asset_id":"f58c9373-2185-4350-90b0-b12ec4d0e15d","name":"MORTGAGE_SAMPLE_SCORING"},{"asset_id":"a7a15fa6-bf0c-4b17-be2b-c79df84c9e88","name":"MORTGAGE_SCORING"}]},"project_name":"Enrich and Publish Project","last_state_change_timestamp":"2023-01-05T12:38:12Z","duration":176}},"attachments":[{"id":"252b334e-640d-4556-b319-4b3df5750ddd","version":2,"asset_type":"job_run","name":"jobRunLog_e5dda2a4-64b6-4334-8a4d-0e39d5d30884","mime":"text/plain","datasource_type":"81bafdbd-b7c6-45c5-a4fd-6ec135f66f4e","object_key":"mdesm/jobRunLog_e5dda2a4-64b6-4334-8a4d-0e39d5d30884.txt","creator_id":"icp4d-dev","create_time":1672922292264,"size":533,"is_remote":false,"is_managed":false,"is_referenced":true,"is_object_key_read_only":false,"is_user_provided_path_key":true,"transfer_complete":true,"is_partitioned":false,"complete_time_ticks":1672922292264,"user_data":{},"test_doc":0,"handle":{"type":"assetfiles","key":"mdesm/jobRunLog_e5dda2a4-64b6-4334-8a4d-0e39d5d30884.txt","upload_id":"done","max_part_num":1},"usage":{"access_count":0,"last_accessor_id":"icp4d-dev","last_access_time":1672922292264}},{"id":"41dda112-b728-4931-8f46-a1e3a98c1025","version":2,"asset_type":"job_run","name":"cca336c7-a050-43fa-8db0-c78e92e6d1ed","description":"log for job run cca336c7-a050-43fa-8db0-c78e92e6d1ed","mime":"application/json","datasource_type":"81bafdbd-b7c6-45c5-a4fd-6ec135f66f4e","object_key":"mdesm/jobRunLog_e5dda2a4-64b6-4334-8a4d-0e39d5d30884.txt","creator_id":"icp4d-dev","create_time":1672922292596,"size":0,"is_remote":false,"is_managed":false,"is_referenced":true,"is_object_key_read_only":false,"is_user_provided_path_key":true,"transfer_complete":true,"is_partitioned":true,"complete_time_ticks":1672922292596,"user_data":{},"test_doc":0,"handle":{"type":"assetfiles","key":"mdesm/jobRunLog_e5dda2a4-64b6-4334-8a4d-0e39d5d30884.txt","upload_id":"done","max_part_num":1},"usage":{"access_count":0,"last_accessor_id":"icp4d-dev","last_access_time":1672922292596}}]}