{"metadata":{"asset_id":"c484975f-1ef4-4ed0-9f8f-4213e610d45f","asset_attributes":["job_run"],"name":"job run","asset_type":"job_run","created_at":"2023-01-05T16:34:38Z","origin_country":"us","owner_id":"1000331003","project_id":"1fc39077-1bc1-4002-84ab-948d78db1a56","size":0,"usage":{"last_update_time":1672936488367,"last_updated_at":"2023-01-05T16:34:48Z"}},"entity":{"job_run":{"job_ref":"1b5dea1e-1fc4-45b4-9677-2302a6faa4c4","job_name":"DataQuack_MySQL Metadata Import job","job_type":"metadata_import","state":"Completed","isScheduledRun":false,"configuration":{"env_type":"","env_variables":[],"discovery":{"metadata":{"id":"534718c6-1df7-4cd0-b5ac-51401b9953c2","invoked_by":"1000331003","bss_account_id":"999","created_at":1672936479104,"started_at":1672936479388,"discovered_at":1672936483869,"processed_at":1672936483869,"finished_at":1672936483869},"entity":{"statistics":{"discovered":1,"discovered_with_children":1,"submit_succ":1,"create_succ":1,"create_succ_with_children":1,"number_of_new_assets":1,"number_of_updated_assets":0,"number_of_removed_assets":0},"status":"COMPLETED","connection_id":"7e9f73e2-36a6-4121-bd9d-9037b236e73a","project_id":"1fc39077-1bc1-4002-84ab-948d78db1a56","job_id":"1b5dea1e-1fc4-45b4-9677-2302a6faa4c4","job_run_id":"c484975f-1ef4-4ed0-9f8f-4213e610d45f","metadata_import_id":"4d99ffa3-a65e-4189-9f75-d594a7f059f6","import_type":"metadata","scope":{"paths":["/cpd/STATE_AVG_PRICE"]}}}},"project_name":"Enrich and Publish Project","runtime_job_id":"534718c6-1df7-4cd0-b5ac-51401b9953c2","last_state_change_timestamp":"2023-01-05T16:34:48Z","duration":8}},"attachments":[{"id":"f00309b2-097c-47a9-b0ab-790e2e2f9752","version":2,"asset_type":"job_run","name":"c484975f-1ef4-4ed0-9f8f-4213e610d45f","description":"log for job run c484975f-1ef4-4ed0-9f8f-4213e610d45f","mime":"application/json","datasource_type":"81bafdbd-b7c6-45c5-a4fd-6ec135f66f4e","object_key":"job_run/log/c484975f-1ef4-4ed0-9f8f-4213e610d45f","creator_id":"icp4d-dev","create_time":1672936484585,"size":0,"is_remote":false,"is_managed":false,"is_referenced":true,"is_object_key_read_only":false,"is_user_provided_path_key":true,"transfer_complete":true,"is_partitioned":true,"complete_time_ticks":1672936484585,"user_data":{},"test_doc":0,"handle":{"type":"assetfiles","key":"job_run/log/c484975f-1ef4-4ed0-9f8f-4213e610d45f","upload_id":"done","max_part_num":1},"usage":{"access_count":0,"last_accessor_id":"icp4d-dev","last_access_time":1672936484585}},{"id":"6a45e515-fed0-4118-8e9a-09724f2b6cb3","version":2,"asset_type":"job_run","name":"c484975f-1ef4-4ed0-9f8f-4213e610d45f","description":"log for job run c484975f-1ef4-4ed0-9f8f-4213e610d45f","mime":"application/json","datasource_type":"81bafdbd-b7c6-45c5-a4fd-6ec135f66f4e","object_key":"job_run/log/c484975f-1ef4-4ed0-9f8f-4213e610d45f","creator_id":"icp4d-dev","create_time":1672936488193,"size":0,"is_remote":false,"is_managed":false,"is_referenced":true,"is_object_key_read_only":false,"is_user_provided_path_key":true,"transfer_complete":true,"is_partitioned":true,"complete_time_ticks":1672936488193,"user_data":{},"test_doc":0,"handle":{"type":"assetfiles","key":"job_run/log/c484975f-1ef4-4ed0-9f8f-4213e610d45f","upload_id":"done","max_part_num":1},"usage":{"access_count":0,"last_accessor_id":"icp4d-dev","last_access_time":1672936488193}}]}