{"metadata":{"asset_id":"25c7e34e-0151-4c6d-b7f1-f30a2eba75dd","asset_attributes":["job_run"],"name":"job run","asset_type":"job_run","created_at":"2023-01-05T14:53:07Z","origin_country":"us","owner_id":"1000331003","project_id":"1fc39077-1bc1-4002-84ab-948d78db1a56","size":530,"usage":{"last_update_time":1672930530953,"last_updated_at":"2023-01-05T14:55:30Z"}},"entity":{"job_run":{"job_ref":"bcaa09f0-1646-4be4-bac0-82a590729fd2","job_name":"DataQuack PostgreSQL Metadata Import","job_type":"metadata_enrichment_area","state":"Completed","isScheduledRun":false,"configuration":{"env_type":"","env_variables":[],"skip_notifications":false,"metadata_enrichment_assets":[{"asset_id":"949dd90d-025f-4835-a30a-2222b0fa4125","name":"CREDIT_SCORE"},{"asset_id":"7aecbbf8-d4aa-4c5a-bf8c-b78b2f8f6e0f","name":"MORTGAGE_CANDIDATE"}]},"project_name":"Enrich and Publish Project","last_state_change_timestamp":"2023-01-05T14:55:30Z","duration":143}},"attachments":[{"id":"e0006437-bf78-4c73-b1cc-0933bf86a41b","version":2,"asset_type":"job_run","name":"jobRunLog_4734aeb7-8186-44c0-a844-689dddc372fa","mime":"text/plain","datasource_type":"81bafdbd-b7c6-45c5-a4fd-6ec135f66f4e","object_key":"mdesm/jobRunLog_4734aeb7-8186-44c0-a844-689dddc372fa.txt","creator_id":"icp4d-dev","create_time":1672930530175,"size":530,"is_remote":false,"is_managed":false,"is_referenced":true,"is_object_key_read_only":false,"is_user_provided_path_key":true,"transfer_complete":true,"is_partitioned":false,"complete_time_ticks":1672930530175,"user_data":{},"test_doc":0,"handle":{"type":"assetfiles","key":"mdesm/jobRunLog_4734aeb7-8186-44c0-a844-689dddc372fa.txt","upload_id":"done","max_part_num":1},"usage":{"access_count":0,"last_accessor_id":"icp4d-dev","last_access_time":1672930530175}},{"id":"67e89a49-5cf9-40a1-8318-e5d874affe3e","version":2,"asset_type":"job_run","name":"25c7e34e-0151-4c6d-b7f1-f30a2eba75dd","description":"log for job run 25c7e34e-0151-4c6d-b7f1-f30a2eba75dd","mime":"application/json","datasource_type":"81bafdbd-b7c6-45c5-a4fd-6ec135f66f4e","object_key":"mdesm/jobRunLog_4734aeb7-8186-44c0-a844-689dddc372fa.txt","creator_id":"icp4d-dev","create_time":1672930530605,"size":0,"is_remote":false,"is_managed":false,"is_referenced":true,"is_object_key_read_only":false,"is_user_provided_path_key":true,"transfer_complete":true,"is_partitioned":true,"complete_time_ticks":1672930530605,"user_data":{},"test_doc":0,"handle":{"type":"assetfiles","key":"mdesm/jobRunLog_4734aeb7-8186-44c0-a844-689dddc372fa.txt","upload_id":"done","max_part_num":1},"usage":{"access_count":0,"last_accessor_id":"icp4d-dev","last_access_time":1672930530605}}]}