{"metadata":{"asset_id":"b2ef75ef-c14a-4ced-9311-cd35136e46e8","asset_attributes":["job_run"],"name":"job run","asset_type":"job_run","created_at":"2023-01-05T12:46:15Z","origin_country":"us","owner_id":"1000331003","project_id":"1fc39077-1bc1-4002-84ab-948d78db1a56","size":251,"usage":{"last_update_time":1672922790261,"last_updated_at":"2023-01-05T12:46:30Z"}},"entity":{"job_run":{"job_ref":"2bd2e885-5bf8-4cf7-a2e5-f1cf69171c7b","job_name":"DataQuack PostgreSQL Metadata Import_publish_job","job_type":"metadata_enrichment_area_publish","state":"Completed","isScheduledRun":false,"configuration":{"metadata_enrichment_area_id":"a62bb492-7361-483a-9e43-5f03db8706da","env_type":"metadata_enrichment_area_publish","env_variables":[],"skip_notifications":false,"catalog_id":"723c476b-0ee9-4a07-8ffb-43027cb76459","duplicate_action":"UPDATE","asset_ids":["949dd90d-025f-4835-a30a-2222b0fa4125","7aecbbf8-d4aa-4c5a-bf8c-b78b2f8f6e0f"]},"project_name":"Enrich and Publish Project","last_state_change_timestamp":"2023-01-05T12:46:30Z","duration":13}},"attachments":[{"id":"358213ae-4c1d-4d52-979b-cf8b8899e33f","version":2,"asset_type":"job_run","name":"jobRunLog_ff4edb19-7a25-4549-99ae-cf6d20efc9fb","mime":"text/plain","datasource_type":"81bafdbd-b7c6-45c5-a4fd-6ec135f66f4e","object_key":"mdesm/jobRunLog_ff4edb19-7a25-4549-99ae-cf6d20efc9fb.txt","creator_id":"icp4d-dev","create_time":1672922790000,"size":251,"is_remote":false,"is_managed":false,"is_referenced":true,"is_object_key_read_only":false,"is_user_provided_path_key":true,"transfer_complete":true,"is_partitioned":false,"complete_time_ticks":1672922790000,"user_data":{},"test_doc":0,"handle":{"type":"assetfiles","key":"mdesm/jobRunLog_ff4edb19-7a25-4549-99ae-cf6d20efc9fb.txt","upload_id":"done","max_part_num":1},"usage":{"access_count":0,"last_accessor_id":"icp4d-dev","last_access_time":1672922790000}},{"id":"3bb29f46-f1f4-43d6-837e-2188c1c5ca08","version":2,"asset_type":"job_run","name":"b2ef75ef-c14a-4ced-9311-cd35136e46e8","description":"log for job run b2ef75ef-c14a-4ced-9311-cd35136e46e8","mime":"application/json","datasource_type":"81bafdbd-b7c6-45c5-a4fd-6ec135f66f4e","object_key":"mdesm/jobRunLog_ff4edb19-7a25-4549-99ae-cf6d20efc9fb.txt","creator_id":"icp4d-dev","create_time":1672922790165,"size":0,"is_remote":false,"is_managed":false,"is_referenced":true,"is_object_key_read_only":false,"is_user_provided_path_key":true,"transfer_complete":true,"is_partitioned":true,"complete_time_ticks":1672922790165,"user_data":{},"test_doc":0,"handle":{"type":"assetfiles","key":"mdesm/jobRunLog_ff4edb19-7a25-4549-99ae-cf6d20efc9fb.txt","upload_id":"done","max_part_num":1},"usage":{"access_count":0,"last_accessor_id":"icp4d-dev","last_access_time":1672922790165}}]}