{"metadata":{"asset_id":"6543f3a1-4155-4e8b-9824-d56e8d6fc3d7","asset_attributes":["job_run"],"name":"job run","asset_type":"job_run","created_at":"2023-01-04T13:21:11Z","origin_country":"us","owner_id":"1000331003","project_id":"1fc39077-1bc1-4002-84ab-948d78db1a56","size":0,"usage":{"last_update_time":1672838600472,"last_updated_at":"2023-01-04T13:23:20Z"}},"entity":{"job_run":{"job_ref":"3dbfa825-73f1-4f13-bc41-121af9564173","job_name":"DB2 Metadata Import job","job_type":"metadata_import","state":"Completed","isScheduledRun":false,"configuration":{"env_type":"","env_variables":[],"discovery":{"metadata":{"id":"ad050276-5c91-4a36-8733-8a1bba870d4f","invoked_by":"1000331003","bss_account_id":"999","created_at":1672838472180,"started_at":1672838472425,"discovered_at":1672838599948,"processed_at":1672838599948,"finished_at":1672838599948},"entity":{"statistics":{"discovered":1,"discovered_with_children":1,"submit_succ":1,"create_succ":1,"create_succ_with_children":1,"number_of_new_assets":1,"number_of_updated_assets":0,"number_of_removed_assets":0},"status":"COMPLETED","connection_id":"ad3d9ceb-55f1-4a47-b38e-03a42ddc1cea","project_id":"1fc39077-1bc1-4002-84ab-948d78db1a56","job_id":"3dbfa825-73f1-4f13-bc41-121af9564173","job_run_id":"6543f3a1-4155-4e8b-9824-d56e8d6fc3d7","metadata_import_id":"1dc1f5da-9635-4cf4-b1b8-67fcb0fd141e","import_type":"metadata","scope":{"paths":["/CPD_FR"]}}}},"project_name":"Enrich and Publish to the Catalog","runtime_job_id":"ad050276-5c91-4a36-8733-8a1bba870d4f","last_state_change_timestamp":"2023-01-04T13:23:20Z","duration":127}},"attachments":[{"id":"aa8aa285-ace9-4538-a480-cbbaa86af8a9","version":2,"asset_type":"job_run","name":"6543f3a1-4155-4e8b-9824-d56e8d6fc3d7","description":"log for job run 6543f3a1-4155-4e8b-9824-d56e8d6fc3d7","mime":"application/json","datasource_type":"81bafdbd-b7c6-45c5-a4fd-6ec135f66f4e","object_key":"job_run/log/6543f3a1-4155-4e8b-9824-d56e8d6fc3d7","creator_id":"icp4d-dev","create_time":1672838495365,"size":0,"is_remote":false,"is_managed":false,"is_referenced":true,"is_object_key_read_only":false,"is_user_provided_path_key":true,"transfer_complete":true,"is_partitioned":true,"complete_time_ticks":1672838495365,"user_data":{},"test_doc":0,"handle":{"type":"assetfiles","key":"job_run/log/6543f3a1-4155-4e8b-9824-d56e8d6fc3d7","upload_id":"done","max_part_num":1},"usage":{"access_count":0,"last_accessor_id":"icp4d-dev","last_access_time":1672838495365}},{"id":"d612787e-13e9-4922-9d9e-0e2ca77f542b","version":2,"asset_type":"job_run","name":"6543f3a1-4155-4e8b-9824-d56e8d6fc3d7","description":"log for job run 6543f3a1-4155-4e8b-9824-d56e8d6fc3d7","mime":"application/json","datasource_type":"81bafdbd-b7c6-45c5-a4fd-6ec135f66f4e","object_key":"job_run/log/6543f3a1-4155-4e8b-9824-d56e8d6fc3d7","creator_id":"icp4d-dev","create_time":1672838525691,"size":0,"is_remote":false,"is_managed":false,"is_referenced":true,"is_object_key_read_only":false,"is_user_provided_path_key":true,"transfer_complete":true,"is_partitioned":true,"complete_time_ticks":1672838525691,"user_data":{},"test_doc":0,"handle":{"type":"assetfiles","key":"job_run/log/6543f3a1-4155-4e8b-9824-d56e8d6fc3d7","upload_id":"done","max_part_num":1},"usage":{"access_count":0,"last_accessor_id":"icp4d-dev","last_access_time":1672838525691}},{"id":"c60326f2-2705-4b2e-b441-33f330866fb9","version":2,"asset_type":"job_run","name":"6543f3a1-4155-4e8b-9824-d56e8d6fc3d7","description":"log for job run 6543f3a1-4155-4e8b-9824-d56e8d6fc3d7","mime":"application/json","datasource_type":"81bafdbd-b7c6-45c5-a4fd-6ec135f66f4e","object_key":"job_run/log/6543f3a1-4155-4e8b-9824-d56e8d6fc3d7","creator_id":"icp4d-dev","create_time":1672838600405,"size":0,"is_remote":false,"is_managed":false,"is_referenced":true,"is_object_key_read_only":false,"is_user_provided_path_key":true,"transfer_complete":true,"is_partitioned":true,"complete_time_ticks":1672838600405,"user_data":{},"test_doc":0,"handle":{"type":"assetfiles","key":"job_run/log/6543f3a1-4155-4e8b-9824-d56e8d6fc3d7","upload_id":"done","max_part_num":1},"usage":{"access_count":0,"last_accessor_id":"icp4d-dev","last_access_time":1672838600405}}]}