{"metadata":{"asset_id":"eb0d829d-1d88-4c67-8bf3-7b0d7f4a7b71","asset_attributes":["job_run"],"name":"job run","asset_type":"job_run","created_at":"2023-01-05T13:21:36Z","origin_country":"us","owner_id":"1000331003","project_id":"1fc39077-1bc1-4002-84ab-948d78db1a56","size":251,"usage":{"last_update_time":1672924910890,"last_updated_at":"2023-01-05T13:21:50Z"}},"entity":{"job_run":{"job_ref":"7928cce8-1020-4fdc-96a5-05c6989509dd","job_name":"DB2WH Data Fabric Trial Metadata Enrich_publish_job","job_type":"metadata_enrichment_area_publish","state":"Completed","isScheduledRun":false,"configuration":{"metadata_enrichment_area_id":"687b9915-5e5b-43ce-b69f-4f410d146de0","env_type":"metadata_enrichment_area_publish","env_variables":[],"skip_notifications":false,"catalog_id":"723c476b-0ee9-4a07-8ffb-43027cb76459","duplicate_action":"UPDATE","asset_ids":["642493ec-b82e-45cb-b621-d8ecdad79623","6727465c-c795-4691-b1f9-16d2ec21e218"]},"project_name":"Enrich and Publish Project","last_state_change_timestamp":"2023-01-05T13:21:50Z","duration":13}},"attachments":[{"id":"8400b810-8b85-4cd8-9c54-db8d9eb56349","version":2,"asset_type":"job_run","name":"jobRunLog_90a08272-ca83-4c60-a760-b14dc503dfeb","mime":"text/plain","datasource_type":"81bafdbd-b7c6-45c5-a4fd-6ec135f66f4e","object_key":"mdesm/jobRunLog_90a08272-ca83-4c60-a760-b14dc503dfeb.txt","creator_id":"icp4d-dev","create_time":1672924910208,"size":251,"is_remote":false,"is_managed":false,"is_referenced":true,"is_object_key_read_only":false,"is_user_provided_path_key":true,"transfer_complete":true,"is_partitioned":false,"complete_time_ticks":1672924910208,"user_data":{},"test_doc":0,"handle":{"type":"assetfiles","key":"mdesm/jobRunLog_90a08272-ca83-4c60-a760-b14dc503dfeb.txt","upload_id":"done","max_part_num":1},"usage":{"access_count":0,"last_accessor_id":"icp4d-dev","last_access_time":1672924910208}},{"id":"b7aaa491-8380-4976-8e2c-118e1904ec7b","version":2,"asset_type":"job_run","name":"eb0d829d-1d88-4c67-8bf3-7b0d7f4a7b71","description":"log for job run eb0d829d-1d88-4c67-8bf3-7b0d7f4a7b71","mime":"application/json","datasource_type":"81bafdbd-b7c6-45c5-a4fd-6ec135f66f4e","object_key":"mdesm/jobRunLog_90a08272-ca83-4c60-a760-b14dc503dfeb.txt","creator_id":"icp4d-dev","create_time":1672924910687,"size":0,"is_remote":false,"is_managed":false,"is_referenced":true,"is_object_key_read_only":false,"is_user_provided_path_key":true,"transfer_complete":true,"is_partitioned":true,"complete_time_ticks":1672924910687,"user_data":{},"test_doc":0,"handle":{"type":"assetfiles","key":"mdesm/jobRunLog_90a08272-ca83-4c60-a760-b14dc503dfeb.txt","upload_id":"done","max_part_num":1},"usage":{"access_count":0,"last_accessor_id":"icp4d-dev","last_access_time":1672924910687}}]}