{"metadata":{"asset_id":"f4c044d2-c3c8-4d88-a1f4-7042bff3ab0c","asset_attributes":["job_run"],"name":"job run","asset_type":"job_run","created_at":"2023-01-04T13:55:03Z","origin_country":"us","owner_id":"1000331003","project_id":"1fc39077-1bc1-4002-84ab-948d78db1a56","size":251,"usage":{"last_update_time":1672840521211,"last_updated_at":"2023-01-04T13:55:21Z"}},"entity":{"job_run":{"job_ref":"cfc4fccf-81a7-457e-b0b2-894212f665ff","job_name":"DB2WH Metadata Enrich_publish_job","job_type":"metadata_enrichment_area_publish","state":"Completed","isScheduledRun":false,"configuration":{"metadata_enrichment_area_id":"f3a9edd9-eff0-4773-a8c3-825de924bb32","env_type":"metadata_enrichment_area_publish","env_variables":[],"skip_notifications":false,"catalog_id":"f5ad86e0-5907-419f-bbee-2e739e1baf25","duplicate_action":"UPDATE","asset_ids":["c19798dc-5e76-4918-b87c-a1d73c62d325","1e52afb4-2d58-40d4-9029-dd27bccd090d","c3dabce5-c555-468f-9bd6-b8a9a5905d66","2a3ed434-6faa-4b2a-9d7a-080eefc931d4"]},"project_name":"Enrich and Publish to the Catalog","last_state_change_timestamp":"2023-01-04T13:55:20Z","duration":16}},"attachments":[{"id":"4ceea95a-29a0-48cc-bd69-1743474e8dce","version":2,"asset_type":"job_run","name":"jobRunLog_c1cf87be-0b48-448b-a1f7-a04db624abe9","mime":"text/plain","datasource_type":"81bafdbd-b7c6-45c5-a4fd-6ec135f66f4e","object_key":"mdesm/jobRunLog_c1cf87be-0b48-448b-a1f7-a04db624abe9.txt","creator_id":"icp4d-dev","create_time":1672840520517,"size":251,"is_remote":false,"is_managed":false,"is_referenced":true,"is_object_key_read_only":false,"is_user_provided_path_key":true,"transfer_complete":true,"is_partitioned":false,"complete_time_ticks":1672840520517,"user_data":{},"test_doc":0,"handle":{"type":"assetfiles","key":"mdesm/jobRunLog_c1cf87be-0b48-448b-a1f7-a04db624abe9.txt","upload_id":"done","max_part_num":1},"usage":{"access_count":0,"last_accessor_id":"icp4d-dev","last_access_time":1672840520517}},{"id":"c9c394b1-b50e-40e6-9902-ce784b300940","version":2,"asset_type":"job_run","name":"f4c044d2-c3c8-4d88-a1f4-7042bff3ab0c","description":"log for job run f4c044d2-c3c8-4d88-a1f4-7042bff3ab0c","mime":"application/json","datasource_type":"81bafdbd-b7c6-45c5-a4fd-6ec135f66f4e","object_key":"mdesm/jobRunLog_c1cf87be-0b48-448b-a1f7-a04db624abe9.txt","creator_id":"icp4d-dev","create_time":1672840520982,"size":0,"is_remote":false,"is_managed":false,"is_referenced":true,"is_object_key_read_only":false,"is_user_provided_path_key":true,"transfer_complete":true,"is_partitioned":true,"complete_time_ticks":1672840520982,"user_data":{},"test_doc":0,"handle":{"type":"assetfiles","key":"mdesm/jobRunLog_c1cf87be-0b48-448b-a1f7-a04db624abe9.txt","upload_id":"done","max_part_num":1},"usage":{"access_count":0,"last_accessor_id":"icp4d-dev","last_access_time":1672840520982}}]}