{"metadata":{"asset_id":"4f4efdf7-e508-4e6f-9d44-5f61599d7b5b","asset_attributes":["job_run"],"name":"job run","asset_type":"job_run","created_at":"2023-01-05T11:00:02Z","origin_country":"us","owner_id":"1000331003","project_id":"1fc39077-1bc1-4002-84ab-948d78db1a56","size":0,"usage":{"last_update_time":1672916420725,"last_updated_at":"2023-01-05T11:00:20Z"}},"entity":{"job_run":{"job_ref":"3b9e7239-f5ea-495c-b26d-bf6b7894eb6b","job_name":"DB2WH Data Fabric Trial Metadata Import job","job_type":"metadata_import","state":"Completed","isScheduledRun":false,"configuration":{"env_type":"","env_variables":[],"discovery":{"metadata":{"id":"f441ed7e-a848-4877-9ee8-e9dceac2a1d8","invoked_by":"1000331003","bss_account_id":"999","created_at":1672916402900,"started_at":1672916403137,"discovered_at":1672916412699,"processed_at":1672916418063,"finished_at":1672916418063},"entity":{"statistics":{"discovered":17,"discovered_with_children":17,"submit_succ":17,"create_succ":17,"create_succ_with_children":17,"number_of_new_assets":17,"number_of_updated_assets":0,"number_of_removed_assets":0},"status":"COMPLETED","connection_id":"6dc66912-1ad9-4f55-a90f-a510dca17735","project_id":"1fc39077-1bc1-4002-84ab-948d78db1a56","job_id":"3b9e7239-f5ea-495c-b26d-bf6b7894eb6b","job_run_id":"4f4efdf7-e508-4e6f-9d44-5f61599d7b5b","metadata_import_id":"529296fd-da69-4294-9300-bf013a2300d6","import_type":"metadata","scope":{"paths":["/AI_MORTGAGE"]}}}},"project_name":"Enrich and Publish Project","runtime_job_id":"f441ed7e-a848-4877-9ee8-e9dceac2a1d8","last_state_change_timestamp":"2023-01-05T11:00:20Z","duration":16}},"attachments":[{"id":"677a20b6-ae38-4943-ac12-62442aaf8c55","version":2,"asset_type":"job_run","name":"4f4efdf7-e508-4e6f-9d44-5f61599d7b5b","description":"log for job run 4f4efdf7-e508-4e6f-9d44-5f61599d7b5b","mime":"application/json","datasource_type":"81bafdbd-b7c6-45c5-a4fd-6ec135f66f4e","object_key":"job_run/log/4f4efdf7-e508-4e6f-9d44-5f61599d7b5b","creator_id":"icp4d-dev","create_time":1672916408713,"size":0,"is_remote":false,"is_managed":false,"is_referenced":true,"is_object_key_read_only":false,"is_user_provided_path_key":true,"transfer_complete":true,"is_partitioned":true,"complete_time_ticks":1672916408713,"user_data":{},"test_doc":0,"handle":{"type":"assetfiles","key":"job_run/log/4f4efdf7-e508-4e6f-9d44-5f61599d7b5b","upload_id":"done","max_part_num":1},"usage":{"access_count":0,"last_accessor_id":"icp4d-dev","last_access_time":1672916408713}},{"id":"274c2864-b41c-4418-8b0f-7eb97b999dd2","version":2,"asset_type":"job_run","name":"4f4efdf7-e508-4e6f-9d44-5f61599d7b5b","description":"log for job run 4f4efdf7-e508-4e6f-9d44-5f61599d7b5b","mime":"application/json","datasource_type":"81bafdbd-b7c6-45c5-a4fd-6ec135f66f4e","object_key":"job_run/log/4f4efdf7-e508-4e6f-9d44-5f61599d7b5b","creator_id":"icp4d-dev","create_time":1672916419824,"size":0,"is_remote":false,"is_managed":false,"is_referenced":true,"is_object_key_read_only":false,"is_user_provided_path_key":true,"transfer_complete":true,"is_partitioned":true,"complete_time_ticks":1672916419824,"user_data":{},"test_doc":0,"handle":{"type":"assetfiles","key":"job_run/log/4f4efdf7-e508-4e6f-9d44-5f61599d7b5b","upload_id":"done","max_part_num":1},"usage":{"access_count":0,"last_accessor_id":"icp4d-dev","last_access_time":1672916419824}},{"id":"e7bc457c-a7b8-4016-a377-bdd24a763776","version":2,"asset_type":"job_run","name":"4f4efdf7-e508-4e6f-9d44-5f61599d7b5b","description":"log for job run 4f4efdf7-e508-4e6f-9d44-5f61599d7b5b","mime":"application/json","datasource_type":"81bafdbd-b7c6-45c5-a4fd-6ec135f66f4e","object_key":"job_run/log/4f4efdf7-e508-4e6f-9d44-5f61599d7b5b","creator_id":"icp4d-dev","create_time":1672916420405,"size":0,"is_remote":false,"is_managed":false,"is_referenced":true,"is_object_key_read_only":false,"is_user_provided_path_key":true,"transfer_complete":true,"is_partitioned":true,"complete_time_ticks":1672916420405,"user_data":{},"test_doc":0,"handle":{"type":"assetfiles","key":"job_run/log/4f4efdf7-e508-4e6f-9d44-5f61599d7b5b","upload_id":"done","max_part_num":1},"usage":{"access_count":0,"last_accessor_id":"icp4d-dev","last_access_time":1672916420405}}]}