{"metadata":{"asset_id":"3a0ccb55-5eed-46e2-8c53-cd427727f87d","asset_attributes":["job_run"],"name":"job run","asset_type":"job_run","created_at":"2023-01-05T10:39:02Z","origin_country":"us","owner_id":"1000331003","project_id":"1fc39077-1bc1-4002-84ab-948d78db1a56","size":530,"usage":{"last_update_time":1672915288017,"last_updated_at":"2023-01-05T10:41:28Z"}},"entity":{"job_run":{"job_ref":"ca75d204-e9cc-4c94-9255-cfe19b27a995","job_name":"DB2 DataQuack Metadata Enrich","job_type":"metadata_enrichment_area","state":"Completed","isScheduledRun":false,"configuration":{"env_type":"","env_variables":[],"skip_notifications":false,"metadata_enrichment_assets":[{"asset_id":"9470f010-9d32-4a6a-a006-46656cecafbf","name":"MORTGAGE_APPLICANT"},{"asset_id":"e86cb498-fa4b-47b5-a65e-6f2b7c57988d","name":"MORTGAGE_CUSTOMER"},{"asset_id":"119c5ad7-3af6-491c-a276-4c2ac2696ff1","name":"MORTGAGE_DEFAULT"},{"asset_id":"7a8c799f-3b66-497c-8e01-475024cbd120","name":"MORTGAGE_PROPERTY"}]},"project_name":"Enrich and Publish to the Catalog","last_state_change_timestamp":"2023-01-05T10:41:27Z","duration":145}},"attachments":[{"id":"c790ea2f-caeb-455a-84c4-09f8df9032e7","version":2,"asset_type":"job_run","name":"jobRunLog_b5e506c0-99af-4f16-8cf5-04fbb1bb435c","mime":"text/plain","datasource_type":"81bafdbd-b7c6-45c5-a4fd-6ec135f66f4e","object_key":"mdesm/jobRunLog_b5e506c0-99af-4f16-8cf5-04fbb1bb435c.txt","creator_id":"icp4d-dev","create_time":1672915287603,"size":530,"is_remote":false,"is_managed":false,"is_referenced":true,"is_object_key_read_only":false,"is_user_provided_path_key":true,"transfer_complete":true,"is_partitioned":false,"complete_time_ticks":1672915287603,"user_data":{},"test_doc":0,"handle":{"type":"assetfiles","key":"mdesm/jobRunLog_b5e506c0-99af-4f16-8cf5-04fbb1bb435c.txt","upload_id":"done","max_part_num":1},"usage":{"access_count":0,"last_accessor_id":"icp4d-dev","last_access_time":1672915287603}},{"id":"8993c6d6-63c4-4790-8da4-530bad0099c7","version":2,"asset_type":"job_run","name":"3a0ccb55-5eed-46e2-8c53-cd427727f87d","description":"log for job run 3a0ccb55-5eed-46e2-8c53-cd427727f87d","mime":"application/json","datasource_type":"81bafdbd-b7c6-45c5-a4fd-6ec135f66f4e","object_key":"mdesm/jobRunLog_b5e506c0-99af-4f16-8cf5-04fbb1bb435c.txt","creator_id":"icp4d-dev","create_time":1672915287903,"size":0,"is_remote":false,"is_managed":false,"is_referenced":true,"is_object_key_read_only":false,"is_user_provided_path_key":true,"transfer_complete":true,"is_partitioned":true,"complete_time_ticks":1672915287903,"user_data":{},"test_doc":0,"handle":{"type":"assetfiles","key":"mdesm/jobRunLog_b5e506c0-99af-4f16-8cf5-04fbb1bb435c.txt","upload_id":"done","max_part_num":1},"usage":{"access_count":0,"last_accessor_id":"icp4d-dev","last_access_time":1672915287903}}]}