{"metadata":{"asset_id":"282f7062-c12d-4173-aed3-c9fe6dbd462a","asset_attributes":["job_run"],"name":"job run","asset_type":"job_run","created_at":"2023-01-09T09:57:04Z","origin_country":"us","owner_id":"1000331003","project_id":"1fc39077-1bc1-4002-84ab-948d78db1a56","size":251,"usage":{"last_update_time":1673258231971,"last_updated_at":"2023-01-09T09:57:11Z"}},"entity":{"job_run":{"job_ref":"7928cce8-1020-4fdc-96a5-05c6989509dd","job_name":"DB2WH Data Fabric Trial Metadata Enrich_publish_job","job_type":"metadata_enrichment_area_publish","state":"Completed","isScheduledRun":false,"configuration":{"metadata_enrichment_area_id":"687b9915-5e5b-43ce-b69f-4f410d146de0","env_type":"metadata_enrichment_area_publish","env_variables":[],"skip_notifications":false,"catalog_id":"723c476b-0ee9-4a07-8ffb-43027cb76459","duplicate_action":"UPDATE","asset_ids":["642493ec-b82e-45cb-b621-d8ecdad79623"]},"project_name":"Enrich and Publish Data Project","last_state_change_timestamp":"2023-01-09T09:57:11Z","duration":6}},"attachments":[{"id":"94a36979-300f-43af-873c-8fe3e0d60c65","version":2,"asset_type":"job_run","name":"jobRunLog_17aaad95-ab06-4b2f-9910-b14a43a70177","mime":"text/plain","datasource_type":"81bafdbd-b7c6-45c5-a4fd-6ec135f66f4e","object_key":"mdesm/jobRunLog_17aaad95-ab06-4b2f-9910-b14a43a70177.txt","creator_id":"icp4d-dev","create_time":1673258230798,"size":251,"is_remote":false,"is_managed":false,"is_referenced":true,"is_object_key_read_only":false,"is_user_provided_path_key":true,"transfer_complete":true,"is_partitioned":false,"complete_time_ticks":1673258230798,"user_data":{},"test_doc":0,"handle":{"type":"assetfiles","key":"mdesm/jobRunLog_17aaad95-ab06-4b2f-9910-b14a43a70177.txt","upload_id":"done","max_part_num":1},"usage":{"access_count":0,"last_accessor_id":"icp4d-dev","last_access_time":1673258230798}},{"id":"c6ccd536-2e8d-4483-ae40-185a192a9447","version":2,"asset_type":"job_run","name":"282f7062-c12d-4173-aed3-c9fe6dbd462a","description":"log for job run 282f7062-c12d-4173-aed3-c9fe6dbd462a","mime":"application/json","datasource_type":"81bafdbd-b7c6-45c5-a4fd-6ec135f66f4e","object_key":"mdesm/jobRunLog_17aaad95-ab06-4b2f-9910-b14a43a70177.txt","creator_id":"icp4d-dev","create_time":1673258231569,"size":0,"is_remote":false,"is_managed":false,"is_referenced":true,"is_object_key_read_only":false,"is_user_provided_path_key":true,"transfer_complete":true,"is_partitioned":true,"complete_time_ticks":1673258231569,"user_data":{},"test_doc":0,"handle":{"type":"assetfiles","key":"mdesm/jobRunLog_17aaad95-ab06-4b2f-9910-b14a43a70177.txt","upload_id":"done","max_part_num":1},"usage":{"access_count":0,"last_accessor_id":"icp4d-dev","last_access_time":1673258231569}}]}