{"metadata":{"asset_id":"2ae9b06d-0ac3-47b1-8027-3df47ae3c86b","asset_attributes":["job_run"],"name":"job run","asset_type":"job_run","created_at":"2023-01-09T09:42:20Z","origin_country":"us","owner_id":"1000331003","project_id":"1fc39077-1bc1-4002-84ab-948d78db1a56","size":254,"usage":{"last_update_time":1673257381675,"last_updated_at":"2023-01-09T09:43:01Z"}},"entity":{"job_run":{"job_ref":"7928cce8-1020-4fdc-96a5-05c6989509dd","job_name":"DB2WH Data Fabric Trial Metadata Enrich_publish_job","job_type":"metadata_enrichment_area_publish","state":"Completed","isScheduledRun":false,"configuration":{"metadata_enrichment_area_id":"687b9915-5e5b-43ce-b69f-4f410d146de0","env_type":"metadata_enrichment_area_publish","env_variables":[],"skip_notifications":false,"catalog_id":"723c476b-0ee9-4a07-8ffb-43027cb76459","duplicate_action":"UPDATE","asset_ids":["642493ec-b82e-45cb-b621-d8ecdad79623","91c116b0-fb86-4bc5-a478-65bdb35bd824","9328cef0-eec7-4f97-8d84-9aaaa332812c","513320b4-f27d-4915-a041-6c9c22544e8f","c02bba59-38c0-4977-a621-65069c4942a6","6727465c-c795-4691-b1f9-16d2ec21e218","8dea7480-9a59-4174-a989-7010c646cc61","41ac9a34-f0a0-4c89-9a63-fd527c26cf26","08e0bee7-ed57-4531-9220-82d8ec100934","696ea107-5ac7-498b-aa8d-a9b7eb2c2ef2","a504297b-38fe-4f8c-81f4-fb43786d1e77","e28d0af1-b2ee-4778-8f7e-2db6d63e21ad","285d4fe8-dccb-4350-bf3b-c76842bea8a1","57c2ea6f-d014-4782-b2df-5369003fed9e","f841d57f-b222-4267-bd1a-c6214d261fc6","f58c9373-2185-4350-90b0-b12ec4d0e15d","a7a15fa6-bf0c-4b17-be2b-c79df84c9e88"]},"project_name":"Enrich and Publish Data Project","last_state_change_timestamp":"2023-01-09T09:43:01Z","duration":40}},"attachments":[{"id":"c6673e4f-b802-48aa-9c4a-b18b30fc12e8","version":2,"asset_type":"job_run","name":"jobRunLog_1a61c643-44e9-4e60-a6b9-58240a2335fa","mime":"text/plain","datasource_type":"81bafdbd-b7c6-45c5-a4fd-6ec135f66f4e","object_key":"mdesm/jobRunLog_1a61c643-44e9-4e60-a6b9-58240a2335fa.txt","creator_id":"icp4d-dev","create_time":1673257381085,"size":254,"is_remote":false,"is_managed":false,"is_referenced":true,"is_object_key_read_only":false,"is_user_provided_path_key":true,"transfer_complete":true,"is_partitioned":false,"complete_time_ticks":1673257381085,"user_data":{},"test_doc":0,"handle":{"type":"assetfiles","key":"mdesm/jobRunLog_1a61c643-44e9-4e60-a6b9-58240a2335fa.txt","upload_id":"done","max_part_num":1},"usage":{"access_count":0,"last_accessor_id":"icp4d-dev","last_access_time":1673257381085}},{"id":"f4526627-a963-45ba-868e-6d3cbf22556c","version":2,"asset_type":"job_run","name":"2ae9b06d-0ac3-47b1-8027-3df47ae3c86b","description":"log for job run 2ae9b06d-0ac3-47b1-8027-3df47ae3c86b","mime":"application/json","datasource_type":"81bafdbd-b7c6-45c5-a4fd-6ec135f66f4e","object_key":"mdesm/jobRunLog_1a61c643-44e9-4e60-a6b9-58240a2335fa.txt","creator_id":"icp4d-dev","create_time":1673257381495,"size":0,"is_remote":false,"is_managed":false,"is_referenced":true,"is_object_key_read_only":false,"is_user_provided_path_key":true,"transfer_complete":true,"is_partitioned":true,"complete_time_ticks":1673257381495,"user_data":{},"test_doc":0,"handle":{"type":"assetfiles","key":"mdesm/jobRunLog_1a61c643-44e9-4e60-a6b9-58240a2335fa.txt","upload_id":"done","max_part_num":1},"usage":{"access_count":0,"last_accessor_id":"icp4d-dev","last_access_time":1673257381495}}]}