{"metadata":{"asset_id":"529296fd-da69-4294-9300-bf013a2300d6","asset_type":"metadata_import","creator_id":"1000331003","created_at":"1672916398244","project_id":"1fc39077-1bc1-4002-84ab-948d78db1a56","usage":{"last_updated_at":"2023-01-05T11:01:55Z","last_updater_id":"icp4d-dev","last_update_time":1672916515808,"last_accessed_at":"2023-01-05T11:01:55Z","last_access_time":1672916515808,"last_accessor_id":"icp4d-dev","access_count":0}},"entity":{"description":"DB2WH Data Fabric Trial Metadata Import","name":"DB2WH Data Fabric Trial Metadata Import","import_type":"metadata","connection_id":"6dc66912-1ad9-4f55-a90f-a510dca17735","target_project_id":"1fc39077-1bc1-4002-84ab-948d78db1a56","job_id":"3b9e7239-f5ea-495c-b26d-bf6b7894eb6b","scope":{"paths":["/AI_MORTGAGE"]},"datasource_type":"database","last_run_started":1672916402271,"last_run_completed":1672916419402,"number_of_runs":1,"version":4,"number_of_new_assets":17,"number_of_updated_assets":0,"number_of_removed_assets":0,"mde_enabled":true,"reimport_options":{"update_name":true,"update_description":true,"update_column_descriptions":true}}}