{"metadata":{"asset_id":"687b9915-5e5b-43ce-b69f-4f410d146de0","asset_attributes":["metadata_enrichment_area"],"name":"DB2WH Data Fabric Trial Metadata Enrich","asset_type":"metadata_enrichment_area","created_at":"2023-01-05T11:01:49Z","description":"","origin_country":"us","owner_id":"1000331003","project_id":"1fc39077-1bc1-4002-84ab-948d78db1a56","size":0,"tags":[],"usage":{"last_update_time":1672922486803,"last_updated_at":"2023-01-05T12:41:26Z"}},"entity":{"metadata_enrichment_area":{"description":"","name":"DB2WH Data Fabric Trial Metadata Enrich","job":{"name":"DB2WH Data Fabric Trial Metadata Enrich","id":"befaabb4-e085-476e-afdc-53aa66d51692"},"objective":{"enrichment_options":{"structured":{"profile":true,"assign_terms":true,"analyze_quality":true}},"governance_scope":[{"type":"CATEGORY","id":"e39ada11-8338-3704-90e3-681a71e7c839"},{"type":"CATEGORY","id":"a2b8754d-bac1-405e-94c0-489e0251fb2e"},{"type":"CATEGORY","id":"3893a4c8-0d22-4d42-895e-9a8d20c5f7da"},{"type":"CATEGORY","id":"4c5b07cf-a894-4a57-a952-047b12cae8e8"},{"type":"CATEGORY","id":"eebd338d-dbd5-37e4-9e4a-1296de82963a"},{"type":"CATEGORY","id":"acdf4553-facd-420c-8e44-e50bfe949c51"}],"sampling":{"structured":{"method":"TOP","analysis_method":"FIXED","sample_size":{"name":"BASIC","options":{"row_number":1000,"classify_value_number":100}}}},"datascope_of_reruns":"ALL"},"status":"READY","publish_job":{"id":"7928cce8-1020-4fdc-96a5-05c6989509dd"}}},"attachments":[]}