{"metadata":{"asset_id":"a62bb492-7361-483a-9e43-5f03db8706da","asset_attributes":["metadata_enrichment_area"],"name":"DataQuack PostgreSQL Metadata Import","asset_type":"metadata_enrichment_area","created_at":"2023-01-05T10:38:28Z","description":"","origin_country":"us","owner_id":"1000331003","project_id":"1fc39077-1bc1-4002-84ab-948d78db1a56","size":0,"tags":[],"usage":{"last_update_time":1672930611688,"last_updated_at":"2023-01-05T14:56:51Z"}},"entity":{"metadata_enrichment_area":{"description":"","name":"DataQuack PostgreSQL Metadata Import","job":{"name":"DataQuack PostgreSQL Metadata Import","id":"bcaa09f0-1646-4be4-bac0-82a590729fd2"},"objective":{"enrichment_options":{"structured":{"profile":true,"assign_terms":true,"analyze_quality":true}},"governance_scope":[{"type":"CATEGORY","id":"e39ada11-8338-3704-90e3-681a71e7c839"},{"type":"CATEGORY","id":"a2b8754d-bac1-405e-94c0-489e0251fb2e"},{"type":"CATEGORY","id":"3893a4c8-0d22-4d42-895e-9a8d20c5f7da"},{"type":"CATEGORY","id":"4c5b07cf-a894-4a57-a952-047b12cae8e8"},{"type":"CATEGORY","id":"eebd338d-dbd5-37e4-9e4a-1296de82963a"},{"type":"CATEGORY","id":"acdf4553-facd-420c-8e44-e50bfe949c51"}],"sampling":{"structured":{"method":"TOP","analysis_method":"FIXED","sample_size":{"name":"BASIC","options":{"row_number":1000,"classify_value_number":100}}}},"datascope_of_reruns":"ALL"},"status":"READY","publish_job":{"id":"2bd2e885-5bf8-4cf7-a2e5-f1cf69171c7b"}}},"attachments":[]}