{"metadata":{"asset_id":"f3a9edd9-eff0-4773-a8c3-825de924bb32","asset_attributes":["metadata_enrichment_area"],"name":"DB2WH Metadata Enrich","asset_type":"metadata_enrichment_area","created_at":"2023-01-04T13:17:38Z","description":"DB2WH Metadata Enrich","origin_country":"us","owner_id":"1000331003","project_id":"1fc39077-1bc1-4002-84ab-948d78db1a56","size":0,"tags":[],"usage":{"last_update_time":1672840502846,"last_updated_at":"2023-01-04T13:55:02Z"}},"entity":{"metadata_enrichment_area":{"description":"DB2WH Metadata Enrich","name":"DB2WH Metadata Enrich","job":{"name":"DB2WH Metadata Enrich","id":"b4e2f8b7-67ec-4af9-b0d7-b33079cf4297"},"objective":{"enrichment_options":{"structured":{"profile":true,"assign_terms":true,"analyze_quality":true}},"governance_scope":[{"type":"CATEGORY","id":"e39ada11-8338-3704-90e3-681a71e7c839"},{"type":"CATEGORY","id":"50b175d3-0da7-4909-95ac-3475292f4950"},{"type":"CATEGORY","id":"5cb046b1-0788-4025-a4fa-ce26d5f3a7b5"},{"type":"CATEGORY","id":"4983e072-0af1-4d51-9f8b-fce68a583b12"},{"type":"CATEGORY","id":"decb8189-a39b-4d34-ba7f-ef9e3c6ac59f"},{"type":"CATEGORY","id":"d67b2cf6-9b59-4488-8f5c-05f1324f5ff0"},{"type":"CATEGORY","id":"eebd338d-dbd5-37e4-9e4a-1296de82963a"}],"sampling":{"structured":{"method":"TOP","analysis_method":"FIXED","sample_size":{"name":"BASIC","options":{"row_number":1000,"classify_value_number":100}}}},"datascope_of_reruns":"ALL"},"status":"READY","publish_job":{"id":"cfc4fccf-81a7-457e-b0b2-894212f665ff"}}},"attachments":[]}