{"metadata":{"asset_id":"4118b078-14f0-4289-a791-065ae362d9a0","asset_type":"metadata_import","creator_id":"1000331003","created_at":"1672914633952","project_id":"1fc39077-1bc1-4002-84ab-948d78db1a56","usage":{"last_updated_at":"2023-01-05T10:38:30Z","last_updater_id":"icp4d-dev","last_update_time":1672915110896,"last_accessed_at":"2023-01-05T10:38:30Z","last_access_time":1672915110896,"last_accessor_id":"icp4d-dev","access_count":0}},"entity":{"description":"DataQuack_PostgreSQL Metadata Import","name":"DataQuack_PostgreSQL Metadata Import","import_type":"metadata","connection_id":"3e31842c-8185-4c9c-9b17-3d83cb0057e6","target_project_id":"1fc39077-1bc1-4002-84ab-948d78db1a56","job_id":"436c5ba3-fca8-433b-b805-a32dd2168660","scope":{"paths":["/BANKING"]},"datasource_type":"database","last_run_started":1672914637259,"last_run_completed":1672914647312,"number_of_runs":1,"version":4,"number_of_new_assets":2,"number_of_updated_assets":0,"number_of_removed_assets":0,"mde_enabled":true,"reimport_options":{"update_name":true,"update_description":true,"update_column_descriptions":true}}}