"code","value","description","parent","reference data set","related terms","is_multi_mapped_to_c57cb90f-2126-3800-9c9f-9eab82021cdf"
"CHN","China","China",,"534561ac-1080-3714-b7aa-5a5809ff1f00",,
"BEL","Belgium","Belgium","EU",,,
"TUR","Turkey","Turkey",,,,
"JPN","Japan","Japan",,,,"OSA,TOK"
"ARG","Argentina","Argentina",,,,
"BRA","Brazil","Brazil",,,,"SAO"
"HKG","Hong Kong","Hong Kong",,,,
"USA","United States of America","United States of America",,,,"DAL,WAS"
"AUS","Australia","Australia",,,,"SYD"
"NZL","New Zealand","New Zealand",,,,
"CAN","Canada","Canada",,,,"TOR"
"NLD","Netherlands","Netherlands","EU",,,
"DEU","Germany","Germany","EU",,,"FRA"
"MEX","Mexico","Mexico",,,,
"RUS","Russian Federation","Russian Federation",,,,
"GBR","United Kingdom of Great Britain and Northern Ireland","United Kingdom of Great Britain and Northern Ireland",,,,"LON"
"FRA","France","France","EU",,,
"PRK","Korea (Democratic People's Republic of)","Korea (Democratic People's Republic of)",,,,
"EU","European Union","European Union",,,,
"ITA","Italy","Italy","EU",,,
"CHL","Chile","Chile",,,,
"PRT","Portugal","Portugal","EU",,,
