{"metadata":{"asset_id":"c759f7e4-4321-4745-bc76-3592092256d0","asset_attributes":["job"],"name":"testJob1c.DataStage job","asset_type":"job","created_at":"2022-07-14T13:11:35Z","origin_country":"us","owner_id":"1000330999","project_id":"81c14761-5d61-478d-a46a-aea30882a1dd","size":0,"usage":{"last_update_time":1657804295130,"last_updated_at":"2022-07-14T13:11:35Z"}},"entity":{"job":{"asset_ref_type":"data_intg_flow","configuration":{"env_variables":[],"flow_limits":{"warn_limit":100},"job_parameters":[],"env_id":"6c9e233d-2ae0-4e8b-96b9-5c6036d480b2","env_type":"datastage"},"last_run_initiator":"None","last_run_time":"","last_run_status":"None","last_run_status_timestamp":0,"future_scheduled_runs":[],"enable_notifications":true,"project_name":"Datastage Demo Assets","asset_ref":"d84a9aba-f52b-48eb-9071-3e16c2b6e745","schedule_id":"","schedule_creator_id":""}}}