[{"metadata":{"asset_id":"01e6b881-b3b7-45ed-b5d5-fa71b280b4ab","asset_type":"data_intg_flow","catalog_id":"06d7665a-4648-4cf6-9ee0-2c4a4941c08c","create_time":"2022-05-31T20:47:56.000Z","creator_id":"1000330999","name":"Multicloud Data Integration Full Tutorial","origin_country":"us","size":88703,"project_id":"69deb67b-eb59-492c-b70c-227127fe35a2","resource_key":"69deb67b-eb59-492c-b70c-227127fe35a2/data_intg_flow/Multicloud Data Integration Full Tutorial","description":"Up to Step 8 in the Integrate data tutorial!","tags":[],"usage":{"last_access_time":"2022-05-31T20:48:32.981Z","last_accessor_id":"1000330999","access_count":0}},"entity":{"data_intg_flow":{"mime_type":"application/json","dataset":false}},"attachments":[{"test_doc":0,"object_key":"data_intg_flow/69deb67b-eb59-492c-b70c-227127fe35a201e6b881-b3b7-45ed-b5d5-fa71b280b4ab","create_time":1654030077003,"complete_time_ticks":1654030077003,"mime":"application/json","usage":{"access_count":0,"last_accessor_id":"1000330999","last_access_time":1654030077003},"is_remote":false,"handle":{"max_part_num":1,"upload_id":"done","key":"data_intg_flow/69deb67b-eb59-492c-b70c-227127fe35a201e6b881-b3b7-45ed-b5d5-fa71b280b4ab"},"is_user_provided_path_key":true,"user_data":{},"version":2,"size":83143,"is_partitioned":false,"datasource_type":"81bafdbd-b7c6-45c5-a4fd-6ec135f66f4e","transfer_complete":true,"asset_type":"data_intg_flow","name":"data_intg_flows","creator_id":"1000330999","id":"b3b907f4-7d07-4eb7-a2fa-7be0181ab5f7","is_referenced":true,"is_managed":false,"is_object_key_read_only":false},{"test_doc":0,"object_key":"data_intg_flow/69deb67b-eb59-492c-b70c-227127fe35a201e6b881-b3b7-45ed-b5d5-fa71b280b4abpx_executables","create_time":1654030112980,"complete_time_ticks":1654030112980,"mime":"application/octet-stream","usage":{"access_count":0,"last_accessor_id":"1000330999","last_access_time":1654030112980},"is_remote":false,"handle":{"max_part_num":1,"upload_id":"done","key":"data_intg_flow/69deb67b-eb59-492c-b70c-227127fe35a201e6b881-b3b7-45ed-b5d5-fa71b280b4abpx_executables"},"is_user_provided_path_key":true,"user_data":{},"version":2,"size":5560,"is_partitioned":false,"datasource_type":"81bafdbd-b7c6-45c5-a4fd-6ec135f66f4e","transfer_complete":true,"asset_type":"data_intg_flow","name":"px_executables","creator_id":"1000330999","id":"9695aebb-2e53-46fe-842f-52005f46b55c","is_referenced":true,"is_managed":false,"is_object_key_read_only":false}]}]