{"metadata":{"asset_id":"4ff6e543-68ea-42ed-b006-a248893f942c","asset_attributes":["environment"],"name":"default_datastage_px","asset_type":"environment","created_at":"2022-05-31T20:47:48Z","description":"","origin_country":"us","owner_id":"1000330999","project_id":"69deb67b-eb59-492c-b70c-227127fe35a2","sandbox_id":"69deb67b-eb59-492c-b70c-227127fe35a2","size":0,"tags":["dsx"],"usage":{"last_update_time":1654030068071,"last_updated_at":"2022-05-31T20:47:48Z"}},"entity":{"environment":{"sub_type":"datastage","display_name":"Default DataStage PX","hardware_specification":{"datastage":{"num_conductors":1,"instance":"ds-px-default","conductor":{"cpu":{"units":"1","model":""},"mem":{"size":"4Gi"}},"num_computes":2,"compute":{"cpu":{"units":"3","model":""},"mem":{"size":"12Gi"}}},"built_in":false},"software_specification":{},"tools_specification":{"runtime_root_folder":"/DataStage/"}}}}