Name,Artifact Type,Category,Artifact ID,Description,Tags,Classifications,Stewards,Related Terms,Business Start,Business End,Part Of Terms,Type Of Terms,Abbreviations,Data Classes,Synonyms,Secondary Categories
City,glossary_term,f1dbc5a7-77fc-4074-83e7-30a7ceed6cdd,551fc552-9442-427c-92d5-de755e670254,,,,,,2023-06-08 14:51:36,,,,,,,
Ville or commune,glossary_term,f1dbc5a7-77fc-4074-83e7-30a7ceed6cdd,8b2ebdfd-1c9f-4d10-a5b2-e81a5251a8a5,The smallest (French) territorial division for administrative purposes.,,,1000331007,,2023-06-08 15:14:23,,,,,e3eb1ebf-277b-465d-bc10-fa4bd3f992e8,,
National ID number,glossary_term,f1dbc5a7-77fc-4074-83e7-30a7ceed6cdd,baf5d46a-445d-4c62-9538-ee0308f977b7,The National ID number of Belgian national number (numéro de registre national/rijksregisternummer) is a unique set of digits that's used to identify persons registered in the population and foreigner's registers held by the Belgian municipalities.,,,,,2023-06-08 15:14:23,,,,,33273a30-119b-43fd-8610-d906b624dd4e,,
street,glossary_term,f1dbc5a7-77fc-4074-83e7-30a7ceed6cdd,cfcda4e8-c7cf-4489-a5f7-70d3100e99a9,rue (French) or straat (Dutch),,,,,2023-06-08 15:14:23,,,,,d9b2976b-175f-4d14-a21a-ee629eaa0f57,,
état civil,glossary_term,f1dbc5a7-77fc-4074-83e7-30a7ceed6cdd,d1897dc6-04cf-403c-9f3e-e70930f0db74,"Civil status, or marital status, are the distinct options that describe a person's relationship with a significant other. Married, single, divorced ...",,,,,2023-06-08 15:14:26,,,,,95c57224-7f8e-447b-b126-73295895ba53,,
nom d'une personne,glossary_term,f1dbc5a7-77fc-4074-83e7-30a7ceed6cdd,fcc8b270-1790-4dc5-b842-09c410b5dffe,,,,,,2023-06-08 15:14:23,,,,,cde629aa-7334-4ea1-8aef-7810df705786,,
Customer Call Duration,glossary_term,b25b3fab-5281-4424-a3ec-ac1847bb0d7b,024f061e-2162-4f22-8d43-ed58bb81b239,The net duration of the customer call measured from the time when the call is answered to the time the call ended usually expressed as number of minutes.,,,,,2023-06-08 12:00:23,,6b857f3b-9f42-4325-a1d7-a7a1ac3dd1b9,,,,,
Customer Lifetime Value,glossary_term,b25b3fab-5281-4424-a3ec-ac1847bb0d7b,02dfd85d-03f9-4f7e-aea3-d4b3e9cd3721,The total projected earnings of a customer to the organization over its probable lifetime.,,,,,2023-06-08 12:00:23,,f50d9c14-8bb4-437b-9e6c-4698b66e8b58,,,,,
Customer Account Product Type,glossary_term,b25b3fab-5281-4424-a3ec-ac1847bb0d7b,0565f489-0771-4cd1-b0d1-2a9a698fe8ec,Classification of product or service that this account represents or is associated with this account.,,,,,2023-06-08 12:00:23,,fbb0ee12-735a-4a89-b499-7cbe0f683656,,,,,
Customer Active Tenure,glossary_term,b25b3fab-5281-4424-a3ec-ac1847bb0d7b,07a03ea6-ad5b-429b-b695-f07d60c28bb6,The period of time during which the customer has an active agreement with the organization.,,,,,2023-06-08 12:00:23,,f50d9c14-8bb4-437b-9e6c-4698b66e8b58,,,,,
Transaction Status,glossary_term,b25b3fab-5281-4424-a3ec-ac1847bb0d7b,08b65e7c-6431-4251-b34d-503dfe751ee7,"The current state of the transaction. For example, settled, pending, rejected, completed, canceled.",,,,,2023-06-08 12:00:23,,275bfe84-feff-478a-9f50-26cc63fcc90c,,,,,
Postal Code,glossary_term,b25b3fab-5281-4424-a3ec-ac1847bb0d7b,096ce225-032f-4b8e-bfe9-5a327d017e7e,A code that is included in a postal address to assist the sorting of mail.,,,,,2023-06-08 12:00:23,,460e5864-1f1d-4ec5-803a-a2b388c7a159,,,,,
Product Offer,glossary_term,b25b3fab-5281-4424-a3ec-ac1847bb0d7b,0ad3ae86-eb03-4e2d-a2bd-c6c1fdc58c67,Details of the offer of the product to a particular customer based on the industry.,,,,10dd091e-660f-4ae9-bfaf-c4ba12453b69,2023-06-08 12:00:23,,,,,,,
Registered For Alerts Indicator,glossary_term,b25b3fab-5281-4424-a3ec-ac1847bb0d7b,0e8a1ef5-989c-41ae-b990-4d88775e9376,Indicates the registration of the customer for alerts. For example: an alert for payment due date.,,,,,2023-06-08 12:00:23,,9b1e5159-0a4a-415c-94a1-a136881143d2,,,,,
Home Address,glossary_term,b25b3fab-5281-4424-a3ec-ac1847bb0d7b,109e9213-1adf-4d3c-b784-cd0cc9410de9,The address of a person's home.,,,,460e5864-1f1d-4ec5-803a-a2b388c7a159,2023-06-08 12:00:23,,f50d9c14-8bb4-437b-9e6c-4698b66e8b58,,,,,
Communication,glossary_term,b25b3fab-5281-4424-a3ec-ac1847bb0d7b,10dd091e-660f-4ae9-bfaf-c4ba12453b69,"The receiving or sending of an information between two parties. A communication may be in any medium such as a telephone call, a letter, an email, a meeting, and so on.",,,,27ae92fa-5ac8-4898-80da-c81082bbfdb6,2023-06-08 12:00:23,,,,,,,
"",,,,,,,,0ad3ae86-eb03-4e2d-a2bd-c6c1fdc58c67,,,,,,,,
Properties Owned,glossary_term,b25b3fab-5281-4424-a3ec-ac1847bb0d7b,1141f64a-d9e6-4c9e-bcbd-4fb26b920fa2,The number of properties owned by the customer.,,,,,2023-06-08 12:00:23,,f50d9c14-8bb4-437b-9e6c-4698b66e8b58,,,,,
Customer Complaints,glossary_term,b25b3fab-5281-4424-a3ec-ac1847bb0d7b,1403e4da-556c-4e93-9a4d-fb8e9745810c,Number of all customer complaints recorded in assessed period.,,,,,2023-06-08 12:00:23,,,,,,,
City,glossary_term,b25b3fab-5281-4424-a3ec-ac1847bb0d7b,14b8c153-8d07-4b45-b2df-66d6c409313d,A geographic area that defines the boundaries of a community where people live. It is generally an incorporated or chartered area of a state or province.,,,,fbf12572-a399-490f-b439-c3fb02aba090,2023-06-08 12:00:23,,,,,,,
Customer Satisfaction,glossary_term,b25b3fab-5281-4424-a3ec-ac1847bb0d7b,15999965-5db6-46a1-bb21-c2f3f98a92b1,The overall satisfaction of the customer with the goods or services that are provided by the organization.,,,,,2023-06-08 12:00:23,,f50d9c14-8bb4-437b-9e6c-4698b66e8b58,,,,,
Customer Account Life Cycle Status,glossary_term,b25b3fab-5281-4424-a3ec-ac1847bb0d7b,15f242c7-01bf-40a0-afaa-d0c4fd8ee86e,Additional classification of customer account status that determines the status of the account based on its life cycle.,,,,,2023-06-08 12:00:23,,fbb0ee12-735a-4a89-b499-7cbe0f683656,,,,,
State Code,glossary_term,b25b3fab-5281-4424-a3ec-ac1847bb0d7b,18979fa8-40fe-4b13-bf12-3595d6465631,"A code which identifies a state or province, for example: the state code for Florida is 'FL'.",,,,,2023-06-08 12:00:23,,e30ddc0b-ae72-4d27-8d52-7b4a6ccede09,,,,,
Product Warranty Indicator,glossary_term,b25b3fab-5281-4424-a3ec-ac1847bb0d7b,18a40c86-6ba4-46f5-90ec-7d190c1e14ac,Indicates whether the product is under warranty from an organization.,,,,,2023-06-08 12:00:23,,9b1e5159-0a4a-415c-94a1-a136881143d2,,,,,
Customer Agreement Type,glossary_term,b25b3fab-5281-4424-a3ec-ac1847bb0d7b,199ade42-8e49-4347-9d58-5a2f1a6bf195,An organization specific classification of the customer agreement.,,,,,2023-06-08 12:00:23,,964914c4-ee99-4f27-bcb6-9a849d43a7b1,,,,,
Country,glossary_term,b25b3fab-5281-4424-a3ec-ac1847bb0d7b,1dfdecec-0df6-460e-a23e-24479960d481,A geographic area that defines the boundaries of a nation.,,,,460e5864-1f1d-4ec5-803a-a2b388c7a159,2023-06-08 12:00:23,,,,,,,
"",,,,,,,,f722899a-4a79-4ce4-904b-a116fd22549e,,,,,,,,
Customer Acquisition Cost,glossary_term,b25b3fab-5281-4424-a3ec-ac1847bb0d7b,1fa34f82-9215-4bdd-9b21-b2dd46ee631e,The primary costs of establishing the customer. The money spent on convincing the customer to purchase the products or services of the organization.,,,,,2023-06-08 12:00:23,,f50d9c14-8bb4-437b-9e6c-4698b66e8b58,,,,,
Active Customers,glossary_term,b25b3fab-5281-4424-a3ec-ac1847bb0d7b,25309c13-2dde-40f0-ac2b-369a7ebcb06a,The number of customers that have at least one active customer agreement at the end of the period.,,,,,2023-06-08 12:00:23,,,,,,,
Transaction,glossary_term,b25b3fab-5281-4424-a3ec-ac1847bb0d7b,275bfe84-feff-478a-9f50-26cc63fcc90c,Identifies an activity that represents the recording of events on customer account.,,,,fbb0ee12-735a-4a89-b499-7cbe0f683656,2023-06-08 12:00:23,,,,,,,
"",,,,,,,,f50d9c14-8bb4-437b-9e6c-4698b66e8b58,,,,,,,,
Customer Communication,glossary_term,b25b3fab-5281-4424-a3ec-ac1847bb0d7b,27ae92fa-5ac8-4898-80da-c81082bbfdb6,The communication between the customer and the organization typically handled by a contact center.,,,,10dd091e-660f-4ae9-bfaf-c4ba12453b69,2023-06-08 12:00:23,,,,,,,
"",,,,,,,,6b857f3b-9f42-4325-a1d7-a7a1ac3dd1b9,,,,,,,,
"",,,,,,,,f50d9c14-8bb4-437b-9e6c-4698b66e8b58,,,,,,,,
Communication On Hold Time,glossary_term,b25b3fab-5281-4424-a3ec-ac1847bb0d7b,27fec757-f910-42c5-a9cf-76092665583f,The amount of time spent in a suspended or on-hold mode during a communication.,,,,,2023-06-08 12:00:23,,10dd091e-660f-4ae9-bfaf-c4ba12453b69,,,,,
Bill Alternate Usage,glossary_term,b25b3fab-5281-4424-a3ec-ac1847bb0d7b,285c91fb-f683-431c-902c-d05e53b75c07,The amount of energy used in addition to base usage included in the bill.,,,,,2023-06-08 12:00:23,,990464f0-89cd-46d3-95b9-618db8b927d4,,,,,
Account Type,glossary_term,b25b3fab-5281-4424-a3ec-ac1847bb0d7b,2aee8668-da31-47d7-a146-54d474818538,The categorization of the account into distinct types.,,,,,2023-06-08 12:00:23,,fbb0ee12-735a-4a89-b499-7cbe0f683656,,,,,
Account Number,glossary_term,b25b3fab-5281-4424-a3ec-ac1847bb0d7b,2c455580-8f6c-49a8-b1dc-9a8150771b61,A unique business identifier for the account.,,,,,2023-06-08 12:00:23,,fbb0ee12-735a-4a89-b499-7cbe0f683656,,,,,
Customer Social Media Account,glossary_term,b25b3fab-5281-4424-a3ec-ac1847bb0d7b,2cdc4f25-327e-4c8e-a437-84a7e8e95d91,The social network account used to communicate with the customer.,,,,de0fda77-4ea3-48b1-91ed-329872b6d312,2023-06-08 12:00:23,,f50d9c14-8bb4-437b-9e6c-4698b66e8b58,,,,,
Household Home Ownership,glossary_term,b25b3fab-5281-4424-a3ec-ac1847bb0d7b,2d29bce3-da6e-46e1-ab10-fa7067cd4da8,Indicates whether a member of the household is also the property owner.,,,,,2023-06-08 12:00:23,,9b1e5159-0a4a-415c-94a1-a136881143d2,,,,,
Transaction Currency,glossary_term,b25b3fab-5281-4424-a3ec-ac1847bb0d7b,2e508124-d1a9-4e61-a62b-0e6de95ae3ee,Identifies a currency recorded on the transaction.,,,,,2023-06-08 12:00:23,,275bfe84-feff-478a-9f50-26cc63fcc90c,,,,,
Base Usage,glossary_term,b25b3fab-5281-4424-a3ec-ac1847bb0d7b,2f02f3b6-102e-417e-b186-a186cd5ffdb2,The amount of energy used in providing routine needs for the household included in the bill.,,,,,2023-06-08 12:00:23,,990464f0-89cd-46d3-95b9-618db8b927d4,,,,,
Authorization Code,glossary_term,b25b3fab-5281-4424-a3ec-ac1847bb0d7b,30cfad71-785c-44ec-8c2e-cbbfeee2d0ee,"Identifies a code which has been received to authorize a requested action. For example, a code issued by a bank to authorize a Credit Card Payment.",,,,,2023-06-08 12:00:23,,275bfe84-feff-478a-9f50-26cc63fcc90c,,,,,
Social Media Account Name,glossary_term,b25b3fab-5281-4424-a3ec-ac1847bb0d7b,32a78ec2-5f2b-4629-8ba5-c78851c23574,"The online name that is used for the social media account, which can be a pseudonym, such as a nickname or alias.",,,,,2023-06-08 12:00:23,,de0fda77-4ea3-48b1-91ed-329872b6d312,,,,,
Wind Energy Indicator,glossary_term,b25b3fab-5281-4424-a3ec-ac1847bb0d7b,33283ab6-2927-4974-9220-f40f980e1699,Indicates whether a household has a wind energy generation unit.,,,,,2023-06-08 12:00:23,,9b1e5159-0a4a-415c-94a1-a136881143d2,,,,,
Wind Zone Indicator,glossary_term,b25b3fab-5281-4424-a3ec-ac1847bb0d7b,3737cd57-4b89-46bc-87dc-237ecaf9c89c,Indicates whether a particular geographic area could be feasible for generating wind energy.,,,,,2023-06-08 12:00:23,,9b1e5159-0a4a-415c-94a1-a136881143d2,,,,,
Home Energy Efficiency Ratio,glossary_term,b25b3fab-5281-4424-a3ec-ac1847bb0d7b,3cff0954-700a-455d-a720-2005620c3d9c,"A ratio indicating the overall energy efficiency of the property, calculated by dividing the the size of the property by the energy usage per month.",,,,,2023-06-08 12:00:23,,,,,,,
Bill Total Net,glossary_term,b25b3fab-5281-4424-a3ec-ac1847bb0d7b,3ec6a007-fa42-4129-aa76-eb7feafefd88,"The net billed amount including base charge, alternate charge, standing charge but excluding the levy.",,,,,2023-06-08 12:00:23,,990464f0-89cd-46d3-95b9-618db8b927d4,,,,,
Communication Content,glossary_term,b25b3fab-5281-4424-a3ec-ac1847bb0d7b,406d2492-e2de-45d3-bf09-6942f933ee4d,"The text holding the content of the written communication (letter, web chat, email, text) or transcription of a phone call.",,,,,2023-06-08 12:00:23,,10dd091e-660f-4ae9-bfaf-c4ba12453b69,,,,,
Customer Agreement Status,glossary_term,b25b3fab-5281-4424-a3ec-ac1847bb0d7b,4079db10-1871-4a7c-8368-620c190f307a,"The status of the agreement, for example: not eligible, pending, approved.",,,,,2023-06-08 12:00:23,,964914c4-ee99-4f27-bcb6-9a849d43a7b1,,,,,
Customer Name,glossary_term,b25b3fab-5281-4424-a3ec-ac1847bb0d7b,409d07c1-6edb-49bc-a7c2-15aeb55ba1a9,"The name by which a customer is known and which is usually used to identify that customer. For example: International Business Machines Corporation (IBM), Joe Bloggs.",,,,,2023-06-08 12:00:23,,f50d9c14-8bb4-437b-9e6c-4698b66e8b58,,,,,
Customer Type,glossary_term,b25b3fab-5281-4424-a3ec-ac1847bb0d7b,43293957-c806-4a6d-bffe-fe5e735beb91,"The type of the customer based on the classification of the organization that is in a contractual or other relationship with the customer, for example: residential, industrial, commercial, government.",,,,,2023-06-08 12:00:23,,f50d9c14-8bb4-437b-9e6c-4698b66e8b58,,,,,
City Name,glossary_term,b25b3fab-5281-4424-a3ec-ac1847bb0d7b,450f9406-08df-4499-b614-5b6d4fdbc2cd,"Identifies the label assigned to or by which a city may be identified, for example: Chicago, Dublin, Sydney.",,,,,2023-06-08 12:00:23,,14b8c153-8d07-4b45-b2df-66d6c409313d,,,,,
Postal Address,glossary_term,b25b3fab-5281-4424-a3ec-ac1847bb0d7b,460e5864-1f1d-4ec5-803a-a2b388c7a159,The address to which mail is delivered.,,,,1dfdecec-0df6-460e-a23e-24479960d481,2023-06-08 12:00:23,,,,,,,
"",,,,,,,,b11d0ab6-a4aa-4216-9c27-ceaf330c8775,,,,,,,,
"",,,,,,,,109e9213-1adf-4d3c-b784-cd0cc9410de9,,,,,,,,
"",,,,,,,,cdc0de81-8c33-416a-b863-729e6dbdff88,,,,,,,,
Inbound Calls,glossary_term,b25b3fab-5281-4424-a3ec-ac1847bb0d7b,4613d2a8-4ff2-403c-ba8c-539cb3972b35,The number of calls to contact center initiated by the customer during the analyzed period. This includes both answered and abandoned calls.,,,,,2023-06-08 12:00:23,,,,,,,
Telephone Number,glossary_term,b25b3fab-5281-4424-a3ec-ac1847bb0d7b,468c1fcf-fb95-4483-be4b-dff773438bab,The general-purpose telephone information that is needed to contact a wired or wireless telephone device.,,,,,2023-06-08 12:00:23,,f50d9c14-8bb4-437b-9e6c-4698b66e8b58,,,,,
Driver License Number,glossary_term,b25b3fab-5281-4424-a3ec-ac1847bb0d7b,4db36a44-0326-4ef9-a243-5a56e732fa98,The unique number assigned to an individual's driver license.,,,,,2023-06-08 12:00:23,,f50d9c14-8bb4-437b-9e6c-4698b66e8b58,,,,,
Communication End,glossary_term,b25b3fab-5281-4424-a3ec-ac1847bb0d7b,4fb15fb9-e6d5-4be0-a285-70760c149e3c,The date and time when the communication was ended.,,,,,2023-06-08 12:00:23,,10dd091e-660f-4ae9-bfaf-c4ba12453b69,,,,,
Tax,glossary_term,b25b3fab-5281-4424-a3ec-ac1847bb0d7b,4fde65d9-9a06-4bf1-b921-d9168932bc4e,"A money provision element part that represents statutory local, regional or national charges applying to a payment or charge.",,,,,2023-06-08 12:00:23,,990464f0-89cd-46d3-95b9-618db8b927d4,,,,,
Customer Products,glossary_term,b25b3fab-5281-4424-a3ec-ac1847bb0d7b,505d8ea6-37aa-484d-89d6-30c3e69faf92,Number of products the customer owns or has a subscription for.,,,,,2023-06-08 12:00:23,,f50d9c14-8bb4-437b-9e6c-4698b66e8b58,,,,,
Customer Sentiment,glossary_term,b25b3fab-5281-4424-a3ec-ac1847bb0d7b,5284c08e-661e-4883-958c-2161e1e12796,The overall attitude of the customer to the goods or services provided by the organization.,,,,,2023-06-08 12:00:23,,f50d9c14-8bb4-437b-9e6c-4698b66e8b58,,,,,
Inbound Communications,glossary_term,b25b3fab-5281-4424-a3ec-ac1847bb0d7b,552a3479-28fe-4d5b-9c16-408441017dd6,"The number of contacts with the organization that were initiated by the customers during the analyzed period. This includes phone calls, emails, text messages or communications using social media.",,,,,2023-06-08 12:00:23,,,,,,,
Suspicious Activity Type,glossary_term,b25b3fab-5281-4424-a3ec-ac1847bb0d7b,55b83b3e-9298-47cb-a8c9-dce0bb7b35d0,Identifies an activity or series of activities which has alerted the organization to the possibility of an occurrence of illegal or suspicious activity.,,,,,2023-06-08 12:00:23,,275bfe84-feff-478a-9f50-26cc63fcc90c,,,,,
Customer Net Present Value,glossary_term,b25b3fab-5281-4424-a3ec-ac1847bb0d7b,5668172f-4df2-4043-9a88-886083559d3c,The present value of the customer's net expected future cash flows minus the cost of investment (or cost of acquisition).,,,,,2023-06-08 12:00:23,,f50d9c14-8bb4-437b-9e6c-4698b66e8b58,,,,,
Transaction Date,glossary_term,b25b3fab-5281-4424-a3ec-ac1847bb0d7b,57169958-63d8-4fb0-bfe6-73c8ffef52aa,The date on which the transaction actually occurred.,,,,,2023-06-08 12:00:23,,275bfe84-feff-478a-9f50-26cc63fcc90c,,,,,
Customer Building Type,glossary_term,b25b3fab-5281-4424-a3ec-ac1847bb0d7b,57a712c9-9f38-4aba-93dc-fb253babd8d8,"The type of property in which the customer resides e.g. Apartment, Condominium.",,,,,2023-06-08 12:00:23,,9b1e5159-0a4a-415c-94a1-a136881143d2,,,,,
"",,,,,,,,,,,f50d9c14-8bb4-437b-9e6c-4698b66e8b58,,,,,
Bill Alternate Charge,glossary_term,b25b3fab-5281-4424-a3ec-ac1847bb0d7b,61c472c2-a877-436c-b5b4-262652ff4014,The cost of energy used in addition to base usage included in the bill.,,,,,2023-06-08 12:00:23,,990464f0-89cd-46d3-95b9-618db8b927d4,,,,,
Last Name,glossary_term,b25b3fab-5281-4424-a3ec-ac1847bb0d7b,625530e5-e0e7-47cf-a375-36a73614d80b,"Identifies an individual's name which belongs to the family the Individual is a part of, for example: Smith, Mueller.",,,,,2023-06-08 12:00:23,,f50d9c14-8bb4-437b-9e6c-4698b66e8b58,,,,,
Transaction Amount,glossary_term,b25b3fab-5281-4424-a3ec-ac1847bb0d7b,6324fa5a-01a8-4556-a2a0-300702131856,The total gross value of the transaction.,,,,,2023-06-08 12:00:23,,275bfe84-feff-478a-9f50-26cc63fcc90c,,,,,
Fraud Reporting Source,glossary_term,b25b3fab-5281-4424-a3ec-ac1847bb0d7b,63a32fc0-f838-4e71-bd4c-7f6178f453a2,Identifies the party of the transaction that raised a suspicion of fraud.,,,,,2023-06-08 12:00:23,,275bfe84-feff-478a-9f50-26cc63fcc90c,,,,,
Social Media Account Platform,glossary_term,b25b3fab-5281-4424-a3ec-ac1847bb0d7b,63b0ca84-b938-45ba-996e-0adb97ef5be5,The social network platform on which the account exists.,,,,,2023-06-08 12:00:23,,de0fda77-4ea3-48b1-91ed-329872b6d312,,,,,
Transaction Reason Type,glossary_term,b25b3fab-5281-4424-a3ec-ac1847bb0d7b,686d7f90-fdd0-4690-bf7d-0d8244401db5,"Identifies the reason for the transaction. For example, a bill payment, salary lodgment.",,,,,2023-06-08 12:00:23,,275bfe84-feff-478a-9f50-26cc63fcc90c,,,,,
Account Currency,glossary_term,b25b3fab-5281-4424-a3ec-ac1847bb0d7b,68d93ee7-53e0-4736-a796-84abd8143d5c,Identifies the currency of the account.,,,,,2023-06-08 12:00:23,,fbb0ee12-735a-4a89-b499-7cbe0f683656,,,,,
Customer Phone Call,glossary_term,b25b3fab-5281-4424-a3ec-ac1847bb0d7b,6b857f3b-9f42-4325-a1d7-a7a1ac3dd1b9,A call between a customer and a contact center agent. This includes both contact center inbound and outbound phone calls.,,,,27ae92fa-5ac8-4898-80da-c81082bbfdb6,2023-06-08 12:00:23,,,,,,,
Electric Vehicle Indicator,glossary_term,b25b3fab-5281-4424-a3ec-ac1847bb0d7b,70067576-1466-4a12-828a-d8e31f502a72,Indicates whether the household owns an electric vehicle.,,,,,2023-06-08 12:00:23,,9b1e5159-0a4a-415c-94a1-a136881143d2,,,,,
Customer Account Revenue Class,glossary_term,b25b3fab-5281-4424-a3ec-ac1847bb0d7b,7520acbd-fe3b-41ff-94c5-e74af23d6b40,"The classification of the customers revenue for accounting, for example: residential, commercial, industrial.",,,,,2023-06-08 12:00:23,,fbb0ee12-735a-4a89-b499-7cbe0f683656,,,,,
Customer Tenure,glossary_term,b25b3fab-5281-4424-a3ec-ac1847bb0d7b,780614ad-6919-4fb0-b154-ec3d248fa9ee,The duration in years or months since the start date of the first agreement the customer had with the organization.,,,,,2023-06-08 12:00:23,,f50d9c14-8bb4-437b-9e6c-4698b66e8b58,,,,,
Active Customer Agreements,glossary_term,b25b3fab-5281-4424-a3ec-ac1847bb0d7b,792d4588-83ce-481a-91d1-0313199caaf3,The number of customer agreements that are active at the end of a given period of time.,,,,,2023-06-08 12:00:23,,,,,,,
Dormant Customers,glossary_term,b25b3fab-5281-4424-a3ec-ac1847bb0d7b,799c5f35-a61a-40f6-b452-8aa9ea181428,The number of customers without account transaction and communication during a given period of time. The dormant customers are the customers without any active contracts.,,,,,2023-06-08 12:00:23,,,,,,,
Bill Standing Charge,glossary_term,b25b3fab-5281-4424-a3ec-ac1847bb0d7b,7a1e7410-a79d-4e1d-bb90-f77237fb7a2f,A fee to be paid to the energy supplier for providing access to the electricity or gas.,,,,,2023-06-08 12:00:23,,990464f0-89cd-46d3-95b9-618db8b927d4,,,,,
Ethnicity,glossary_term,b25b3fab-5281-4424-a3ec-ac1847bb0d7b,7c898f77-df87-4256-b239-8736ff3c3ddd,"A classification of an individual based on their membership in a group that is united and defined to a greater or lesser degree by common history, beliefs, culture, nationality, etc.",,,,,2023-06-08 12:00:23,,f50d9c14-8bb4-437b-9e6c-4698b66e8b58,,,,,
Customer Agreement Payment Cycle,glossary_term,b25b3fab-5281-4424-a3ec-ac1847bb0d7b,7d54bbf5-564d-4e80-a5b1-dfa7b93befbc,"The payment frequency that the customer is contractually expected to observe, for example: ad-hoc, on specified date, weekly, monthly.",,,,,2023-06-08 12:00:23,,964914c4-ee99-4f27-bcb6-9a849d43a7b1,,,,,
Customer Net Gain,glossary_term,b25b3fab-5281-4424-a3ec-ac1847bb0d7b,7dce046d-3c84-4421-bf6b-e79566fa9130,"The net gain in customers of the organization expressed as: the number of customers gained minus the number of customers lost, in a given period.",,,,,2023-06-08 12:00:23,,,,,,,
Customer Credit Authority Level,glossary_term,b25b3fab-5281-4424-a3ec-ac1847bb0d7b,7edf472f-5725-4783-bff6-124aead275af,"Scale of authority for credit of the customer on the market, for example: high, medium, low.",,,,,2023-06-08 12:00:23,,f50d9c14-8bb4-437b-9e6c-4698b66e8b58,,,,,
Communication Status,glossary_term,b25b3fab-5281-4424-a3ec-ac1847bb0d7b,81f6eab7-f207-486f-aab2-e369ddc80414,"The communication status distinguishes between communications according to their current state, for example: awaiting further information, closed, open.",,,,,2023-06-08 12:00:23,,10dd091e-660f-4ae9-bfaf-c4ba12453b69,,,,,
Customer Emails,glossary_term,b25b3fab-5281-4424-a3ec-ac1847bb0d7b,85d0c85c-2cae-4e49-9d99-b5234ac944e9,Number of all customer emails received in assessed period.,,,,,2023-06-08 12:00:23,,,,,,,
Customer Language,glossary_term,b25b3fab-5281-4424-a3ec-ac1847bb0d7b,86b8f354-0356-4e43-a7e8-08eec3fe1cdb,Identifies the natural language associated with customer for use in communications.,,,,,2023-06-08 12:00:23,,f50d9c14-8bb4-437b-9e6c-4698b66e8b58,,,,,
Communication Resolution Type,glossary_term,b25b3fab-5281-4424-a3ec-ac1847bb0d7b,8837a48b-08b9-43fd-9824-4456aabdf41a,"The overarching method by which a communication is resolved or ended, for example: completed by agent, completed by self-service, disconnect, abandon.",,,,,2023-06-08 12:00:23,,10dd091e-660f-4ae9-bfaf-c4ba12453b69,,,,,
Employment Status,glossary_term,b25b3fab-5281-4424-a3ec-ac1847bb0d7b,8a559471-8f0c-4a7e-9b1f-d6852a281ecf,"The employment status of an individual, for example: full-time, part-time, unemployed, retired.",,,,,2023-06-08 12:00:23,,f50d9c14-8bb4-437b-9e6c-4698b66e8b58,,,,,
Street,glossary_term,b25b3fab-5281-4424-a3ec-ac1847bb0d7b,8b19b156-c935-432e-9093-8da27f82152e,The name of the street of the address.,,,,,2023-06-08 12:00:23,,460e5864-1f1d-4ec5-803a-a2b388c7a159,,,,,
Net Change In Customer Agreements,glossary_term,b25b3fab-5281-4424-a3ec-ac1847bb0d7b,8c0323df-4a5a-4f1e-ad1b-fbed2bb55cf9,The net number of agreements at the end of the given period of time expressed as: the number of agreements created minus the number of agreements closed during that period of time.,,,,,2023-06-08 12:00:23,,,,,,,
Marital Status,glossary_term,b25b3fab-5281-4424-a3ec-ac1847bb0d7b,8c068ef7-7f6c-406b-9c25-454305bcabb3,Current legal situation of the individual regarding marriage.,,,,,2023-06-08 12:00:23,,f50d9c14-8bb4-437b-9e6c-4698b66e8b58,,,,,
Outbound Calls,glossary_term,b25b3fab-5281-4424-a3ec-ac1847bb0d7b,8c08c045-4e75-441c-8eac-47bc868f93e1,The number of contact center calls to customer during the analyzed period. This includes both calls answered by customer and calls ended by agent due to customer not answering.,,,,,2023-06-08 12:00:23,,,,,,,
Arrears Amount,glossary_term,b25b3fab-5281-4424-a3ec-ac1847bb0d7b,8cff013a-9a6f-47ec-b6a9-f29684c8f744,"The total amount of money which is owed to an organization on payments due on the account, but not received as of the payment due date.",,,,,2023-06-08 12:00:23,,fbb0ee12-735a-4a89-b499-7cbe0f683656,,,,,
Smart Meter Indicator,glossary_term,b25b3fab-5281-4424-a3ec-ac1847bb0d7b,8da1be2f-6383-4209-8116-a6d34b0efa02,Indicates whether the household has a smart meter installed.,,,,,2023-06-08 12:00:23,,9b1e5159-0a4a-415c-94a1-a136881143d2,,,,,
Outbound Communications,glossary_term,b25b3fab-5281-4424-a3ec-ac1847bb0d7b,8fbfa206-03db-4d1a-b670-911dc33d684f,"The number of customer contacts with the organization that were initiated by the contact center during the analyzed period. This includes phone calls, email, text messages or communications using social media.",,,,,2023-06-08 12:00:23,,,,,,,
Date Of Birth,glossary_term,b25b3fab-5281-4424-a3ec-ac1847bb0d7b,9030c060-b3bd-4989-94c5-12e7d7ff7ba6,Identifies the birth date of an individual.,,,,,2023-06-08 12:00:23,,f50d9c14-8bb4-437b-9e6c-4698b66e8b58,,,,,
Education Level,glossary_term,b25b3fab-5281-4424-a3ec-ac1847bb0d7b,925551df-b842-426c-8695-72d56d40f1fa,The highest level of education of the person.,,,,,2023-06-08 12:00:23,,f50d9c14-8bb4-437b-9e6c-4698b66e8b58,,,,,
Customer Market Segment,glossary_term,b25b3fab-5281-4424-a3ec-ac1847bb0d7b,94b8d2c8-9397-4e67-b41f-5d2debc4f416,The customer classification that is used to segment customers to produce and track the sales forecast.,,,,,2023-06-08 12:00:23,,f50d9c14-8bb4-437b-9e6c-4698b66e8b58,,,,,
Customer Agreement,glossary_term,b25b3fab-5281-4424-a3ec-ac1847bb0d7b,964914c4-ee99-4f27-bcb6-9a849d43a7b1,An agreement between the customer and the organization to pay for goods or services. The agreement records billing information about the type of service and product that is provided.,,,,fbb0ee12-735a-4a89-b499-7cbe0f683656,2023-06-08 12:00:23,,,,,,,
"",,,,,,,,f50d9c14-8bb4-437b-9e6c-4698b66e8b58,,,,,,,,
Customer Agreement Number,glossary_term,b25b3fab-5281-4424-a3ec-ac1847bb0d7b,96ceca88-6b13-4fed-8451-56252ff1885c,The unique alphanumeric value that is assigned in the business process and identifies the customer agreement.,,,,,2023-06-08 12:00:23,,964914c4-ee99-4f27-bcb6-9a849d43a7b1,,,,,
Bill Base Charge,glossary_term,b25b3fab-5281-4424-a3ec-ac1847bb0d7b,989a6597-0233-47fd-a4e7-06529467c0cf,The charges associated with base usage included in the bill.,,,,,2023-06-08 12:00:23,,990464f0-89cd-46d3-95b9-618db8b927d4,,,,,
Billing,glossary_term,b25b3fab-5281-4424-a3ec-ac1847bb0d7b,990464f0-89cd-46d3-95b9-618db8b927d4,"An invoice/bill issued by a seller to a customer, relating to a sale transaction and indicating the products, quantities, and agreed prices for products or services the seller had provided the buyer.",,,,,2023-06-08 12:00:23,,,,,,,
Household,glossary_term,b25b3fab-5281-4424-a3ec-ac1847bb0d7b,9b1e5159-0a4a-415c-94a1-a136881143d2,"A group of individuals, who can be resident at the same address and members of the same family, that share a common economic interest and are treated as a unit for certain purposes.",,,,,2023-06-08 12:00:23,,,,,,,
Customer Identifier,glossary_term,b25b3fab-5281-4424-a3ec-ac1847bb0d7b,9d667b63-3b42-4393-97cd-ca18098772e2,A unique number that identifies the customer.,,,,,2023-06-08 12:00:23,,f50d9c14-8bb4-437b-9e6c-4698b66e8b58,,,,,
Card At Transaction Status,glossary_term,b25b3fab-5281-4424-a3ec-ac1847bb0d7b,9eda7d7d-c6c5-46a8-a8dc-7e5ec46ce9f8,Indicates whether the credit card was physically present at the time of the transaction.,,,,,2023-06-08 12:00:23,,275bfe84-feff-478a-9f50-26cc63fcc90c,,,,,
Number of Customer Communications,glossary_term,b25b3fab-5281-4424-a3ec-ac1847bb0d7b,a4341b32-baff-46e7-bf7c-5c5bff508a00,"The number of all communications with customers, both customer and organization initiated, in the assessed period. This includes phone calls, letters, emails, texts, social media interactions, web and mobile chats.",,,,,2023-06-08 12:00:23,,,,,,,
Car Ownership Indicator,glossary_term,b25b3fab-5281-4424-a3ec-ac1847bb0d7b,a4d9957e-45c0-4cef-beca-2dcdcc5fde55,Indicates whether the household owns a car.,,,,,2023-06-08 12:00:23,,9b1e5159-0a4a-415c-94a1-a136881143d2,,,,,
Communication Subject,glossary_term,b25b3fab-5281-4424-a3ec-ac1847bb0d7b,a5e1a738-9be9-4302-97f8-227d645580b2,A text reference that aids the identification and understanding of this communication content.,,,,,2023-06-08 12:00:23,,10dd091e-660f-4ae9-bfaf-c4ba12453b69,,,,,
Address Line 1 Description,glossary_term,b25b3fab-5281-4424-a3ec-ac1847bb0d7b,a6be2a36-32a6-4f21-9f4c-fac30013422a,"First line of the address, which includes street and building number.",,,,,2023-06-08 12:00:23,,460e5864-1f1d-4ec5-803a-a2b388c7a159,,,,,
Bill Total Amount To Pay,glossary_term,b25b3fab-5281-4424-a3ec-ac1847bb0d7b,a712ac45-9f81-4dbc-8437-0ac8c60e81a6,The total amount of money which is owed to an organization on payments due on the account.,,,,,2023-06-08 12:00:23,,990464f0-89cd-46d3-95b9-618db8b927d4,,,,,
Photovoltaic Zone Indicator,glossary_term,b25b3fab-5281-4424-a3ec-ac1847bb0d7b,a94cd2a6-37bd-4f99-b486-b14e5e4c099d,Indicates whether the location is included in the Photovoltaic(PV) zone.,,,,,2023-06-08 12:00:23,,9b1e5159-0a4a-415c-94a1-a136881143d2,,,,,
Bill Payment Due Date,glossary_term,b25b3fab-5281-4424-a3ec-ac1847bb0d7b,a9ec9cce-1bf2-405a-8b62-72fa0165a985,The date when the bill payment is due to be paid.,,,,,2023-06-08 12:00:23,,990464f0-89cd-46d3-95b9-618db8b927d4,,,,,
Customer Social Security Number,glossary_term,b25b3fab-5281-4424-a3ec-ac1847bb0d7b,aad6a91c-2425-48d1-9fad-32db08ab2e44,The unique number assigned to an Individual by a governmental agency for the purposes of qualifying for Social Security benefits.,,,,,2023-06-08 12:00:23,,f50d9c14-8bb4-437b-9e6c-4698b66e8b58,,,,,
Thermostat Indicator,glossary_term,b25b3fab-5281-4424-a3ec-ac1847bb0d7b,ab598bc4-472d-4fec-8d1d-c3d760e5f631,Indicates whether the household has a thermostat installed.,,,,,2023-06-08 12:00:23,,9b1e5159-0a4a-415c-94a1-a136881143d2,,,,,
Customer Importance,glossary_term,b25b3fab-5281-4424-a3ec-ac1847bb0d7b,ad685912-ecce-46c5-894e-98565f538ecc,"The level of importance that the customer has to the organization, for example: low, normal, high, VIP.",,,,,2023-06-08 12:00:23,,f50d9c14-8bb4-437b-9e6c-4698b66e8b58,,,,,
Energy Usage,glossary_term,b25b3fab-5281-4424-a3ec-ac1847bb0d7b,afceabae-c92f-4f5f-ab4a-eed047a6f057,"The amount of energy used by a customer, for example energy used in a given month or year.",,,,,2023-06-08 12:00:23,,9b1e5159-0a4a-415c-94a1-a136881143d2,,,,,
Number of Customer Accounts,glossary_term,b25b3fab-5281-4424-a3ec-ac1847bb0d7b,afdebead-12d6-4dee-ab40-e83c582852f5,The number of customer accounts in assessed period.,,,,,2023-06-08 12:00:23,,,,,,,
State Name,glossary_term,b25b3fab-5281-4424-a3ec-ac1847bb0d7b,b10a59c6-6679-4044-ad56-6d865de61f77,"Identifies the label assigned to or by which a state may be identified, for example: Florida, Texas, Kentucky.",,,,,2023-06-08 12:00:23,,e30ddc0b-ae72-4d27-8d52-7b4a6ccede09,,,,,
Customer Account Address,glossary_term,b25b3fab-5281-4424-a3ec-ac1847bb0d7b,b11d0ab6-a4aa-4216-9c27-ceaf330c8775,The postal address associated with the customer account.,,,,460e5864-1f1d-4ec5-803a-a2b388c7a159,2023-06-08 12:00:23,,fbb0ee12-735a-4a89-b499-7cbe0f683656,,,,,
Electronic Bill Indicator,glossary_term,b25b3fab-5281-4424-a3ec-ac1847bb0d7b,b550c5a5-1984-48f1-a2c0-578f3e75e9b1,Indicates whether the customer is registered for electronic billing.,,,,,2023-06-08 12:00:23,,9b1e5159-0a4a-415c-94a1-a136881143d2,,,,,
Levy,glossary_term,b25b3fab-5281-4424-a3ec-ac1847bb0d7b,b5552c38-ea7f-48ed-a842-c67cd1555082,"An obligatory payment to a government or other agency, usually connected to a specific purpose or initiative.",,,,,2023-06-08 12:00:23,,990464f0-89cd-46d3-95b9-618db8b927d4,,,,,
Postal Address State,glossary_term,b25b3fab-5281-4424-a3ec-ac1847bb0d7b,b609fe17-24d8-4e46-99b1-312cc9e7f74c,Identifies the state component of postal address.,,,,e30ddc0b-ae72-4d27-8d52-7b4a6ccede09,2023-06-08 12:00:23,,460e5864-1f1d-4ec5-803a-a2b388c7a159,,,,,
Home Automation Indicator,glossary_term,b25b3fab-5281-4424-a3ec-ac1847bb0d7b,b74a6764-1050-46c9-9315-4f50c081fcfa,"Indicates whether the household has one or more automation devices installed. For example: smart thermostat, automated lighting system.",,,,,2023-06-08 12:00:23,,9b1e5159-0a4a-415c-94a1-a136881143d2,,,,,
Customer Calls,glossary_term,b25b3fab-5281-4424-a3ec-ac1847bb0d7b,b93dfcac-3377-4b83-97d5-32e8e8c446b8,"Number of all phone calls with customers, both customer and organization initiated, in the assessed period.",,,,,2023-06-08 12:00:23,,,,,,,
Transaction Type,glossary_term,b25b3fab-5281-4424-a3ec-ac1847bb0d7b,b9d9b73b-60b4-4a6e-a8ca-f5b46ff93631,"Indicates the type of transaction. For example, payment, charge off etc.",,,,,2023-06-08 12:00:23,,275bfe84-feff-478a-9f50-26cc63fcc90c,,,,,
Closed Customer Agreements,glossary_term,b25b3fab-5281-4424-a3ec-ac1847bb0d7b,bd2951a0-9d3f-47ed-8bf6-e45af12f64ae,The number of customer agreements that were closed in a given period of time.,,,,,2023-06-08 12:00:23,,,,,,,
Customer Status,glossary_term,b25b3fab-5281-4424-a3ec-ac1847bb0d7b,bf971504-b45a-454d-b18d-82a5e86f4476,"The status of the customer based on whether there is an active agreement in place between the customer and the organization, for example: active, dormant, former, prospect.",,,,,2023-06-08 12:00:23,,f50d9c14-8bb4-437b-9e6c-4698b66e8b58,,,,,
Customer Active Accounts,glossary_term,b25b3fab-5281-4424-a3ec-ac1847bb0d7b,bfd6b491-15e6-4619-ac48-acb68719c41c,Identifies the number of active customer accounts.,,,,,2023-06-08 12:00:23,,,,,,,
Communication Direction,glossary_term,b25b3fab-5281-4424-a3ec-ac1847bb0d7b,c0023e1f-f1b1-4d87-ab0f-b1e8037085e2,Indicates whether the organization is receiving the communication (inbound) or sending the communication (outbound).,,,,,2023-06-08 12:00:23,,10dd091e-660f-4ae9-bfaf-c4ba12453b69,,,,,
Authorization Date,glossary_term,b25b3fab-5281-4424-a3ec-ac1847bb0d7b,c1cf4c78-224e-41dc-b7f1-e6007d308d4c,"Identifies a date upon which an action has been authorized. For example, the date upon which a code is issued by a bank to authorize a Credit Card Payment.",,,,,2023-06-08 12:00:23,,275bfe84-feff-478a-9f50-26cc63fcc90c,,,,,
Transaction Count,glossary_term,b25b3fab-5281-4424-a3ec-ac1847bb0d7b,c2453504-c32b-4c2b-9fbe-94b616954140,"The number of transactions performed by, or on behalf of, the organization.",,,,,2023-06-08 12:00:23,,,,,,,
Credit Risk Score,glossary_term,b25b3fab-5281-4424-a3ec-ac1847bb0d7b,c5a6c5ed-498d-443b-b109-1bd8405360ee,A score that that indicates the exposure risk weighting of the account. Rating scores are viewed in terms of the specific type of assessment or set of values used to evaluate a particular aspect of a financial services marketplace.,,,,,2023-06-08 12:00:23,,,,,,,
Gender,glossary_term,b25b3fab-5281-4424-a3ec-ac1847bb0d7b,cc18515f-7566-45c4-88f6-1d5d8de7139e,"Indicates an individual's gender, for example: male, female.",,,,,2023-06-08 12:00:23,,f50d9c14-8bb4-437b-9e6c-4698b66e8b58,,,,,
Customer Agreement Validity End,glossary_term,b25b3fab-5281-4424-a3ec-ac1847bb0d7b,cca3a137-6a25-445e-9bdd-6bf375625ec3,The date and time when the validity of the customer agreement ceased.,,,,,2023-06-08 12:00:23,,964914c4-ee99-4f27-bcb6-9a849d43a7b1,,,,,
Work Address,glossary_term,b25b3fab-5281-4424-a3ec-ac1847bb0d7b,cdc0de81-8c33-416a-b863-729e6dbdff88,The address of a person's work.,,,,460e5864-1f1d-4ec5-803a-a2b388c7a159,2023-06-08 12:00:23,,f50d9c14-8bb4-437b-9e6c-4698b66e8b58,,,,,
Customer Agreement Validity Start,glossary_term,b25b3fab-5281-4424-a3ec-ac1847bb0d7b,d04b1681-5c44-4b09-81af-da6fabae5ed7,The date and time when the validity of the customer agreement commenced.,,,,,2023-06-08 12:00:23,,964914c4-ee99-4f27-bcb6-9a849d43a7b1,,,,,
First Name,glossary_term,b25b3fab-5281-4424-a3ec-ac1847bb0d7b,d4478c76-59fd-4f22-9c03-0f6d3d6b6efb,"A personal name typically used to refer to an individual in informal circumstances, for example: John, Mary.",,,,,2023-06-08 12:00:23,,f50d9c14-8bb4-437b-9e6c-4698b66e8b58,,,,,
Bill Overdue Balance,glossary_term,b25b3fab-5281-4424-a3ec-ac1847bb0d7b,d49decbf-aeaa-434c-ad02-790ae8688c3c,The balance which has not been paid within specified payment dates.,,,,,2023-06-08 12:00:23,,990464f0-89cd-46d3-95b9-618db8b927d4,,,,,
Communication Type,glossary_term,b25b3fab-5281-4424-a3ec-ac1847bb0d7b,db85041c-ccba-4c5c-abd3-f25c30559c1e,"Indicates the type of communication that has occurred or is planned to occur, for example: campaign mailing, complaint, quotation request.",,,,,2023-06-08 12:00:23,,10dd091e-660f-4ae9-bfaf-c4ba12453b69,,,,,
Primary Account Holder,glossary_term,b25b3fab-5281-4424-a3ec-ac1847bb0d7b,db982c16-386d-4c8e-853d-0275768e22ac,The primary account holder associated with the customer account.,,,,f50d9c14-8bb4-437b-9e6c-4698b66e8b58,2023-06-08 12:00:23,,fbb0ee12-735a-4a89-b499-7cbe0f683656,,,,,
Discount,glossary_term,b25b3fab-5281-4424-a3ec-ac1847bb0d7b,dc593b48-f10f-44bc-b7fa-e6e16a1b92c9,A deduction made by the seller from the normal sales price of the product.,,,,,2023-06-08 12:00:23,,,,,,,
Social Media Account,glossary_term,b25b3fab-5281-4424-a3ec-ac1847bb0d7b,de0fda77-4ea3-48b1-91ed-329872b6d312,A profile that pertains to the social media presence of a person or organization. A person or organization each can have more than one social media account.,,,,2cdc4f25-327e-4c8e-a437-84a7e8e95d91,2023-06-08 12:00:23,,,,,,,
Customer Social Media Posts,glossary_term,b25b3fab-5281-4424-a3ec-ac1847bb0d7b,e2a4c771-46c3-470c-8173-5777dfc15675,Number of all customer posts in social media addressed to the organization in the assessed period.,,,,,2023-06-08 12:00:23,,,,,,,
State,glossary_term,b25b3fab-5281-4424-a3ec-ac1847bb0d7b,e30ddc0b-ae72-4d27-8d52-7b4a6ccede09,A geographic area that is a political subdivision of a country. This can be a state or Province.,,,,b609fe17-24d8-4e46-99b1-312cc9e7f74c,2023-06-08 12:00:23,,,,,,,
Communication Start,glossary_term,b25b3fab-5281-4424-a3ec-ac1847bb0d7b,e32806da-2b3f-49d8-b3e6-486697628cda,The date and time when the communication was initiated.,,,,,2023-06-08 12:00:23,,10dd091e-660f-4ae9-bfaf-c4ba12453b69,,,,,
Account Opened Date,glossary_term,b25b3fab-5281-4424-a3ec-ac1847bb0d7b,e5a8e1a8-6ed2-4be9-9a1f-2a9a9d62f5ea,The date when the account was opened.,,,,,2023-06-08 12:00:23,,fbb0ee12-735a-4a89-b499-7cbe0f683656,,,,,
Email Address,glossary_term,b25b3fab-5281-4424-a3ec-ac1847bb0d7b,e9c41351-ebf7-4e06-9e33-c75dcb728849,"An electronic address that can be used to send and receive correspondence over a computer network, for example: jsmith@jonesinc.com.",,,,,2023-06-08 12:00:23,,f50d9c14-8bb4-437b-9e6c-4698b66e8b58,,,,,
Country Name,glossary_term,b25b3fab-5281-4424-a3ec-ac1847bb0d7b,ea0ce3da-a599-4dee-8521-1419fa2d695c,"Identifies the label assigned to or by which a country may be identified, for example: Ireland, India.",,,,,2023-06-08 12:00:23,,1dfdecec-0df6-460e-a23e-24479960d481,,,,,
Transaction Medium,glossary_term,b25b3fab-5281-4424-a3ec-ac1847bb0d7b,eb96ae93-bbe9-4bdb-9892-c6b12f9a93b0,"Identifies the transactions according to conduit used, for example; face-to-face,email or online, phone.",,,,,2023-06-08 12:00:23,,275bfe84-feff-478a-9f50-26cc63fcc90c,,,,,
Transaction Time,glossary_term,b25b3fab-5281-4424-a3ec-ac1847bb0d7b,ed35c8e1-37ca-4732-b8ce-36720302cba8,The time on which the transaction actually occurred.,,,,,2023-06-08 12:00:23,,275bfe84-feff-478a-9f50-26cc63fcc90c,,,,,
Communication Processing Time,glossary_term,b25b3fab-5281-4424-a3ec-ac1847bb0d7b,ee57e48c-bffd-4438-9dd7-a4f524fc61de,The amount of time spent in processing the communication.,,,,,2023-06-08 12:00:23,,10dd091e-660f-4ae9-bfaf-c4ba12453b69,,,,,
Account Name,glossary_term,b25b3fab-5281-4424-a3ec-ac1847bb0d7b,f0070c23-c1dd-4d0e-b48f-08adc1f0889a,A free-form text name of the account.,,,,,2023-06-08 12:00:23,,fbb0ee12-735a-4a89-b499-7cbe0f683656,,,,,
Customer,glossary_term,b25b3fab-5281-4424-a3ec-ac1847bb0d7b,f50d9c14-8bb4-437b-9e6c-4698b66e8b58,A person or organization buying goods or services from the organization.,,,,275bfe84-feff-478a-9f50-26cc63fcc90c,2023-06-08 12:00:23,,,,,,,
"",,,,,,,,fbb0ee12-735a-4a89-b499-7cbe0f683656,,,,,,,,
"",,,,,,,,27ae92fa-5ac8-4898-80da-c81082bbfdb6,,,,,,,,
"",,,,,,,,db982c16-386d-4c8e-853d-0275768e22ac,,,,,,,,
"",,,,,,,,964914c4-ee99-4f27-bcb6-9a849d43a7b1,,,,,,,,
Postal Address Country,glossary_term,b25b3fab-5281-4424-a3ec-ac1847bb0d7b,f722899a-4a79-4ce4-904b-a116fd22549e,Identifies the country component of postal address.,,,,1dfdecec-0df6-460e-a23e-24479960d481,2023-06-08 12:00:23,,460e5864-1f1d-4ec5-803a-a2b388c7a159,,,,,
Photovoltaic System Indicator,glossary_term,b25b3fab-5281-4424-a3ec-ac1847bb0d7b,f9256860-b9e7-41f3-996f-c95958c758be,Indicates whether the household has a photovoltaic system installed.,,,,,2023-06-08 12:00:23,,9b1e5159-0a4a-415c-94a1-a136881143d2,,,,,
Account Balance,glossary_term,b25b3fab-5281-4424-a3ec-ac1847bb0d7b,fa9f2ed2-e4f5-4ddd-952c-02038bf68c98,"The total amount that is outstanding on the account, debit or credit.",,,,,2023-06-08 12:00:23,,fbb0ee12-735a-4a89-b499-7cbe0f683656,,,,,
Customer Account,glossary_term,b25b3fab-5281-4424-a3ec-ac1847bb0d7b,fbb0ee12-735a-4a89-b499-7cbe0f683656,Customer account includes information from the customer agreements to create billings or invoices for a customer and receive payment.,,,,275bfe84-feff-478a-9f50-26cc63fcc90c,2023-06-08 12:00:23,,,,,,,
"",,,,,,,,f50d9c14-8bb4-437b-9e6c-4698b66e8b58,,,,,,,,
"",,,,,,,,964914c4-ee99-4f27-bcb6-9a849d43a7b1,,,,,,,,
Postal Address City,glossary_term,b25b3fab-5281-4424-a3ec-ac1847bb0d7b,fbf12572-a399-490f-b439-c3fb02aba090,Identifies the city component of postal address.,,,,14b8c153-8d07-4b45-b2df-66d6c409313d,2023-06-08 12:00:23,,460e5864-1f1d-4ec5-803a-a2b388c7a159,,,,,
Communication Delivery Format,glossary_term,b25b3fab-5281-4424-a3ec-ac1847bb0d7b,fdc36e2b-610b-4118-bbd6-8f4bd0234978,"The format that is used for the delivery of a communication, for example: face-to-face, phone, social media, online chat.",,,,,2023-06-08 12:00:23,,10dd091e-660f-4ae9-bfaf-c4ba12453b69,,,,,
Home Size,glossary_term,b25b3fab-5281-4424-a3ec-ac1847bb0d7b,fee9a1b1-5615-4a35-bb2a-8e956c6fbf19,"The floor space of a property, measured by multiplying the length by the width of the structure, usually expressed in square feet or square meters.",,,,,2023-06-08 12:00:23,,9b1e5159-0a4a-415c-94a1-a136881143d2,,,,,
Account Status,glossary_term,b25b3fab-5281-4424-a3ec-ac1847bb0d7b,ff2d67c1-d1f5-4f02-80db-2c8d7851178c,"The status of the account, for example: active, pending active, pending transfer, final, written off.",,,,,2023-06-08 12:00:23,,fbb0ee12-735a-4a89-b499-7cbe0f683656,,,,,
Country Code,glossary_term,b25b3fab-5281-4424-a3ec-ac1847bb0d7b,ff7a116d-3521-40c1-a191-e9847f0b3fcf,"A code which identifies a country, for example: the country code for Ireland is 'IE'.",,,,,2023-06-08 12:00:23,,1dfdecec-0df6-460e-a23e-24479960d481,,,,,
