Name,Artifact Type,Category,Artifact ID,Description,Tags,Classifications,Stewards,Related Terms,Business Start,Business End,Part Of Terms,Type Of Terms,Abbreviations,Data Classes,Synonyms,Secondary Categories
Census,glossary_term,e15e1309-a73e-4b20-84e1-15489f4d01e1,fb91b45f-7201-4ae8-b30d-7bdb8ca21df2,Information related to demographic data over a period of time.,,,,,2022-05-31 23:49:47,,,,,,,
Communication Delivery Format,glossary_term,e15e1309-a73e-4b20-84e1-15489f4d01e1,9501787c-da00-46e6-8186-809458dce0fc,"The format that is used for the delivery of a communication, for example: face-to-face, phone, social media, online chat.",,,,,2022-05-31 23:49:47,,,,,,,
Customer Communication,glossary_term,e15e1309-a73e-4b20-84e1-15489f4d01e1,e9cd6b6c-499e-444b-9a91-75a6da395992,The communication between the customer and the organization typically handled by a contact center.,,,,d12dca6e-7a48-49fc-937d-a31e04dde508,2022-05-31 23:49:47,,,,,,,
"",,,,,,,,8c1a9e07-a0d8-48ff-a6cf-6bb85dc116f8,,,,,,,,
Customer Importance,glossary_term,e15e1309-a73e-4b20-84e1-15489f4d01e1,228243d9-4fc5-46b5-bdc4-c23d073ebc43,"The level of importance that the customer has to the organization, for example: low, normal, high, VIP.",,,,,2022-05-31 23:49:47,,,,,,,
Ethnicity,glossary_term,e15e1309-a73e-4b20-84e1-15489f4d01e1,f3b2e022-bae4-464d-90af-083bca7343de,"A classification of an individual based on their membership in a group that is united and defined to a greater or lesser degree by common history, beliefs, culture, nationality, etc.",,,,,2022-05-31 23:49:47,,,,,,,
Customer Satisfaction,glossary_term,e15e1309-a73e-4b20-84e1-15489f4d01e1,7ec7f005-4b49-480d-8478-60e967ebc6d3,The overall satisfaction of the customer with the goods or services that are provided by the organization.,,,,,2022-05-31 23:49:47,,,,,,,
Customer Behavior,glossary_term,e15e1309-a73e-4b20-84e1-15489f4d01e1,066cfcaf-56ad-48dc-a1b7-8b38bffb2638,"Financial pattern of customer activity on the market, for example: conservative, moderate, aggressive.",,,,,2022-05-31 23:49:47,,,,,,,
Transaction Status,glossary_term,e15e1309-a73e-4b20-84e1-15489f4d01e1,4ce01f9d-6675-44cc-8d2f-aea7001de22e,"The current state of the transaction. For example, settled, pending, rejected, completed, canceled.",,,,,2022-05-31 23:49:47,,,,,,,
Youngest Household Adult Birth Year,glossary_term,e15e1309-a73e-4b20-84e1-15489f4d01e1,14908fbd-2f05-4808-9876-100ae3297082,The year on which the youngest child member of household was born.,,,,,2022-05-31 23:49:47,,,,,,,
Internet Banking Use Indicator,glossary_term,e15e1309-a73e-4b20-84e1-15489f4d01e1,93f1cf94-6e12-42ef-9e13-f85169bcf75f,Indicate whether the customer is using the internet banking services provided by a financial institution.,,,,,2022-05-31 23:49:47,,,,,,,
Customer Agreement Validity Start,glossary_term,e15e1309-a73e-4b20-84e1-15489f4d01e1,f92bf7e2-68b6-44b3-b61a-9aca8e8096eb,The date and time when the validity of the customer agreement commenced.,,,,,2022-05-31 23:49:47,,,,,,,
Debt Service Coverage Ratio,glossary_term,e15e1309-a73e-4b20-84e1-15489f4d01e1,9560a837-676a-4939-877d-83798fbbdd54,"The debt service coverage ratio (DSCR), is the ratio of cash available for debt servicing to interest, principal and lease payments.",,,,,2022-05-31 23:49:47,,,,,,,
Authorization Date,glossary_term,e15e1309-a73e-4b20-84e1-15489f4d01e1,48f415c1-75ad-4d06-a42b-51669cdc1a90,"Identifies a date upon which an action has been authorized. For example, the date upon which a code is issued by a bank to authorize a Credit Card Payment.",,,,,2022-05-31 23:49:47,,,,,,,
Household Number Of Cars,glossary_term,e15e1309-a73e-4b20-84e1-15489f4d01e1,25e8e710-370c-409e-9736-7416e8d926cc,The number of cars that are used by the household.,,,,,2022-05-31 23:49:47,,,,,,,
Communication Start,glossary_term,e15e1309-a73e-4b20-84e1-15489f4d01e1,4f2bb05c-48b9-402c-b19e-e3825dbf806b,The date and time when the communication was initiated.,,,,,2022-05-31 23:49:47,,,,,,,
Primary Branch Proximity,glossary_term,e15e1309-a73e-4b20-84e1-15489f4d01e1,2534f4ec-239c-40de-82c3-5d70239ef910,The distance of the primary branch location from the customer home address.,,,,,2022-05-31 23:49:47,,,,,,,
Family Household,glossary_term,e15e1309-a73e-4b20-84e1-15489f4d01e1,e573a9f6-679a-4503-9e77-5bbf3bb5403d,"Indicates whether the household includes a couple, as well as at least one child of the couple.",,,,,2022-05-31 23:49:47,,,,,,,
Country Of Transaction Destination,glossary_term,e15e1309-a73e-4b20-84e1-15489f4d01e1,36bebfc8-660d-4c60-9556-f51172f09cbc,Identifies the country where the transaction was terminated.,,,,16f51706-3483-46b0-a40d-beef39f43453,2022-05-31 23:49:47,,,,,,,
Customer Event Date,glossary_term,e15e1309-a73e-4b20-84e1-15489f4d01e1,d8e767c1-ca2e-4f86-bbc4-d7d7c8e9c071,The date on which the event occurred. Can include time at which the event occurred for certain types of events.,,,,,2022-05-31 23:49:47,,,,,,,
Transaction Status Reason,glossary_term,e15e1309-a73e-4b20-84e1-15489f4d01e1,bd88100c-cb9d-426b-91b9-d04cba8f7273,"Identifies the cause for the current status of the transaction. For example, Credit Loss, Fraud, System Down.",,,,,2022-05-31 23:49:47,,,,,,,
Authorization Code,glossary_term,e15e1309-a73e-4b20-84e1-15489f4d01e1,1a1e2f99-84b3-473d-9077-0256618539a7,"Identifies a code which has been received to authorize a requested action. For example, a code issued by a bank to authorize a Credit Card Payment.",,,,,2022-05-31 23:49:47,,,,,,,
Customer Agreement Payment Method,glossary_term,e15e1309-a73e-4b20-84e1-15489f4d01e1,b6ee1bb8-3693-4187-af9c-aff1b55bf96f,"The type of payment that is received from the customer, for example: check, card, cash, electronic funds transfer, direct debit.",,,,,2022-05-31 23:49:47,,,,,,,
Transaction Device Identifier,glossary_term,e15e1309-a73e-4b20-84e1-15489f4d01e1,9d32fed5-1e10-48a6-8eea-c0a37974f5ac,"The identifier of the device used to initiate the transaction. For example, the ATM identifier, the Teller Position Identifier etc.",,,,,2022-05-31 23:49:47,,,,,,,
Customer Advisor,glossary_term,e15e1309-a73e-4b20-84e1-15489f4d01e1,8223068f-748f-4c35-9775-68036e5b1dc7,The person that provides financial advisory services to the customer.,,,,,2022-05-31 23:49:47,,,,,,,
Event Type Code,glossary_term,e15e1309-a73e-4b20-84e1-15489f4d01e1,1ef73ae8-f2f5-4012-bfad-fc6e571ab6d0,The abbreviation of the event type name or randomly generated short text used as unique identifier of the event type.,,,,,2022-05-31 23:49:47,,,,,,,
State Code,glossary_term,e15e1309-a73e-4b20-84e1-15489f4d01e1,537fe290-ced5-4994-8d46-0e374041d2a3,"A code which identifies a state or province, for example: the state code for Florida is 'FL'.",,,,,2022-05-31 23:49:47,,,,,,,
Oldest Household Adult Birth Year,glossary_term,e15e1309-a73e-4b20-84e1-15489f4d01e1,dc208c86-0da2-45ac-9106-9b5e2a8ffb71,The year on which the oldest adult member of household was born.,,,,,2022-05-31 23:49:47,,,,,,,
Email Address,glossary_term,e15e1309-a73e-4b20-84e1-15489f4d01e1,8af36d74-32c1-4661-a53f-1da1fc22163f,"An electronic address that can be used to send and receive correspondence over a computer network, for example: jsmith@jonesinc.com.",,,,902b96c7-3fb2-45d8-9bc6-6087b75c35db,2022-05-31 23:49:47,,,,,,,
Customer Level Of Authority,glossary_term,e15e1309-a73e-4b20-84e1-15489f4d01e1,dd25b6ae-680f-4c15-aab5-8db07500af85,"An indicator of the customer's level of authority in their peer group, which provides insight into the impacts of the customer's behavior on the behavior of other people.",,,,,2022-05-31 23:49:47,,,,,,,
Communication Resolution Type,glossary_term,e15e1309-a73e-4b20-84e1-15489f4d01e1,6eb41c49-57fc-4e2f-9612-0012f5044a91,"The overarching method by which a communication is resolved or ended, for example: completed by agent, completed by self-service, disconnect, abandon.",,,,,2022-05-31 23:49:47,,,,,,,
Transaction Type,glossary_term,e15e1309-a73e-4b20-84e1-15489f4d01e1,2b5ca7e4-7e20-49d6-abbc-d693c39d8d2d,"Indicates the type of transaction. For example, payment, lodgment, cash withdrawal, charge off, loan loss provision, loss recognition.",,,,523c1617-15ec-4241-8c4e-ad9c4c272470,2022-05-31 23:49:47,,,,,,,
Gender,glossary_term,e15e1309-a73e-4b20-84e1-15489f4d01e1,971b92f1-c6d8-4cc5-8fc0-32c389dee834,"Indicates an individual's gender, for example: male, female.",,,,,2022-05-31 23:49:47,,,,,,,
Proves Event Type,glossary_term,e15e1309-a73e-4b20-84e1-15489f4d01e1,9aaf7909-41a6-449f-a1dc-dc7761f66fbb,"Another type of event that this event type proves, for example closing of securities account proves the attrition.",,,,523c1617-15ec-4241-8c4e-ad9c4c272470,2022-05-31 23:49:47,,,,,,,
Customer Influencer Score,glossary_term,e15e1309-a73e-4b20-84e1-15489f4d01e1,a2c00a04-835c-4ac6-a470-17f027aade01,A score that expresses the influence that the customer has on others. The score suggests how strongly the communication and behavior of the customer influences the behavior of other people.,,,,,2022-05-31 23:49:47,,,,,,,
Customer Household,glossary_term,e15e1309-a73e-4b20-84e1-15489f4d01e1,9416daed-25c3-4d7b-8a93-dc77099975dd,The household of the customer if the customer is a person.,,,,edb70c00-73ff-418d-80ff-161724e7b022,2022-05-31 23:49:47,,,,,,,
Fraud Reporting Source,glossary_term,e15e1309-a73e-4b20-84e1-15489f4d01e1,2ba18d4d-dbdb-4f66-9f62-6b82062d55ff,Identifies the party of the transaction that raised a suspicion of fraud.,,,,,2022-05-31 23:49:47,,,,,,,
College Graduations,glossary_term,e15e1309-a73e-4b20-84e1-15489f4d01e1,5f0ea88d-5336-413e-821a-86c33aaf110b,The number of actual or predicted college graduations in households of customers in the assessed period of time for all or selected group of customers.,,,,,2022-05-31 23:49:47,,,,,,,
Communication Type,glossary_term,e15e1309-a73e-4b20-84e1-15489f4d01e1,08584a65-fff3-439c-9c3b-88e41bb7aba4,"Indicates the type of communication that has occurred or is planned to occur, for example: campaign mailing, complaint, quotation request.",,,,523c1617-15ec-4241-8c4e-ad9c4c272470,2022-05-31 23:49:47,,,,,,,
Date Of Birth,glossary_term,e15e1309-a73e-4b20-84e1-15489f4d01e1,f0aa2f3c-2cef-40b1-9fef-d110576afa16,Identifies the birth date of an individual.,,,,,2022-05-31 23:49:47,,,,,,,
Transaction Time,glossary_term,e15e1309-a73e-4b20-84e1-15489f4d01e1,d0bce3dc-ba1f-4c39-a3fa-7bb1b6319c8a,The time on which the Transaction actually occurred,,,,,2022-05-31 23:49:47,,,,,,,
Postal Address Country,glossary_term,e15e1309-a73e-4b20-84e1-15489f4d01e1,6ab23942-2fb2-4953-967d-565bf3902614,Identifies the country component of postal address.,,,,16f51706-3483-46b0-a40d-beef39f43453,2022-05-31 23:49:47,,,,,,,
State Name,glossary_term,e15e1309-a73e-4b20-84e1-15489f4d01e1,ca351eef-c8be-46b2-a00e-f654f8f771c6,"Identifies the label assigned to or by which a state may be identified, for example: Florida, Texas, Kentucky.",,,,,2022-05-31 23:49:47,,,,,,,
Customer,glossary_term,e15e1309-a73e-4b20-84e1-15489f4d01e1,8c1a9e07-a0d8-48ff-a6cf-6bb85dc116f8,A person or organization buying goods or services from the organization.,,,,bdcf6316-9145-446f-bc70-350a9e5c8521,2022-05-31 23:49:47,,,,,,,
"",,,,,,,,2b3b600e-1dfb-4781-9539-09a6a0d8ffe1,,,,,,,,
"",,,,,,,,96a48f04-a61e-4467-8143-4bddf70a9fc4,,,,,,,,
"",,,,,,,,80c91a71-6b67-4bc0-83d4-9f1155a68a65,,,,,,,,
"",,,,,,,,e3c44c15-b002-4ae5-acef-28e864f8982b,,,,,,,,
"",,,,,,,,750769f7-52ef-40cd-81b9-99fa268764d3,,,,,,,,
"",,,,,,,,e9cd6b6c-499e-444b-9a91-75a6da395992,,,,,,,,
Transaction Fraud Score,glossary_term,e15e1309-a73e-4b20-84e1-15489f4d01e1,b67716a3-f866-47c9-bf25-90b935c5b626,"A measure that identifies the average value of the score that is assigned to a set of transactions, which reflects the level of suspicion that the Financial Institution has assigned to each transaction.",,,,,2022-05-31 23:49:47,,,,,,,
Account Status,glossary_term,e15e1309-a73e-4b20-84e1-15489f4d01e1,2f2d856d-d54c-4d21-af86-d09a837f4bcc,"The status of the account, for example: active, pending active, pending transfer, final, written off.",,,,,2022-05-31 23:49:47,,,,,,,
Education Level,glossary_term,e15e1309-a73e-4b20-84e1-15489f4d01e1,db3a89aa-6c87-4fb1-8b19-86b2817bafeb,The highest level of education of the person.,,,,,2022-05-31 23:49:47,,,,,,,
Oldest Household Child Birth Year,glossary_term,e15e1309-a73e-4b20-84e1-15489f4d01e1,f88b1c36-530d-4b7b-a5a9-a7fed0ed3d6f,The year on which the oldest child member of household was born.,,,,,2022-05-31 23:49:47,,,,,,,
Customer Lifetime Value,glossary_term,e15e1309-a73e-4b20-84e1-15489f4d01e1,41573a5c-93de-4339-af23-71f83f8b9565,The total projected earnings of a customer to the organization over its probable lifetime.,,,,,2022-05-31 23:49:47,,,,,,,
Customer Occupation,glossary_term,e15e1309-a73e-4b20-84e1-15489f4d01e1,034b6931-09a7-48ff-8899-64a4a198c50b,"Name of the person's work or business engagement, for example: farmer, professional, tradesperson, author, business owner, consultant, doctor, economist, homemaker.",,,,,2022-05-31 23:49:47,,,,,,,
Customer Type,glossary_term,e15e1309-a73e-4b20-84e1-15489f4d01e1,5d6e097d-43d6-4b10-889b-88c3c0e6d97c,"The type of the customer based on the classification of the organization that is in a contractual or other relationship with the customer, for example: residential, industrial, commercial, government.",,,,,2022-05-31 23:49:47,,,,,,,
Customer Agreement Type,glossary_term,e15e1309-a73e-4b20-84e1-15489f4d01e1,0862b410-747d-4128-958a-8075b1830750,An organization specific classification of the customer agreement.,,,,,2022-05-31 23:49:47,,,,,,,
Customer Agreement Channel,glossary_term,e15e1309-a73e-4b20-84e1-15489f4d01e1,776f76b2-62ca-4863-833b-7b7ae22414ab,"The channel through which the agreement has been made, for example: phone, web, email, letter.",,,,,2022-05-31 23:49:47,,,,,,,
Postal Address,glossary_term,e15e1309-a73e-4b20-84e1-15489f4d01e1,98ab24cc-651d-4d6f-b316-580310f0f584,The address to which mail is delivered.,,,,a3b403f4-c88e-4776-8e15-12a9577791b7,2022-05-31 23:49:47,,,,,,,
"",,,,,,,,cb39ebd7-bc04-4767-ab09-4b50cd952402,,,,,,,,
"",,,,,,,,902b96c7-3fb2-45d8-9bc6-6087b75c35db,,,,,,,,
"",,,,,,,,16f51706-3483-46b0-a40d-beef39f43453,,,,,,,,
"",,,,,,,,a0fb62b4-a2bb-49cc-a8ef-3dfb1851d004,,,,,,,,
Seniors Household Members,glossary_term,e15e1309-a73e-4b20-84e1-15489f4d01e1,294de3d2-6524-4aee-8e3a-1ce2cea1e63f,The number of household members who are categorized as seniors.,,,,,2022-05-31 23:49:47,,,,,,,
Transaction Direction,glossary_term,e15e1309-a73e-4b20-84e1-15489f4d01e1,5b067588-c37a-4492-98e0-27d93622416c,"Identifies the transaction according to internal standards, for example; Inward, Outward",,,,,2022-05-31 23:49:47,,,,,,,
Household Disposable Income,glossary_term,e15e1309-a73e-4b20-84e1-15489f4d01e1,e5bc5124-66ed-48da-8f49-a0227e9be361,"The amount of money that a household can spend after having paid all fixed expenses such as rent, mortgage repayments and so on.",,,,,2022-05-31 23:49:47,,,,,,,
Communication Direction,glossary_term,e15e1309-a73e-4b20-84e1-15489f4d01e1,b1bf37ec-ddf2-4a6d-a0f9-7ca1aa1bc897,Indicates whether the organization is receiving the communication (inbound) or sending the communication (outbound).,,,,,2022-05-31 23:49:47,,,,,,,
Customer Pursuit,glossary_term,e15e1309-a73e-4b20-84e1-15489f4d01e1,bf7a1d9c-60e1-4199-a790-db2dcfdda78a,Classification of customer based on primary living habits and interests of the person.,,,,,2022-05-31 23:49:47,,,,,,,
Postal Address City,glossary_term,e15e1309-a73e-4b20-84e1-15489f4d01e1,c1c7c683-e887-4057-a327-1eb04453132c,Identifies the city component of postal address.,,,,af62ad3f-411a-4386-96ca-ed6561e2609e,2022-05-31 23:49:47,,,,,,,
Customer Credit Authority Level,glossary_term,e15e1309-a73e-4b20-84e1-15489f4d01e1,55fa2807-e6d4-426c-b755-e1bff670ed2a,"Scale of authority for credit of the customer on the market, for example: high, medium, low.",,,,,2022-05-31 23:49:47,,,,,,,
Customer Agreement Number,glossary_term,e15e1309-a73e-4b20-84e1-15489f4d01e1,72c3ef99-85b8-41bf-9516-e5ac1e74e637,The unique alphanumeric value that is assigned in the business process and identifies the customer agreement.,,,,,2022-05-31 23:49:47,,,,,,,
Transaction Date,glossary_term,e15e1309-a73e-4b20-84e1-15489f4d01e1,3d7d548a-309c-4d72-86c9-f15766ed5b33,The date on which the transaction actually occurred.,,,,,2022-05-31 23:49:47,,,,,,,
Customer Language,glossary_term,e15e1309-a73e-4b20-84e1-15489f4d01e1,66220cc1-8033-4b99-a2cf-e35f457f4a98,Identifies the natural language associated with customer for use in communications.,,,,,2022-05-31 23:49:47,,,,,,,
Customer Credit Score,glossary_term,e15e1309-a73e-4b20-84e1-15489f4d01e1,2f722120-4b03-4955-a8be-820bfd0e5fb5,A score that evaluates the ability of a customer to pay their debts. Rating scores are viewed in terms of the specific type of assessment or set of values used to evaluate a particular aspect of a financial services marketplace.,,,,,2022-05-31 23:49:47,,,,,,,
Customer Loyalty Score,glossary_term,e15e1309-a73e-4b20-84e1-15489f4d01e1,6b39091b-e345-4a08-a4fb-68b933fa6d1d,"Identifies rating of the tendency of the customer to remain loyal to a company, indicating the likelihood that the customer may purchase from another company.",,,,,2022-05-31 23:49:47,,,,,,,
Card At Transaction Status,glossary_term,e15e1309-a73e-4b20-84e1-15489f4d01e1,114dee42-3989-49e1-b511-80f043a4bee3,Identifies whether the credit card was physically present at the time of the transaction.,,,,,2022-05-31 23:49:47,,,,,,,
Country Code,glossary_term,e15e1309-a73e-4b20-84e1-15489f4d01e1,8f1dc720-0703-43d3-8a12-5a02476e7255,"A code which identifies a country, for example: the country code for Ireland is 'IE'.",,,,,2022-05-31 23:49:47,,,,,,,
Household Tenancy Status,glossary_term,e15e1309-a73e-4b20-84e1-15489f4d01e1,53e13f8a-fada-41d0-8a85-15693c4bf058,"The tenancy status of the household main residence, for example: own, rent.",,,,,2022-05-31 23:49:47,,,,,,,
Transaction Currency,glossary_term,e15e1309-a73e-4b20-84e1-15489f4d01e1,8ded7073-698d-4c6e-9d43-0b0ad3110754,Identifies a currency recorded on the transaction.,,,,,2022-05-31 23:49:47,,,,,,,
Communication Processing Time,glossary_term,e15e1309-a73e-4b20-84e1-15489f4d01e1,d7a6f516-141c-4e6d-9a45-18500328b69c,The amount of time spent in processing the communication.,,,,,2022-05-31 23:49:47,,,,,,,
Transaction Amount,glossary_term,e15e1309-a73e-4b20-84e1-15489f4d01e1,f2ad54a1-ee08-4866-a82f-ce52a499a742,Identifies the gross value of the transaction.,,,,,2022-05-31 23:49:47,,,,,,,
Customer Satisfaction With Communication Rating,glossary_term,e15e1309-a73e-4b20-84e1-15489f4d01e1,9cf011d4-ae58-4d85-b733-c9012864a5f7,The customer satisfaction rating score specified by the customer about the communication contact.,,,,,2022-05-31 23:49:47,,,,,,,
Work Address,glossary_term,e15e1309-a73e-4b20-84e1-15489f4d01e1,a0fb62b4-a2bb-49cc-a8ef-3dfb1851d004,The address of a person's work.,,,,98ab24cc-651d-4d6f-b316-580310f0f584,2022-05-31 23:49:47,,,,,,,
Marital Status,glossary_term,e15e1309-a73e-4b20-84e1-15489f4d01e1,b4e3a9a0-0c0a-4c32-9584-efad46ce5bf2,Current legal situation of the individual regarding marriage.,,,,,2022-05-31 23:49:47,,,,,,,
Youngest Household Child Birth Year,glossary_term,e15e1309-a73e-4b20-84e1-15489f4d01e1,0dd05bb5-f058-443a-b3a0-4212a0224508,The year on which the youngest adult member of household was born.,,,,,2022-05-31 23:49:47,,,,,,,
Customer Agreement,glossary_term,e15e1309-a73e-4b20-84e1-15489f4d01e1,e3c44c15-b002-4ae5-acef-28e864f8982b,An agreement between the customer and the organization to pay for goods or services. The agreement records billing information about the type of service and product that is provided.,,,,750769f7-52ef-40cd-81b9-99fa268764d3,2022-05-31 23:49:47,,,,,,,
"",,,,,,,,8c1a9e07-a0d8-48ff-a6cf-6bb85dc116f8,,,,,,,,
Customer Event Type,glossary_term,e15e1309-a73e-4b20-84e1-15489f4d01e1,61ff0706-c204-4dee-845b-4c40e5bfc809,"Classification of the of the customer event, for example: home purchase, divorce, pregnancy, close savings account.",,,,523c1617-15ec-4241-8c4e-ad9c4c272470,2022-05-31 23:49:47,,,,,,,
Customer Status,glossary_term,e15e1309-a73e-4b20-84e1-15489f4d01e1,7da16b10-3e2d-49b5-a77f-2e02af37d348,"The status of the customer based on whether there is an active agreement in place between the customer and the organization, for example: active, dormant, former, prospect.",,,,,2022-05-31 23:49:47,,,,,,,
Customer Account Revenue Class,glossary_term,e15e1309-a73e-4b20-84e1-15489f4d01e1,e1522183-1a0c-4992-b69e-5c2f76fef88b,"The classification of the customers revenue for accounting, for example: residential, commercial, industrial.",,,,,2022-05-31 23:49:47,,,,,,,
Communication Status,glossary_term,e15e1309-a73e-4b20-84e1-15489f4d01e1,9c3f15ff-704a-4cf9-8837-fb32bccda622,"The communication status distinguishes between communications according to their current state, for example: awaiting further information, closed, open.",,,,,2022-05-31 23:49:47,,,,,,,
Customer Market Segment,glossary_term,e15e1309-a73e-4b20-84e1-15489f4d01e1,941d4db8-3e10-4385-b067-a218ac8e8a69,The customer classification that is used to segment customers to produce and track the sales forecast.,,,,,2022-05-31 23:49:47,,,,,,,
City Name,glossary_term,e15e1309-a73e-4b20-84e1-15489f4d01e1,0331e45b-3d71-4d3a-b979-9a4230cde01c,"Identifies the label assigned to or by which a city may be identified, for example: Chicago, Dublin, Sydney.",,,,,2022-05-31 23:49:47,,,,,,,
Event Type Category,glossary_term,e15e1309-a73e-4b20-84e1-15489f4d01e1,6550f1b4-8781-4ba5-98c9-ee153bf0d2b0,"Classification of the event type into various group, for example: life, transfer, transaction, account change, agreement change, transaction, interaction, communication, birthday, anniversary.",,,,,2022-05-31 23:49:47,,,,,,,
Home Address,glossary_term,e15e1309-a73e-4b20-84e1-15489f4d01e1,a3b403f4-c88e-4776-8e15-12a9577791b7,The address of a person's home.,,,,98ab24cc-651d-4d6f-b316-580310f0f584,2022-05-31 23:49:47,,,,,,,
Bereavements,glossary_term,e15e1309-a73e-4b20-84e1-15489f4d01e1,21627de7-b625-4e84-8df9-b46a50f36a35,The number of actual or predicted bereavements affecting customers in the assessed period of time for all or selected group of customers.,,,,,2022-05-31 23:49:47,,,,,,,
Communication,glossary_term,e15e1309-a73e-4b20-84e1-15489f4d01e1,d12dca6e-7a48-49fc-937d-a31e04dde508,"The receiving or sending of an information between two parties. A communication may be in any medium such as a telephone call, a letter, an email, a meeting, and so on.",,,,e9cd6b6c-499e-444b-9a91-75a6da395992,2022-05-31 23:49:47,,,,,,,
Driver License Number,glossary_term,e15e1309-a73e-4b20-84e1-15489f4d01e1,8755f9ad-356b-40c8-96e7-fe89b1ce65fb,The unique number assigned to an individual's driver license.,,,,,2022-05-31 23:49:47,,,,,,,
Account Closed Date,glossary_term,e15e1309-a73e-4b20-84e1-15489f4d01e1,b59557a2-a4e1-4140-b124-67ecf50b941d,The date when the account was closed.,,,,,2022-05-31 23:49:47,,,,,,,
Event Customer,glossary_term,e15e1309-a73e-4b20-84e1-15489f4d01e1,96a48f04-a61e-4467-8143-4bddf70a9fc4,The customer to which the event is related to.,,,,8c1a9e07-a0d8-48ff-a6cf-6bb85dc116f8,2022-05-31 23:49:47,,,,,,,
Census Marriage Probability,glossary_term,e15e1309-a73e-4b20-84e1-15489f4d01e1,adce1f85-0d7f-417d-bf84-207190e6f333,Probability of a marriage based on census data analysis.,,,,,2022-05-31 23:49:47,,,,,,,
Social Media Account,glossary_term,e15e1309-a73e-4b20-84e1-15489f4d01e1,aa105c5f-58bb-43e1-9104-e518e735fe97,A profile that pertains to the social media presence of a person or organization. A person or organization each can have more than one social media account.,,,,902b96c7-3fb2-45d8-9bc6-6087b75c35db,2022-05-31 23:49:47,,,,,,,
"",,,,,,,,dee39e0c-af11-4cee-99bf-41afd17c0036,,,,,,,,
Death Date,glossary_term,e15e1309-a73e-4b20-84e1-15489f4d01e1,29b3f790-0dff-4373-bd82-7d5ed0090839,The date when the person died.,,,,,2022-05-31 23:49:47,,,,,,,
Adult Household Members,glossary_term,e15e1309-a73e-4b20-84e1-15489f4d01e1,e5cfc741-1633-414f-8677-f2a9b17e70d9,The number of household members that are aged 18 years or older.,,,,,2022-05-31 23:49:47,,,,,,,
Customer Agreement Validity End,glossary_term,e15e1309-a73e-4b20-84e1-15489f4d01e1,75301ecb-576f-40f8-a808-f09f72f76603,The date and time when the validity of the customer agreement ceased.,,,,,2022-05-31 23:49:47,,,,,,,
Household Internet Use,glossary_term,e15e1309-a73e-4b20-84e1-15489f4d01e1,2fbf12d2-01be-440b-8a7e-ced2c6fba533,Indicates whether the Internet is used in the household.,,,,,2022-05-31 23:49:47,,,,,,,
Account Opened Date,glossary_term,e15e1309-a73e-4b20-84e1-15489f4d01e1,c35d5478-1024-493f-a012-58fcc5240093,The date when the account was opened.,,,,,2022-05-31 23:49:47,,,,,,,
Communication Content,glossary_term,e15e1309-a73e-4b20-84e1-15489f4d01e1,392c6418-0ebd-43ce-814e-6251dd7ccecc,"The text holding the content of the written communication (letter, web chat, email, text) or transcription of a phone call.",,,,,2022-05-31 23:49:47,,,,,,,
Children Household Members,glossary_term,e15e1309-a73e-4b20-84e1-15489f4d01e1,75f0f76c-fe4e-4be3-9459-51f887473f46,The number of household members who are under the age of 18 years.,,,,,2022-05-31 23:49:47,,,,,,,
First Name,glossary_term,e15e1309-a73e-4b20-84e1-15489f4d01e1,757fcf10-a641-44c2-9164-adbf9549461e,"A personal name typically used to refer to an individual in informal circumstances, for example: John, Mary.",,,,,2022-05-31 23:49:47,,,,,,,
Census Divorce Probability,glossary_term,e15e1309-a73e-4b20-84e1-15489f4d01e1,7c8994fa-df59-45c3-8236-5a61d3a9a9f2,Probability of a divorce based on census data analysis.,,,,,2022-05-31 23:49:47,,,,,,,
State,glossary_term,e15e1309-a73e-4b20-84e1-15489f4d01e1,cbe93d9b-0252-4b48-aee4-00d87512318a,A geographic area that is a political subdivision of a country. This can be a state or Province.,,,,48d0aac3-8611-4e95-a31a-c3d834050feb,2022-05-31 23:49:47,,,,,,,
Customer Advisor Organization,glossary_term,e15e1309-a73e-4b20-84e1-15489f4d01e1,00577c58-f554-41af-9a8c-3f99f8e11766,The organization that provides financial advisory services to the customer.,,,,,2022-05-31 23:49:47,,,,,,,
Customer Social Media Account,glossary_term,e15e1309-a73e-4b20-84e1-15489f4d01e1,dee39e0c-af11-4cee-99bf-41afd17c0036,The social network account used to communicate with the customer.,,,,aa105c5f-58bb-43e1-9104-e518e735fe97,2022-05-31 23:49:47,,,,,,,
Household Home Ownership,glossary_term,e15e1309-a73e-4b20-84e1-15489f4d01e1,da7175e7-516b-463f-8d0b-c143000476dc,Indicates whether a member of the household is also the property owner.,,,,,2022-05-31 23:49:47,,,,,,,
Household Identifier,glossary_term,e15e1309-a73e-4b20-84e1-15489f4d01e1,a02e3148-716d-40c3-88ee-a0d582d15124,A unique number that identifies the household.,,,,,2022-05-31 23:49:47,,,,,,,
Customer Acquisition Cost,glossary_term,e15e1309-a73e-4b20-84e1-15489f4d01e1,e6cd0056-d877-4865-84a2-38764941d3e5,The primary costs of establishing the customer. The money spent on convincing the customer to purchase products or services of the organization.,,,,,2022-05-31 23:49:47,,,,,,,
Household Size,glossary_term,e15e1309-a73e-4b20-84e1-15489f4d01e1,cd186f42-b774-4250-94d5-39dcf6fa4cc1,The number of people who are members of the household.,,,,,2022-05-31 23:49:47,,,,,,,
Customer Annual Income,glossary_term,e15e1309-a73e-4b20-84e1-15489f4d01e1,1ea0a19a-4de2-4f66-872d-6c1028a13f0a,"The amount of money an individual earns in a single year. Usually includes person's salary and bonuses as well as any other non-employment related income such as dividends from holdings in stocks and shares, trusts.",,,,,2022-05-31 23:49:47,,,,,,,
Transaction,glossary_term,e15e1309-a73e-4b20-84e1-15489f4d01e1,bdcf6316-9145-446f-bc70-350a9e5c8521,Identifies an activity that represents the recording events on customer account.,,,,750769f7-52ef-40cd-81b9-99fa268764d3,2022-05-31 23:49:47,,,,,,,
"",,,,,,,,8c1a9e07-a0d8-48ff-a6cf-6bb85dc116f8,,,,,,,,
Years With Current Employer,glossary_term,e15e1309-a73e-4b20-84e1-15489f4d01e1,31e9998d-c075-470e-8189-51f51d8d4a88,Indicates the number of years of employment with current employer.,,,,,2022-05-31 23:49:47,,,,,,,
Monthly Housing Cost,glossary_term,e15e1309-a73e-4b20-84e1-15489f4d01e1,9af671ca-2f1f-4bec-babe-9c090654d498,The cost of the residential accommodation that may be based on rental or mortgage payments.,,,,,2022-05-31 23:49:47,,,,,,,
New Children,glossary_term,e15e1309-a73e-4b20-84e1-15489f4d01e1,a045c076-14db-4304-9811-6bbec56170a2,The number of actual or predicted new children in the families of customers in the assessed period of time for all or selected group of customers.,,,,,2022-05-31 23:49:47,,,,,,,
Customer Identifier,glossary_term,e15e1309-a73e-4b20-84e1-15489f4d01e1,006ced02-d5dd-47d1-bf11-e11bc30a94cf,A unique number that identifies the customer.,,,,,2022-05-31 23:49:47,,,,,,,
Household Purchasing Power,glossary_term,e15e1309-a73e-4b20-84e1-15489f4d01e1,1a9db8a4-36d2-4cc3-82d5-e857250ca30e,"A rating of the relative spending power of the household, for example: affluent, low income, upper middle income.",,,,,2022-05-31 23:49:47,,,,,,,
Communication On Hold Time,glossary_term,e15e1309-a73e-4b20-84e1-15489f4d01e1,a94b3000-2d87-4aa1-83a0-81acfe70cb7b,The amount of time spent in a suspended or on-hold mode during a communication.,,,,,2022-05-31 23:49:47,,,,,,,
Customer Account Collection Status,glossary_term,e15e1309-a73e-4b20-84e1-15489f4d01e1,533c4c35-cbff-41f0-83e6-94b9db1bf91c,"A high-level status that describes where a customer is in the collections business cycle, for example: active, inactive.",,,,,2022-05-31 23:49:47,,,,,,,
Telephone Number,glossary_term,e15e1309-a73e-4b20-84e1-15489f4d01e1,3ce5d9d4-4206-48f7-b408-41b73c4cd8d7,The general-purpose telephone information that is needed to contact a wired or wireless telephone device.,,,,902b96c7-3fb2-45d8-9bc6-6087b75c35db,2022-05-31 23:49:47,,,,,,,
Communication Subject,glossary_term,e15e1309-a73e-4b20-84e1-15489f4d01e1,69a538c3-da37-468b-a0c7-c7cce5e300e2,A text reference that aids the identification and understanding of this communication content.,,,,,2022-05-31 23:49:47,,,,,,,
Household Gross Income,glossary_term,e15e1309-a73e-4b20-84e1-15489f4d01e1,ea7e0a70-2d67-4c25-99ad-a96a4ce839cd,"The annual total of all income sources for the household, derived from the gross income of the household members.",,,,,2022-05-31 23:49:47,,,,,,,
Household Members,glossary_term,e15e1309-a73e-4b20-84e1-15489f4d01e1,fdb14375-051b-4f47-92bf-c039d8e64d20,"The number of people, both adults and children, who are part of the household.",,,,,2022-05-31 23:49:47,,,,,,,
Customer Willingness To Recommend,glossary_term,e15e1309-a73e-4b20-84e1-15489f4d01e1,f8868fe9-b7b5-45de-ba83-50c41825f09e,The customer's satisfaction with a product that quantifies the probability that the customer would recommend this product.,,,,,2022-05-31 23:49:47,,,,,,,
City,glossary_term,e15e1309-a73e-4b20-84e1-15489f4d01e1,af62ad3f-411a-4386-96ca-ed6561e2609e,A geographic area that defines the boundaries of a community where people live. It is generally an incorporated or chartered area of a state or province.,,,,c1c7c683-e887-4057-a327-1eb04453132c,2022-05-31 23:49:47,,,,,,,
Street,glossary_term,e15e1309-a73e-4b20-84e1-15489f4d01e1,4f2b0884-47fc-4e38-8c90-6904f5dee222,The name of the street of the address.,,,,,2022-05-31 23:49:47,,,,,,,
Household Poverty Level,glossary_term,e15e1309-a73e-4b20-84e1-15489f4d01e1,4b31bbcd-08c3-46d4-b3f1-e9853c485aa6,"The percentage of poverty that is based on the annual income and number of members of a household, which is calculated for accounts for which ability-to-pay information was collected.",,,,,2022-05-31 23:49:47,,,,,,,
Account Name,glossary_term,e15e1309-a73e-4b20-84e1-15489f4d01e1,fb45466a-5a9f-4b97-bd04-842f1d32e4e9,A free-form text name of the account.,,,,,2022-05-31 23:49:47,,,,,,,
Social Media Account Platform,glossary_term,e15e1309-a73e-4b20-84e1-15489f4d01e1,2be1fb84-f975-4153-a782-2d33a76dd183,The social network platform on which the account exists.,,,,,2022-05-31 23:49:47,,,,,,,
Social Media Account Name,glossary_term,e15e1309-a73e-4b20-84e1-15489f4d01e1,8185cfe9-7680-4414-a6c1-77298566596b,"The online name that is used for the social media account, which can be a pseudonym, such as a nickname or alias.",,,,,2022-05-31 23:49:47,,,,,,,
Country,glossary_term,e15e1309-a73e-4b20-84e1-15489f4d01e1,16f51706-3483-46b0-a40d-beef39f43453,A geographic area that defines the boundaries of a nation.,,,,4a097398-cdfe-4220-982c-e4355dea3785,2022-05-31 23:49:47,,,,,,,
"",,,,,,,,36bebfc8-660d-4c60-9556-f51172f09cbc,,,,,,,,
"",,,,,,,,98ab24cc-651d-4d6f-b316-580310f0f584,,,,,,,,
"",,,,,,,,6ab23942-2fb2-4953-967d-565bf3902614,,,,,,,,
Customer Social Network Influence Score,glossary_term,e15e1309-a73e-4b20-84e1-15489f4d01e1,9bf51693-e638-41f3-815a-500960a121ca,The score that expresses the influence that the customer has on others. The score suggests how strong the communication and behavior of the customer influences the behavior of other people.,,,,,2022-05-31 23:49:47,,,,,,,
Customer Account Overdue Balance,glossary_term,e15e1309-a73e-4b20-84e1-15489f4d01e1,e704da54-5fd5-4ca6-8e11-cf36c77125ca,The total unpaid billed amount on the customer account that is older than predefined period.,,,,,2022-05-31 23:49:47,,,,,,,
Employment Status,glossary_term,e15e1309-a73e-4b20-84e1-15489f4d01e1,30d08975-2edb-4e8c-925d-3384428cf0e7,"The employment status of an individual, for example: full-time, part-time, unemployed, retired.",,,,,2022-05-31 23:49:47,,,,,,,
Customer Agreement Status,glossary_term,e15e1309-a73e-4b20-84e1-15489f4d01e1,ac859282-7981-4764-8fea-76e68a0f972f,"The status of the agreement, for example: not eligible, pending, approved.",,,,,2022-05-31 23:49:47,,,,,,,
Wallet Share,glossary_term,e15e1309-a73e-4b20-84e1-15489f4d01e1,60439b7e-5c0f-4b5d-a844-e204f8a4e1c7,Indicates available wealth of customer compared to his utilization of products and services of the organization.,,,,,2022-05-31 23:49:47,,,,,,,
Customer Retirement Age,glossary_term,e15e1309-a73e-4b20-84e1-15489f4d01e1,fe913796-da09-4ed1-b19f-72b31c778ff8,The age in which the person is retiring and ceases to work in permanent employment.,,,,,2022-05-31 23:49:47,,,,,,,
Customer Influenced Probability,glossary_term,e15e1309-a73e-4b20-84e1-15489f4d01e1,012b8bb9-c0a5-4fec-9beb-ef876b4a5497,The probability that the customer can be influenced by the opinions of others.,,,,,2022-05-31 23:49:47,,,,,,,
Customer Social Security Number,glossary_term,e15e1309-a73e-4b20-84e1-15489f4d01e1,6f954219-5b16-4be4-9f98-5447f90a02c3,The unique number assigned to an Individual by a governmental agency for the purposes of qualifying for Social Security benefits.,,,,,2022-05-31 23:49:47,,,,,,,
Account Number,glossary_term,e15e1309-a73e-4b20-84e1-15489f4d01e1,3a70a88e-5b55-4695-8298-453795d0ac72,"A unique business identifier for the account for example;loan account number, credit card account number",,,,,2022-05-31 23:49:47,,,,,,,
Mailing Address,glossary_term,e15e1309-a73e-4b20-84e1-15489f4d01e1,cb39ebd7-bc04-4767-ab09-4b50cd952402,The postal address selected by customer for receiving of mail communication.,,,,98ab24cc-651d-4d6f-b316-580310f0f584,2022-05-31 23:49:47,,,,,,,
Postal Address Area Type,glossary_term,e15e1309-a73e-4b20-84e1-15489f4d01e1,65b27f6c-9e5d-44d0-b27c-23b66d78fec6,"Classifies the area to which the postal address belongs according to the density, type and layout of buildings.",,,,,2022-05-31 23:49:47,,,,,,,
Last Name,glossary_term,e15e1309-a73e-4b20-84e1-15489f4d01e1,932baf85-8008-402c-9654-86e799a0852a,"Identifies individual's name which belongs to the family the Individual is a part of, for example: Smith, Mueller.",,,,,2022-05-31 23:49:47,,,,,,,
Preferred Contact Method,glossary_term,e15e1309-a73e-4b20-84e1-15489f4d01e1,58e8da4c-a975-450f-8026-2cfb5236674a,"Preferred contact method for communication, for example: mail, email, call, text.",,,,,2022-05-31 23:49:47,,,,,,,
Country Of Transaction Origin,glossary_term,e15e1309-a73e-4b20-84e1-15489f4d01e1,4a097398-cdfe-4220-982c-e4355dea3785,Identifies the country where the transaction was originated.,,,,16f51706-3483-46b0-a40d-beef39f43453,2022-05-31 23:49:47,,,,,,,
Account Balance,glossary_term,e15e1309-a73e-4b20-84e1-15489f4d01e1,8b035696-f0cc-443f-94da-6c726f18cedf,"The total amount that is outstanding on the account, debit or credit.",,,,,2022-05-31 23:49:47,,,,,,,
Customer Agreement Payment Cycle,glossary_term,e15e1309-a73e-4b20-84e1-15489f4d01e1,e44f8b2e-3b44-4de6-8075-e9385af5bdf8,"The payment frequency that the customer is contractually expected to observe, for example: ad-hoc, on specified date, hourly, daily, weekly, monthly.",,,,,2022-05-31 23:49:47,,,,,,,
Customer Name,glossary_term,e15e1309-a73e-4b20-84e1-15489f4d01e1,70b79c6b-2f9f-459f-a0a9-c0846913fa64,"The name by which a customer is known and which is usually used to identify that customer. For example International Business Machines Corporation (IBM), Joe Bloggs.",,,,,2022-05-31 23:49:47,,,,,,,
Years At Current Address,glossary_term,e15e1309-a73e-4b20-84e1-15489f4d01e1,f282cb57-57bb-4f16-a171-b698050a8d33,Indicates the length of residence at current address.,,,,,2022-05-31 23:49:47,,,,,,,
Event Type,glossary_term,e15e1309-a73e-4b20-84e1-15489f4d01e1,523c1617-15ec-4241-8c4e-ad9c4c272470,"A generic concept of event type that describes various related event types such as transfer of funds, account transaction, agreement changes, customer interactions, social media posts and customer important dates such as birthday.",,,,61ff0706-c204-4dee-845b-4c40e5bfc809,2022-05-31 23:49:47,,,,,,,
"",,,,,,,,2b5ca7e4-7e20-49d6-abbc-d693c39d8d2d,,,,,,,,
"",,,,,,,,08584a65-fff3-439c-9c3b-88e41bb7aba4,,,,,,,,
"",,,,,,,,9aaf7909-41a6-449f-a1dc-dc7761f66fbb,,,,,,,,
Census Birth Probability,glossary_term,e15e1309-a73e-4b20-84e1-15489f4d01e1,8a99b4d7-3cf8-4c89-964a-5db5d8a22ad6,Probability of a birth based on census data analysis.,,,,,2022-05-31 23:49:47,,,,,,,
Household Income Source,glossary_term,e15e1309-a73e-4b20-84e1-15489f4d01e1,af6c6fa6-2921-481c-b6aa-ee81b97d723c,"The source of income that contributes to most of the income for the household, which is relevant for accounts where ability-to-pay information was collected.",,,,,2022-05-31 23:49:47,,,,,,,
Postal Code,glossary_term,e15e1309-a73e-4b20-84e1-15489f4d01e1,75560e71-8254-42bb-adac-b2dd97b76931,A code that is included in a postal address to assist the sorting of mail.,,,,,2022-05-31 23:49:47,,,,,,,
Home purchases,glossary_term,e15e1309-a73e-4b20-84e1-15489f4d01e1,7a6b9107-58e5-49c3-ab68-b3b42c268f43,The number of actual or predicted home purchase done by customers in the assessed period of time for all or selected group of customers.,,,,,2022-05-31 23:49:47,,,,,,,
Customer Account,glossary_term,e15e1309-a73e-4b20-84e1-15489f4d01e1,750769f7-52ef-40cd-81b9-99fa268764d3,Customer account includes information from the customer agreements to create billings or invoices for a customer and receive payment.,,,,bdcf6316-9145-446f-bc70-350a9e5c8521,2022-05-31 23:49:47,,,,,,,
"",,,,,,,,e3c44c15-b002-4ae5-acef-28e864f8982b,,,,,,,,
"",,,,,,,,8c1a9e07-a0d8-48ff-a6cf-6bb85dc116f8,,,,,,,,
Job Losses,glossary_term,e15e1309-a73e-4b20-84e1-15489f4d01e1,0f507aad-5dd0-4ee3-a25a-ef2a7fa0b213,The number of actual or predicted job losses experienced by customers in the assessed period of time for all or selected group of customers.,,,,,2022-05-31 23:49:47,,,,,,,
Relocations,glossary_term,e15e1309-a73e-4b20-84e1-15489f4d01e1,2ef60a60-fedc-4e63-85d1-566b35b87fbc,The number of actual or predicted customer relocations in the assessed period of time for all or selected group of customers.,,,,,2022-05-31 23:49:47,,,,,,,
Customer Agreement Sign Date,glossary_term,e15e1309-a73e-4b20-84e1-15489f4d01e1,89f4c62e-4f7c-43ba-8c4c-85e484448a24,"The date when the customer agreement was consummated among associated persons, organizations or both.",,,,,2022-05-31 23:49:47,,,,,,,
Customer Sentiment,glossary_term,e15e1309-a73e-4b20-84e1-15489f4d01e1,1323dfe9-3116-4a1b-9e12-632d06f4bffe,The overall attitude of the customer to the goods or services provided by the organization.,,,,,2022-05-31 23:49:47,,,,,,,
Census Age Range,glossary_term,e15e1309-a73e-4b20-84e1-15489f4d01e1,bc8fede7-abad-4264-af24-57f5b0083880,Age range of customer based on census data.,,,,,2022-05-31 23:49:47,,,,,,,
Account Status Date,glossary_term,e15e1309-a73e-4b20-84e1-15489f4d01e1,8ff683cd-9473-414e-abf8-8f731aa6dddd,"Identifies a date that represents a calendar date associated with a change in account status; for example, date the account achieved a status of In Default.",,,,,2022-05-31 23:49:47,,,,,,,
Customer Net Present Value,glossary_term,e15e1309-a73e-4b20-84e1-15489f4d01e1,3fb68bed-5e36-4751-ba55-5e1beea52c3b,The present value of the customer's net expected future cash flows minus the cost of investment (or cost of acquisition).,,,,,2022-05-31 23:49:47,,,,,,,
Country Name,glossary_term,e15e1309-a73e-4b20-84e1-15489f4d01e1,86f622bd-ff8a-43e7-ba5c-dd2ea354cf6d,"Identifies the label assigned to or by which a country may be identified, for example: Ireland, India.",,,,,2022-05-31 23:49:47,,,,,,,
Transaction Medium,glossary_term,e15e1309-a73e-4b20-84e1-15489f4d01e1,9173b7de-4838-4090-86b0-6064f15a0df8,"Identifies the transactions according to conduit used, for example; face-to-face,email or online, phone.",,,,,2022-05-31 23:49:47,,,,,,,
Suspicious Activity Type,glossary_term,e15e1309-a73e-4b20-84e1-15489f4d01e1,6d314b75-56fe-46c4-8bc8-c313cbde69bb,"Identifies an activity or series of activities which has alerted the financial institution to the possibility of an occurrence of illegal or suspicious activity, for example, counterfeit credit card activity, identity theft, Impossible Geography etc",,,,,2022-05-31 23:49:47,,,,,,,
Customer Event,glossary_term,e15e1309-a73e-4b20-84e1-15489f4d01e1,2b3b600e-1dfb-4781-9539-09a6a0d8ffe1,"Customer related events recorded by the organization, that include, life related events, account status updates and account or agreement related changes excluding events like account transactions or records of communication.",,,,8c1a9e07-a0d8-48ff-a6cf-6bb85dc116f8,2022-05-31 23:49:47,,,,,,,
Event Type Name,glossary_term,e15e1309-a73e-4b20-84e1-15489f4d01e1,b1fa6ff4-3c3e-4b33-be39-86ced1e46ee2,"A unique text describing the event type that can also be used as its identifier, for example: birth of child, marriage, job change, funds transfer out, open savings account, large withdrawal, inbound call, email received, check balance, payroll change.",,,,,2022-05-31 23:49:47,,,,,,,
Marriages,glossary_term,e15e1309-a73e-4b20-84e1-15489f4d01e1,56fb4707-b555-4223-b9bc-d753243f51b3,The number of actual or predicted customer marriages in the assessed period of time for all or selected group of customers.,,,,,2022-05-31 23:49:47,,,,,,,
Job Changes,glossary_term,e15e1309-a73e-4b20-84e1-15489f4d01e1,a8ff2e79-90f4-46f0-b0a3-897164781317,The number of actual or predicted job changes experienced by customers in the assessed period of time for all or selected group of customers.,,,,,2022-05-31 23:49:47,,,,,,,
Customer Risk Category,glossary_term,e15e1309-a73e-4b20-84e1-15489f4d01e1,f3c4220b-5b9d-4720-bc5d-ecb46257f5e8,"The classification of the risk that a customer will stop paying for goods or services, for example: critical, high, medium, low. As a result, if the customer debts are uncollectible, the organization might need to write off the customer account balance.",,,,,2022-05-31 23:49:47,,,,,,,
Postal Address State,glossary_term,e15e1309-a73e-4b20-84e1-15489f4d01e1,48d0aac3-8611-4e95-a31a-c3d834050feb,Identifies the state component of postal address,,,,cbe93d9b-0252-4b48-aee4-00d87512318a,2022-05-31 23:49:47,,,,,,,
Transaction Reason Type,glossary_term,e15e1309-a73e-4b20-84e1-15489f4d01e1,bb67f61d-7c78-4363-86aa-9781501c2c0b,"Identifies the reason for the transaction. For example, a bill payment, salary lodgment.",,,,,2022-05-31 23:49:47,,,,,,,
Communication End,glossary_term,e15e1309-a73e-4b20-84e1-15489f4d01e1,64b5960e-2281-4d8d-8aa8-984f79c1cf8f,The date and time when the communication was ended.,,,,,2022-05-31 23:49:47,,,,,,,
Originator Of Transaction,glossary_term,e15e1309-a73e-4b20-84e1-15489f4d01e1,80c91a71-6b67-4bc0-83d4-9f1155a68a65,Identifies the initiator of a transaction.,,,,8c1a9e07-a0d8-48ff-a6cf-6bb85dc116f8,2022-05-31 23:49:47,,,,,,,
Account Type,glossary_term,e15e1309-a73e-4b20-84e1-15489f4d01e1,0b079239-5d63-4d94-b24e-8af1e063825e,The categorization of account into distinct types.,,,,,2022-05-31 23:49:47,,,,,,,
Census Migration Probability,glossary_term,e15e1309-a73e-4b20-84e1-15489f4d01e1,c16fbd17-7e9d-410a-9ab2-7da273fbdef0,Probability of a customer migrating based on census data analysis.,,,,,2022-05-31 23:49:47,,,,,,,
Household,glossary_term,e15e1309-a73e-4b20-84e1-15489f4d01e1,edb70c00-73ff-418d-80ff-161724e7b022,"A group of individuals, who can be resident at the same address and members of the same family, that share a common economic interest and are treated as a unit for certain purposes.",,,,9416daed-25c3-4d7b-8a93-dc77099975dd,2022-05-31 23:49:47,,,,,,,
Engagements,glossary_term,e15e1309-a73e-4b20-84e1-15489f4d01e1,6c6bec31-e2e2-4cff-8cd1-1aa658bba62a,The number of actual or predicted engagements in life of customers in the assessed period of time for all or selected group of customers.,,,,,2022-05-31 23:49:47,,,,,,,
Customer Communication Contact Point,glossary_term,e15e1309-a73e-4b20-84e1-15489f4d01e1,902b96c7-3fb2-45d8-9bc6-6087b75c35db,"The email, telephone number or postal address the customer communication was received from or sent to.",,,,3ce5d9d4-4206-48f7-b408-41b73c4cd8d7,2022-05-31 23:49:47,,,,,,,
"",,,,,,,,98ab24cc-651d-4d6f-b316-580310f0f584,,,,,,,,
"",,,,,,,,8af36d74-32c1-4661-a53f-1da1fc22163f,,,,,,,,
"",,,,,,,,aa105c5f-58bb-43e1-9104-e518e735fe97,,,,,,,,
Head Of Household Indicator,glossary_term,e15e1309-a73e-4b20-84e1-15489f4d01e1,733b1368-bfd6-4834-bd8f-b46ae33c4859,Indicates whether the customer has certain legal and financial obligations to other members of the household.,,,,,2022-05-31 23:49:47,,,,,,,
Analysis Period,glossary_term,e15e1309-a73e-4b20-84e1-15489f4d01e1,510dd455-446c-4dc2-8dca-e1ec97f04e03,"The period of time, defined by start and end date, for which an analysis is carried out and for which the reported measures are calculated.",,,,,2022-05-31 23:49:47,,,,,,,
