Name,Artifact Type,Category,Artifact ID,Description,Tags,Classifications,Stewards,Related Terms,Business Start,Business End,Secondary Categories,Rules,Parent Policy
PII must be masked,policy,767abc69-ae13-4b2b-a64c-c88dc1eac844,0c3ffd41-fa40-4877-b384-ee19b9e33e2b,,demo,,1000331002,6c50b3ae-2123-412d-9621-9d4edd4d9b4d,2022-07-20 06:19:00,,,,3ad05a7b-4b98-427d-a392-da717a30be56
"",,,,,,,,efedea40-c9c4-4cb2-b074-9bd0ad125678,,,,,
"",,,,,,,,5d625169-3e74-4326-ae84-c6872bc4b735,,,,,
"",,,,,,,,fe56e516-173d-40c7-81d6-5a10c8c650a5,,,,,
"",,,,,,,,08ff8059-c84f-451b-b0e5-d27100267fa1,,,,,
Personally identifiable information handling,policy,767abc69-ae13-4b2b-a64c-c88dc1eac844,3ad05a7b-4b98-427d-a392-da717a30be56,PII must be masked and handled appropriately,demo,f67696af-8275-443c-9e35-52f7b042a1a6,1000331002,03253960-2bc7-41cf-bbcc-371523faae3e,2022-07-20 06:19:00,,34b91edf-60c4-4e81-9f2d-189e0808ec22,85738ea1-6b3f-4c44-8544-0941c39f20c3,4d073591-d033-4022-a4a7-1268bfe77323
"",,,,,,d984a946-c85d-4c4f-a6ea-d44c84aef96f,1000331003,519463df-58d5-41c2-97d1-7ea9bed52e63,,,,3471a271-9409-424d-a190-f54b98e4f82b,
"",,,,,,e1985ee1-70bc-4a6a-b096-59721cadf312,,b65efed1-ca3e-4ddf-84d9-b284cb67bed4,,,,2934fcc2-3403-4ee2-aa63-d0be987734de,
"",,,,,,,,fe56e516-173d-40c7-81d6-5a10c8c650a5,,,,6a7d6cea-4be5-4ea1-a40e-98697aa08bf7,
"",,,,,,,,40dad22e-2d89-4312-a701-736e0e0b869d,,,,846ce254-07db-47bd-beb2-6ebc18ea813e,
"",,,,,,,,,,,,c7d8a336-2520-467d-a9dc-4579bfaca1f6,
"",,,,,,,,,,,,ec599e97-acb3-499d-9cf0-ca24c8ce3fed,
"",,,,,,,,,,,,ac7f4443-b3b4-4370-8c57-1ace22871063,
"",,,,,,,,,,,,e1b904d3-f8fa-4c23-b7bf-fb05dcf5534e,
"",,,,,,,,,,,,e84cac2b-eeaa-4c81-86be-aa48fc172036,
"",,,,,,,,,,,,48804cfc-fab2-4da3-a774-32956e363fa6,
"",,,,,,,,,,,,843f4c50-36fc-401d-943c-c89494cdf6f5,
"",,,,,,,,,,,,afb70404-4604-4c1b-8dfa-8e8c8d0f3e6a,
"",,,,,,,,,,,,406b9df8-7bcb-45e9-80b0-d732002c3376,
"",,,,,,,,,,,,8c1b1470-73fc-4fbb-9985-2a7a307989e7,
"",,,,,,,,,,,,90332e42-ab65-45e1-9aa7-3c8fb1724fe4,
"",,,,,,,,,,,,64ab94b0-e7a9-41d7-9bae-772063b6dbe8,
"",,,,,,,,,,,,caf4dcf2-578b-4eb8-943b-8dd9a219dc9a,
"",,,,,,,,,,,,4f4ca9e0-57c4-479b-b41a-37ab4b4875c4,
"",,,,,,,,,,,,8f364d9c-3382-4842-beb8-6e21ece1d12c,
"",,,,,,,,,,,,2d32d5f8-dfa7-4575-b5bb-fd310c7f2010,
Line of Business SLAs,policy,,048f57f0-dea3-43fc-b625-bc13f8804b47,"Obligations defined between one or more groups within an organization.  Line of business policies include the expected requirements for business processes and data used in those processes.
Obligations defined between one or more groups within an organization.  Line of business policies cover requirements for business processes and data used in those processes.  Obligations might be between two business groups (For example, shipping must fulfill orders received from Order Processing within 24 hours) or between a business group and IT (For example, customer updates must be completed in the Customer Hub by 6am).",,,,,2022-01-04 19:29:57,,,,753b8e66-3f13-4806-a995-b6bd6672e322
Policy Enforcement,policy,,083d5667-2465-415f-828c-7aac025dac53,"Policy Enforcement describes runtime support for testing and reporting on compliance of information content or use to a particular policy.
Policy Enforcement describes runtime support for testing and reporting on compliance of information content or use to a particular policy.  All policies will be assessed to identify inclusion of required elements, links to policy documentation, and use of governance rules.
Associated rules for a policy must be defined as either: Hard conditions (cannot continue) or Soft conditions (can continue but must be flagged as exceptions).  Rules are not required for data that is always considered or flagged as 'Optional'.",,,,,2022-01-04 19:29:57,,,,716a6947-148c-4c4f-875d-1e80cef79c31
Architecture,policy,,0e18b13a-87ee-4cfb-ad4c-80fddb21ecaf,"Architecture encompasses the practices and approaches to designing and structuring the information environment in support of information processes and solutions including the enterprise standards, requirements, and governance needs.
Architecture includes a number of practices including:  Enterprise architecture, system architecture, and information architecture.
Enterprise architecture defines what an organization does; who performs individual functions within the organization, and within the market value chain; how the organizational functions are performed; and how information are used and stored. Enterprise architecture is introduced with the goals that IT costs are reduced and responsiveness with IT systems is improved.
A system architecture defines what a system in intended to achieve, including the conceptual model that defines the structure, behavior, and views of a system. A system architecture is introduced with the goal of improving the interaction of information processes and flows within an organization and support the broader enterprise architecture.
Information architecture encompasses the structural design of shared information environments.  Typically, information architecture involves a model or concept of information which is used and applied to activities and processes that require explicit details of complex information systems.  Information architecture is introduced with the goal of standardizing information requirements to reduce costs and improve the quality and consistency of information delivered within the broader enterprise architecture.",,,,,2022-01-04 19:29:57,,,,fac6b5a4-947f-4336-8faf-fef275ccb7f4
Information is identified and classified,policy,,10df6a57-e5b1-4d34-9469-756b458d2235,"All information received and stored by the company is identified and classified according to its sensitivity and content.  This classification will determine how the information will be governed.
Identification of information is critical to ensure that inappropriate information is not stored or retained, and that legitimate information is appropriately stored, retained, and classified according to its use and purpose.",,,,,2022-01-04 19:29:57,,,,1f0281ac-639d-4022-a6cd-03fbbb649015
Information from third-parties must be appropriately governed and managed,policy,,14179ac4-5e6d-4c7f-9d30-6363128e0b89,"Third parties must consider applicable regulations for the geographic regions in which the organization operates.  You must understand and manage those obligations.
– Outsourced delivery (proxy for you): Contracts need to reflect your policies because you are still responsible for the content of the data (for
example, traceability).
– Providers of data (publishing or selling to you): What is your responsibility (for example, a bad action that is based on bad data) versus that of the third-party provider (for example, wrong emergency response)? The responsibility belongs with the third party, depending on the terms and conditions.  However, the visibility of any issue or bad action will be with you (brand reputation).
– Subscribers of data (buying from you): The responsibility belongs with the supplier, depending on the terms and conditions.",,,,,2022-01-04 19:29:57,,,,f62008b7-0696-43c9-b801-d395c16ba96d
Customer Marketing Information Utilization,policy,,1a648b19-7530-4383-ac9a-8dc536831eb9,"Customer Marketing requires customer information to be current and of sufficient value to support marketing campaigns with minimal cost
Customer Marketing requires customer information to be current and of sufficient value to support marketing campaigns with minimal cost",,,,,2022-01-04 19:29:57,,,,4b90cff4-7e7c-44b7-96f3-87b7b9246160
Information Usage,policy,,1bc52891-03ee-47cd-891e-cc608bc774f7,"Access to and usage of information within the organization is based on the information's level of confidentiality and security.
Access to information is controlled and tracked through an individual's user logon account to information systems.  Information access may require a password, or may require additional levels of security and authorization.",,,,,2022-01-04 19:29:57,,,,94b6cdc5-c912-40d9-83af-3b3319f0c0b8
Information users are identified,policy,,1ce7e84b-3265-465b-9927-2b55ebde30e7,Each individual will be identified and held accountable for each access to data and each change to data that they make.,,,,,2022-01-04 19:29:57,,,,1f0281ac-639d-4022-a6cd-03fbbb649015
Information is owned,policy,,1e0f28bf-ca7a-4ac5-af92-59829a3f8d71,"There is an individual identified as an owner of each information collection.  The owner is responsible for the appropriate management and governance of that information.
The information owner is identified for a given subject area or domain of data (e.g. the Chief Financial Officer is the owner of all information pertaining to financial reporting).  The information owner is responsible for the use, integration, and processing of information. The owner further is accountable for ensuring the application of information policy and compliance regulations when integrating with or otherwise using such information.",,,,,2022-01-04 19:29:57,,,,1f0281ac-639d-4022-a6cd-03fbbb649015
Information Governance Principles,policy,,1f0281ac-639d-4022-a6cd-03fbbb649015,"Information governance principles define the high-level goals and approaches of the information governance program.
Information governance principles define the high-level goals and approaches of the information governance program.  They provide the terms of reference for all decisions made as part of the information governance program.

Information governance principles are typically defined and owned by the Chief Data officer (CDO), in consultation with other business leaders involved in the information governance program leaders.   
 * They provide the terms of reference for all decisions made as part of the information governance program. 
 * They are the core statements that guide the operation and development of the information landscape.  
 * They capture the fundamental, underlying truths about how the organization will utilize and deploy both business and information technology assets and resources to support the information supply chains. 

The principles are used in a variety of ways: 
 * As a guide to establishing relevant evaluation criteria, and thus exert a strong influence on the selection of suppliers, business partners, components, products or product architectures
 * As drivers for defining the functional requirements of an enterprise-wide architecture for all information supply chains.
 * As an input to assessing both the existing information supply chain and any proposed changes, for compliance with the future desired state.

Each principle is defined with a short description, the reasons (purpose) for adopting the principle and a list of implications for the organization.
 * The purpose statements provide a basis for justifying all proposed decisions and related activities
 *The implication statements provide an outline of the key tasks, resources and potential costs to the business of implementing the principle. They also provide valuable inputs to future transition initiative and planning activities.

Governance principles are typically refined into sub-policies and rules that are specific to different parts of the organization.  They are embedded in the operation of processes across the organization and measured through the governance metrics.
When policies and rules for the information governance program are created or changed, they must be reviewed to ensure they are compatible with the information governance principles.",,,,,2022-01-04 19:29:57,,,,
Information Governance Domain Policies,policy,,2d388740-2bb7-4ec8-9049-686125b47f2f,"Information Governance Domain Policies define those policies that cover the basic information governance domains and are not delegated from other governance focus areas and domains.
Information Governance Policies support the core information domains pertaining to an organization's business.  These address:  people (e.g. customer, contact), organizations (e.g. supplier), products and services, and assets (e.g. buildings, equipment).",,,,,2022-01-04 19:29:57,,,,
Information is a company asset,policy,,3c19faae-22bc-4e9a-9b5d-2a9b934feee1,"Information is a company asset that must be managed according to the prescribed governance policies.
Information is a company asset.  Management of that information must follow the prescribed governance principles and associated policies, whether established by line-of-business, specific obligations, or delegations to other parties.",,,,,2022-01-04 19:29:57,,,,1f0281ac-639d-4022-a6cd-03fbbb649015
Collection of sensitive personal information,policy,,3c8083ed-e7aa-46ca-8d66-b024ee541a9d,"Sensitive personal information should not be collected or stored unless it is necessary to achieve a valid business purpose.
Sensitive personal information generally includes an individual's name, address, or telephone number, in conjunction with the individual's Social Security number, driver's license number, account number, credit or debit card number, or a personal identification number or password.

Sensitive personal information is defined by the federal banking regulators as:  ""a customer’s name, address, or telephone number, in conjunction with the customer’s social security number, driver’s license number, account number, credit or debit card number, or a personal identification number or password that would permit access to the customer’s account.""",,,,,2022-01-04 19:29:57,,,,
Policy Administration,policy,,49d7be34-ec99-4e46-b5ec-8d6d94f00efc,"Policy Administration defines how to create and maintain the policies that support both the regulatory requirements and the organization’s brand promise.
Policy Administration defines how to create and maintain the policies that support both the regulatory requirements and the organization’s brand promise.  It is the policy about how policies are created and administered.",,,,,2022-01-04 19:29:57,,,,716a6947-148c-4c4f-875d-1e80cef79c31
Customer Data Policies,policy,,4b90cff4-7e7c-44b7-96f3-87b7b9246160,All immediate line of business policies pertaining to the Customer data domain.,,,,,2022-01-04 19:29:57,,,,2d388740-2bb7-4ec8-9049-686125b47f2f
Data Privacy,policy,,4d073591-d033-4022-a4a7-1268bfe77323,"The Information Governance data privacy policy governs the protection of sensitive data.  The policy covers data masking as well as protecting sensitive data in non-production environments.
This policy contains all of the rules provided by the IBM InfoSphere Optim Data Privacy Solution to mask data and to protect sensitive data in non-production testing environments that are internal or external to the business.",,,,,2022-01-04 19:29:57,,,,94b6cdc5-c912-40d9-83af-3b3319f0c0b8
Security,policy,,50eb93cd-100b-44ff-bb92-da5d3dfae45f,"Policies related to the creation, management, and retention of information to ensure the security of the organization, its assets, and its people.",,,,,2022-01-04 19:29:57,,,,d5e2f089-555f-4472-b447-03a7e3cced87
Information Provenance,policy,,54fd60d7-7191-4e1c-ad5d-b99ce3f28922,"Information Provenance ensures that the source and origin of data, as well as changes made to it, can be identified and validated.",,,,,2022-01-04 19:29:57,,,,fc5689b2-89ae-4c4c-9027-29b9ea654346
Policy Implementation,policy,,568df4c4-ccb9-4858-adbf-215763b9eda4,"Policy Implementation describes the creation and development of the requirements and implementations for policy enforcement and monitoring.  
Policy Implementation describes the creation and development of the requirements and implementations for policy enforcement and monitoring.  Requirements for policies will be implemented through Information Governance rules.  Implementations will be delivered through specific tools such as IGC Queries, ETL, DQ rules, Business Processes, etc.",,,,,2022-01-04 19:29:57,,,,716a6947-148c-4c4f-875d-1e80cef79c31
Information is kept only as long as it is needed,policy,,57b02adc-7ccb-4cbb-a598-5db421940da7,Information is kept as long as it is needed.  Information that is no longer required is disposed of appropriately.,,,,,2022-01-04 19:29:57,,,,1f0281ac-639d-4022-a6cd-03fbbb649015
Subject Areas group data into topic areas,policy,,58779291-0f26-4eec-8362-d31288184e2c,A Subject Area is a topic area of related information that is of interest to the organization.,,,,,2022-01-04 19:29:57,,,,81d9104a-65f8-4b2a-9e3e-9a2dbd67bf5c
Industry Standards,policy,,5c6f627e-4b6b-4d46-9a10-98719d8f2448,"Industry Standards and practices for business
Industry Standards and practices for business",,,,,2022-01-04 19:29:57,,,,a51e21ed-4981-463a-b110-0559d4a2ec7b
Export Controls,policy,,677ced64-5330-42f4-bcd5-4d15c4c381fe,Policies defining the restrictions for moving information between countries.,,,,,2022-01-04 19:29:57,,,,d5e2f089-555f-4472-b447-03a7e3cced87
Protect Cardholder Data,policy,,6ddcb5b3-fe24-4cd6-8fc7-56c73310b07c,"Protect stored cardholder data
Protection methods such as encryption, truncation, masking, and hashing are critical components of cardholder data protection. If an intruder circumvents other security controls and gains access to encrypted data, without the proper cryptographic keys, the data is unreadable and unusable to that person. Other effective methods of protecting stored data should be considered as potential risk mitigation opportunities. For example, methods for minimizing risk include not storing cardholder data unless absolutely necessary, truncating cardholder data if full PAN is not needed, and not sending unprotected PANs using end-user messaging technologies, such as e-mail and instant messaging.
Please refer to the PCI DSS and PA-DSS Glossary of Terms, Abbreviations, and Acronyms for definitions of strong cryptography and other PCI DSS terms.",,,,,2022-01-04 19:29:57,,,,c223c85f-6aa4-4e82-a73b-ab1495243907
US Fair Information Practices,policy,,711cb2d1-7114-40f9-a023-c93f62c599ff,"US Fair Information Practices for management, privacy, and retention of personal information 
United States has adopted a set of laws and practices that conform to the following:
- For all data collected there should be a stated purpose
- Information collected by an individual cannot be disclosed to other organizations or individuals unless authorized by law or by consent of the individual
- Records kept on an individual should be accurate and up to date
- There must be mechanisms for individuals to review data about them, to ensure accuracy. This may include periodic reporting
- Data must be deleted when it is no longer needed for the stated purpose
- Transmission of personal information to locations where ""equivalent"" personal data protection cannot be assured is prohibited
- Some data is too sensitive to be collected, unless there are extreme circumstances (e.g., sexual orientation, religion)",,,,,2022-01-04 19:29:57,,,,8b395870-6199-41fd-9d09-78d0849cec74
Compliance,policy,,716a6947-148c-4c4f-875d-1e80cef79c31,"Compliance requirements for policy management.
The Compliance capability is part of the Information Governance capability. It supports the definition and communication of policies for information management and governance, plus the process to detect and remediate exceptions.",,,,,2022-01-04 19:29:57,,,,920bd0c8-d301-439f-baee-611b800f81df
Customer Relationship Management and Marketing,policy,,71f98f9f-4e0b-4e19-b0f2-6b9e3091acd9,"Policies relating to the creation, management, use and retention of customer information.",,,,,2022-01-04 19:29:57,,,,d5e2f089-555f-4472-b447-03a7e3cced87
Service-Level Agreements,policy,,753b8e66-3f13-4806-a995-b6bd6672e322,"A service-level agreement (SLA) is a part of a service contract where a service is formally defined and offered.  
From an information governance perspective, a service-level agreement is the level of service offered by IT to a line of business related to the receipt, processing, delivery, quality, or management of information.",,,,,2022-01-04 19:29:57,,,,a51e21ed-4981-463a-b110-0559d4a2ec7b
Regulations Concerning Minors,policy,,7b3b614c-bdce-49a4-92c0-ba16bab16c71,"Government regulations that concern minors by country and state, and by category of interaction.",,,,,2022-01-04 19:29:57,,,,8b395870-6199-41fd-9d09-78d0849cec74
Information Classification,policy,,81d9104a-65f8-4b2a-9e3e-9a2dbd67bf5c,"All information stored by the company is classified according to its sensitivity and content.  This classification determines how the information is retained, managed, and governed.
It is critical for the business/steward to classify the overall source and the contents within as soon as it is brought in by its owner to support of information lifecycle management, access control, and regulatory compliance.
– Public versus private.
– Retention period/schedule.
– Security level.
– Applicable regulatory controls (for example, PII, PCI, and illegal content).
– Non-destructive testing to make assessment/classification in a staging zone (for data at rest) or threat assessment/function in stream (for data in motion).
– If you do not have positive control over the incoming stream (for example, a Twitter feed is uncontrolled), then you must have components to monitor and classify what crosses the boundary. This is needed to be able to exclude any data that does not meet the acceptance criteria.",,,,,2022-01-04 19:29:57,,,,10df6a57-e5b1-4d34-9469-756b458d2235
Authoritative Sources provide the best information,policy,,86fa5e7d-db30-404d-ba6a-034f96335776,"An authoritative source is a managed information source that is designed to share the best information for a subject area.
Typically there are many systems that store information about a particular subject area.  The quality and completeness of these information sources is variable.  Authoritative sources are systems that are managed as the best source of a particular type of information.  

The aim of this policy is to ensure that authoritative sources are managed properly and used wherever possible to improve the quality of and confidence in information used by applications and decision makers; and to reduce the duplication and cost of providing information for the subject area.",,,,,2022-01-04 19:29:57,,,,81d9104a-65f8-4b2a-9e3e-9a2dbd67bf5c
Information Synchronization,policy,,87581e22-dc0f-4e21-baf1-8271bf90e0f3,Information Synchronization ensures that copies of the same information stored in different locations or information systems are the same within a specified time interval and contain the most recent information.,,,,,2022-01-04 19:29:57,,,,fc5689b2-89ae-4c4c-9027-29b9ea654346
Government Regulations,policy,,8b395870-6199-41fd-9d09-78d0849cec74,"A government regulation is a rule or law intended to control or govern the conduct of people or organizations.  In general, government regulations are written by executive agencies as a way to enforce laws passed by the legislature.",,,,,2022-01-04 19:29:57,,,,a51e21ed-4981-463a-b110-0559d4a2ec7b
Information Governance Delegations,policy,,8f274a95-dbac-406c-b6f1-2640bfb5ecbe,"Policies that have been delegated to another governance domain (for example, Audit or Risk Management).
Delegations define policies that that been delegated to another governance domain.  Other governance domains include: Audit, IT Governance, Risk Management, and Security.",,,,,2022-01-04 19:29:57,,,,
Information Retention,policy,,8f975644-6630-4e6d-b976-e4c31f12ce5a,Information is kept only as long as it is needed,,,,,2022-01-04 19:29:57,,,,f8822bcc-cd4b-4f2b-a058-9a6bd1fa2fb4
Information Governance Approaches,policy,,920bd0c8-d301-439f-baee-611b800f81df,"Approaches describe the standards that have been adopted by the information governance program to increase consistency, reduce discrepancies, and remove unnecessary processing across or between different implementations.",,,,,2022-01-04 19:29:57,,,,
Employee Data Policies,policy,,92f18287-6904-45df-8d3d-6d1d7e3df74c,All immediate line of business policies pertaining to the Employee data domain.,,,,,2022-01-04 19:29:57,,,,2d388740-2bb7-4ec8-9049-686125b47f2f
Risk Management,policy,,9335c3e0-b2d8-4bdc-8d82-63085eb0acd6,Policies defining the requirements to document and manage risk that is related to the use of information.,,,,,2022-01-04 19:29:57,,,,d5e2f089-555f-4472-b447-03a7e3cced87
Information Protection,policy,,94b6cdc5-c912-40d9-83af-3b3319f0c0b8,"Information protection policies address the requirements to secure data, to ensure private data is protected from misuse or disclosure, and to prevent unauthorized access to data. 
Protection of data privacy and access is essential to the ability to maintain the trust of your customers and their customers.
– Your information protection must not be compromised for the sake of expediency, convenience, or deadlines (for example, simple data
exploration). If conditions warrant them, exemptions should be decided by the appropriate management team and documented.
– Accept as a fact the difficulty in predicting how new risks manifest themselves.
– Protect not just what you bring in, but what you join/link it to, and what you derive. Your customers will fault you for failing to protect them from malicious links.
– The enterprise must formulate the strategy to deal with more data, longer retention periods, more data subject to experimentation, and less process around it, all while trying to derive more value over longer periods.",,,,,2022-01-04 19:29:57,,,,d9dc9a97-209e-440a-8815-76d202ed726c
Decision makers are responsible for using appropriate information,policy,,95438fa4-8cf4-4140-b473-09aab470c952,Decision makers must ensure that an authoritative source is used as the information source for their work.,,,,,2022-01-04 19:29:57,,,,1f0281ac-639d-4022-a6cd-03fbbb649015
Financial Reporting,policy,,99cc6396-be3c-4381-828f-152e15562175,"Policies related to the collection, management and retention of financial information.",,,,,2022-01-04 19:29:57,,,,d5e2f089-555f-4472-b447-03a7e3cced87
Information Identification,policy,,9e51f5f0-526c-4542-ab4a-9aca59b84d26,"Information received by the organization must be identifiable and identified so that it may be appropriately handled, delivered, or deleted.
Recipients of information in the organization, whether human or system, must be able to identify information received and determine whether the information is retained and appropriately delivered and classified, or if it is removed.  For example, confidential information from another organization is not retained if it does not fall under an agreement between the two organizations.",,,,,2022-01-04 19:29:57,,,,10df6a57-e5b1-4d34-9469-756b458d2235
Information Governance Obligations,policy,,a51e21ed-4981-463a-b110-0559d4a2ec7b,Obligations define policies that are delegated to the Information Governance organization from other governance focus areas and domains.,,,,,2022-01-04 19:29:57,,,,
Information is a shareable resource,policy,,a9c82aa1-17ac-4d07-b3e6-bfbaef5a8c58,Information is a shareable resource and is made available for all legitimate needs of the company.,,,,,2022-01-04 19:29:57,,,,1f0281ac-639d-4022-a6cd-03fbbb649015
US IRS Recordkeeping Practices,policy,,aa57c146-09a4-4ef8-9a1b-6ec675c2d5c6,"Records relevant to the income or tax reporting of an organization must be maintained for the period of limitations for a given tax filing.
You must keep your records as long as they might be needed for the administration of any provision of the Internal Revenue Code. Generally, this means you must keep records that support an item of income or deduction until the period of limitations for a given filing runs out.  The period of limitations is the period of time in which you can amend your return to claim a credit or refund, or the IRS can assess additional tax.",,,,,2022-01-04 19:29:57,,,,8b395870-6199-41fd-9d09-78d0849cec74
Information Value Quality,policy,,abbd3d3a-5ab7-4a6f-8a02-8e64333ac1c3,"The quality of a given field of data satisfies the needs of the consumer of that information (whether human or other information process or system).
The quality of a given field of data satisfies the needs of the consumer of that information (whether human or other information process or system). For example, the tax id of a given person exists, is of the correct format, and satisfies the algorithm to validate that it is a legitimate tax id.",,,,,2022-01-04 19:29:57,,,,d65d16c8-a28b-466b-84f1-821affa78a3f
IT Governance Information,policy,,ad28e215-07a4-4d05-b125-1cc5414662c0,Policies related to the creation management and retention of information that is used to govern the IT infrastructure.,,,,,2022-01-04 19:29:57,,,,d5e2f089-555f-4472-b447-03a7e3cced87
Information Disposal,policy,,adf459a9-53ca-4cb7-9476-c618bf568e9e,"Information that is no longer needed will be disposed of appropriately.  
Specific requirements for information disposal are typically defined by subject area or information classification and may fall under specific legislation.  Information Disposal includes techniques to: destroy, dispose, or otherwise make personal information unreadable or undecipherable.  Disposal of paper records includes techniques such as shredding, pulverization (rendered into a powder by grinding), maceration (rendered into pulp by chemicals) or incineration (burned).  Disposal of electronic records includes techniques such as demagnetization of drives and overwriting or wiping of digital media.",,,,,2022-01-04 19:29:57,,,,f8822bcc-cd4b-4f2b-a058-9a6bd1fa2fb4
Asset Data Policies,policy,,b08289c6-9c71-4593-89c1-9cdb3a350b0a,"All immediate line of business policies pertaining to the Asset data domain including tangible assets such as buildings and equipment, as well as intangible assets such as intellectual property and goodwill.",,,,,2022-01-04 19:29:57,,,,2d388740-2bb7-4ec8-9049-686125b47f2f
UK Data Protection Act,policy,,b0ce1345-ae30-4d48-94ce-de5458f42793,"The UK Data Protection Act regulates the use of ""personal data"".
1) Personal data shall be processed fairly and lawfully and, in particular, shall not be processed unless—
(a)at least one of the conditions in Schedule 2 is met, and
(b)in the case of sensitive personal data, at least one of the conditions in Schedule 3 is also met.

2) Personal data shall be obtained only for one or more specified and lawful purposes, and shall not be further processed in any manner incompatible with that purpose or those purposes.

3) Personal data shall be adequate, relevant and not excessive in relation to the purpose or purposes for which they are processed.

4) Personal data shall be accurate and, where necessary, kept up to date.

5) Personal data processed for any purpose or purposes shall not be kept for longer than is necessary for that purpose or those purposes.

6) Personal data shall be processed in accordance with the rights of data subjects under this Act.

7) Appropriate technical and organisational measures shall be taken against unauthorised or unlawful processing of personal data and against accidental loss or destruction of, or damage to, personal data.

8) Personal data shall not be transferred to a country or territory outside the European Economic Area unless that country or territory ensures an adequate level of protection for the rights and freedoms of data subjects in relation to the processing of personal data.",,,,,2022-01-04 19:29:57,,,,
Data Classifications group data by common characteristics,policy,,be76f23b-7bc8-4fa5-9469-4c9613b017eb,"Data classifications provide logical groupings of data by using a classification scheme derived from common data characteristics (for example, dates, date of birth, quantities, national identifiers, and so on).",,,,,2022-01-04 19:29:57,,,,81d9104a-65f8-4b2a-9e3e-9a2dbd67bf5c
Payment Card Information,policy,,c223c85f-6aa4-4e82-a73b-ab1495243907,Payment Card Information (PCI) Policy,,,,,2022-01-04 19:29:57,,,,5c6f627e-4b6b-4d46-9a10-98719d8f2448
Human Resources,policy,,c2ff34c1-6548-4ee6-8ce5-5a4cb47f32f1,"Policies related to the creation, management and retention of information about employees, recruitment and alumnis.",,,,,2022-01-04 19:29:57,,,,d5e2f089-555f-4472-b447-03a7e3cced87
Privacy,policy,,ca56d2eb-486c-4677-87bd-7bef35652a72,Policies defining the requirements for safeguarding the privacy of individuals and organizations.,,,,,2022-01-04 19:29:57,,,,d5e2f089-555f-4472-b447-03a7e3cced87
Requirements,policy,,ce8532cd-cb1c-4bee-b2a3-96cc374ca88d,"Requirements define the business needs, processes, and information needed to support a business or other activity. 
Requirements (the what and when) are used to define the functional and technical specifications (the how) of an information system or solution within the enterprise.",,,,,2022-01-04 19:29:57,,,,fac6b5a4-947f-4336-8faf-fef275ccb7f4
Information Record Quality,policy,,d08386de-88b8-4455-983e-482580091043,"The quality of a given record satisfies the needs of the consumer of that information (whether human or other information process or system).
The quality of a given record satisfies the needs of the consumer of that information (whether human or other information process or system).  For example, the record of a given person contains sufficient information to identify the person and associate it with other information for that same person.",,,,,2022-01-04 19:29:57,,,,d65d16c8-a28b-466b-84f1-821affa78a3f
Intellectual Property Protection,policy,,d2f40b3a-a77b-4d0e-8b72-9b5483dc8f34,Policies defining the requirements for protecting the organization's intellectual property.,,,,,2022-01-04 19:29:57,,,,d5e2f089-555f-4472-b447-03a7e3cced87
Corporate Requirements,policy,,d5e2f089-555f-4472-b447-03a7e3cced87,Policies that have been delegated from other governance teams inside the organization.,,,,,2022-01-04 19:29:57,,,,a51e21ed-4981-463a-b110-0559d4a2ec7b
Information Quality,policy,,d65d16c8-a28b-466b-84f1-821affa78a3f,"Information Quality ensures that data (whether in the form of specific values in fields, expected content in records, or information delivered through a supply chain) fits its purpose and satisfies the requirements for its use.
Information Quality ensures that data (whether in the form of specific values in fields,; expected content in records, or information delivered through a supply chain) fits its purpose.  That is, the information meets the needs of the primary consumer of the data at each specified point within the information supply chain.",,,,,2022-01-04 19:29:57,,,,e43d367f-6d25-4a90-b378-70ba16763d66
Information is secured,policy,,d9dc9a97-209e-440a-8815-76d202ed726c,Information is secured from unauthorized access and use.,,,,,2022-01-04 19:29:57,,,,1f0281ac-639d-4022-a6cd-03fbbb649015
Customer data available for Customer Care at start of day.,policy,,da21111d-2d44-4484-a082-cbf5535c3b29,Customer data must be loaded into the Master Data Management system by the defined daily start time.,,,,,2022-01-04 19:29:57,,,,753b8e66-3f13-4806-a995-b6bd6672e322
Product and Service Data Policies,policy,,ddc7c01e-98ac-462c-85c0-a7810e1d3867,All immediate line of business policies that pertain to the Product and Service data domain.,,,,,2022-01-04 19:29:57,,,,2d388740-2bb7-4ec8-9049-686125b47f2f
Information quality is everyone's responsibility,policy,,e43d367f-6d25-4a90-b378-70ba16763d66,Information quality is everyone's responsibility.  Information is validated and where necessary it is corrected and made complete.,,,,,2022-01-04 19:29:57,,,,1f0281ac-639d-4022-a6cd-03fbbb649015
Information is managed in a cost effective manner,policy,,e9c7f451-7e41-443d-bf11-e94474efbd7b,Information is managed in a cost effective manner.   This is achieved through a well-defined information architecture that follows standards and best practices.,,,,,2022-01-04 19:29:57,,,,1f0281ac-639d-4022-a6cd-03fbbb649015
Information users are responsible for protecting information,policy,,ec293133-661d-453f-97b1-6657368d31b2,"Individuals are responsible for safeguarding the information that they own, access and use.",,,,,2022-01-04 19:29:57,,,,1f0281ac-639d-4022-a6cd-03fbbb649015
Order Processing,policy,,f5d8b9ea-a68f-4c8f-82f9-5f467d3c6085,"Order Processing policy for customer service
Order Processing policy defines the standards for expected customer service in the receipt and acknowledgment of orders.",,,,,2022-01-04 19:29:57,,,,753b8e66-3f13-4806-a995-b6bd6672e322
Third Party Contracts,policy,,f62008b7-0696-43c9-b801-d395c16ba96d,3rd Party Contracts with required obligations,,,,,2022-01-04 19:29:57,,,,a51e21ed-4981-463a-b110-0559d4a2ec7b
Information Lifecycle Management,policy,,f8822bcc-cd4b-4f2b-a058-9a6bd1fa2fb4,Information is managed in accordance to its designated lifecycle,,,,,2022-01-04 19:29:57,,,,57b02adc-7ccb-4cbb-a598-5db421940da7
Standards,policy,,fac6b5a4-947f-4336-8faf-fef275ccb7f4,Standards define the obligations to develop and operate information systems to support the operations and governance of information.,,,,,2022-01-04 19:29:57,,,,e9c7f451-7e41-443d-bf11-e94474efbd7b
Policy Monitoring,policy,,fadecc06-1b26-49f2-aa34-8d8b15f7eb6f,"Policy Monitoring describes the active review process that is necessary to ensure that policies are being enforced and that exceptions are remediated in a managed, repeatable process.
Policy Monitoring describes the active review process that is necessary to ensure that policies are being enforced and that exceptions are remediated in a managed, repeatable process.  
It does not describe the monitoring and remediation tools or enforcement points needed for an individual policy or its rules.",,,,,2022-01-04 19:29:57,,,,716a6947-148c-4c4f-875d-1e80cef79c31
Information Supply Chain Integrity,policy,,fc5689b2-89ae-4c4c-9027-29b9ea654346,"The quality of a given information supply chain satisfies the needs of the consumer of that information (whether human or other information process or system). 
The quality of a given information supply chain satisfies the needs of the consumer of that information (whether human or other information process or system).  For example, the information process for a customer order must ensure that a shipment of the product requested by the customer is sent and delivered to the correct customer at the correct address.",,,,,2022-01-04 19:29:57,,,,d65d16c8-a28b-466b-84f1-821affa78a3f
