{"description":"Asset type for database transformation scripts","fields":[{"key":"columns","type":"string","facet":true,"is_array":true,"search_path":"statements[].columns[].name","is_searchable_across_types":true}],"relationships":[],"properties":{"host":{"type":"string","description":"Name of the host","readonly":true,"validated":false,"displayInChild":false,"label":{"default":"Server information","en":"Server information"}},"transformation_type":{"type":"string","description":"Type of the transformation","readonly":true,"validated":false,"displayInChild":false,"label":{"default":"Transformation type","en":"Transformation type"}},"transformation_expression":{"type":"string","description":"Expression for the transformation","readonly":true,"validated":false,"displayInChild":false,"label":{"default":"Transformation expression","en":"Transformation expression"}},"lineage_link":{"type":"string","description":"Visually explore lineage information","hidden":true,"readonly":true,"validated":false,"displayInChild":false,"label":{"default":"Lineage link","en":"Lineage link"}}},"localized_metadata_attributes":{"name":{"default":"Transformation script","en":"Transformation script","de":"Transformationsscript","es":"Script de transformación","fr":"Script de transformation","it":"Script di trasformazione","ja":"変換スクリプト","ko":"변환 스크립트","pt":"Script de transformação","ru":"Сценарий преобразования","sv":"Transformationsskript","zh":"变换脚本","zh_TW":"轉換 Script"}},"global_search_searchable":[],"attribute_only":false,"is_column_custom_attribute":false,"can_have_image":false,"version":1,"name":"data_transformation","scope":"GLOBAL","allow_decorators":true}