COMPMASTERID,NAME,ADDRESS1,ADDRESS2,ADDRESS3,ADDRESS4,ADDRESS5,PHONE,CHANGEDATE,COMPANY,CONTACT,CURRENCYCODE,HOMEPAGE,PAYMENTTERMS,REMITADDRESS1,REMITADDRESS2,REMITADDRESS3,REMITADDRESS4,REMITCONTACT,SENDERSYSID,SHIPVIA,TYPE
9,"Atlantic Trading, Inc",39 MAPLE AVE,SOMERVILLE,MA,2144,b.arena@ati.com,(617) 555-8462,,ATI,BRIAN ARENA,USD,,NET 30,39 MAPLE AVE,SOMERVILLE,MA,2144,BRIAN ARENA,,UPS-GR,V
10,Water Treatment Systems Inc,1428 MAIN ST,CAMBRIDGE,MA,2138,cindy_conners21@WTI.com,(617) 555-8532,,WTI,CINDY CONNERS,USD,,2/10 NET 30,1428 MAIN ST,CAMBRIDGE,MA,2138,CINDY CONNERS,,UPS-GR,M
6,Julius Kraft Co.,OLSON MEMORIAL HWY,PLAINVIEW,NY,11803,Cindy_Sabo@JK.com,(716) 555-2091,,JK,CINDY SABO,USD,,2/10 NET 30,OLSON MEMORIAL HWY,PLAINVIEW,NY,11803,CINDY SABO,,UPS-2,V
8,Gast Pumps,245 MARCUS BLVD,ROSWELL,GA,30077,d_hartwell@gst.com,(800) 555-8710,,GST,DAVE HARTWELL,USD,,NET 30,245 MARCUS BLVD,ROSWELL,GA,30077,DAVE HARTWELL,,UPS-GR,M
2,Bursaw Oil Co.,P.O. BOX 698,EL DORADO,AR,71730,G.Peters1@Bursaw.com,(501) 555-5785,,BURSAW,GENE PETERS,USD,,2/10 NET 30,P.O. BOX 698,EL DORADO,AR,71730,GENE PETERS,,UPS-GR,V
16,Emergency Maintenance Inc.,322 EAST CENTENNIAL BLVD,CUPERTINO,CA,95014,gary.bissinger1@emi_inc.com,(408) 555-8885,,EMI,GARY BISSINGER,USD,,2/10 NET 30,322 EAST CENTENNIAL BLVD,CUPERTINO,CA,95014,GARY BISSINGER,,UPS-GR,V
13,Changeover Management Company,2644 30TH STREET,MORLEY,CO,80301,Gerald.Denning@CMC.com,(206) 555-9874,,CMC,GERRY DENNING,USD,,2/10 NET 30,2644 30TH STREET,MORLEY,CO,80301,GERRY DENNING,,UPS-GR,V
14,Helwig Company,8900 W. TOWER AVE,BELLEVUE,WA,53224,james.grundig1@helwig.com,(414) 555-2411,,HELWIG,JAMES GRUNDIG,USD,,2/10 NET 30,8900 W. TOWER AVE,BELLEVUE,WA,53224,JAMES GRUNDIG,,UPS-2,V
3,Ingersoll-Rand Company,GARDEN STATE PARKWAY- EXIT 172,WOODCLIFF LAKE,NJ,7675,JohathanLLukin@IR.com,(201) 555-0123,,IR,JOHN L LUKIN,USD,,2/10 NET 30,GARDEN STATE PARKWAY- EXIT 172,WOODCLIFF LAKE,NJ,7675,JOHN L LUKIN,,UPS-GR,M
1,Babcock & Wilcox Co- Power Generation Division,"20 SOUTH VAN BUREN AVE, PO BOX 351",PITTSBURGH,PA,16456,JohnSMoore3@bwc.com,(412) 555-4511,1999-04-23-13.35.50.000000,BWC,JOHN S. MOORE,USD,,NET 30,"20 SOUTH VAN BUREN AVE, PO BOX 351",PITTSBURGH,PA,16456,JOHN S. MOORE,,UPS-GR,M
4,White & Bagley,8004 CAMERON ROAD,AUSTIN,TX,78753,Jon.Waterson2@WB.com,(512) 555-2359,,WB,JON WATERSON,USD,,2/10 NET 30,8004 CAMERON ROAD,AUSTIN,TX,78753,JON WATERSON,,UPS-GR,V
22,Fettle Manufacturing,3000 Muller Road,Bedford,MA,1730,k_berns@fettlemfg.com,(519) 735-2744,,FETTLE,Kyle Berns,USD,,,,,,,,,,M
20,Office R Us,100 Crosby Dr,Bedford,MA,1730,karen_reber42@offrus.com,(519) 735-2744,,OFFRUS,Karen Reber,USD,,,,,,,,,,V
48,Txn Server Marketplc,100 Crosby Dr,Bedford,MA,1730,leslie.black@kennedy.com,(519) 735-2744,,KENNEDY,Leslie Black,USD,,,,,,,,,,V
21,Ariba CSN,100 Crosby Dr,Bedford,MA,1730,manju_makon@acsncorp.com,(519) 735-2744,,ACSN,Manju Makon,USD,,,,,,,,,,M
11,Franklin Supply Corp,48 RIDGE ST,WATERTOWN,MA,2172,mark.pellen@franklinsupply1.com,(617) 555-7429,,FSC,MARK PELLEN,USD,,2/15 NET 30,48 RIDGE ST,WATERTOWN,MA,2172,MARK PELLEN,,UPS-GR,V
15,Balston Filter Products,P.O. BOX C,LEXINGTON,MA,2173,mark_fairchild@balston_co.com,(800) 555-4048,,BALSTON,MARK FAIRCHILD,USD,,2/10 NET 30,P.O. BOX C,LEXINGTON,MA,2173,MARK FAIRCHILD,,UPS-GR,V
12,Bex Pneumatic Systems,808-C NORTH CENTRAL AVE.,HARRISON CITY,PA,15636,peter_schafer21@bex1.com,(412) 555-5409,,BEX,PETER SCHAFER,USD,,2/10 NET 30,808-C NORTH CENTRAL AVE.,HARRISON CITY,PA,15636,PETER SCHAFER,,UPS-GR,V
5,Parker Hannifin- Compumotor Division,5500 BUSINESS PARK DRIVE,ROLLING MEADOWS,IL,94928,r.pauling@PH.com,(800) 555-6008,,P-H,ROBERT PAULING,USD,,NET 30,5500 BUSINESS PARK DRIVE,ROLLING MEADOWS,IL,94928,ROBERT PAULING,,UPS-GR,M
31,Fafnir Bearing,32 STATE STREET,HARRISBURG,PA,17503,thomas.wernersr@fafnir_inc.com,(717) 394-8832,,FAFNIR,TOM WERNER,USD,,2/10 NET 30,32 STATE STREET,HARRISBURG,PA,17503,TOM WERNER,,UPS-GR,M
32,"Bearings, Inc",401 SERVICE ROAD,LANCASTER,PA,17603,THOMAS_HART12@BEARING.com,(717) 393-9631,,BEARING,TOM HART,USD,,2/10 NET 30,401 SERVICE ROAD,LANCASTER,PA,17603,TOM HART,,UPS-1,V
7,Plus Industrial Conveyor Corporation,3900 CYCLE AVENUE,SOUTH BEND,IN,46625,tom_caine332@PLUS.com,(202) 555-0798,,PLUS,TOM CAINE,USD,,2/10 NET 30,3900 CYCLE AVENUE,SOUTH BEND,IN,46625,TOM CAINE,,UPS-2,M
57,mroBuyer,100 Crosby Drive,Bedford,MA,1730,,(519) 735-2744,,MROBUYER,Manju,USD,,,,,,,,,,V
54,Trillium Industrial Supply,121 Tecumseh St.,Windsor,ON,L3R 2Z,,(519) 735-2744,,A0003,Anne Baxter,USD,,,,,,,,,,V
62,Michelin,123 Anywhere,Boston,MA,1789,,781-209-0939,1998-06-14-18.08.00.000000,MICH,James John,USD,,,,,,,,,,M
105,Evergreen Lawn Maintenance,123 East Transit Road,Burlington,MA,1730,,781-877-9988,2005-02-07-09.55.26.000000,EVERGR,Bill Smithwell,USD,www.evergreenlawn.com,net 30,123 East Transit Road,Burlington,MA,1730,Audrey Townsend,,,V
99,CellUS Technologies (West),1234 West Grant Street,Anaheim,CA,92801,,209-998-7656,2004-10-06-15.03.19.000000,CELLUSW,Cameron Baker,USD,cellus.com,,1234 West Grant Street,Anaheim,CA,92801,Audrey Frank,,,V
116,ACLARA,165 Liberty Street,Springfield,MA,01103-1118,,,2021-12-15-15.35.15.558000,ACLARA,0,USD,,,,,,,,,,
117,ECHELON,165 Liberty Street,Springfield,MA,01103-1118,,,2021-12-15-15.35.15.558000,ECHELON,0,USD,,,,,,,,,,
118,ELSTER ELECTRICITY,165 Liberty Street,Springfield,MA,01103-1118,,,2021-12-15-15.35.15.558000,ELSTER,0,USD,,,,,,,,,,
119,EMETER,165 Liberty Street,Springfield,MA,01103-1118,,,2021-12-15-15.35.15.558000,EMETER,0,USD,,,,,,,,,,
120,ITRON,165 Liberty Street,Springfield,MA,01103-1118,,,2021-12-15-15.35.15.558000,ITRON,0,USD,,,,,,,,,,
121,LANDISGYR ELECTRICITY,165 Liberty Street,Springfield,MA,01103-1118,,,2021-12-15-15.35.15.558000,LANDISGYR,0,USD,,,,,,,,,,
53,Cummins Supply Company,1808 West 6th Street,Amarillo,TX,79106-8334,,(806) 373-337,,A0002,Bill Ross,USD,,,,,,,,,,V
17,Almar Petroleum,2 LAWRENCE ROAD,PRINCETON,NJ,7081,,(609) 515-6792,,ALMAR,J Holcomb,USD,www.almar.com,NET 30,2 LAWRENCE ROAD,PRINCETON,NJ,7081,PAT ROGERS,,UPS-GR,M
46,NYNEX Telecommunications,20 South Street,Boston,MA,4566,,617 789 8934,1999-01-13-04.42.00.000000,NYNEX,Customer Service,USD,,Net 30,20 South Street,Boston,MA,4566,Customer Service,,,V
23,Verizon Communications,20 South Street,Boston,MA,4566,,617 789 8934,2003-02-27-10.22.15.000000,VERIZON,Customer Service,USD,http://www.verizon.com,Net 30,20 South Street,Boston,MA,4566,Customer Service,,,V
50,"Datastar Technologies, Inc.",2000 High Technology Way,Paso Rolinda,CA,99887,,,1999-03-27-17.38.00.000000,DATASTAR,,USD,,,2000 High Technology Way,Paso Rolinda,CA,99887,,,,M
25,Quench-Rite,21 SARNES RD.,BOSTON,MA,2115,,(617) 555-8237,1999-05-09-15.36.00.000000,QR,TODD WILSON,USD,,,21 SARNES RD.,BOSTON,MA,2115,TODD WILSON,,,M
102,Computer Depot,23 State Street,Anaheim,CA,92180,,809-777-5600,2004-10-06-15.41.57.000000,COMPDEP,Norman H. Green,USD,computerdepot.com,,23 State Street,Anaheim,CA,92180,Joan Ryder,,,V
51,GGM International Limited (H/O),274 North St,Chicago,IL,60632,,(555) 433-1240,,GGM,Gary Hobbs,USD,,,,,,,,,,M
30,Goodyear Tire Company,32 STATE STREET,AKRON,OH,23994,,(213) 321-4437,,GOODYEAR,ANN WOODWARD,USD,,2/10 NET 30,32 STATE STREET,AKRON,OH,23994,ANN WOODWARD,,UPS-GR,M
33,SKF Bearing,32 SUMNER STREET,HARTFORD,CT,3342,,(203) 329-9422,,SKF,JIM JACKSON,USD,,2/10 NET 30,32 SUMNER STREET,HARTFORD,CT,3342,JIM JACKSON,,UPS-1,M
27,Ansul Fire Protection,329 NORTH MAIN STREET,MARINETTE,WI,54143-2542,,(312) 993-9843,,ANSUL,JIM FRENCH,USD,www.ansul.com,2/10 NET 30,329 NORTH MAIN STREET,MARINETTE,WI,54143-2542,JIM FRENCH,,UPS-GR,M
107,Software King,33 Knights Castle,Houston,Texas,77081,,444-281-0715,2008-02-07-10.33.37.000000,SWKING,Joe King,USD,http://ww.ibm.com,,35 Round Table Drive,Waco,Texas,75489,Accounts Payable,,,V
60,"Donald Ross, Inc.",33 Randolph St.,North Adams,MA,21507,,800-555-6060,2000-12-12-08.51.00.000000,ROSS,Donald Ross,USD,,,69 Harris Street,North Adams,MA,21507,Joe Smith,,,
104,Arctic Snow Removal,345 West Road Unit 3,Cambridge,MA,1730,,781-877-9988,2005-02-07-09.28.12.000000,ARCTIC,Chuck Merriweather,USD,www.arcticsnowremoval.com,net 30,345 West Road Unit 3,Cambridge,MA,1730,Jean Smith,,,V
44,The Trane Company,3600 PAMMEL CREEK RD,LACROSSE,WI,54601,,(608) 555-2000,,TRN,ANTHONY D RHODES,USD,,2/10 NET 30,3600 PAMMEL CREEK RD,LACROSSE,WI,54601,ANTHONY D RHODES,,UPS-GR,M
24,Westinghouse Electric Corporation,375 HARRISON AVE,PITTSBURGH,PA,16341,,(412) 555-4964,,WES,G Jiguo,USD,,2/10 NET 30,375 HARRISON AVE,PITTSBURGH,PA,16341,ANN WOODWARD,,UPS-GR,M
93,Datachip Computer Corporation,400 Raceway Blvd.,Burlington,MA,1734,,617-677-9800,2004-08-16-07.23.01.000000,DATACHIP,Anthony George,USD,www.datachipcomp.com,,,,,,Ted Nolan,,,M
108,Software Warehouse,44 Smith Street,Sugar Land,Texas,77459,,444-258-3697,2008-02-07-10.33.19.000000,SWWH,Joe Seller,USD,http://www.ibm.com,,44 Smith Street,Sugar Land,Texas,77459,Accounts Payable,,DHL,V
34,Industrial Packaging Supply,44 STEVENS ROAD,BOSTON,MA,2101,,(617) 536-9803,,IPS,JOHN LEWIS,USD,,NET 30,44 STEVENS ROAD,BOSTON,MA,2101,JOHN LEWIS,,UPS-GR,M
52,ABC Bearing Co.,443 Southfield Road,Detroit,MI,,,(313) 355-9043,2002-03-01-08.07.57.000000,A0001,Stewart Wood,USD,www.abcbearingcorp1.com,,,,,,,,,V
98,CellularUS Technologies,45 Front Street,Framingham,MA,1730,,508-877-9900,2004-10-06-14.59.49.000000,CELLUS,George Hall,USD,cellus.com,,45 Front Street,Framingham,MA,1730,Penny Nolan,,,V
103,Electronic Super Supply,4500 West Turner Ave.,Natick,MA,1730,,508-897-4500,2004-10-07-18.23.31.000000,ELECTRON,Shane Downey,USD,www.electronicsupersupply.com,,4500 West Turner Ave,Natick,MA,1730,Steven James,,FEDEX,V
47,"Atlantic Trading, Inc",47 North Street,BOSTON,MA,1245,,(617) 456-8945,1999-02-10-11.24.00.000000,ATI-R,Joan Taylor,USD,,NET 30,47 North Street,BOSTON,MA,1245,Joan Taylor,,UPS-GR,V
84,Thermo King of West Texas,4812 East Seventh ST.,Austin,TX,,,512-385-5817,1998-08-25-13.29.00.000000,TKING-TX,Fred Colton,USD,,,,,,,,,,V
29,Rice HVAC Maintenance Service,498 Towns End Road,Dedham,MA,75486,,781-476-9365,2002-03-01-11.10.31.000000,RICE,Joshua Rice,USD,,,498 Towns End Road,Dedham,MA,75486,Eleanor Rice,,,V
55,mroMarketplace,500 Queen St.,London,ON,L3R 2Z,,(519) 735-2744,,MROMKT,Alfredo,USD,,,,,,,,,,V
56,mroMarketplace,500 Queen St.,London,ON,L3R 2Z,,(519) 735-2744,,MKTPLC,Alfredo,USD,,,,,,,,,,V
58,FESTO,500 Queen St.,London,ON,L3R 2Z,,(519) 735-2744,,FESTO,Alfredo,USD,,,,,,,,,,V
59,SKF GOTHEMBERG,500 Queen St.,London,ON,L3R 2Z,,(519) 735-2744,,SKF-GO,Alfredo,USD,,,,,,,,,,V
18,Garden City Electrical Supply Co,528 HANCOCK ST,QUINCY,MA,2169,,(617) 555-6385,,GCE,B Garrett,USD,,2/10 NET 30,528 HANCOCK ST,QUINCY,MA,2169,GERALD JOHNSON,,UPS-GR,V
94,Reliable Elevator Corporation,6600 Sheppard Ave. East,Atlanta,GA,,,770-623-5500,2004-08-16-07.24.12.000000,RELELEV,Greg Nimsan,USD,,,,,,,Brian Taylor,,,
96,MobilTech Cellular Technology,6700 John Street,Bellerica,MA,1730,,617-513-0556,2004-10-06-14.44.46.000000,MOBILTECH,Bob Jones,USD,www.mobiltech.com,,6700 John Street,Bellerica,MA,1730,Jane Smith,,,V
97,MobilTech Cellular Technology (Boston),6700 South Street,Boston,MA,1730,,781-987-9988,2004-10-06-14.53.49.000000,MOBILTECH1,Bob Hensley,USD,,,,,,,,,,V
49,Transatlantic Trading Company,69 Queens Road,London,UK,E17 4AQ,,(0171) 567 1246,1999-02-10-11.51.00.000000,TASC,John Thatcher,GBP,,Net 30 Days,69 Queens Road,London,UK,E17 4AQ,John Thatcher,,DHL,V
45,"Johns Engineering, LTD.",74 Stevens Street,Cambridge,"Cambridgeshire, UK",CA334 2RS,,(01732) 539449,1999-04-07-16.25.00.000000,JOHNS,Graham Thomas,GBP,,Net 30 days,74 Stevens Street,Cambridge,"Cambridgeshire, UK",CA334 2RS,Graham Thomas,,DHL,V
101,Accu Draw Software,7800 Trent Street,Lexington,KY,40517,,608-945-9877,2004-10-06-15.38.47.000000,ACCUDRAW,James Brown,USD,accudraw.com,,7800 Trent Street,Lexington,KY,40517,Julie Horner,,,M
109,Bombardier,800 René-Lévesque Blvd. West,Montreal,QC,H3B 1Y8,,,2011-02-17-16.20.59.000000,BOMBARDIER,BOMBARDIER,CAD,,,,,,,,,,
28,A. W. Chesterton Company,"MIDDLESEX INDUSTRIAL PARK, ROUTE 93",STONEHAM,MA,2180,,(508) 325-9674,,CHESTER,JOHN MURPHY,USD,,2/10 NET 30,"MIDDLESEX INDUSTRIAL PARK, ROUTE 93",STONEHAM,MA,2180,JOHN MURPHY,,UPS-1,M
296,ROOTS,,,,,,,2022-02-02-19.11.44.933000,ROO,,GBP,,,,,,,,,,M
297,SARASOTA,,,,,,,2022-02-02-19.11.44.981000,SAR,,GBP,,,,,,,,,,M
298,SCHLUMBERGER INDUSTRIES,,,,,,,2022-02-02-19.11.45.046000,SCH,,GBP,,,,,,,,,,M
299,SECURE LIBERTY,,,,,,,2022-02-02-19.11.45.105000,SCM,,GBP,,,,,,,,,,M
300,SENSUS,,,,,,,2022-02-02-19.11.45.154000,SEN,,GBP,,,,,,,,,,M
301,SERVICE GOVERNOR,,,,,,,2022-02-02-19.11.45.213000,SG,,GBP,,,,,,,,,,M
839,GREAT WESTERN ENERGY LTD,,,,,,,2022-02-02-19.17.59.744000,310,,GBP,,,,,,,,,,V
840,I SUPPLY ENERGY LTD,,,,,,,2022-02-02-19.17.59.791000,311,,GBP,,,,,,,,,,V
841,OCTOPUS ENERGY LIMITED,,,,,,,2022-02-02-19.17.59.827000,312,,GBP,,,,,,,,,,V
842,EUROPEAN METAL RECYCLING,,,,,,,2022-02-02-19.17.59.865000,313,,GBP,,,,,,,,,,V
843,OUR POWER ENERGY SUPPLY L,,,,,,,2022-02-02-19.17.59.903000,314,,GBP,,,,,,,,,,V
844,AFFECT ENERGY LTD,,,,,,,2022-02-02-19.17.59.935000,315,,GBP,,,,,,,,,,V
869,TOTO ENERGY LTD,,,,,,,2022-02-02-19.18.00.844000,340,,GBP,,,,,,,,,,V
870,NPOWER GAS LIMITED,,,,,,,2022-02-02-19.18.00.882000,341,,GBP,,,,,,,,,,V
871,ESB ENERGY LIMITED,,,,,,,2022-02-02-19.18.00.917000,342,,GBP,,,,,,,,,,V
872,SMARTESTENERGY BUSINESS L,,,,,,,2022-02-02-19.18.00.954000,343,,GBP,,,,,,,,,,V
711,ENERGY METERING TECHNOLOG,,,,,,,2022-02-02-19.17.55.065000,182,,GBP,,,,,,,,,,V
712,TECHNOLOG LIMITED,,,,,,,2022-02-02-19.17.55.096000,183,,GBP,,,,,,,,,,V
713,EZE POWER,,,,,,,2022-02-02-19.17.55.134000,184,,GBP,,,,,,,,,,V
714,APEX ENGINEERS,,,,,,,2022-02-02-19.17.55.165000,185,,GBP,,,,,,,,,,V
715,BUSINESS ENERGY SOLUTIONS,,,,,,,2022-02-02-19.17.55.197000,186,,GBP,,,,,,,,,,V
716,WREMS LIMITED,,,,,,,2022-02-02-19.17.55.241000,187,,GBP,,,,,,,,,,V
717,BOX TELEMATICS,,,,,,,2022-02-02-19.17.55.276000,188,,GBP,,,,,,,,,,V
718,ELCOMPONENT LTD,,,,,,,2022-02-02-19.17.55.311000,189,,GBP,,,,,,,,,,V
719,ENER-G EFFICIENCY PLC,,,,,,,2022-02-02-19.17.55.349000,190,,GBP,,,,,,,,,,V
720,MOUCHEL LTD,,,,,,,2022-02-02-19.17.55.384000,191,,GBP,,,,,,,,,,V
721,IMPACT CONTROL SYSTEMS,,,,,,,2022-02-02-19.17.55.421000,192,,GBP,,,,,,,,,,V
722,METEOR COMMUNICATIONS (EU,,,,,,,2022-02-02-19.17.55.464000,193,,GBP,,,,,,,,,,V
723,OPTIMAL MONITORING LIMITE,,,,,,,2022-02-02-19.17.55.496000,194,,GBP,,,,,,,,,,V
724,VITERRA ENERGY SERVICES L,,,,,,,2022-02-02-19.17.55.538000,195,,GBP,,,,,,,,,,V
725,BRAMALL CONSTRUCTION,,,,,,,2022-02-02-19.17.55.569000,196,,GBP,,,,,,,,,,V
726,TEAM GAS & ELECTRICITY LT,,,,,,,2022-02-02-19.17.55.599000,197,,GBP,,,,,,,,,,V
727,BGLOBAL PLC,,,,,,,2022-02-02-19.17.55.634000,198,,GBP,,,,,,,,,,V
728,BRITISH GAS TRADING LTD (,,,,,,,2022-02-02-19.17.55.666000,199,,GBP,,,,,,,,,,V
735,C3 RESOURCES LTD,,,,,,,2022-02-02-19.17.55.894000,206,,GBP,,,,,,,,,,V
736,ENICA LTD,,,,,,,2022-02-02-19.17.55.927000,207,,GBP,,,,,,,,,,V
797,FLOW ENERGY LTD,,,,,,,2022-02-02-19.17.58.289000,268,,GBP,,,,,,,,,,V
798,MERCIA GAS LTD,,,,,,,2022-02-02-19.17.58.326000,269,,GBP,,,,,,,,,,V
799,MPS ENERGI SOLUTIONS LLP,,,,,,,2022-02-02-19.17.58.362000,270,,GBP,,,,,,,,,,V
800,SOCIETE VALMY DEFENSE 17,,,,,,,2022-02-02-19.17.58.394000,271,,GBP,,,,,,,,,,V
801,UTILATAS LTD,,,,,,,2022-02-02-19.17.58.434000,272,,GBP,,,,,,,,,,V
802,KENSINGTON POWER LIMITED,,,,,,,2022-02-02-19.17.58.469000,273,,GBP,,,,,,,,,,V
851,ENGIE POWER LTD,,,,,,,2022-02-02-19.18.00.186000,322,,GBP,,,,,,,,,,V
852,POZITIVE ENERGY LTD,,,,,,,2022-02-02-19.18.00.225000,323,,GBP,,,,,,,,,,V
853,BROOK GREEN TRADING LTD,,,,,,,2022-02-02-19.18.00.259000,324,,GBP,,,,,,,,,,V
854,FOXGLOVE ENERGY SUPPLY LT,,,,,,,2022-02-02-19.18.00.294000,325,,GBP,,,,,,,,,,V
855,EVERSMART ENERGY LTD,,,,,,,2022-02-02-19.18.00.338000,326,,GBP,,,,,,,,,,V
856,GEN4U LIMITED,,,,,,,2022-02-02-19.18.00.375000,327,,GBP,,,,,,,,,,V
741,AYJAY GROUP LTD,,,,,,,2022-02-02-19.17.56.094000,212,,GBP,,,,,,,,,,V
742,ENERGY INTERNATIONAL (UK),,,,,,,2022-02-02-19.17.56.134000,213,,GBP,,,,,,,,,,V
743,MPP ENERGY LTD,,,,,,,2022-02-02-19.17.56.165000,214,,GBP,,,,,,,,,,V
744,VITAL POWER (UK) LTD,,,,,,,2022-02-02-19.17.56.197000,215,,GBP,,,,,,,,,,V
745,ENER-G SWITCH2 LTD,,,,,,,2022-02-02-19.17.56.238000,216,,GBP,,,,,,,,,,V
746,ENERCOM LTD,,,,,,,2022-02-02-19.17.56.273000,217,,GBP,,,,,,,,,,V
753,PRO ENVIRO LTD,,,,,,,2022-02-02-19.17.56.526000,224,,GBP,,,,,,,,,,V
754,JP MORGAN SECURITIES PLC,,,,,,,2022-02-02-19.17.56.558000,225,,GBP,,,,,,,,,,V
755,ORSIS UK LIMITED,,,,,,,2022-02-02-19.17.56.589000,226,,GBP,,,,,,,,,,V
756,ENERGY METERING SOLUTIONS,,,,,,,2022-02-02-19.17.56.624000,227,,GBP,,,,,,,,,,V
757,SMART METERING SOLUTIONS,,,,,,,2022-02-02-19.17.56.659000,228,,GBP,,,,,,,,,,V
758,STARK SOFTWARE INTERNATIO,,,,,,,2022-02-02-19.17.56.692000,229,,GBP,,,,,,,,,,V
771,CCS INSTALLATIONS LTD,,,,,,,2022-02-02-19.17.57.197000,242,,GBP,,,,,,,,,,V
772,TR CONTROL SOLUTIONS LTD,,,,,,,2022-02-02-19.17.57.240000,243,,GBP,,,,,,,,,,V
773,SHELL ENERGY RETAIL LIMIT,,,,,,,2022-02-02-19.17.57.271000,244,,GBP,,,,,,,,,,V
774,DTW HEATING & ELECTRICAL,,,,,,,2022-02-02-19.17.57.303000,245,,GBP,,,,,,,,,,V
775,QUALITY HEATING SERVICES,,,,,,,2022-02-02-19.17.57.348000,246,,GBP,,,,,,,,,,V
776,CTS GROUP (E&I) LTD,,,,,,,2022-02-02-19.17.57.381000,247,,GBP,,,,,,,,,,V
783,P.A. ASSOCIATES (UK) LTD,,,,,,,2022-02-02-19.17.57.691000,254,,GBP,,,,,,,,,,V
784,WEIR & MCQUISTON (SCOTLAN,,,,,,,2022-02-02-19.17.57.731000,255,,GBP,,,,,,,,,,V
785,CONCEPT ENERGY SOLUTIONS,,,,,,,2022-02-02-19.17.57.772000,256,,GBP,,,,,,,,,,V
786,CO-OPERATIVE ENERGY LTD,,,,,,,2022-02-02-19.17.57.893000,257,,GBP,,,,,,,,,,V
787,MENZIES ENERGY MANAGEMENT,,,,,,,2022-02-02-19.17.57.938000,258,,GBP,,,,,,,,,,V
788,TAYECO LIMITED,,,,,,,2022-02-02-19.17.57.979000,259,,GBP,,,,,,,,,,V
921,EDF ENERGY CUSTOMERS LTD,,,,,,,2022-02-02-19.18.02.999000,392,,GBP,,,,,,,,,,V
922,COULOMB ENERGY SUPPLY LTD,,,,,,,2022-02-02-19.18.03.034000,393,,GBP,,,,,,,,,,V
923,BRITISH GAS TRADING LTD,,,,,,,2022-02-02-19.18.03.071000,394,,GBP,,,,,,,,,,V
924,GOOD ENERGY GAS LTD,,,,,,,2022-02-02-19.18.03.112000,395,,GBP,,,,,,,,,,V
925,SMARTESTENERGY BUSINESS L,,,,,,,2022-02-02-19.18.03.191000,396,,GBP,,,,,,,,,,V
926,REBEL ENERGY LIMITED,,,,,,,2022-02-02-19.18.03.236000,397,,GBP,,,,,,,,,,V
933,TRANSCO,,,,,,,2022-02-02-19.18.03.484000,6002,,GBP,,,,,,,,,,V
934,PRIMES AND SUBS PORTFOLIO,,,,,,,2022-02-02-19.18.03.520000,6003,,GBP,,,,,,,,,,V
935,DUMMY CUSTOMER:GREEN FIEL,,,,,,,2022-02-02-19.18.03.552000,6004,,GBP,,,,,,,,,,V
936,DUMMY CUSTOMER - GT UPDAT,,,,,,,2022-02-02-19.18.03.587000,6005,,GBP,,,,,,,,,,V
937,Hitachi,,,,,,,2022-02-24-01.13.41.853000,HITACHI,,GBP,,,,,,,,,,M
938,Royal Navy,,,,,,,2022-03-16-11.57.56.959000,ROYALNAVY,,GBP,,,,,,,,,,V
737,LOWRI-BECK SERVICES LTD,,,,,,,2022-02-02-19.17.55.959000,208,,GBP,,,,,,,,,,V
738,QONNECTIS NETWORKS LTD,,,,,,,2022-02-02-19.17.55.995000,209,,GBP,,,,,,,,,,V
739,EA ENERGY SOLUTIONS LTD,,,,,,,2022-02-02-19.17.56.030000,210,,GBP,,,,,,,,,,V
740,CETL,,,,,,,2022-02-02-19.17.56.063000,211,,GBP,,,,,,,,,,V
777,ASTRALWEB LTD,,,,,,,2022-02-02-19.17.57.451000,248,,GBP,,,,,,,,,,V
778,NATURGY LIMITED,,,,,,,2022-02-02-19.17.57.483000,249,,GBP,,,,,,,,,,V
779,ALTERNATIVE METERING SOLU,,,,,,,2022-02-02-19.17.57.520000,250,,GBP,,,,,,,,,,V
780,BETTER ENERGY SUPPLY LTD,,,,,,,2022-02-02-19.17.57.554000,251,,GBP,,,,,,,,,,V
781,DRAGON RECYCLING SOLUTION,,,,,,,2022-02-02-19.17.57.604000,252,,GBP,,,,,,,,,,V
782,E.ON UK PLC,,,,,,,2022-02-02-19.17.57.654000,253,,GBP,,,,,,,,,,V
789,UK HEALTHCARE CORPORATION,,,,,,,2022-02-02-19.17.58.015000,260,,GBP,,,,,,,,,,V
790,E2 SERVICES LTD,,,,,,,2022-02-02-19.17.58.046000,261,,GBP,,,,,,,,,,V
791,ENERGY MONITORING SERVICE,,,,,,,2022-02-02-19.17.58.079000,262,,GBP,,,,,,,,,,V
792,ASTER MAINTENANCE LTD,,,,,,,2022-02-02-19.17.58.114000,263,,GBP,,,,,,,,,,V
793,UTILITY PARTNERSHIP LTD,,,,,,,2022-02-02-19.17.58.152000,264,,GBP,,,,,,,,,,V
674,AMERADA.CO.UK,,,,,,,2022-02-02-19.17.53.783000,145,,GBP,,,,,,,,,,V
675,E.ON ENERGY SOLUTIONS LTD,,,,,,,2022-02-02-19.17.53.820000,146,,GBP,,,,,,,,,,V
676,NPOWER COMMERCIAL GAS LIM,,,,,,,2022-02-02-19.17.53.853000,147,,GBP,,,,,,,,,,V
677,ENI GLOBAL ENERGY MARKETS,,,,,,,2022-02-02-19.17.53.888000,148,,GBP,,,,,,,,,,V
678,MIDLANDS GAS LIMITED,,,,,,,2022-02-02-19.17.53.924000,149,,GBP,,,,,,,,,,V
679,TOTALENERGIES GAS & POWER,,,,,,,2022-02-02-19.17.53.956000,150,,GBP,,,,,,,,,,V
680,CORONA GAS MGT LIMITED,,,,,,,2022-02-02-19.17.53.992000,151,,GBP,,,,,,,,,,V
681,ORSTED ENERGY SALES (UK),,,,,,,2022-02-02-19.17.54.027000,152,,GBP,,,,,,,,,,V
682,WESTERN GAS LIMITED,,,,,,,2022-02-02-19.17.54.062000,153,,GBP,,,,,,,,,,V
683,TOTAL ENERGY GAS SUPPLIES,,,,,,,2022-02-02-19.17.54.099000,154,,GBP,,,,,,,,,,V
684,RWE GENERATION UK PLC,,,,,,,2022-02-02-19.17.54.136000,155,,GBP,,,,,,,,,,V
685,TXU EUROPE (AHST) LIMITED,,,,,,,2022-02-02-19.17.54.175000,156,,GBP,,,,,,,,,,V
692,OVERPAYMENTS  WAS PREMIER,,,,,,,2022-02-02-19.17.54.415000,163,,GBP,,,,,,,,,,V
693,CP GAS LTD,,,,,,,2022-02-02-19.17.54.445000,164,,GBP,,,,,,,,,,V
694,SMARTEST ENERGY LIMITED,,,,,,,2022-02-02-19.17.54.474000,165,,GBP,,,,,,,,,,V
695,ACCESS ENERGY SOLUTIONS L,,,,,,,2022-02-02-19.17.54.505000,166,,GBP,,,,,,,,,,V
696,ENERGY FOR BUSINESS LIMIT,,,,,,,2022-02-02-19.17.54.541000,167,,GBP,,,,,,,,,,V
697,GAZ DE FRANCE MARKETING L,,,,,,,2022-02-02-19.17.54.572000,168,,GBP,,,,,,,,,,V
704,UTILITA ENERGY LTD,,,,,,,2022-02-02-19.17.54.792000,175,,GBP,,,,,,,,,,V
705,OPUS ENERGY LIMITED,,,,,,,2022-02-02-19.17.54.827000,176,,GBP,,,,,,,,,,V
706,WINGAS UK LIMITED,,,,,,,2022-02-02-19.17.54.863000,177,,GBP,,,,,,,,,,V
707,END USER  METER MOVES,,,,,,,2022-02-02-19.17.54.896000,178,,GBP,,,,,,,,,,V
708,UNITED  UTILITIES NETWORK,,,,,,,2022-02-02-19.17.54.945000,179,,GBP,,,,,,,,,,V
709,PRIMES AND SUBS DUMMY ACC,,,,,,,2022-02-02-19.17.54.976000,180,,GBP,,,,,,,,,,V
873,SSE ENERGY SUPPLY LIMITED,,,,,,,2022-02-02-19.18.00.988000,344,,GBP,,,,,,,,,,V
874,OVO (S) GAS LTD,,,,,,,2022-02-02-19.18.01.042000,345,,GBP,,,,,,,,,,V
875,SOUTHERN ELECTRIC GAS (SS,,,,,,,2022-02-02-19.18.01.078000,346,,GBP,,,,,,,,,,V
876,GAS AND POWER LTD T/A HUB,,,,,,,2022-02-02-19.18.01.119000,347,,GBP,,,,,,,,,,V
877,PEOPLES ENERGY (SUPPLY) L,,,,,,,2022-02-02-19.18.01.156000,348,,GBP,,,,,,,,,,V
878,DELTA GAS AND POWER LIMIT,,,,,,,2022-02-02-19.18.01.189000,349,,GBP,,,,,,,,,,V
885,EDF ENERGY CUSTOMERS LTD,,,,,,,2022-02-02-19.18.01.455000,356,,GBP,,,,,,,,,,V
886,DYCE ENERGY LIMITED,,,,,,,2022-02-02-19.18.01.487000,357,,GBP,,,,,,,,,,V
887,NATIONAL GAS & POWER LTD,,,,,,,2022-02-02-19.18.01.524000,358,,GBP,,,,,,,,,,V
888,PFP ENERGY SUPPLIES LIMIT,,,,,,,2022-02-02-19.18.01.562000,359,,GBP,,,,,,,,,,V
889,VAVU ENERGY,,,,,,,2022-02-02-19.18.01.602000,360,,GBP,,,,,,,,,,V
890,E.ON ENERGY SOLUTIONS LTD,,,,,,,2022-02-02-19.18.01.638000,361,,GBP,,,,,,,,,,V
903,GOTO ENERGY,,,,,,,2022-02-02-19.18.02.250000,374,,GBP,,,,,,,,,,V
904,LITE ENERGY,,,,,,,2022-02-02-19.18.02.286000,375,,GBP,,,,,,,,,,V
905,FLEXITRICITY,,,,,,,2022-02-02-19.18.02.328000,376,,GBP,,,,,,,,,,V
906,SOCIAL ENERGY SUPPLY LIMI,,,,,,,2022-02-02-19.18.02.374000,377,,GBP,,,,,,,,,,V
907,EDF ENERGY CUSTOMERS LTD,,,,,,,2022-02-02-19.18.02.414000,378,,GBP,,,,,,,,,,V
908,ENSTROGA,,,,,,,2022-02-02-19.18.02.459000,379,,GBP,,,,,,,,,,V
927,BRITISH GAS TRADING LTD,,,,,,,2022-02-02-19.18.03.275000,398,,GBP,,,,,,,,,,V
928,TOTALENERGIES GAS & POWER,,,,,,,2022-02-02-19.18.03.311000,399,,GBP,,,,,,,,,,V
929,INEOS ENERGY TRADING LIMI,,,,,,,2022-02-02-19.18.03.346000,400,,GBP,,,,,,,,,,V
930,SEMBCORP UTILITIES (UK) L,,,,,,,2022-02-02-19.18.03.379000,401,,GBP,,,,,,,,,,V
931,SUPPLIERLESS,,,,,,,2022-02-02-19.18.03.415000,6000,,GBP,,,,,,,,,,V
932,UNIQUE SITES (MULTIPLE SU,,,,,,,2022-02-02-19.18.03.451000,6001,,GBP,,,,,,,,,,V
242,FIORENTINI,,,,,,,2022-02-02-19.11.42.775000,FIO,,GBP,,,,,,,,,,M
243,ACLARA UNIFLO,,,,,,,2022-02-02-19.11.42.818000,FLN,,GBP,,,,,,,,,,M
244,GEORGE GLOVER,,,,,,,2022-02-02-19.11.42.853000,GG,,GBP,,,,,,,,,,M
245,GLYNWED,,,,,,,2022-02-02-19.11.42.886000,GL,,GBP,,,,,,,,,,M
246,GAS METER CO LTD,,,,,,,2022-02-02-19.11.42.917000,GMC,,GBP,,,,,,,,,,M
247,GEORGE WILSON,,,,,,,2022-02-02-19.11.42.953000,GW,,GBP,,,,,,,,,,M
729,EVOLVE ENERGY LTD,,,,,,,2022-02-02-19.17.55.701000,200,,GBP,,,,,,,,,,V
730,UTILITY METERING SERVICES,,,,,,,2022-02-02-19.17.55.736000,201,,GBP,,,,,,,,,,V
731,GAZPROM MARKETING & TRADI,,,,,,,2022-02-02-19.17.55.769000,202,,GBP,,,,,,,,,,V
732,SCHNEIDER ELECTRIC BUILDI,,,,,,,2022-02-02-19.17.55.800000,203,,GBP,,,,,,,,,,V
733,G4S UTILITY OUTSOURCING S,,,,,,,2022-02-02-19.17.55.830000,204,,GBP,,,,,,,,,,V
734,ENERGY ASSETS LTD,,,,,,,2022-02-02-19.17.55.862000,205,,GBP,,,,,,,,,,V
759,AGH METERING SERVICES LIM,,,,,,,2022-02-02-19.17.56.740000,230,,GBP,,,,,,,,,,V
760,INVISIBLE SYSTEMS LIMITED,,,,,,,2022-02-02-19.17.56.821000,231,,GBP,,,,,,,,,,V
761,OVO GAS LTD,,,,,,,2022-02-02-19.17.56.853000,232,,GBP,,,,,,,,,,V
762,OPUS GAS SUPPLY LTD,,,,,,,2022-02-02-19.17.56.885000,233,,GBP,,,,,,,,,,V
763,ROK PLC,,,,,,,2022-02-02-19.17.56.920000,234,,GBP,,,,,,,,,,V
764,PBE SYSTEMS LTD,,,,,,,2022-02-02-19.17.56.952000,235,,GBP,,,,,,,,,,V
821,AXPO UK LIMITED,,,,,,,2022-02-02-19.17.59.119000,292,,GBP,,,,,,,,,,V
822,I.A.Z.F.S LIMITED,,,,,,,2022-02-02-19.17.59.156000,293,,GBP,,,,,,,,,,V
823,CO-OPERATIVE ENERGY LTD,,,,,,,2022-02-02-19.17.59.189000,294,,GBP,,,,,,,,,,V
824,ECO GREEN MANAGEMENT LTD,,,,,,,2022-02-02-19.17.59.229000,295,,GBP,,,,,,,,,,V
825,CARDIFF ENERGY SUPPLY LTD,,,,,,,2022-02-02-19.17.59.263000,296,,GBP,,,,,,,,,,V
826,XCEL POWER LIMITED,,,,,,,2022-02-02-19.17.59.296000,297,,GBP,,,,,,,,,,V
632,AMERADA HESS GAS LIMITED,,,,,,,2022-02-02-19.17.52.320000,103,,GBP,,,,,,,,,,V
633,MIDLANDS SALES LIMITED.,,,,,,,2022-02-02-19.17.52.355000,104,,GBP,,,,,,,,,,V
634,AGAS,,,,,,,2022-02-02-19.17.52.384000,105,,GBP,,,,,,,,,,V
635,BRITISH GAS TRADING LTD (,,,,,,,2022-02-02-19.17.52.417000,106,,GBP,,,,,,,,,,V
636,MOBIL GAS LIMITED,,,,,,,2022-02-02-19.17.52.448000,107,,GBP,,,,,,,,,,V
637,E.ON UK PLC,,,,,,,2022-02-02-19.17.52.483000,108,,GBP,,,,,,,,,,V
650,OVO (S) GAS LTD,,,,,,,2022-02-02-19.17.52.963000,121,,GBP,,,,,,,,,,V
651,E.ON ENERGY SOLUTIONS LTD,,,,,,,2022-02-02-19.17.52.995000,122,,GBP,,,,,,,,,,V
652,REGENT GAS LIMITED,,,,,,,2022-02-02-19.17.53.032000,123,,GBP,,,,,,,,,,V
653,EDF ENERGY CUSTOMERS LTD,,,,,,,2022-02-02-19.17.53.068000,124,,GBP,,,,,,,,,,V
654,AMERADA HESS GAS (DOMESTI,,,,,,,2022-02-02-19.17.53.096000,125,,GBP,,,,,,,,,,V
655,REEPHAM LIMITED,,,,,,,2022-02-02-19.17.53.133000,126,,GBP,,,,,,,,,,V
686,SOUTHERN ELECTRIC GAS LIM,,,,,,,2022-02-02-19.17.54.211000,157,,GBP,,,,,,,,,,V
687,RUHRGAS A.K. TIENGE SELLS,,,,,,,2022-02-02-19.17.54.245000,158,,GBP,,,,,,,,,,V
688,MONAL UTILITIES LIMITED,,,,,,,2022-02-02-19.17.54.278000,159,,GBP,,,,,,,,,,V
689,BRITISH GAS TRADING LTD (,,,,,,,2022-02-02-19.17.54.312000,160,,GBP,,,,,,,,,,V
690,NORTH SEA GAS LIMITED,,,,,,,2022-02-02-19.17.54.345000,161,,GBP,,,,,,,,,,V
691,RWE TRADING DIRECT LIMITE,,,,,,,2022-02-02-19.17.54.383000,162,,GBP,,,,,,,,,,V
891,UK GAS SUPPLY LTD,,,,,,,2022-02-02-19.18.01.696000,362,,GBP,,,,,,,,,,V
892,MAXEN POWER,,,,,,,2022-02-02-19.18.01.734000,363,,GBP,,,,,,,,,,V
893,RUTHERFORD ENERGY SUPPLY,,,,,,,2022-02-02-19.18.01.771000,364,,GBP,,,,,,,,,,V
894,SCOTTISH POWER ENERGY RET,,,,,,,2022-02-02-19.18.01.811000,365,,GBP,,,,,,,,,,V
895,ENTICE ENERGY SUPPLY LTD,,,,,,,2022-02-02-19.18.01.854000,366,,GBP,,,,,,,,,,V
896,UTILITY POINT,,,,,,,2022-02-02-19.18.01.899000,367,,GBP,,,,,,,,,,V
897,NORTHUMBRIA ENERGY,,,,,,,2022-02-02-19.18.01.948000,368,,GBP,,,,,,,,,,V
898,IGLOO ENERGY SUPPLY LIMIT,,,,,,,2022-02-02-19.18.02.000000,369,,GBP,,,,,,,,,,V
899,AMPOWER UK LTD,,,,,,,2022-02-02-19.18.02.056000,370,,GBP,,,,,,,,,,V
900,E (GAS AND ELECTRICITY) L,,,,,,,2022-02-02-19.18.02.095000,371,,GBP,,,,,,,,,,V
901,MONEYPLUS ENERGY LTD,,,,,,,2022-02-02-19.18.02.157000,372,,GBP,,,,,,,,,,V
902,EVERSMART ENERGY LTD,,,,,,,2022-02-02-19.18.02.203000,373,,GBP,,,,,,,,,,V
227,BRADDOCK,,,,,,,2022-02-02-19.11.42.133000,BRA,,GBP,,,,,,,,,,M
228,BRADLEY & WEST,,,,,,,2022-02-02-19.11.42.186000,BW,,GBP,,,,,,,,,,M
229,CHELTENHAM METERS,,,,,,,2022-02-02-19.11.42.226000,CHE,,GBP,,,,,,,,,,M
290,ELSTER JEAVONS MP,,,,,,,2022-02-02-19.11.44.655000,R11,,GBP,,,,,,,,,,M
291,MESURA MP,,,,,,,2022-02-02-19.11.44.696000,R12,,GBP,,,,,,,,,,M
292,SPERRYN LP,,,,,,,2022-02-02-19.11.44.745000,R13,,GBP,,,,,,,,,,M
293,ROCKWELL,,,,,,,2022-02-02-19.11.44.794000,RCK,,GBP,,,,,,,,,,M
294,RMG,,,,,,,2022-02-02-19.11.44.836000,RMG,,GBP,,,,,,,,,,M
295,ROMET,,,,,,,2022-02-02-19.11.44.892000,ROM,,GBP,,,,,,,,,,M
698,SMS METER ASSETS LTD,,,,,,,2022-02-02-19.17.54.608000,169,,GBP,,,,,,,,,,V
699,EDF ENERGY CUSTOMERS PLC,,,,,,,2022-02-02-19.17.54.637000,170,,GBP,,,,,,,,,,V
700,EXOTERIC SMART METERS LTD,,,,,,,2022-02-02-19.17.54.668000,171,,GBP,,,,,,,,,,V
701,TRANSCO EMERGENCY & METER,,,,,,,2022-02-02-19.17.54.698000,172,,GBP,,,,,,,,,,V
702,NATIONAL GRID METERING,,,,,,,2022-02-02-19.17.54.731000,173,,GBP,,,,,,,,,,V
703,METERFIT NORTH EAST,,,,,,,2022-02-02-19.17.54.760000,174,,GBP,,,,,,,,,,V
879,EDDINGTON ENERGY SUPPLY L,,,,,,,2022-02-02-19.18.01.229000,350,,GBP,,,,,,,,,,V
880,ORBIT ENERGY LIMITED,,,,,,,2022-02-02-19.18.01.266000,351,,GBP,,,,,,,,,,V
881,OVO GAS LTD,,,,,,,2022-02-02-19.18.01.299000,352,,GBP,,,,,,,,,,V
882,SHELL ENERGY UK,,,,,,,2022-02-02-19.18.01.342000,353,,GBP,,,,,,,,,,V
883,ZEBRA POWER LIMITED,,,,,,,2022-02-02-19.18.01.377000,354,,GBP,,,,,,,,,,V
884,EDF ENERGY CUSTOMERS LTD,,,,,,,2022-02-02-19.18.01.412000,355,,GBP,,,,,,,,,,V
939,ROHDE & SCHWARZ,,,,,,,2022-06-20-17.27.17.119000,1001,,GBP,,,,,,,,,,V
122,AC DELCO,,,,,,,2022-02-02-18.57.14.086000,ACD,,GBP,,,,,,,,,,M
222,ACTARIS,,,,,,,2022-02-02-19.11.41.901000,ACT,,GBP,,,,,,,,,,M
223,ALDER & MACKAY,,,,,,,2022-02-02-19.11.41.948000,AM,,GBP,,,,,,,,,,M
224,ADCOCK & SHIPLEY,,,,,,,2022-02-02-19.11.41.987000,AS,,GBP,,,,,,,,,,M
225,BRITISH GAS LIGHT IND,,,,,,,2022-02-02-19.11.42.029000,BGL,,GBP,,,,,,,,,,M
226,BEGWACO,,,,,,,2022-02-02-19.11.42.094000,BGW,,GBP,,,,,,,,,,M
248,HOLMES-IN-LINE,,,,,,,2022-02-02-19.11.42.988000,HIL,,GBP,,,,,,,,,,M
249,HOLMES CONNERSVILLE,,,,,,,2022-02-02-19.11.43.036000,HOC,,GBP,,,,,,,,,,M
250,IGA,,,,,,,2022-02-02-19.11.43.069000,IGA,,GBP,,,,,,,,,,M
251,IGA TURBINES,,,,,,,2022-02-02-19.11.43.100000,IGT,,GBP,,,,,,,,,,M
252,IMAC,,,,,,,2022-02-02-19.11.43.130000,IMA,,GBP,,,,,,,,,,M
253,INSTROMET,,,,,,,2022-02-02-19.11.43.163000,INS,,GBP,,,,,,,,,,M
302,SINGER,,,,,,,2022-02-02-19.11.45.261000,SGR,,GBP,,,,,,,,,,M
303,SIEMENS,,,,,,,2022-02-02-19.11.45.305000,SIE,,GBP,,,,,,,,,,M
304,SMITH METERS,,,,,,,2022-02-02-19.11.45.351000,SM,,GBP,,,,,,,,,,M
305,SOLARTRON,,,,,,,2022-02-02-19.11.45.388000,SOL,,GBP,,,,,,,,,,M
306,SAWER & PURVES,,,,,,,2022-02-02-19.11.45.432000,SP,,GBP,,,,,,,,,,M
307,TACAR,,,,,,,2022-02-02-19.11.45.472000,TAC,,GBP,,,,,,,,,,M
815,HWM-WATER LTD,,,,,,,2022-02-02-19.17.58.918000,286,,GBP,,,,,,,,,,V
816,LOUGHBOROUGH UNIVERSITY,,,,,,,2022-02-02-19.17.58.953000,287,,GBP,,,,,,,,,,V
817,E (GAS AND ELECTRICITY) L,,,,,,,2022-02-02-19.17.58.985000,288,,GBP,,,,,,,,,,V
818,SOLARPLICITY SUPPLY LTD,,,,,,,2022-02-02-19.17.59.017000,289,,GBP,,,,,,,,,,V
819,ENTERPRISE GAS LIMITED,,,,,,,2022-02-02-19.17.59.049000,290,,GBP,,,,,,,,,,V
820,EFFORTLESS ENERGY LIMITED,,,,,,,2022-02-02-19.17.59.083000,291,,GBP,,,,,,,,,,V
629,SHIPPER WITHDRAWAL ACCOUN,,,,,,,2022-02-02-19.17.52.209000,100,,GBP,,,,,,,,,,V
630,NPOWER GAS LIMITED,,,,,,,2022-02-02-19.17.52.246000,101,,GBP,,,,,,,,,,V
631,SWALEC GAS,,,,,,,2022-02-02-19.17.52.286000,102,,GBP,,,,,,,,,,V
638,ENRON DIRECT LIMITED,,,,,,,2022-02-02-19.17.52.519000,109,,GBP,,,,,,,,,,V
639,CORONA ENERGY RETAIL 2 LI,,,,,,,2022-02-02-19.17.52.566000,110,,GBP,,,,,,,,,,V
640,CONTRACT NATURAL GAS LIMI,,,,,,,2022-02-02-19.17.52.606000,111,,GBP,,,,,,,,,,V
641,CORONA ENERGY RETAIL 4 LI,,,,,,,2022-02-02-19.17.52.639000,112,,GBP,,,,,,,,,,V
642,CROWN OIL LTD,,,,,,,2022-02-02-19.17.52.675000,113,,GBP,,,,,,,,,,V
643,COUNTRYWIDE FARMERS PLC,,,,,,,2022-02-02-19.17.52.722000,114,,GBP,,,,,,,,,,V
644,BELL GAS LIMITED,,,,,,,2022-02-02-19.17.52.768000,115,,GBP,,,,,,,,,,V
645,NPOWER YORKSHIRE LIMITED,,,,,,,2022-02-02-19.17.52.806000,116,,GBP,,,,,,,,,,V
646,NPOWER NORTHERN LIMITED,,,,,,,2022-02-02-19.17.52.839000,117,,GBP,,,,,,,,,,V
647,NORTHERN GAS SUPPLIES,,,,,,,2022-02-02-19.17.52.870000,118,,GBP,,,,,,,,,,V
648,E.ON ENERGY SOLUTIONS LTD,,,,,,,2022-02-02-19.17.52.902000,119,,GBP,,,,,,,,,,V
649,ENGIE GAS SHIPPER LIMITED,,,,,,,2022-02-02-19.17.52.934000,120,,GBP,,,,,,,,,,V
656,PURF,,,,,,,2022-02-02-19.17.53.161000,127,,GBP,,,,,,,,,,V
657,QUADRANT GAS LIMITED,,,,,,,2022-02-02-19.17.53.195000,128,,GBP,,,,,,,,,,V
658,BP GAS MARKETING LIMITED,,,,,,,2022-02-02-19.17.53.225000,129,,GBP,,,,,,,,,,V
659,EQUINOR UK LTD,,,,,,,2022-02-02-19.17.53.256000,130,,GBP,,,,,,,,,,V
660,SCOTTISH POWER ENERGY RET,,,,,,,2022-02-02-19.17.53.287000,131,,GBP,,,,,,,,,,V
661,CORONA ENERGY RETAIL 1 LI,,,,,,,2022-02-02-19.17.53.322000,132,,GBP,,,,,,,,,,V
710,IMSERV EUROPE LTD,,,,,,,2022-02-02-19.17.55.006000,181,,GBP,,,,,,,,,,V
909,NABUH ENERGY LTD,,,,,,,2022-02-02-19.18.02.495000,380,,GBP,,,,,,,,,,V
910,OMNI ENERGY LIMITED,,,,,,,2022-02-02-19.18.02.533000,381,,GBP,,,,,,,,,,V
911,SIMPLICITY ENERGY LIMITED,,,,,,,2022-02-02-19.18.02.615000,382,,GBP,,,,,,,,,,V
912,BLUEGREEN ENERGY SERVICES,,,,,,,2022-02-02-19.18.02.655000,383,,GBP,,,,,,,,,,V
913,KENSINGTON POWER,,,,,,,2022-02-02-19.18.02.694000,384,,GBP,,,,,,,,,,V
914,VALDA ENERGY LTD,,,,,,,2022-02-02-19.18.02.745000,385,,GBP,,,,,,,,,,V
266,METERS LTD,,,,,,,2022-02-02-19.11.43.657000,MTL,,GBP,,,,,,,,,,M
267,METSCAN,,,,,,,2022-02-02-19.11.43.688000,MTS,,GBP,,,,,,,,,,M
268,METRIX,,,,,,,2022-02-02-19.11.43.720000,MTX,,GBP,,,,,,,,,,M
269,NFC,,,,,,,2022-02-02-19.11.43.754000,NFC,,GBP,,,,,,,,,,M
270,NATIONAL GRID METERING,,,,,,,2022-02-02-19.11.43.797000,NGM,,GBP,,,,,,,,,,M
271,NUOVO PIGNONE,,,,,,,2022-02-02-19.11.43.842000,NP,,GBP,,,,,,,,,,M
662,PENNINE NATURAL GAS LIMIT,,,,,,,2022-02-02-19.17.53.354000,133,,GBP,,,,,,,,,,V
663,CORONA ENERGY RETAIL 3 LI,,,,,,,2022-02-02-19.17.53.385000,134,,GBP,,,,,,,,,,V
664,E.ON ENERGY SOLUTIONS LTD,,,,,,,2022-02-02-19.17.53.425000,135,,GBP,,,,,,,,,,V
665,CAMBRIDGE GAS COMPANY LIM,,,,,,,2022-02-02-19.17.53.464000,136,,GBP,,,,,,,,,,V
666,ENERGY SUPPLIES,,,,,,,2022-02-02-19.17.53.500000,137,,GBP,,,,,,,,,,V
667,SSE ENERGY SUPPLY LTD,,,,,,,2022-02-02-19.17.53.531000,138,,GBP,,,,,,,,,,V
668,EDF ENERGY CUSTOMERS LTD,,,,,,,2022-02-02-19.17.53.559000,139,,GBP,,,,,,,,,,V
669,EDF ENERGY CUSTOMERS LTD,,,,,,,2022-02-02-19.17.53.590000,140,,GBP,,,,,,,,,,V
670,NPOWER DIRECT LIMITED,,,,,,,2022-02-02-19.17.53.627000,141,,GBP,,,,,,,,,,V
671,ECONOMY GAS LIMITED,,,,,,,2022-02-02-19.17.53.658000,142,,GBP,,,,,,,,,,V
672,ENGIE GAS LIMITED,,,,,,,2022-02-02-19.17.53.688000,143,,GBP,,,,,,,,,,V
673,GAS PLUS SUPPLY LTD,,,,,,,2022-02-02-19.17.53.751000,144,,GBP,,,,,,,,,,V
254,INVENSYS,,,,,,,2022-02-02-19.11.43.195000,INV,,GBP,,,,,,,,,,M
255,INSTEC,,,,,,,2022-02-02-19.11.43.229000,ITC,,GBP,,,,,,,,,,M
256,ITRON,,,,,,,2022-02-02-19.11.43.259000,ITR,,GBP,,,,,,,,,,M
257,JEAVONS/KROM/SCHRODER,,,,,,,2022-02-02-19.11.43.306000,JEA,,GBP,,,,,,,,,,M
258,J ROBINSON & CO,,,,,,,2022-02-02-19.11.43.356000,JR,,GBP,,,,,,,,,,M
259,KROMSCHRODER,,,,,,,2022-02-02-19.11.43.393000,KRO,,GBP,,,,,,,,,,M
314,VALOR,,,,,,,2022-02-02-19.11.45.771000,VAL,,GBP,,,,,,,,,,M
315,VANDA METERS LTD,,,,,,,2022-02-02-19.11.45.809000,VAN,,GBP,,,,,,,,,,M
316,VULCAN METER CO LTD,,,,,,,2022-02-02-19.11.45.848000,VM,,GBP,,,,,,,,,,M
863,BUSINESS POWER AND GAS LI,,,,,,,2022-02-02-19.18.00.640000,334,,GBP,,,,,,,,,,V
864,SNOWDROP ENERGY SUPPLY LT,,,,,,,2022-02-02-19.18.00.672000,335,,GBP,,,,,,,,,,V
865,BRILLIANT ENERGY SUPPLY L,,,,,,,2022-02-02-19.18.00.705000,336,,GBP,,,,,,,,,,V
866,SWITCH BUSINESS GAS AND P,,,,,,,2022-02-02-19.18.00.739000,337,,GBP,,,,,,,,,,V
867,YORKSHIRE ENERGY,,,,,,,2022-02-02-19.18.00.776000,338,,GBP,,,,,,,,,,V
868,UNIFY ENERGY LIMITED,,,,,,,2022-02-02-19.18.00.810000,339,,GBP,,,,,,,,,,V
915,GREEN SUPPLIER LIMITED,,,,,,,2022-02-02-19.18.02.784000,386,,GBP,,,,,,,,,,V
916,HARTREE PARTNERS POWER &,,,,,,,2022-02-02-19.18.02.820000,387,,GBP,,,,,,,,,,V
917,CERES ENERGY LIMITED,,,,,,,2022-02-02-19.18.02.853000,388,,GBP,,,,,,,,,,V
918,OSSO GAS LIMITED,,,,,,,2022-02-02-19.18.02.892000,389,,GBP,,,,,,,,,,V
919,WHOOP ENERGY LTD,,,,,,,2022-02-02-19.18.02.928000,390,,GBP,,,,,,,,,,V
920,BRITISH GAS TRADING LTD,,,,,,,2022-02-02-19.18.02.967000,391,,GBP,,,,,,,,,,V
230,COMMON,,,,,,,2022-02-02-19.11.42.270000,CMN,,GBP,,,,,,,,,,M
231,COMET METERS LTD,,,,,,,2022-02-02-19.11.42.313000,COM,,GBP,,,,,,,,,,M
232,DANIEL,,,,,,,2022-02-02-19.11.42.355000,DAN,,GBP,,,,,,,,,,M
233,DELTA,,,,,,,2022-02-02-19.11.42.397000,DEL,,GBP,,,,,,,,,,M
234,DONKIN,,,,,,,2022-02-02-19.11.42.443000,DON,,GBP,,,,,,,,,,M
235,DRESSER,,,,,,,2022-02-02-19.11.42.488000,DR,,GBP,,,,,,,,,,M
236,ECM,,,,,,,2022-02-02-19.11.42.525000,ECM,,GBP,,,,,,,,,,M
237,EDMI,,,,,,,2022-02-02-19.11.42.564000,EDM,,GBP,,,,,,,,,,M
238,ELSTER JEAVONS,,,,,,,2022-02-02-19.11.42.604000,EJL,,GBP,,,,,,,,,,M
239,ELSTER METERING LTD,,,,,,,2022-02-02-19.11.42.652000,ELM,,GBP,,,,,,,,,,M
240,THORN EMI,,,,,,,2022-02-02-19.11.42.694000,EMI,,GBP,,,,,,,,,,M
241,EUROMETERS,,,,,,,2022-02-02-19.11.42.733000,EUR,,GBP,,,,,,,,,,M
260,LANDYS AND GYR,,,,,,,2022-02-02-19.11.43.432000,LG,,GBP,,,,,,,,,,M
261,LANDIS + GYR,,,,,,,2022-02-02-19.11.43.473000,LPG,,GBP,,,,,,,,,,M
262,MAGNOL COMPTEURS,,,,,,,2022-02-02-19.11.43.524000,MAG,,GBP,,,,,,,,,,M
263,METROPOLITAN GAS METERS LTD,,,,,,,2022-02-02-19.11.43.554000,MET,,GBP,,,,,,,,,,M
264,MILNES METERS,,,,,,,2022-02-02-19.11.43.588000,MM,,GBP,,,,,,,,,,M
265,METRETEK,,,,,,,2022-02-02-19.11.43.626000,MTK,,GBP,,,,,,,,,,M
278,PEEBLES & CO LTD,,,,,,,2022-02-02-19.11.44.154000,PE,,GBP,,,,,,,,,,M
279,PRI,,,,,,,2022-02-02-19.11.44.200000,PRI,,GBP,,,,,,,,,,M
280,SPERRYN,,,,,,,2022-02-02-19.11.44.241000,R01,,GBP,,,,,,,,,,M
281,GEORGE WILSON (GWI),,,,,,,2022-02-02-19.11.44.289000,R02,,GBP,,,,,,,,,,M
282,FRANCEL,,,,,,,2022-02-02-19.11.44.330000,R03,,GBP,,,,,,,,,,M
283,MESURA,,,,,,,2022-02-02-19.11.44.369000,R04,,GBP,,,,,,,,,,M
284,BOWDEN,,,,,,,2022-02-02-19.11.44.413000,R05,,GBP,,,,,,,,,,M
285,BRIERLEY,,,,,,,2022-02-02-19.11.44.448000,R06,,GBP,,,,,,,,,,M
286,CONCENTRIC,,,,,,,2022-02-02-19.11.44.490000,R07,,GBP,,,,,,,,,,M
287,EVERED,,,,,,,2022-02-02-19.11.44.533000,R08,,GBP,,,,,,,,,,M
288,WELMAN,,,,,,,2022-02-02-19.11.44.573000,R09,,GBP,,,,,,,,,,M
289,DONKIN MP,,,,,,,2022-02-02-19.11.44.614000,R10,,GBP,,,,,,,,,,M
308,T BRADDOCK,,,,,,,2022-02-02-19.11.45.518000,TB,,GBP,,,,,,,,,,M
309,TECHNOLOG,,,,,,,2022-02-02-19.11.45.563000,TEC,,GBP,,,,,,,,,,M
310,T GLOVER,,,,,,,2022-02-02-19.11.45.603000,TG,,GBP,,,,,,,,,,M
311,UGI,,,,,,,2022-02-02-19.11.45.648000,UGI,,GBP,,,,,,,,,,M
312,UNKNOWN,,,,,,,2022-02-02-19.11.45.690000,UNK,,GBP,,,,,,,,,,M
313,UTILITY METERS WAREHOUSE LTD,,,,,,,2022-02-02-19.11.45.733000,UWL,,GBP,,,,,,,,,,M
845,CROWN GAS AND POWER LTD,,,,,,,2022-02-02-19.17.59.969000,316,,GBP,,,,,,,,,,V
846,ENTICE ENERGY SUPPLY LTD,,,,,,,2022-02-02-19.18.00.001000,317,,GBP,,,,,,,,,,V
847,UNITED GAS & POWER LTD,,,,,,,2022-02-02-19.18.00.037000,318,,GBP,,,,,,,,,,V
848,BREEZE ENERGY SUPPLY LTD,,,,,,,2022-02-02-19.18.00.071000,319,,GBP,,,,,,,,,,V
849,FLOGAS BRITAIN LTD,,,,,,,2022-02-02-19.18.00.109000,320,,GBP,,,,,,,,,,V
850,GREEN NETWORK ENERGY LIMI,,,,,,,2022-02-02-19.18.00.153000,321,,GBP,,,,,,,,,,V
857,ONESELECT LIMITED,,,,,,,2022-02-02-19.18.00.409000,328,,GBP,,,,,,,,,,V
858,TOGETHER ENERGY LIMITED,,,,,,,2022-02-02-19.18.00.449000,329,,GBP,,,,,,,,,,V
859,TONIK ENERGY LIMITED,,,,,,,2022-02-02-19.18.00.480000,330,,GBP,,,,,,,,,,V
860,PURE PLANET LIMITED,,,,,,,2022-02-02-19.18.00.519000,331,,GBP,,,,,,,,,,V
861,TRU ENERGY LTD,,,,,,,2022-02-02-19.18.00.562000,332,,GBP,,,,,,,,,,V
862,AVANTIGAS ON LTD,,,,,,,2022-02-02-19.18.00.602000,333,,GBP,,,,,,,,,,V
833,FUTURE ENERGY (SUPPLY) LT,,,,,,,2022-02-02-19.17.59.547000,304,,GBP,,,,,,,,,,V
834,BULB ENERGY LTD,,,,,,,2022-02-02-19.17.59.580000,305,,GBP,,,,,,,,,,V
835,OPAL GAS LTD,,,,,,,2022-02-02-19.17.59.614000,306,,GBP,,,,,,,,,,V
836,AVRO ENERGY LTD,,,,,,,2022-02-02-19.17.59.645000,307,,GBP,,,,,,,,,,V
837,BRISTOL ENERGY LIMITED,,,,,,,2022-02-02-19.17.59.676000,308,,GBP,,,,,,,,,,V
838,SO ENERGY TRADING LIMITED,,,,,,,2022-02-02-19.17.59.711000,309,,GBP,,,,,,,,,,V
747,OVO ENERGY LTD. (SPARK),,,,,,,2022-02-02-19.17.56.314000,218,,GBP,,,,,,,,,,V
748,GOOD ENERGY GAS LTD,,,,,,,2022-02-02-19.17.56.352000,219,,GBP,,,,,,,,,,V
749,ENVIDO LIMITED,,,,,,,2022-02-02-19.17.56.385000,220,,GBP,,,,,,,,,,V
750,BUILDING AUTOMATION SOLUT,,,,,,,2022-02-02-19.17.56.423000,221,,GBP,,,,,,,,,,V
751,DEMMA CONTROLS LTD,,,,,,,2022-02-02-19.17.56.460000,222,,GBP,,,,,,,,,,V
752,WILSON ENERGY LTD,,,,,,,2022-02-02-19.17.56.490000,223,,GBP,,,,,,,,,,V
765,PROCURO LTD,,,,,,,2022-02-02-19.17.56.983000,236,,GBP,,,,,,,,,,V
766,UTILITY MONITORING LTD,,,,,,,2022-02-02-19.17.57.016000,237,,GBP,,,,,,,,,,V
767,PURCHASE DIRECT LTD,,,,,,,2022-02-02-19.17.57.048000,238,,GBP,,,,,,,,,,V
768,THE RENEWABLE ENERGY CO L,,,,,,,2022-02-02-19.17.57.079000,239,,GBP,,,,,,,,,,V
769,WYSEPOWER LTD,,,,,,,2022-02-02-19.17.57.131000,240,,GBP,,,,,,,,,,V
770,BRITISH GAS TRADING LTD,,,,,,,2022-02-02-19.17.57.166000,241,,GBP,,,,,,,,,,V
317,W B COWAN,,,,,,,2022-02-02-19.11.45.891000,WBC,,GBP,,,,,,,,,,M
318,WILKINSONS,,,,,,,2022-02-02-19.11.45.936000,WLK,,GBP,,,,,,,,,,M
319,WILSON,,,,,,,2022-02-02-19.11.45.977000,WLN,,GBP,,,,,,,,,,M
320,WILLEY,,,,,,,2022-02-02-19.11.46.024000,WLY,,GBP,,,,,,,,,,M
794,SOCIAL VENTURES IN ENERGY,,,,,,,2022-02-02-19.17.58.185000,265,,GBP,,,,,,,,,,V
795,SMS METER ASSETS LTD,,,,,,,2022-02-02-19.17.58.223000,266,,GBP,,,,,,,,,,V
796,EXXONMOBIL GAS MARKETING,,,,,,,2022-02-02-19.17.58.259000,267,,GBP,,,,,,,,,,V
803,AXIS TELECOM LTD,,,,,,,2022-02-02-19.17.58.499000,274,,GBP,,,,,,,,,,V
804,SMART INNOVATIONS GRID LT,,,,,,,2022-02-02-19.17.58.539000,275,,GBP,,,,,,,,,,V
805,SHELL ENERGY UK LTD,,,,,,,2022-02-02-19.17.58.570000,276,,GBP,,,,,,,,,,V
806,ZOG ENERGY LTD,,,,,,,2022-02-02-19.17.58.600000,277,,GBP,,,,,,,,,,V
807,UTILITA ENERGY LTD,,,,,,,2022-02-02-19.17.58.632000,278,,GBP,,,,,,,,,,V
808,BULB ENERGY LTD,,,,,,,2022-02-02-19.17.58.665000,279,,GBP,,,,,,,,,,V
827,UK NATIONAL GAS LTD,,,,,,,2022-02-02-19.17.59.343000,298,,GBP,,,,,,,,,,V
828,IRESA LTD,,,,,,,2022-02-02-19.17.59.376000,299,,GBP,,,,,,,,,,V
829,ROBIN HOOD ENERGY LTD,,,,,,,2022-02-02-19.17.59.410000,300,,GBP,,,,,,,,,,V
830,BARROW SHIPPING LTD,,,,,,,2022-02-02-19.17.59.449000,301,,GBP,,,,,,,,,,V
831,PFP ENERGY LIMITED,,,,,,,2022-02-02-19.17.59.481000,302,,GBP,,,,,,,,,,V
832,MARBLE POWER LIMITED,,,,,,,2022-02-02-19.17.59.515000,303,,GBP,,,,,,,,,,V
809,ADI ELECTRICAL LTD,,,,,,,2022-02-02-19.17.58.701000,280,,GBP,,,,,,,,,,V
810,EXTRA ENERGY SUPPLY LTD,,,,,,,2022-02-02-19.17.58.750000,281,,GBP,,,,,,,,,,V
811,ECONOMY ENERGY TRADING LT,,,,,,,2022-02-02-19.17.58.782000,282,,GBP,,,,,,,,,,V
812,DALIGAS LIMITED,,,,,,,2022-02-02-19.17.58.815000,283,,GBP,,,,,,,,,,V
813,GREEN ENERGY (UK) PLC,,,,,,,2022-02-02-19.17.58.850000,284,,GBP,,,,,,,,,,V
814,COTOPAXI LTD,,,,,,,2022-02-02-19.17.58.882000,285,,GBP,,,,,,,,,,V
272,OMNI FLOW COMPUTERS,,,,,,,2022-02-02-19.11.43.887000,OMN,,GBP,,,,,,,,,,M
273,GEORGE ORME,,,,,,,2022-02-02-19.11.43.931000,ORM,,GBP,,,,,,,,,,M
274,OTHER - NOT CODIFIED,,,,,,,2022-02-02-19.11.43.975000,OT,,GBP,,,,,,,,,,M
275,OTHER,,,,,,,2022-02-02-19.11.44.020000,OTH,,GBP,,,,,,,,,,M
276,PARKINSON COWAN,,,,,,,2022-02-02-19.11.44.063000,PC,,GBP,,,,,,,,,,M
277,PC COMPTEURS,,,,,,,2022-02-02-19.11.44.111000,PCC,,GBP,,,,,,,,,,M
35,UPS,,,,,,,,UPS-2,,USD,,,,,,,,,,C
36,UPS,,,,,,,,UPS-1,,USD,,,,,,,,,,C
37,DHL,,,,,,,,DHL,,USD,,,,,,,,,,C
38,US Mail,,,,,,,,USMAIL,,USD,,,,,,,,,,C
39,Federal Express,,,,,,,,FEDEX,,USD,,,,,,,,,,C
95,Acme Computer Global,,,,,,,2004-09-17-09.13.27.000000,ACME,,USD,,,,,,,,,,
100,CellUS Technologies (East),,,,,,,2004-10-06-15.05.01.000000,CELLUSE,,USD,cellus.com,,,,,,,,,V
71,Ford Motor Company,,,,,,,1998-06-14-18.12.00.000000,FORD,,USD,,,,,,,,,,M
72,Freightliner LLC,,,,,,,1998-07-02-08.38.00.000000,FTL,,USD,,,,,,,,,,M
73,Dodge (Daimler Chrysler) Trucks,,,,,,,1998-06-14-18.12.00.000000,DODGE,,USD,,,,,,,,,,M
74,Breadner Trailers Inc,,,,,,,1998-10-03-12.27.00.000000,BREADNER,,USD,,,,,,,,,,V
75,Bridgestone Tires,,,,,,,1998-06-14-18.13.00.000000,BSTONE,,USD,,,,,,,,,,M
76,Carrier Refridgeration,,,,,,,1998-06-14-18.12.00.000000,CARRIER,,USD,,,,,,,,,,M
19,UPS,,,,,,,,UPS-GR,,USD,,,,,,,,,,C
940,ROHN Tower Solutions,,,,,,,2022-07-02-07.57.14.644000,ROHN,,USD,,,,,,,,,,
83,Thermo King,,,,,,,1998-06-14-18.11.00.000000,TKING,,USD,,,,,,,,,,M
85,Utility Trailer Manufacturing CO.,,,,,,,1998-06-14-18.11.00.000000,UTILITY,,USD,,,,,,,,,,M
86,Volvo Trucks North America,,,,,,,1998-06-14-18.09.00.000000,VOLVO,,USD,,,,,,,,,,M
87,Computer Equipment and Software Supplier,,,,,,,2004-05-14-08.09.00.000000,COMPUSA,,USD,,,,,,,,,,V
88,Microsoft Corp,,,,,,,2004-05-14-08.10.24.000000,MICROSOF,,USD,,,,,,,,,,M
26,,,,,,,,,SAME,,USD,,,,,,,,,,
92,Dell Northwest,,,,,,,2004-07-01-11.36.34.000000,DELL NW,,USD,,,,,,,,,,
91,Dell Boston,,,,,,,2004-07-01-11.35.20.000000,DELL BOSTON,,USD,,,,,,,,,,
61,Kenworth Trucks,,,,,,,1998-06-14-18.10.00.000000,KENWORTH,,USD,,,,,,,,,,M
63,Mobil Oil,,,,,,,1998-09-22-17.23.00.000000,MOBIL,,USD,,,,,,,,,,M
64,Navistar International Trucks,,,,,,,1998-09-22-16.22.00.000000,NAVIS,,USD,,,,,,,,,,M
65,International Trucks,,,,,,,1998-06-14-18.10.00.000000,IHC,,USD,,,,,,,,,,M
66,Fuller Transmission (Eaton),,,,,,,1998-06-14-18.13.00.000000,FULLER,,USD,,,,,,,,,,M
67,"Gardner Denver, Inc.",,,,,,,1998-10-28-12.51.00.000000,GARDNER,,USD,,,,,,,,,,M
68,Great Dane Trailers,,,,,,,1998-06-14-18.11.00.000000,GDANE,,USD,,,,,,,,,,M
69,General Motors Corp.,,,,,,,1998-06-14-18.11.00.000000,GMC,,USD,,,,,,,,,,M
70,"Fleetguard, Inc.",,,,,,,1998-09-22-17.16.00.000000,FLEETGD,,USD,,,,,,,,,,M
77,Caterpillar Inc,,,,,,,1998-10-28-11.13.00.000000,CATERPIL,,USD,,,,,,,,,,M
78,Bandag Inc.,,,,,,,1998-06-14-18.10.00.000000,BANDAG,,USD,,,,,,,,,,M
79,Beall Trailers Inc,,,,,,,1998-10-14-17.41.00.000000,BEALL,,USD,,,,,,,,,,M
80,Allison Transmissions,,,,,,,1998-10-28-12.45.00.000000,ALLISON,,USD,,,,,,,,,,M
81,Rockwell (Arvin Meritor),,,,,,,1998-06-14-18.13.00.000000,ROCKWELL,,USD,,,,,,,,,,M
82,Stoughton Trailers Inc,,,,,,,1998-10-03-12.22.00.000000,STOUGHT,,USD,,,,,,,,,,M
89,Dell Computer,,,,,,,2004-05-14-08.11.01.000000,DELL,,USD,,,,,,,,,,
