"code","value","description","parent","reference data set","related terms","is_multi_mapped_to_c57cb90f-2126-3800-9c9f-9eab82021cdf"
"BRA","Brazil","Brazil",,"534561ac-1080-3714-b7aa-5a5809ff1f00",,"SAO"
"NLD","Netherlands","Netherlands","EU",,,
"HKG","Hong Kong","Hong Kong",,,,
"EU","European Union","European Union",,,,
"MEX","Mexico","Mexico",,,,
"NZL","New Zealand","New Zealand",,,,
"USA","United States of America","United States of America",,,,"DAL,WAS"
"CHN","China","China",,,,
"CAN","Canada","Canada",,,,"TOR"
"JPN","Japan","Japan",,,,"OSA,TOK"
"RUS","Russian Federation","Russian Federation",,,,
"GBR","United Kingdom of Great Britain and Northern Ireland","United Kingdom of Great Britain and Northern Ireland",,,,"LON"
"AUS","Australia","Australia",,,,"SYD"
"PRT","Portugal","Portugal","EU",,,
"DEU","Germany","Germany","EU",,,"FRA"
"ARG","Argentina","Argentina",,,,
"PRK","Korea (Democratic People's Republic of)","Korea (Democratic People's Republic of)",,,,
"ITA","Italy","Italy","EU",,,
"FRA","France","France","EU",,,
"TUR","Turkey","Turkey",,,,
"BEL","Belgium","Belgium","EU",,,
"CHL","Chile","Chile",,,,
