{"metadata":{"asset_id":"47183454-92dc-4fe7-9f4d-57704c06101f","asset_attributes":["job"],"name":"Monthly Library lineage MDI - 28.11.22 job","asset_type":"job","created_at":"2022-11-28T14:07:38Z","description":"","origin_country":"us","owner_id":"1000331002","project_id":"0fc11027-b010-4f8e-a05a-01a0f8db9020","size":0,"usage":{"last_update_time":1669644458194,"last_updated_at":"2022-11-28T14:07:38Z"}},"entity":{"job":{"asset_ref_type":"metadata_import","configuration":{"env_type":"","env_variables":[]},"last_run_initiator":"None","last_run_time":"","last_run_status":"None","last_run_status_timestamp":0,"future_scheduled_runs":[],"enable_notifications":true,"project_name":"MDI - automated data lineage","asset_ref":"cc9ba3a2-d19b-4077-a700-3571db9ae4d6","schedule_id":"","schedule_creator_id":""}}}