{"metadata":{"asset_id":"7c3ab12f-eeeb-46c2-aab6-11e1f260ac0f","asset_attributes":["job_run"],"name":"job run","asset_type":"job_run","created_at":"2022-11-22T13:30:58Z","origin_country":"us","owner_id":"1000331002","project_id":"0fc11027-b010-4f8e-a05a-01a0f8db9020","size":0,"usage":{"last_update_time":1669124071835,"last_updated_at":"2022-11-22T13:34:31Z"}},"entity":{"job_run":{"job_ref":"ed68cdb1-4933-4f68-99ac-b542e4de5a07","job_name":"PostgreSQL - library job","job_type":"metadata_import","state":"Completed","isScheduledRun":false,"configuration":{"env_type":"","env_variables":[],"discovery":{"metadata":{"id":"75a5ae0e-bf4d-4222-b0e7-e6ab4195fb47","invoked_by":"1000331002","bss_account_id":"999","created_at":1669124046026,"started_at":1669123858723,"discovered_at":1669124051640,"processed_at":1669124051640,"finished_at":1669124067062},"entity":{"statistics":{"discovered":14,"discovered_with_children":14,"submit_succ":14,"create_succ":14,"create_succ_with_children":14},"status":"COMPLETED","connection_id":"aaaaaaaa-bbbb-cccc-dddd-eeeeeeeeeeee","catalog_id":"29f4950e-83ea-4d6f-b9e5-e9ab6a070193","connection_id_list":["a202a1c9-d2e1-4bf4-b8e2-52d037c25531"],"target_catalog_id":"29f4950e-83ea-4d6f-b9e5-e9ab6a070193","project_id":"0fc11027-b010-4f8e-a05a-01a0f8db9020","job_id":"ed68cdb1-4933-4f68-99ac-b542e4de5a07","job_run_id":"7c3ab12f-eeeb-46c2-aab6-11e1f260ac0f","metadata_import_id":"a566a21f-dbc0-468c-b94b-cd7274cb267e","import_type":"lineage","scope":{"paths":["a202a1c9-d2e1-4bf4-b8e2-52d037c25531:/university_library"]},"extra_properties":{"workflow_executionid":"41","auto_profiling":"true"}}}},"project_name":"MDI - automated data lineage","last_state_change_timestamp":"2022-11-22T13:34:31Z","runtime_job_id":"75a5ae0e-bf4d-4222-b0e7-e6ab4195fb47","duration":211}},"attachments":[{"id":"9c626927-73ec-45bc-a0f0-af32f42e4034","version":2,"asset_type":"job_run","name":"7c3ab12f-eeeb-46c2-aab6-11e1f260ac0f","description":"log for job run 7c3ab12f-eeeb-46c2-aab6-11e1f260ac0f","mime":"application/json","datasource_type":"81bafdbd-b7c6-45c5-a4fd-6ec135f66f4e","object_key":"job_run/log/7c3ab12f-eeeb-46c2-aab6-11e1f260ac0f","creator_id":"icp4d-dev","create_time":1669124071656,"size":0,"is_remote":false,"is_managed":false,"is_referenced":true,"is_object_key_read_only":false,"is_user_provided_path_key":true,"transfer_complete":true,"is_partitioned":true,"complete_time_ticks":1669124071656,"user_data":{},"test_doc":0,"handle":{"key":"job_run/log/7c3ab12f-eeeb-46c2-aab6-11e1f260ac0f","upload_id":"done","max_part_num":1},"usage":{"access_count":0,"last_accessor_id":"icp4d-dev","last_access_time":1669124071656}}]}