{"metadata":{"asset_id":"05dadc43-6faf-47a0-8655-ab6351d68426","asset_attributes":["job_run"],"name":"job run","asset_type":"job_run","created_at":"2022-11-28T14:07:42Z","origin_country":"us","owner_id":"1000331002","project_id":"0fc11027-b010-4f8e-a05a-01a0f8db9020","size":0,"usage":{"last_update_time":1669644732795,"last_updated_at":"2022-11-28T14:12:12Z"}},"entity":{"job_run":{"job_ref":"47183454-92dc-4fe7-9f4d-57704c06101f","job_name":"Monthly Library lineage MDI - 28.11.22 job","job_type":"metadata_import","state":"Completed","isScheduledRun":false,"configuration":{"env_type":"","env_variables":[],"discovery":{"metadata":{"id":"f8e0b116-5b01-4bf6-9468-bdc57ad1f628","invoked_by":"1000331002","bss_account_id":"999","created_at":1669644708438,"started_at":1669644462491,"discovered_at":1669644716133,"processed_at":1669644716133,"finished_at":1669644727271},"entity":{"statistics":{"discovered":14,"discovered_with_children":14,"submit_succ":14,"create_succ":14,"create_succ_with_children":14},"status":"COMPLETED","connection_id":"aaaaaaaa-bbbb-cccc-dddd-eeeeeeeeeeee","catalog_id":"29f4950e-83ea-4d6f-b9e5-e9ab6a070193","connection_id_list":["a202a1c9-d2e1-4bf4-b8e2-52d037c25531"],"target_catalog_id":"29f4950e-83ea-4d6f-b9e5-e9ab6a070193","project_id":"0fc11027-b010-4f8e-a05a-01a0f8db9020","job_id":"47183454-92dc-4fe7-9f4d-57704c06101f","job_run_id":"05dadc43-6faf-47a0-8655-ab6351d68426","metadata_import_id":"cc9ba3a2-d19b-4077-a700-3571db9ae4d6","import_type":"lineage","scope":{"paths":["a202a1c9-d2e1-4bf4-b8e2-52d037c25531:/university_library"]},"extra_properties":{"workflow_executionid":"43","auto_profiling":"true"}}}},"project_name":"MDI - automated data lineage","last_state_change_timestamp":"2022-11-28T14:12:12Z","runtime_job_id":"f8e0b116-5b01-4bf6-9468-bdc57ad1f628","duration":266}},"attachments":[{"id":"98e0eb5f-7513-4dd4-b932-b5adf2373db7","version":2,"asset_type":"job_run","name":"05dadc43-6faf-47a0-8655-ab6351d68426","description":"log for job run 05dadc43-6faf-47a0-8655-ab6351d68426","mime":"application/json","datasource_type":"81bafdbd-b7c6-45c5-a4fd-6ec135f66f4e","object_key":"job_run/log/05dadc43-6faf-47a0-8655-ab6351d68426","creator_id":"icp4d-dev","create_time":1669644732389,"size":0,"is_remote":false,"is_managed":false,"is_referenced":true,"is_object_key_read_only":false,"is_user_provided_path_key":true,"transfer_complete":true,"is_partitioned":true,"complete_time_ticks":1669644732389,"user_data":{},"test_doc":0,"handle":{"key":"job_run/log/05dadc43-6faf-47a0-8655-ab6351d68426","upload_id":"done","max_part_num":1},"usage":{"access_count":0,"last_accessor_id":"icp4d-dev","last_access_time":1669644732389}}]}