{"metadata":{"asset_id":"846978fc-516c-4904-8f9f-b12cb5c472b4","asset_attributes":["project_mde_settings"],"name":"MDE settings for project 0fc11027-b010-4f8e-a05a-01a0f8db9020","asset_type":"project_mde_settings","created_at":"2022-12-01T10:37:41Z","origin_country":"us","owner_id":"1000331002","project_id":"0fc11027-b010-4f8e-a05a-01a0f8db9020","size":0,"tags":[],"usage":{"last_update_time":1669891061380,"last_updated_at":"2022-12-01T10:37:41Z"}},"entity":{"project_mde_settings":{"settings":"{\"structured_profiling\":{\"null_threshold\":0.05,\"uniqueness_threshold\":0.95,\"constant_threshold\":0.99,\"quality_score_threshold\":0.8,\"data_class_assignment_threshold\":0.75,\"data_class_suggestion_threshold\":0.25},\"term_assignment\":{\"term_assignment_threshold\":0.9,\"term_suggestion_threshold\":0.75,\"class_based_assignments\":true,\"ml_based_assignments\":true,\"name_matching\":true}}"}}}