[{"metadata":{"asset_id":"8025b2e2-dba3-454f-9491-5846a88863da","asset_type":"data_intg_flow","catalog_id":"3b3ec577-0a0a-4eab-9d97-12a408fa68e6","create_time":"2022-05-26T15:41:58.000Z","creator_id":"1000330999","name":"data stage test","origin_country":"us","size":5070,"project_id":"796194ff-167a-4e13-8cde-fbbb8f91c023","resource_key":"796194ff-167a-4e13-8cde-fbbb8f91c023/data_intg_flow/data stage test","description":"","tags":[],"usage":{"last_access_time":"2022-05-26T15:43:58.279Z","last_accessor_id":"1000330999","access_count":0}},"entity":{"data_intg_flow":{"mime_type":"application/json","dataset":false}},"attachments":[{"test_doc":0,"object_key":"data_intg_flow/69deb67b-eb59-492c-b70c-227127fe35a2c7285d71-1484-4d67-b824-b51150a837b8","create_time":1653579718543,"complete_time_ticks":1653579718543,"mime":"application/json","usage":{"access_count":0,"last_accessor_id":"icp4d-dev","last_access_time":1653579718543},"is_remote":false,"description":"","handle":{"max_part_num":1,"upload_id":"done","key":"data_intg_flow/69deb67b-eb59-492c-b70c-227127fe35a2c7285d71-1484-4d67-b824-b51150a837b8"},"is_user_provided_path_key":true,"user_data":{},"version":2,"size":4356,"is_partitioned":false,"datasource_type":"81bafdbd-b7c6-45c5-a4fd-6ec135f66f4e","transfer_complete":true,"asset_type":"data_intg_flow","name":"data_intg_flows","creator_id":"icp4d-dev","id":"85d4a04a-dfec-403b-bd1f-884c998c0343","is_referenced":true,"is_managed":false,"is_object_key_read_only":false},{"test_doc":0,"object_key":"data_intg_flow/796194ff-167a-4e13-8cde-fbbb8f91c0238025b2e2-dba3-454f-9491-5846a88863dapx_executables","create_time":1653579838278,"complete_time_ticks":1653579838278,"mime":"application/octet-stream","usage":{"access_count":0,"last_accessor_id":"1000330999","last_access_time":1653579838278},"is_remote":false,"handle":{"max_part_num":1,"upload_id":"done","key":"data_intg_flow/796194ff-167a-4e13-8cde-fbbb8f91c0238025b2e2-dba3-454f-9491-5846a88863dapx_executables"},"is_user_provided_path_key":true,"user_data":{},"version":2,"size":714,"is_partitioned":false,"datasource_type":"81bafdbd-b7c6-45c5-a4fd-6ec135f66f4e","transfer_complete":true,"asset_type":"data_intg_flow","name":"px_executables","creator_id":"1000330999","id":"62349dee-8b9a-4d47-b90e-c3d109d4fe3a","is_referenced":true,"is_managed":false,"is_object_key_read_only":false}]}]