{"metadata":{"asset_id":"26c30fdf-d76d-4149-8958-d36822feacc3","asset_attributes":["job_run"],"name":"job run","asset_type":"job_run","created_at":"2022-05-26T15:43:24Z","description":"","origin_country":"us","owner_id":"1000330999","project_id":"796194ff-167a-4e13-8cde-fbbb8f91c023","size":0,"tags":[],"usage":{"last_update_time":1653579806317,"last_updated_at":"2022-05-26T15:43:26Z"}},"entity":{"job_run":{"job_ref":"63b46088-5193-4f5d-8894-1f90dc54dd26","job_name":"data stage test.DataStage job","job_type":"data_intg_flow","state":"Failed","isScheduledRun":false,"configuration":{"env_variables":["HARDWARE_SPECIFICATION={'datastage':{'compute':{'mem':{'size':'12Gi'},'cpu':{'model':'','units':'3'}},'num_conductors':1,'instance':'ds-px-default','num_computes':2,'conductor':{'mem':{'size':'4Gi'},'cpu':{'model':'','units':'1'}}},'built_in':false}","instance_id=ds-px-default","instance_location=https://datastage-ibm-datastage-ds-nginx.cpd-instance.svc"],"flow_limits":{"warn_limit":100},"job_parameters":[],"env_type":""},"project_name":"Rajesh-testRajesh","runtime_job_id":"26c30fdf-d76d-4149-8958-d36822feacc3","duration":0,"last_state_change_timestamp":"2022-05-26T15:43:25Z"}},"attachments":[{"id":"57a83e05-68c6-42ad-83a9-37b7d36652a8","version":2,"asset_type":"job_run","name":"26c30fdf-d76d-4149-8958-d36822feacc3","description":"log for job run 26c30fdf-d76d-4149-8958-d36822feacc3","mime":"application/json","datasource_type":"81bafdbd-b7c6-45c5-a4fd-6ec135f66f4e","object_key":"job_run/log/26c30fdf-d76d-4149-8958-d36822feacc3","creator_id":"1000330999","create_time":1653579806066,"size":0,"is_remote":false,"is_managed":false,"is_referenced":true,"is_object_key_read_only":false,"is_user_provided_path_key":true,"transfer_complete":true,"is_partitioned":true,"complete_time_ticks":1653579806066,"user_data":{},"test_doc":0,"handle":{"key":"job_run/log/26c30fdf-d76d-4149-8958-d36822feacc3","upload_id":"done","max_part_num":1},"usage":{"access_count":0,"last_accessor_id":"1000330999","last_access_time":1653579806066}}]}