{"description":"Business intelligence report query","fields":[],"relationships":[],"properties":{"bi_server":{"type":"string","description":"Name of the business intelligence tool server information","readonly":true,"validated":false,"label":{"default":"Server information","en":"Server information"}},"lineage_link":{"type":"string","description":"Visually explore lineage information","hidden":true,"readonly":true,"validated":false,"label":{"default":"Lineage link","en":"Lineage link"}}},"localized_metadata_attributes":{"name":{"default":"Report query","en":"Report query","de":"Berichtsabfrage","es":"Consulta de informe","fr":"Requête de rapport","it":"Query del report","ja":"レポート・クエリー","ko":"보고서 쿼리","pt":"Consulta de relatório","ru":"Запрос отчета","sv":"Rapportfråga","zh":"报告查询","zh_TW":"報告查詢"}},"global_search_searchable":[],"attribute_only":false,"is_column_custom_attribute":false,"version":1,"name":"ibm_bi_report_query","scope":"GLOBAL","allow_decorators":true}