{"fields":[{"key":"connection_id","type":"string","facet":false,"is_array":false,"is_searchable_across_types":false},{"key":"connection_id_list","type":"array","facet":false,"is_array":false,"is_searchable_across_types":false},{"key":"file_list","type":"array","facet":false,"is_array":false,"is_searchable_across_types":false},{"key":"target_project_id","type":"string","facet":false,"is_array":false,"is_searchable_across_types":false}],"relationships":[],"global_search_searchable":[],"attribute_only":false,"is_column_custom_attribute":false,"version":1,"name":"metadata_import","scope":"GLOBAL","allow_decorators":true}