{"description":"The Governance asset representing a logical model and a model use case.","fields":[{"key":"name","type":"string","facet":false,"is_array":false,"search_path":"name","is_searchable_across_types":false},{"key":"lmid","type":"string","facet":false,"is_array":false,"search_path":"lmid","is_searchable_across_types":false},{"key":"status","type":"string","facet":false,"is_array":false,"search_path":"status","is_searchable_across_types":false},{"key":"op_id","type":"string","facet":false,"is_array":false,"search_path":"openpages_details.id","is_searchable_across_types":false},{"key":"op_business_entity_name","type":"string","facet":false,"is_array":false,"search_path":"openpages_details.business_entity_name","is_searchable_across_types":false},{"key":"op_is_deleted","type":"boolean","facet":false,"is_array":false,"search_path":"openpages_details.is_deleted","is_searchable_across_types":false}],"external_asset_preview":{},"relationships":[],"properties":{"lmid":{"type":"string","description":"Logical Model id","placeholder":"Logical Model id","is_array":false,"required":true,"hidden":true,"readonly":true,"validated":false,"default_value":"None","label":{"default":"LMID","en":"LMID"}},"status":{"type":"string","description":"Status of the model use case","placeholder":"Please enter status of the model use case","is_array":false,"required":false,"hidden":true,"readonly":false,"validated":false,"default_value":"Draft","values":["Draft","Awaiting development","Developed","Promoted to pre-production","Deployed for evaluation","Validated","Approved","Promoted to production","Deployed for operation","In operation","Under revision","Decommissioned"],"label":{"default":"Model use case status","en":"Model use case status"}},"openpages_details":{"type":"string","description":"Details of OpenPages integration","placeholder":"Details of OpenPages integration","is_array":false,"required":true,"hidden":true,"readonly":true,"validated":false,"properties":{"id":{"type":"string","description":"OpenPages Model use case object id","placeholder":"OpenPages Model use case object id","is_array":false,"required":true,"hidden":true,"readonly":true,"validated":false,"default_value":"None"},"business_entity_name":{"type":"string","description":"business entity name of openpages model use case object","placeholder":"business entity name of openpages model use case object","is_array":false,"required":true,"hidden":true,"readonly":true,"validated":false,"default_value":"None","label":{"default":"Business entity","en":"Business entity"}},"sync_time":{"type":"string","description":"sync time","placeholder":"sync time","is_array":false,"required":true,"hidden":true,"readonly":true,"validated":false,"default_value":"None"},"is_deleted":{"type":"bool","description":"Is openpages model deleted?","is_array":false,"required":false,"hidden":true,"readonly":true,"validated":false,"default_value":false}}}},"localized_metadata_attributes":{"name":{"default":"Model use case","en":"Model use case"}},"global_search_searchable":["status","op_id","op_business_entity_name","op_is_deleted"],"attribute_only":false,"is_column_custom_attribute":false,"version":1,"name":"model_entry","scope":"GLOBAL","allow_decorators":true}