{"description":"Transform asset type","fields":[{"key":"outcome","type":"string","facet":false,"is_array":false,"is_searchable_across_types":false}],"relationships":[],"localized_metadata_attributes":{"name":{"default":"Policy transform","en":"Policy transform","de":"Richtlinienumsetzung","es":"Transformación de política","fr":"Transformation de stratégie","it":"Trasformazione politica","ja":"ポリシー変換","ko":"정책 변환","pt":"Transformação de política","ru":"Преобразование стратегии","sv":"Principomvandling","zh":"策略变换","zh_TW":"原則轉換"}},"global_search_searchable":[],"attribute_only":false,"is_column_custom_attribute":false,"version":1,"name":"policy_transform","scope":"GLOBAL","allow_decorators":false}