{"metadata":{"asset_id":"b793ae05-13c3-4406-afab-91e4dfbd5887","asset_attributes":["data_asset"],"name":"CUSTOMER","asset_type":"data_asset","created_at":"2023-05-18T19:00:48Z","origin_country":"none","owner_id":"1000330999","project_id":"5c2eb13b-616c-4d42-9471-bc5842913b14","size":0,"tags":["connected-data"],"usage":{"last_update_time":1684436448482,"last_updated_at":"2023-05-18T19:00:48Z"}},"entity":{"data_asset":{"dataset":true,"mime_type":"application/x-ibm-rel-table","columns":[{"name":"CUSTOMER_ID","type":{"type":"integer","length":10,"scale":0,"nullable":false,"signed":true}},{"name":"LOYALTY_NBR","type":{"type":"integer","length":10,"scale":0,"nullable":false,"signed":true}},{"name":"FIRST_NAME","type":{"type":"varchar","length":30,"scale":0,"nullable":true,"signed":false}},{"name":"LAST_NAME","type":{"type":"varchar","length":30,"scale":0,"nullable":true,"signed":false}},{"name":"CUSTOMER_NAME","type":{"type":"varchar","length":100,"scale":0,"nullable":true,"signed":false}},{"name":"COUNTRY","type":{"type":"varchar","length":25,"scale":0,"nullable":true,"signed":false}},{"name":"STATE_NAME","type":{"type":"varchar","length":50,"scale":0,"nullable":true,"signed":false}},{"name":"STATE_CODE","type":{"type":"varchar","length":2,"scale":0,"nullable":true,"signed":false}},{"name":"CITY","type":{"type":"varchar","length":50,"scale":0,"nullable":true,"signed":false}},{"name":"LATITUDE","type":{"type":"decimal","length":14,"scale":6,"nullable":true,"signed":true}},{"name":"LONGITUDE","type":{"type":"decimal","length":15,"scale":6,"nullable":true,"signed":true}},{"name":"POSTAL_CODE","type":{"type":"varchar","length":15,"scale":0,"nullable":true,"signed":false}},{"name":"GENDER","type":{"type":"varchar","length":15,"scale":0,"nullable":true,"signed":false}},{"name":"EDUCATION","type":{"type":"varchar","length":30,"scale":0,"nullable":true,"signed":false}},{"name":"LOCATION_CODE","type":{"type":"varchar","length":20,"scale":0,"nullable":true,"signed":false}},{"name":"INCOME","type":{"type":"integer","length":10,"scale":0,"nullable":true,"signed":true}},{"name":"MARITAL_STATUS","type":{"type":"varchar","length":15,"scale":0,"nullable":true,"signed":false}}]}},"attachments":[{"id":"47de3729-2178-46b9-abcd-fbafbf5d296a","version":2,"asset_type":"data_asset","name":"CUSTOMER","description":"remote","mime":"application/x-ibm-rel-table","connection_id":"6d22fb8f-6fc6-4056-86c7-4f7fe6b70b38","connection_path":"/CUSTOMER/CUSTOMER","datasource_type":"cfdcb449-1204-44ba-baa6-9a8a878e6aa7","creator_id":"1000330999","create_time":1684436448481,"size":0,"is_remote":true,"is_managed":false,"is_referenced":false,"is_object_key_read_only":false,"is_user_provided_path_key":true,"transfer_complete":true,"is_partitioned":false,"complete_time_ticks":1684436448481,"user_data":{},"test_doc":0,"usage":{"access_count":0,"last_accessor_id":"1000330999","last_access_time":1684436448481}}]}