{"metadata":{"asset_id":"93a08096-a1cf-495d-98ca-33ed7920f5b9","asset_attributes":["job"],"name":"Customer_Job","asset_type":"job","created_at":"2023-05-18T19:10:14Z","description":"","origin_country":"us","owner_id":"1000330999","project_id":"5c2eb13b-616c-4d42-9471-bc5842913b14","size":0,"usage":{"last_update_time":1684437014360,"last_updated_at":"2023-05-18T19:10:14Z"}},"entity":{"job":{"asset_ref_type":"data_flow","configuration":{"env_id":"shaper_rruntime","env_name":"Default Data Refinery XS","env_type":"shaper_rruntime","env_variables":[]},"last_run_initiator":"deprecated field","last_run_time":"deprecated field","last_run_status":"deprecated field","last_run_status_timestamp":0,"future_scheduled_runs":[],"enable_notifications":true,"notification_types":{"success":false,"failure":false,"warning":false},"retention_policy":{},"project_name":"Credit Card Customers","asset_ref":"6de8de5b-147a-47de-88d2-1cbfd810858b","schedule_id":"","schedule_creator_id":""}}}