Name,Artifact Type,Category,Artifact ID,Description,Tags,Classifications,Stewards,Related Terms,Business Start,Business End,Data Set Type,Parent Reference Data Sets,Secondary Categories,Custom Columns
"v2.0360.2.7 table 0360, Version 2.7",reference_data,7b7a6457-2630-482f-8b49-e46d632b012d,04277330-2d19-4415-a7e3-dfd3a47a8bc3,FHIR Value set/code system definition for HL7 v2 table 0360 ver 2.9 ( Degree/License/Certificate),,,,eca1ac54-415c-406a-81e1-823cb88bf555,2022-10-21 12:33:24,,TEXT,,,
EncounterStatus,reference_data,7b7a6457-2630-482f-8b49-e46d632b012d,0481b642-24df-4f34-a29a-2b27f4810f98,Current state of the encounter.,,,,e9c0a876-2193-4290-b060-355d9bb23180,2022-10-21 12:31:09,,TEXT,,,
SpecimenStatus,reference_data,7b7a6457-2630-482f-8b49-e46d632b012d,05d26dfa-43f4-4cd5-9752-2327ee31a2b6,Codes providing the status/availability of a specimen.,,,,86e79092-5eb6-4476-a498-2b237e002cd4,2022-10-21 12:39:12,,TEXT,,,
USCoreDocumentReferenceCategory,reference_data,7b7a6457-2630-482f-8b49-e46d632b012d,06423447-e2bf-46a1-be45-1994b1d28987,The US Core DocumentReferences Category Value Set is a 'starter set' of categories supported for fetching and storing clinical notes.,,,,8f2f5091-8484-4537-876a-bef788d8a9ff,2022-10-21 12:39:12,,TEXT,,,
USCoreVaccineNationalDrugCode,reference_data,7b7a6457-2630-482f-8b49-e46d632b012d,0875cf85-6906-45df-8f90-08970d3e9a71,This value set includes all the Vaccine National Drug Codes (NDC).  This source of this data is provided by the [CDC](https://www2a.cdc.gov/vaccines/iis/iisstandards/ndc_crosswalk.asp),,,,2c30d05e-49e6-427d-92a1-e53a3d203bc8,2022-10-21 12:31:09,,TEXT,,,
"",,,,,,,,f8c8d3df-9cab-4388-a40e-d0ad4bb84cda,,,,,,
v3.ServiceDeliveryLocationRoleType,reference_data,7b7a6457-2630-482f-8b49-e46d632b012d,093560a7-4e44-4357-ac84-f9e5deefe4db,"A role of a place that further classifies the setting (e.g., accident site, road side, work site, community location) in which services are delivered.",,,,2c8d6f24-81ca-425c-b6d4-386325f75cd5,2022-10-21 12:36:09,,TEXT,,,
ExampleProcedureTypeCodes,reference_data,7b7a6457-2630-482f-8b49-e46d632b012d,119d82b6-be75-4f8c-a0bb-f920820f2221,This value set includes example Procedure Type codes.,,,,34baeb79-da7c-4383-8dd3-855e06eeaf21,2022-10-21 12:29:05,,TEXT,,,
ModifierTypeCodes,reference_data,7b7a6457-2630-482f-8b49-e46d632b012d,11fdc03e-f43a-490a-9c8c-f00fadb76ca8,This value set includes sample Modifier type codes.,,,,4a8252c9-0069-4eab-aea8-09830590da63,2022-10-21 12:29:05,,TEXT,,,
"",,,,,,,,eeb4e179-bf93-47a7-92ef-55fbdd37315b,,,,,,
ImmunizationStatusCodes,reference_data,7b7a6457-2630-482f-8b49-e46d632b012d,1208b0e4-9e61-4c9e-999b-ec819a252d42,The value set to instantiate this attribute should be drawn from a terminologically robust code system that consists of or contains concepts to support describing the current status of the administered dose of vaccine.,,,,d022a4bc-27b6-4da5-99af-f2d76325e731,2022-10-21 12:31:09,,TEXT,,,
v3.ActEncounterCode,reference_data,7b7a6457-2630-482f-8b49-e46d632b012d,12953280-4de8-4bdf-a278-c10963377f69,Domain provides codes that qualify the ActEncounterClass (ENC),,,,272c3233-3650-41d0-81ca-e4126e72465b,2022-10-21 12:31:09,,TEXT,,,
"",,,,,,,,46a54949-dec6-4d27-a8bd-45d3475d9d23,,,,,,
DocumentReferenceStatus,reference_data,7b7a6457-2630-482f-8b49-e46d632b012d,13ecbcf5-6421-4e32-b79b-c50c73738e4d,The status of the document reference.,,,,0f4b7cfa-b796-4f6b-acf9-a76f8d38e925,2022-10-21 12:39:12,,TEXT,,,
"",,,,,,,,982a7242-b70f-4496-a9d6-aa6b4a25019d,,,,,,
"",,,,,,,,b83eac89-e158-45ae-82b1-43eb7200088d,,,,,,
BenefitCategoryCodes,reference_data,7b7a6457-2630-482f-8b49-e46d632b012d,15460b6d-1a22-47a2-a9f6-b005759b2a12,This value set includes examples of Benefit Category codes.,,,,06ba7cac-600a-4b4f-8352-05173dd120a4,2022-10-21 12:29:05,,TEXT,,,
"",,,,,,,,cee9baa1-dcbf-4daf-9cd8-d69450072089,,,,,,
USCLSCodes,reference_data,7b7a6457-2630-482f-8b49-e46d632b012d,15d538b2-d850-4008-833e-0f2c1ee0c56d,This value set includes a smattering of USCLS codes.,,,,4a8252c9-0069-4eab-aea8-09830590da63,2022-10-21 12:29:05,,TEXT,,,
"",,,,,,,,eeb4e179-bf93-47a7-92ef-55fbdd37315b,,,,,,
DataAbsentReason,reference_data,7b7a6457-2630-482f-8b49-e46d632b012d,16ffd8c7-d4ea-4b12-9d5a-3e196914de5e,Used to specify why the normally expected content of the data element is missing.,,,,2705e9e4-bb5e-4190-b28b-4f4186dd2780,2022-10-21 12:39:12,,TEXT,,,
Marital Status Codes,reference_data,7b7a6457-2630-482f-8b49-e46d632b012d,183a6d87-6e89-46e9-8fd2-4ed3a1bfc52d,This value set defines the set of codes that can be used to indicate the marital status of a person.,,,,db537c72-b1ef-4fb5-ad17-3e43e6335f7d,2022-10-21 12:29:05,,TEXT,,,
v2.0092 RE-ADMISSION INDICATOR,reference_data,7b7a6457-2630-482f-8b49-e46d632b012d,19312b72-e87b-42b4-bb31-b9cdde75d068,FHIR Value set/code system definition for HL7 v2 table 0092 ( RE-ADMISSION INDICATOR),,,,cfba4619-9b28-4989-9bf5-40dc5dd923fd,2022-10-21 12:31:09,,TEXT,,,
ContractTypeCodes,reference_data,7b7a6457-2630-482f-8b49-e46d632b012d,1d24f27d-8d68-4972-b134-88b324a64788,This value set includes sample Contract Type codes.,,,,e91f1490-a243-411c-a695-760765dcf57d,2022-10-21 12:37:19,,TEXT,,,
AdministrativeGender,reference_data,7b7a6457-2630-482f-8b49-e46d632b012d,1e3f0c1f-cbf1-483d-bdc6-8d1c83e862ed,The gender of a person used for administrative purposes.,,,,fcd3fa69-82fc-4f33-9c0b-2562985e6bf2,2022-10-21 12:29:05,,TEXT,,,
ExampleProgramReasonCodes,reference_data,7b7a6457-2630-482f-8b49-e46d632b012d,25efd712-e2f7-44e3-beec-810892b1338c,This value set includes sample Program Reason Span codes.,,,,efd52076-4621-4812-a045-669bdb4acbda,2022-10-21 12:29:05,,TEXT,,,
"",,,,,,,,eeb4e179-bf93-47a7-92ef-55fbdd37315b,,,,,,
FamilyHistoryStatus,reference_data,7b7a6457-2630-482f-8b49-e46d632b012d,262c0b77-5db8-41ec-b51c-c4270f39b191,A code that identifies the status of the family history record.,,,,2f51284d-a8dd-4092-b5b4-9c7c31a80186,2022-10-21 12:31:09,,TEXT,,,
ICD-10Codes,reference_data,7b7a6457-2630-482f-8b49-e46d632b012d,293c898c-d3be-4fee-8895-bc267c9c17d9,This value set includes sample ICD-10 codes.,,,,e03e6c22-df7b-4048-b9f1-ce7011dfb5e8,2022-10-21 12:29:05,,TEXT,,,
SpecialCourtesy,reference_data,7b7a6457-2630-482f-8b49-e46d632b012d,29bced86-fe19-4b45-8f27-7dbe76ca9a32,This value set defines a set of codes that can be used to indicate special courtesies provided to the patient.,,,,38a084f7-2fef-43e6-95cc-e4eea048fc7e,2022-10-21 12:31:09,,TEXT,,,
ExampleCoverageFinancialExceptionCodes,reference_data,7b7a6457-2630-482f-8b49-e46d632b012d,2b17c225-a395-43e5-9d08-ffd1ee5229cb,This value set includes Example Coverage Financial Exception Codes.,,,,94276533-b9d0-4618-b5ef-bb64b5308800,2022-10-21 12:37:19,,TEXT,,,
DiagnosticReportStatus,reference_data,7b7a6457-2630-482f-8b49-e46d632b012d,2e5d26d8-4986-4664-b06e-85d5aec8a84d,The status of the diagnostic report.,,,,4336ec5d-af09-4111-8871-cef471c08fe7,2022-10-21 12:39:12,,TEXT,,,
Medication Status Codes (medication-statement-status),reference_data,7b7a6457-2630-482f-8b49-e46d632b012d,391ba1cb-ff77-41a5-b8c2-04cb8b77792d,Medication Status Codes,,,,4bcdf09f-ae50-4230-9f8a-4f9ea2db2a9d,2022-10-21 12:31:09,,TEXT,,,
InvoicePriceComponentType,reference_data,7b7a6457-2630-482f-8b49-e46d632b012d,3a882722-1956-4a5c-a17e-e59afc10191e,Codes indicating the kind of the price component.,,,,9dafd66e-55e8-4642-b512-ab0ad5faddff,2022-10-21 12:29:05,,TEXT,,,
Use,reference_data,7b7a6457-2630-482f-8b49-e46d632b012d,3c964f22-c737-4023-b4d0-ae8bbc830dcd,"The purpose of the Claim: predetermination, preauthorization, claim.",,,,aac60319-d261-4ecc-92a2-6f60300cfd7b,2022-10-21 12:29:05,,TEXT,,,
ContactEntityType,reference_data,7b7a6457-2630-482f-8b49-e46d632b012d,3db44c2c-5b69-4835-9732-f1787dd81743,This example value set defines a set of codes that can be used to indicate the purpose for which you would contact a contact party.,,,,e7fcf64b-0efb-4396-8287-a9cb35adce3a,2022-10-21 12:37:19,,TEXT,,,
"",,,,,,,,8d1bc98c-5fb4-436a-8e09-a1a3f4437ecd,,,,,,
USCoreConditionCategoryCodes,reference_data,7b7a6457-2630-482f-8b49-e46d632b012d,3fd6b4fe-e1fa-4940-8a9e-8a9b26afe3c0,The US Core Condition Category Codes support the separate concepts of problems and health concerns in Condition.category in order for API consumers to be able to separate health concerns and problems. However this is not mandatory for 2015 certification,,,,d949d243-def3-4aed-a9c9-d90f7bb81b00,2022-10-21 12:39:12,,TEXT,,,
ObservationInterpretationCodes,reference_data,7b7a6457-2630-482f-8b49-e46d632b012d,3fff4b83-2d4e-4649-a4fb-b24a9219afa7,"A categorical assessment, providing a rough qualitative interpretation of the observation value,    such as “normal”/ “abnormal”,”low” / “high”, “better” / “worse”, “susceptible” / “resistant”, “expected”/ “not expected”.    The value set is intended to be for ANY use where coded representation of an interpretation is needed.   
   
   Notes:
   
   This is being communicated in v2.x in OBX-8 (Observation Interpretation), in v3 in ObservationInterpretation (CWE) in R1 (Representative Realm) and in FHIR in    Observation.interpretation. Historically these values come from the laboratory domain, and these codes are extensively    used. The value set binding is extensible, so codes outside the value set that are needed for interpretation concepts    (i.e. particular meanings) that are not included in the value set can be used, and these new codes may also be added to    the value set and published in a future version.",,,,38e93ddb-0d52-44cb-a367-291d1d6389d5,2022-10-21 12:39:12,,TEXT,,,
v2.0116 BED STATUS,reference_data,7b7a6457-2630-482f-8b49-e46d632b012d,406b457a-c8f2-44a7-85de-82f5e3ca8ce4,FHIR Value set/code system definition for HL7 v2 table 0116 ( BED STATUS),,,,4f9c813b-f867-4e64-8067-b9a543befe2b,2022-10-21 12:36:09,,TEXT,,,
ExceptionCodes,reference_data,7b7a6457-2630-482f-8b49-e46d632b012d,4149f36a-89fd-462a-a3d3-3b026de1e8dd,This value set includes sample Exception codes.,,,,b79489c6-0ed3-4c49-869d-f87440fdd5e4,2022-10-21 12:29:05,,TEXT,,,
DetailedEthnicity,reference_data,7b7a6457-2630-482f-8b49-e46d632b012d,45a78c28-16dd-4e04-8588-e8a8be4812b9,The 41 [CDC ethnicity codes](http://www.cdc.gov/phin/resources/vocabulary/index.html) that are grouped under one of the 2 OMB ethnicity category codes.,,,,43fd8f4f-e429-4a50-a11a-6dba9d6d1d7e,2022-10-21 12:29:05,,TEXT,,,
medicationrequest Status,reference_data,7b7a6457-2630-482f-8b49-e46d632b012d,47992929-03f0-43a4-9080-79a7f9eca9fe,MedicationRequest Status Codes,,,,83b045c4-ac6b-4b42-a1b6-fbd7abcb4026,2022-10-21 12:39:12,,TEXT,,,
SubscriberRelationshipCodes,reference_data,7b7a6457-2630-482f-8b49-e46d632b012d,4f04c94d-3377-482f-bb1c-31bf063f6192,This value set includes codes for the relationship between the Subscriber and the Beneficiary (insured/covered party/patient).,,,,36269dfc-2950-4550-9adf-3b2be1648b62,2022-10-21 12:29:05,,TEXT,,,
v3.ActPriority,reference_data,7b7a6457-2630-482f-8b49-e46d632b012d,5493a682-ec87-46e4-ab39-28ca2924091a,"A set of codes (e.g., for routine, emergency), specifying the urgency under which the Act happened, can happen, is happening, is intended to happen, or is requested/demanded to happen.",,,,08800474-1e8a-425b-8820-649c66ac3971,2022-10-21 12:31:09,,TEXT,,,
PatientContactRelationship,reference_data,7b7a6457-2630-482f-8b49-e46d632b012d,567c9b37-81dc-4c90-aee0-90d5504ee10e,The nature of the relationship between the patient and the contact person.,,,,36269dfc-2950-4550-9adf-3b2be1648b62,2022-10-21 12:29:05,,TEXT,,,
CoverageClassCodes,reference_data,7b7a6457-2630-482f-8b49-e46d632b012d,572170e7-88bd-47e9-adf2-c7924b7f2b88,This value set includes Coverage Class codes.,,,,04ea298a-e2d6-408b-a17c-393567d4a106,2022-10-21 12:37:19,,TEXT,,,
LocationType,reference_data,7b7a6457-2630-482f-8b49-e46d632b012d,579be120-cfe3-4378-8b27-b564ff3ecc7c,This example value set defines a set of codes that can be used to indicate the physical form of the Location.,,,,c108bef1-8a24-4d2e-8fb0-01d5e0afc52b,2022-10-21 12:36:09,,TEXT,,,
DetailedRace,reference_data,7b7a6457-2630-482f-8b49-e46d632b012d,5d5e1ff7-7aa5-4358-b888-662e67ac6e4d,The 900+ [CDC Race codes](http://www.cdc.gov/phin/resources/vocabulary/index.html) that are grouped under one of the 5 OMB race category codes.,,,,78299685-2c91-4e95-811f-a51191305593,2022-10-21 12:29:05,,TEXT,,,
OralSiteCodes,reference_data,7b7a6457-2630-482f-8b49-e46d632b012d,5f72f7a5-9d09-4146-95e9-4eb80b45a569,This value set includes a smattering of FDI oral site codes.,,,,4a8252c9-0069-4eab-aea8-09830590da63,2022-10-21 12:29:05,,TEXT,,,
"",,,,,,,,774b8c90-f3be-469d-8f01-69422cc99603,,,,,,
"",,,,,,,,cee9baa1-dcbf-4daf-9cd8-d69450072089,,,,,,
PaymentTypeCodes,reference_data,7b7a6457-2630-482f-8b49-e46d632b012d,61680ae5-0076-4d80-bbfe-062c4fe9a7a8,This value set includes sample Payment Type codes.,,,,478b6b99-81d2-433d-81d2-129862ee881b,2022-10-21 12:29:05,,TEXT,,,
ExampleServicePlaceCodes,reference_data,7b7a6457-2630-482f-8b49-e46d632b012d,63d1b210-4b69-431b-a67d-3c06a4ecf0a8,This value set includes a smattering of Service Place codes.,,,,72f5506a-eee3-4a9f-9039-58df0e53aacc,2022-10-21 12:29:05,,TEXT,,,
RequestStatus,reference_data,7b7a6457-2630-482f-8b49-e46d632b012d,6e58f668-7143-4cd5-8736-bf10e44e6d51,Codes identifying the lifecycle stage of a request.,,,,83b045c4-ac6b-4b42-a1b6-fbd7abcb4026,2022-10-21 12:39:12,,TEXT,,,
FinancialResourceStatusCodes,reference_data,7b7a6457-2630-482f-8b49-e46d632b012d,71ac56db-76e4-452d-81bb-f3dc74b61818,This value set includes Status codes.,,,,83b045c4-ac6b-4b42-a1b6-fbd7abcb4026,2022-10-21 12:29:05,,TEXT,,,
v2.0493 Specimen Condition,reference_data,7b7a6457-2630-482f-8b49-e46d632b012d,7a35ee73-80b9-45cd-b639-9841098ca964,FHIR Value set/code system definition for HL7 v2 table 0493 ( Specimen Condition),,,,079665ad-942c-4022-8ee7-12f050892d09,2022-10-21 12:39:12,,TEXT,,,
v3.ActIncidentCode,reference_data,7b7a6457-2630-482f-8b49-e46d632b012d,7b3ba88b-78a8-4225-9f56-2acc4d1db222,Set of codes indicating the type of incident or accident.,,,,59f8b864-f2a6-4767-b6ec-7538d4096acf,2022-10-21 12:29:05,,TEXT,,,
InsurancePlanType,reference_data,7b7a6457-2630-482f-8b49-e46d632b012d,7e30d102-549c-4ea8-b159-d0a64a02c4b2,This example value set defines a set of codes that can be used to indicate a type of insurance plan.,,,,04ea298a-e2d6-408b-a17c-393567d4a106,2022-10-21 12:37:19,,TEXT,,,
CompositionStatus,reference_data,7b7a6457-2630-482f-8b49-e46d632b012d,802ee2ee-4f1f-48bc-bbe6-8c62da5e50a7,The workflow/clinical status of the composition.,,,,0f4b7cfa-b796-4f6b-acf9-a76f8d38e925,2022-10-21 12:39:12,,TEXT,,,
"",,,,,,,,982a7242-b70f-4496-a9d6-aa6b4a25019d,,,,,,
"",,,,,,,,b83eac89-e158-45ae-82b1-43eb7200088d,,,,,,
Diet,reference_data,7b7a6457-2630-482f-8b49-e46d632b012d,8161208c-8c8e-489f-8581-61753bffb588,This value set defines a set of codes that can be used to indicate dietary preferences or restrictions a patient may have.,,,,5a31d65f-d05c-4312-a231-49521ad699bc,2022-10-21 12:31:09,,TEXT,,,
ImagingStudySeriesPerformerFunction,reference_data,7b7a6457-2630-482f-8b49-e46d632b012d,82884c3f-13c1-4dc9-8686-8ca71b14da9b,Performer function of an agent in an imaging study series,,,,d65bbaaf-c12d-4a45-bd1e-8a63fa321772,2022-10-21 12:39:12,,TEXT,,,
CoverageTypeAndSelf-PayCodes,reference_data,7b7a6457-2630-482f-8b49-e46d632b012d,86c861d5-71b8-4c97-9614-2d8516b579c6,This value set includes Coverage Type codes.,,,,ccb6e642-f361-4b38-bf2a-0f42b9438b55,2022-10-21 12:37:19,,TEXT,,,
OrganizationType,reference_data,7b7a6457-2630-482f-8b49-e46d632b012d,8a678276-d2e6-46b9-9dcc-dad653480307,This example value set defines a set of codes that can be used to indicate a type of organization.,,,,72c34d95-bf93-4ddd-b56c-827be7f28ae3,2022-10-21 12:37:19,,TEXT,,,
CoverageCopayTypeCodes,reference_data,7b7a6457-2630-482f-8b49-e46d632b012d,8a7b7b42-8a10-46a8-b5ba-53b0cb0d11d1,This value set includes sample Coverage Copayment Type codes.,,,,ccb6e642-f361-4b38-bf2a-0f42b9438b55,2022-10-21 12:37:19,,TEXT,,,
MediaType,reference_data,7b7a6457-2630-482f-8b49-e46d632b012d,9029c78b-c4ab-4e01-b1b6-8b6e2c14994e,Codes for high level media categories.,,,,8f2f5091-8484-4537-876a-bef788d8a9ff,2022-10-21 12:39:12,,TEXT,,,
DiagnosisRole,reference_data,7b7a6457-2630-482f-8b49-e46d632b012d,90d1e121-12e5-40d9-8861-a8b65b5cb40c,This value set defines a set of codes that can be used to express the role of a diagnosis on the Encounter or EpisodeOfCare record.,,,,d949d243-def3-4aed-a9c9-d90f7bb81b00,2022-10-21 12:39:12,,TEXT,,,
MissingToothReasonCodes,reference_data,7b7a6457-2630-482f-8b49-e46d632b012d,92559eff-990f-418e-b95a-48b70903d450,This value set includes sample Missing Tooth Reason codes.,,,,3e5d8d88-83c7-44a5-9227-831823dea21e,2022-10-21 12:29:05,,TEXT,,,
v2.0487 Specimen Type,reference_data,7b7a6457-2630-482f-8b49-e46d632b012d,947c43d7-e8fb-45a5-b532-75cc40c37905,FHIR Value set/code system definition for HL7 v2 table 0487 ( Specimen Type),,,,15d214ff-ed7f-4df2-94bc-beea376a9c1b,2022-10-21 12:39:12,,TEXT,,,
DischargeDisposition,reference_data,7b7a6457-2630-482f-8b49-e46d632b012d,9879c6ea-a38d-4f5e-a04e-8c5eb007ea7f,This value set defines a set of codes that can be used to where the patient left the hospital.,,,,81205c4e-1fb4-43c9-877d-e44ccb042d25,2022-10-21 12:31:09,,TEXT,,,
"",,,,,,,,ce446599-6f04-44f1-b615-8b4362fabff5,,,,,,
SpecimenProcessingProcedure,reference_data,7b7a6457-2630-482f-8b49-e46d632b012d,9c149b33-db55-4026-b532-2a596bffa79c,The technique that is used to perform the process or preserve the specimen.,,,,f9a01b7e-c9e9-4987-9b6b-c38bfada7d01,2022-10-21 12:39:12,,TEXT,,,
EventStatus,reference_data,7b7a6457-2630-482f-8b49-e46d632b012d,9c9620cd-b83a-4957-b44a-2718836dd6dc,Codes identifying the lifecycle stage of an event.,,,,e1de0d6f-89c9-4c03-afbb-db6226b6cbe2,2022-10-21 12:39:12,,TEXT,,,
DeviceUseStatementStatus,reference_data,7b7a6457-2630-482f-8b49-e46d632b012d,9d5cab64-5d7b-4558-baf0-abb30fc25521,A coded concept indicating the current status of the Device Usage.,,,,16cd3db2-ada8-4efd-a8ed-ead6cb9d7781,2022-10-21 12:39:12,,TEXT,,,
medicationRequest Status Reason Codes,reference_data,7b7a6457-2630-482f-8b49-e46d632b012d,9dcb67f8-d4d4-4637-8219-1e1cbf547b7d,MedicationRequest Status Reason Codes,,,,2e14d5b6-58b0-4851-a313-5f6484647a91,2022-10-21 12:39:12,,TEXT,,,
ImmunizationProgramEligibility,reference_data,7b7a6457-2630-482f-8b49-e46d632b012d,a01b5fc3-028c-4fbd-940d-1ca5ce63bbac,The value set to instantiate this attribute should be drawn from a terminologically robust code system that consists of or contains concepts to support describing the patient's eligibility for a vaccination program. This value set is provided as a suggestive example.,,,,ccb6e642-f361-4b38-bf2a-0f42b9438b55,2022-10-21 12:37:19,,TEXT,,,
ConditionCategoryCodes,reference_data,7b7a6457-2630-482f-8b49-e46d632b012d,a2723318-7683-4101-bac1-7604eb132b39,Preferred value set for Condition Categories.,,,,d949d243-def3-4aed-a9c9-d90f7bb81b00,2022-10-21 12:39:12,,TEXT,,,
FamilyHistoryAbsentReason,reference_data,7b7a6457-2630-482f-8b49-e46d632b012d,a4ec32c7-fa47-445b-b0b4-5fe13868b0da,Codes describing the reason why a family member's history is not available.,,,,f6df1953-a74d-4231-bc0a-3da659b50f3b,2022-10-21 12:31:09,,TEXT,,,
RequestPriority,reference_data,7b7a6457-2630-482f-8b49-e46d632b012d,a98a474f-d6e3-4fc0-a7cf-49c2532edb31,The clinical priority of a diagnostic order.,,,,d843c047-4810-43d8-a512-aa06e1965d3a,2022-10-21 12:39:12,,TEXT,,,
"",,,,,,,,e85d6023-b2a8-47b3-a480-f5d625ab890d,,,,,,
ContractSubtypeCodes,reference_data,7b7a6457-2630-482f-8b49-e46d632b012d,ab0b706b-2afe-48cf-9167-7c06dbd115c7,This value set includes sample Contract Subtype codes.,,,,e91f1490-a243-411c-a695-760765dcf57d,2022-10-21 12:37:19,,TEXT,,,
v3.ActCode,reference_data,7b7a6457-2630-482f-8b49-e46d632b012d,adc44dca-7ccf-4ed5-b55a-36418a8af1cb,"A code specifying the particular kind of Act that the Act-instance represents within its class.  Constraints:
The kind of Act (e.g. physical examination, serum potassium, inpatient encounter, charge financial transaction, etc.) is specified with a code from one of several, typically external, coding systems.  The coding system will depend on the class of Act, such as LOINC for observations, etc. Conceptually, the Act.code must be a specialization of the Act.classCode. This is why the structure of ActClass domain should be reflected in the superstructure of the ActCode domain and then individual codes or externally referenced vocabularies subordinated under these domains that reflect the ActClass structure. Act.classCode and Act.code are not modifiers of each other but the Act.code concept should really imply the Act.classCode concept. For a negative example, it is not appropriate to use an Act.code ""potassium"" together with and Act.classCode for ""laboratory observation"" to somehow mean ""potassium laboratory observation"" and then use the same Act.code for ""potassium"" together with Act.classCode for ""medication"" to mean ""substitution of potassium"". This mutually modifying use of Act.code and Act.classCode is not permitted.",,,,8f2f5091-8484-4537-876a-bef788d8a9ff,2022-10-21 12:39:12,,TEXT,,,
USCoreVaccineAdministeredValueSetCvx,reference_data,7b7a6457-2630-482f-8b49-e46d632b012d,ae4aab38-3011-49cb-b6c3-00b949dbc0e3,"This identifies the vaccine substance administered - CVX codes. **Inclusion Criteria:**  Any CVX code with CVX  'status' (VSAC Property) = `Active`,` Inactive`, `Non-US` except  those noted in exclusions.  **Exclusion Criteria:**  CVX codes that have a CVX  'status' of either `Pending` or `Never Active` AND CVX  codes with CVX 'Nonvaccine' property = True.  Available at http://www2a.cdc.gov/vaccines/iis/iisstandards/vaccines.asp?rpt=cvx",,,,2c30d05e-49e6-427d-92a1-e53a3d203bc8,2022-10-21 12:31:09,,TEXT,,,
"",,,,,,,,f8c8d3df-9cab-4388-a40e-d0ad4bb84cda,,,,,,
USCoreObservationSmokingStatusStatus,reference_data,7b7a6457-2630-482f-8b49-e46d632b012d,af8aa678-aeb7-4e3d-a11b-3ddab66b6109,Codes providing the status of an observation for smoking status. Constrained to `final`and `entered-in-error`.,,,,58d9bcf4-e3b2-4010-8a07-32f0ecebaa66,2022-10-21 12:31:09,,TEXT,,,
ExampleProviderQualificationCodes,reference_data,7b7a6457-2630-482f-8b49-e46d632b012d,affe77ed-0a28-4e5e-b8a4-bf108fb2b3ae,This value set includes sample Provider Qualification codes.,,,,a3166e15-9618-424e-a221-58e633ca6485,2022-10-21 12:33:24,,TEXT,,,
ObservationCategoryCodes (observation-category),reference_data,7b7a6457-2630-482f-8b49-e46d632b012d,b12b0d0f-0765-4f45-9bf8-7a114f55f4e6,Observation Category codes.,,,,23e1dfb3-756b-464e-8e70-7a3c680f0369,2022-10-21 12:39:12,,TEXT,,,
ImagingStudyStatus,reference_data,7b7a6457-2630-482f-8b49-e46d632b012d,b56fcabf-dec9-4f7c-8d07-7447aa0ecca2,The status of the ImagingStudy.,,,,2c6a1d44-d4a5-445e-afd3-d60bb062dfb6,2022-10-21 12:39:12,,TEXT,,,
BirthSex,reference_data,7b7a6457-2630-482f-8b49-e46d632b012d,bb06ae01-e199-4582-9971-847db5420417,Codes for assigning sex at birth as specified by the [Office of the National Coordinator for Health IT (ONC)](https://www.healthit.gov/newsroom/about-onc),,,,fcd3fa69-82fc-4f33-9c0b-2562985e6bf2,2022-10-21 12:29:05,,TEXT,,,
AdmitSource,reference_data,7b7a6457-2630-482f-8b49-e46d632b012d,bdbdc9a1-d6ac-4daf-abc6-093128996603,This value set defines a set of codes that can be used to indicate from where the patient came in.,,,,6a5c098b-c789-4d1c-adb3-4147148e9915,2022-10-21 12:31:09,,TEXT,,,
PublicationStatus,reference_data,7b7a6457-2630-482f-8b49-e46d632b012d,c013e355-c67f-496e-84a3-9459fb0db588,The lifecycle status of an artifact.,,,,012beab6-4b0a-4464-a6c9-7d58f3ef0cb2,2022-10-21 12:37:19,,TEXT,,,
UspsTwoLetterAlphabeticCodes,reference_data,7b7a6457-2630-482f-8b49-e46d632b012d,c02a106c-1692-42e5-8093-17949483c0f9,This value set defines two letter USPS alphabetic codes.,,,,7b2024ea-255e-4f7a-ba02-967a62219470,2022-10-21 12:29:05,,TEXT,,,
SpecialArrangements,reference_data,7b7a6457-2630-482f-8b49-e46d632b012d,c3a380b8-e4d9-4ea0-ab4c-dde82aec7e83,This value set defines a set of codes that can be used to indicate the kinds of special arrangements in place for a patients visit.,,,,3b7761c6-2a2a-4ef3-9378-27ba7c3a14c8,2022-10-21 12:29:05,,TEXT,,,
CommonLanguages,reference_data,7b7a6457-2630-482f-8b49-e46d632b012d,c732fc59-8797-4b24-9679-0668a6649359,This value set includes common codes from BCP-47 (http://tools.ietf.org/html/bcp47),,,,0e6c4ec5-6b39-4607-9961-667b203e135b,2022-10-21 12:29:05,,TEXT,,,
EncounterType,reference_data,7b7a6457-2630-482f-8b49-e46d632b012d,ce7d7a4a-74c2-4511-8365-1902a1dba98d,This example value set defines a set of codes that can be used to indicate the type of encounter: a specific code indicating type of service provided.,,,,851d60c0-2ceb-4f4e-ac10-0f0aa90e4506,2022-10-21 12:31:09,,TEXT,,,
"",,,,,,,,46a54949-dec6-4d27-a8bd-45d3475d9d23,,,,,,
ExampleClaimSubTypeCodes,reference_data,7b7a6457-2630-482f-8b49-e46d632b012d,ce86e54e-a127-49b6-99a1-d3b12cc6355f,"This value set includes sample Claim SubType codes which are used to distinguish the claim types for example within type institutional there may be subtypes for emergency services, bed stay and transportation.",,,,471a088b-bd26-4078-ae20-7cbe78392d99,2022-10-21 12:29:05,,TEXT,,,
"",,,,,,,,06fabd36-ab81-4063-8354-781d43dc0f30,,,,,,
ImmunizationFunctionCodes,reference_data,7b7a6457-2630-482f-8b49-e46d632b012d,cf82cf40-5773-419e-b788-6d3c36ac7e3c,The value set to instantiate this attribute should be drawn from a terminologically robust code system that consists of or contains concepts to support describing the function a practitioner or organization may play in the immunization event. This value set is provided as a suggestive example.,,,,2e49d047-a268-44c4-8f2a-a5227d754a43,2022-10-21 12:29:05,,TEXT,,,
ICD-10ProcedureCodes,reference_data,7b7a6457-2630-482f-8b49-e46d632b012d,d1e0a3ae-7024-4354-8458-ad78b8122448,This value set includes sample ICD-10 Procedure codes.,,,,774b8c90-f3be-469d-8f01-69422cc99603,2022-10-21 12:29:05,,TEXT,,,
BenefitCostApplicability,reference_data,7b7a6457-2630-482f-8b49-e46d632b012d,d24b9a10-6a11-45cb-b4c0-fb2bbf92c320,Whether the cost applies to in-network or out-of-network providers.,,,,8dc9c9f5-ed90-4e6e-9951-1fe1f1ff3b86,2022-10-21 12:37:19,,TEXT,,,
ClaimInformationCategoryCodes,reference_data,7b7a6457-2630-482f-8b49-e46d632b012d,d2c7c47a-021b-4f04-a710-457bf146ed4f,This value set includes sample Information Category codes.,,,,b04321f1-838f-48c2-ae01-6710e9316840,2022-10-21 12:29:05,,TEXT,,,
ObservationReferenceRangeMeaningCodes,reference_data,7b7a6457-2630-482f-8b49-e46d632b012d,d4333776-24a5-4908-8a97-3de927027e7a,This value set defines a set of codes that can be used to indicate the meaning/use of a reference range for a particular target population.,,,,28496f41-b16a-4e00-905a-8290a3458b1b,2022-10-21 12:39:12,,TEXT,,,
ObservationStatus,reference_data,7b7a6457-2630-482f-8b49-e46d632b012d,d4c74e7e-2aff-4840-9d00-e48a700be985,Codes providing the status of an observation.,,,,16cd3db2-ada8-4efd-a8ed-ead6cb9d7781,2022-10-21 12:39:12,,TEXT,,,
Medication usage category codes,reference_data,7b7a6457-2630-482f-8b49-e46d632b012d,d63a7cda-9d99-4f51-a147-4864ca0f54de,Medication Status Codes,,,,ab28b827-54b9-4454-97ea-fc8aa9e20af2,2022-10-21 12:31:09,,TEXT,,,
v3.FamilyMember,reference_data,7b7a6457-2630-482f-8b49-e46d632b012d,d6a97005-297a-4f05-8398-f1fcd348ea0e,"A relationship between two people characterizing their ""familial"" relationship",,,,c1766c9e-fb70-428e-a437-bb5e5f1fe362,2022-10-21 12:31:09,,TEXT,,,
ExampleDiagnosisTypeCodes,reference_data,7b7a6457-2630-482f-8b49-e46d632b012d,d95bb26d-d78b-4932-adad-9923a767eb3b,This value set includes example Diagnosis Type codes.,,,,4f3c85ea-3ed3-46e2-b08c-d560b5aded32,2022-10-21 12:29:05,,TEXT,,,
OmbEthnicityCategories,reference_data,7b7a6457-2630-482f-8b49-e46d632b012d,db8fa50a-0128-4c45-a5db-c852c1407594,"The codes for the ethnicity categories - 'Hispanic or Latino' and 'Non Hispanic or Latino' - as defined by the [OMB Standards for Maintaining, Collecting, and Presenting Federal Data on Race and Ethnicity, Statistical Policy Directive No. 15, as revised, October 30, 1997](https://www.govinfo.gov/content/pkg/FR-1997-10-30/pdf/97-28653.pdf).",,,,43fd8f4f-e429-4a50-a11a-6dba9d6d1d7e,2022-10-21 12:29:05,,TEXT,,,
ImmunizationSubpotentReason,reference_data,7b7a6457-2630-482f-8b49-e46d632b012d,e64d9fec-8348-4653-ba56-4b138942c93b,The value set to instantiate this attribute should be drawn from a terminologically robust code system that consists of or contains concepts to support describing the reason why a dose is considered to be subpotent. This value set is provided as a suggestive example.,,,,e224b830-96f6-48e0-b847-36195486ec4c,2022-10-21 12:31:09,,TEXT,,,
ExamplePaymentTypeCodes,reference_data,7b7a6457-2630-482f-8b49-e46d632b012d,eac07ca3-2f20-4fc2-adcd-3e49be09b945,This value set includes example Payment Type codes.,,,,478b6b99-81d2-433d-81d2-129862ee881b,2022-10-21 12:29:05,,TEXT,,,
OmbRaceCategories,reference_data,7b7a6457-2630-482f-8b49-e46d632b012d,ed0fb83c-96bb-4721-8dcb-f1ce48392d56,"The codes for the concepts 'Unknown' and  'Asked but no answer' and the the codes for the five race categories - 'American Indian' or 'Alaska Native', 'Asian', 'Black or African American', 'Native Hawaiian or Other Pacific Islander', and 'White' - as defined by the [OMB Standards for Maintaining, Collecting, and Presenting Federal Data on Race and Ethnicity, Statistical Policy Directive No. 15, as revised, October 30, 1997](https://www.govinfo.gov/content/pkg/FR-1997-10-30/pdf/97-28653.pdf) .",,,,78299685-2c91-4e95-811f-a51191305593,2022-10-21 12:29:05,,TEXT,,,
ExampleDiagnosisRelatedGroupCodes,reference_data,7b7a6457-2630-482f-8b49-e46d632b012d,f5982caf-54d6-4cc1-b6cc-94cd03fa1f95,This value set includes example Diagnosis Related Group codes.,,,,4f3c85ea-3ed3-46e2-b08c-d560b5aded32,2022-10-21 12:29:05,,TEXT,,,
ClaimTypeCodes,reference_data,7b7a6457-2630-482f-8b49-e46d632b012d,f8042c87-58d8-4b7a-97f4-4854abfa50b4,This value set includes Claim Type codes.,,,,de4cc9af-a7e9-4bd9-8db8-87644237baaf,2022-10-21 12:29:05,,TEXT,,,
"",,,,,,,,06fabd36-ab81-4063-8354-781d43dc0f30,,,,,,
ConditionVerificationStatus,reference_data,7b7a6457-2630-482f-8b49-e46d632b012d,f8305ec4-21ff-4516-9c65-b6988c3d167e,The verification status to support or decline the clinical status of the condition or diagnosis.,,,,3e4875dc-d02c-4107-9ee6-56096e7f5bb2,2022-10-21 12:39:12,,TEXT,,,
"",,,,,,,,4336ec5d-af09-4111-8871-cef471c08fe7,,,,,,
Claim Payee Type Codes,reference_data,7b7a6457-2630-482f-8b49-e46d632b012d,ffc3a7a1-dbd7-4642-ae9d-4305fd6632c8,This value set includes sample Payee Type codes.,,,,36269dfc-2950-4550-9adf-3b2be1648b62,2022-10-21 12:29:05,,TEXT,,,
Document Electronic Storage Medium Type,reference_data,869329e0-db78-4c2f-b539-a831722602f7,227d3c2c-41ef-4ec4-8c4d-52c828a8251c,"Indicates the electronic form in which the document is retained. For example, flash, magnetic, microchip, optical, etc.",,,,f34c2181-ac62-46bb-81bb-8cad182c3372,2022-10-21 12:45:42,,TEXT,,1bc69e7d-922c-4e4c-868e-110aa727b956,
"",,,,,,,,,,,,,70f78c65-a867-41c9-80b3-b29eb7dbb342,
Agent Type,reference_data,869329e0-db78-4c2f-b539-a831722602f7,2603301a-6a47-41df-b0ba-1303b0970fe9,"Indicates whether an automated service or human is acting as the agent. For example, human, automated dialer, chatbot, virtual assistant, interactive voice response, etc.",,,,dcee8e71-40f3-41e3-ba75-8215ccd96a4a,2022-10-21 12:45:42,,TEXT,,1bc69e7d-922c-4e4c-868e-110aa727b956,
"",,,,,,,,,,,,,c4cfdd71-43bd-4676-b2c4-69fdadc37954,
Document Life Cycle Status,reference_data,869329e0-db78-4c2f-b539-a831722602f7,506efcd0-b96e-4099-b787-b465ea0858b3,"Identifies the current status of the document. For example, active, approved, delivered, destroyed, expired, issued, missing, obsolete, received, rejected, requested, suspended, terminated.",,,,577f3aba-d159-4667-a911-e5e1cf252002,2022-10-21 12:45:42,,TEXT,,1bc69e7d-922c-4e4c-868e-110aa727b956,
"",,,,,,,,,,,,,70f78c65-a867-41c9-80b3-b29eb7dbb342,
Personal Document Type,reference_data,869329e0-db78-4c2f-b539-a831722602f7,67f4ffca-ea48-4b67-8d30-0d62bb8fc641,"Classifies the document by its type or subject matter as a document that may contain personal information. For example, call audio, signature specimen, video recording, birth certificate, password, medical image, passport etc. 

Note: Depending on the type of document this information could be classified ""Personally Identifiable Information"" or ""Sensitive Personal Information"" or 'Personal Information"" or a combination of these.",,,,0c449415-0059-4fd0-9c30-ba7fd11c80aa,2022-10-21 12:44:40,,TEXT,,62755581-d85a-4c0e-821c-f6b98ace64d1,
"",,,,,,,,,,,,,1a8525b2-0832-49a8-ac4c-77afe7b1f3f2,
"",,,,,,,,,,,,,7fa127e4-331e-4cad-ac50-f9f38a536125,
"",,,,,,,,,,,,,c71f549d-bbd7-4ff8-81ee-ec3800994fb9,
"",,,,,,,,,,,,,7cc7ba75-9f1a-43c5-b83c-01d91516908f,
"",,,,,,,,,,,,,dc567b40-f13d-48b5-b121-2c74142d0707,
"",,,,,,,,,,,,,e9280932-5ed5-4146-8cc5-a5426ba190bf,
Meeting Status,reference_data,869329e0-db78-4c2f-b539-a831722602f7,6e371835-c8cc-4090-934f-374e1ce859ee,"The status of a meeting at a point in time. For example, planned, cancelled, rescheduled, concluded, proposed, or suspended.",,,,b042d7f5-a52e-4b46-8b02-7cec2cd0dba0,2022-10-21 12:45:42,,TEXT,,1bc69e7d-922c-4e4c-868e-110aa727b956,
"",,,,,,,,,,,,,c4cfdd71-43bd-4676-b2c4-69fdadc37954,
Recording Process Type,reference_data,869329e0-db78-4c2f-b539-a831722602f7,7bbdf39a-8a21-495f-9380-ece58a63b584,"The method used to create or replicate the document. For example, electronic, embossed, hand written, optical, photographic or printed.",,,,5e2c1f96-1b2e-43e1-8176-a922909cd322,2022-10-21 12:45:42,,TEXT,,1bc69e7d-922c-4e4c-868e-110aa727b956,
"",,,,,,,,,,,,,70f78c65-a867-41c9-80b3-b29eb7dbb342,
Data Processing Request Type,reference_data,869329e0-db78-4c2f-b539-a831722602f7,877a22bc-6afe-4929-bc66-53e769f8b27a,Identifies a classification of the data processing request type for personal information.,,,,7e45c973-26c6-4c5f-b2d0-ae563a924cc4,2022-10-21 12:44:40,,TEXT,,62755581-d85a-4c0e-821c-f6b98ace64d1,
"",,,,,,,,,,,,,1a8525b2-0832-49a8-ac4c-77afe7b1f3f2,
Data Processing Activity Type,reference_data,869329e0-db78-4c2f-b539-a831722602f7,909e3546-5d71-4c72-b754-5d09605243b4,Identifies a classification of the data processing activity types for personal information.,,,,0df21c2b-9405-40ed-87c8-31382a1c51c0,2022-10-21 12:44:40,,TEXT,,62755581-d85a-4c0e-821c-f6b98ace64d1,
"",,,,,,,,,,,,,1a8525b2-0832-49a8-ac4c-77afe7b1f3f2,
Location Type,reference_data,869329e0-db78-4c2f-b539-a831722602f7,ad23c173-54c9-4373-902d-0b489f14c2f0,"The location classification by the corporate standards and practices of the company, relative to the location, not a property that exists at the location.",,,,74ea057e-14d5-4bdb-b22e-93950fc18ae3,2022-10-21 12:44:40,,TEXT,,62755581-d85a-4c0e-821c-f6b98ace64d1,
"",,,,,,,,,,,,,1a8525b2-0832-49a8-ac4c-77afe7b1f3f2,
"",,,,,,,,,,,,,e7d4e3b0-464b-4df3-bb6a-e4699345be98,
Call Type,reference_data,869329e0-db78-4c2f-b539-a831722602f7,c32b3fc8-fdc4-445e-8a12-2973827e5720,"Identifies the communications technology used for the call. For example, mobile, landline or VOIP.",,,,aff55347-d8a1-4400-9d5c-67d7be5e1de3,2022-10-21 12:45:42,,TEXT,,1bc69e7d-922c-4e4c-868e-110aa727b956,
"",,,,,,,,,,,,,c4cfdd71-43bd-4676-b2c4-69fdadc37954,
Content Type,reference_data,869329e0-db78-4c2f-b539-a831722602f7,cbe49f26-3686-49d9-92b2-b396ffaf7db6,"Describes the nature of the content. For example, table, image, text, audio, etc.",,,,0a7bfc57-f4bc-4c2e-a2ac-36b7406356ce,2022-10-21 12:44:40,,TEXT,,1a8525b2-0832-49a8-ac4c-77afe7b1f3f2,
"",,,,,,,,,,,,,7fa127e4-331e-4cad-ac50-f9f38a536125,
"",,,,,,,,,,,,,1bc69e7d-922c-4e4c-868e-110aa727b956,
"",,,,,,,,,,,,,70f78c65-a867-41c9-80b3-b29eb7dbb342,
Communication Status,reference_data,869329e0-db78-4c2f-b539-a831722602f7,cc58e307-d81d-4595-b1cb-0c0c74781469,"The status of a communication at a point in time. For example, unanswered, requested call back, concluded, call dropped by customer, call dropped by agent, call dropped by system, awaiting further information, received, sent, superseded, suspended.",,,,ba5642ae-9da3-4dc2-9636-1ae46593b2e5,2022-10-21 12:44:40,,TEXT,,1a8525b2-0832-49a8-ac4c-77afe7b1f3f2,
"",,,,,,,,,,,,,7fa127e4-331e-4cad-ac50-f9f38a536125,
"",,,,,,,,,,,,,1bc69e7d-922c-4e4c-868e-110aa727b956,
"",,,,,,,,,,,,,7cc7ba75-9f1a-43c5-b83c-01d91516908f,
"",,,,,,,,,,,,,c4cfdd71-43bd-4676-b2c4-69fdadc37954,
Communication Purpose,reference_data,869329e0-db78-4c2f-b539-a831722602f7,d262b88d-df7b-4b2e-bde8-7a0ef62831e2,"The reason for a communication or what the communication is intended to achieve. For example, offer, compliment, complaint, notification, information, etc.",,,,38ed0ee1-2b27-4879-9160-ab7e6cf69a65,2022-10-21 12:44:40,,TEXT,,62755581-d85a-4c0e-821c-f6b98ace64d1,
"",,,,,,,,,,,,,1a8525b2-0832-49a8-ac4c-77afe7b1f3f2,
"",,,,,,,,,,,,,7fa127e4-331e-4cad-ac50-f9f38a536125,
"",,,,,,,,,,,,,1bc69e7d-922c-4e4c-868e-110aa727b956,
"",,,,,,,,,,,,,7cc7ba75-9f1a-43c5-b83c-01d91516908f,
"",,,,,,,,,,,,,c4cfdd71-43bd-4676-b2c4-69fdadc37954,
Product Life Cycle Status,reference_data,869329e0-db78-4c2f-b539-a831722602f7,dd744180-d9c3-4e22-b191-0924337a85f5,"Identifies the current status of the product. For example, announced, approved, canceled, obsolete, proposed, rejected, released, suspended.",,,,970e77cd-a05d-434a-86a6-0cdf156012df,2022-10-21 12:45:42,,TEXT,,1bc69e7d-922c-4e4c-868e-110aa727b956,
"",,,,,,,,,,,,,740a852d-96c9-4882-82b6-60d728eb2d9a,
Chat Type,reference_data,869329e0-db78-4c2f-b539-a831722602f7,de83f831-24ae-4b73-b502-d49a406419a4,"Indicates the type of chat. For example, live web chat, chatbot, messenger app or social media.",,,,499f6305-7cdc-4f37-a81d-a6beb3704d33,2022-10-21 12:45:42,,TEXT,,1bc69e7d-922c-4e4c-868e-110aa727b956,
"",,,,,,,,,,,,,c4cfdd71-43bd-4676-b2c4-69fdadc37954,
Meeting Type,reference_data,869329e0-db78-4c2f-b539-a831722602f7,e3d41496-41f9-44ef-9600-02a3d7364067,"Indicates the format of the meeting. For example, an in person meeting or a web conference.",,,,35f69dde-842c-432f-9c03-4842700b7399,2022-10-21 12:45:42,,TEXT,,1bc69e7d-922c-4e4c-868e-110aa727b956,
"",,,,,,,,,,,,,c4cfdd71-43bd-4676-b2c4-69fdadc37954,
Personal Information Processing Purpose,reference_data,869329e0-db78-4c2f-b539-a831722602f7,f2264e58-3c63-479a-9e0b-09d182f5bbc7,Identifies a classification of data processing according to their purpose for personal information.,,,,c972e3a7-305a-4d3b-9da1-aa7036e936d8,2022-10-21 12:44:40,,TEXT,,62755581-d85a-4c0e-821c-f6b98ace64d1,
"",,,,,,,,,,,,,1a8525b2-0832-49a8-ac4c-77afe7b1f3f2,
Document Type,reference_data,869329e0-db78-4c2f-b539-a831722602f7,f94c5839-f9e8-48ee-99f5-a7531e432360,"Classifies the document by its type or subject matter. For example, call audio, script, form, signature specimen, video recording, web page, report, etc.",,,,785892b3-5424-4c13-bcb1-25d046122cfb,2022-10-21 12:45:42,,TEXT,,1bc69e7d-922c-4e4c-868e-110aa727b956,
"",,,,,,,,,,,,,70f78c65-a867-41c9-80b3-b29eb7dbb342,
Product Life Cycle Status Reason,reference_data,869329e0-db78-4c2f-b539-a831722602f7,fcbf4a8a-7011-4303-afa4-96834490ea3f,"Identifies the reason for the current life cycle status of the product. For example, approval process successful, entry date expired, legally required, opportunity identified, profitable, superseded, withdrawn, etc.",,,,22f0efca-d3b4-4b61-9d34-b8ad4c73973f,2022-10-21 12:45:42,,TEXT,,1bc69e7d-922c-4e4c-868e-110aa727b956,
"",,,,,,,,,,,,,740a852d-96c9-4882-82b6-60d728eb2d9a,
Sovereign Locations,reference_data,eebd338d-dbd5-37e4-9e4a-1296de82963a,534561ac-1080-3714-b7aa-5a5809ff1f00,Sovereign Locations Reference Dataset (SLRDS) is defined as sovereign administration data.,,,,,,,TEXT,,,
Physical Locations,reference_data,eebd338d-dbd5-37e4-9e4a-1296de82963a,c57cb90f-2126-3800-9c9f-9eab82021cdf,Physical Locations Reference Dataset (PLRDS) is defined as geographical position data.,,,,,,,TEXT,,,
