"qsInvColumnName","qsInvPattern","qsInvSample","qsInvCount","qsInvPercent"
"country","9410,Ushuaia,Tierra del Fuego,Argentina","9410,Ushuaia,Tierra del Fuego,Argentina","2.00000000000000000E+00","2.5641026E+00"
"country","Chile","Chile","4.00000000000000000E+00","5.1282053E+00"
"country","Argentina","Argentina","1.50000000000000000E+01","1.9230770E+01"
"country","Australia","Australia","2.00000000000000000E+00","2.5641026E+00"
"country","El Calafate,Santa Cruz Province,Argentina","El Calafate,Santa Cruz Province,Argentina","1.00000000000000000E+00","1.2820513E+00"
"country","El Chalten,Santa Cruz Province,Argentina","El Chalten,Santa Cruz Province,Argentina","1.00000000000000000E+00","1.2820513E+00"
"country","New Zealand","New Zealand","5.30000000000000000E+01","6.7948715E+01"
