"SITENUM","SUBID","SUBNUM","VISNAME","PAGENAME","VISITID","VISITSEQ","PAGEID","PAGESEQ","STATUSID","STATUSID_DEC","PAGELMDT","DATALMDT","AEREF","AEVNT","AETMCN","REPORTDAT","AESTDT","AEENDT","AEENDT_DEC","AECONT","AESEV","AESEV_DEC","AEREL","AEREL_DEC","AEACN","AEACN_DEC","AEOUT","AEOUT_DEC","AEUPLOAD","AETRANS","DELETETEST","DELETED"
101,132804,"SE-10100009","Events","Adverse Event",40,0,10,1,5,"Data Entered","12/19/2019","12/19/2019","AE-101-011","CHF","Headache","12/4/2019","2019-02-08","2019-03-05","","X",1,"Grade 2 / Moderate",2,"Possibly Related to Study Drug",1,"Study Drug dose decreased",3,"Not Recovered, Event still ongoing","Consent Document.pdf","","","f"
201,140077,"SE-20100010","Events","Adverse Event",40,0,10,1,5,"Data Entered","12/3/2018 ","12/3/2018 ","AE-201-001","headache","Taste alteration","","2018-12-02","2019-03-05","12/2/2018","X",2,"Grade 2 / Moderate",,"",,"",,"","","","","f"
101,131376,"SE-10100001","Events","Adverse Event",40,0,10,1,5,"Data Entered","7/9/2020 1","4/23/2020 ","AE-101-001","Increased Back pain","Arm Pain","1/1/2019","2018-09-21","2018-11-18","2/12/2019","",1,"Grade 2 / Moderate",1,"Not Related to Study Drug",1,"Study Drug dose decreased",3,"Not Recovered, Event still ongoing","","","","f"
101,132804,"SE-10100009","Events","Adverse Event",40,0,10,1,5,"Data Entered","12/19/2019","12/19/2019","AE-101-011","CHF","Congestive heart failure","12/4/2019","2019-07-11","2019-09-11","","X",3,"Grade 2 / Moderate",2,"Possibly Related to Study Drug",1,"Study Drug dose decreased",3,"Not Recovered, Event still ongoing","Consent Document.pdf","","","f"
201,168056,"SE-20100061","Events","Adverse Event",40,0,10,1,10,"Complete","10/6/2020 ","10/6/2020 ","AE-SE-20100061-8","Cough","Congestive heart failure","10/6/2020","2020-10-06","2021-02-25","","X",3,"Grade 2 / Moderate",1,"Not Related to Study Drug",N,"No action taken",3,"Not Recovered, Event still ongoing","","","","f"
101,142721,"SE-10100050","Events","Adverse Event",40,0,10,2,5,"Data Entered","2/27/2020 ","2/19/2020 ","AE-SE-10100050-30","Hand and Foot","Taste alteration","11/12/2019","2018-12-02","2019-03-05","","X",2,"Grade 2 / Moderate",2,"Possibly Related to Study Drug",,"",,"","","","","f"
101,132778,"SE-10100004","Events","Adverse Event",40,0,10,2,5,"Data Entered","12/18/2019","12/18/2019","AE-101-020","High Blood Pressure","Congestive heart failure","10/17/2019","2019-04-10","2019-06-12","","X",3,"Grade 3 / Severe",3,"Probably Related to Study Drug",,"",3,"Not Recovered, Event still ongoing","","","","f"
101,132778,"SE-10100004","Events","Adverse Event",40,0,10,2,5,"Data Entered","12/18/2019","12/18/2019","AE-101-020","High Blood Pressure","Chest pain precordial","10/17/2019","2019-10-29","2019-11-01","","X",3,"Grade 3 / Severe",3,"Probably Related to Study Drug",,"",3,"Not Recovered, Event still ongoing","","","","f"
101,132778,"SE-10100004","Events","Adverse Event",40,0,10,2,5,"Data Entered","12/18/2019","12/18/2019","AE-101-020","High Blood Pressure","Fever","10/17/2019","2019-05-15","2019-12-02","","X",1,"Grade 3 / Severe",3,"Probably Related to Study Drug",,"",3,"Not Recovered, Event still ongoing","","","","f"
102,131503,"SE-10200002","Safety Visit","Adverse Event",140,1,10,0,5,"Data Entered","12/19/2019","12/19/2019","AE #2","Hypertension","Migraine","7/17/2019","2019-05-22","2019-12-18","12/18/2019","",2,"Grade 2 / Moderate",3,"Probably Related to Study Drug",3,"Concomitant Medication dose changed",,"","","","","f"
201,131501,"SE-20100001","Events","Adverse Event",40,0,10,1,10,"Complete","5/8/2020 1","5/8/2020 1","AE-SE-20100001-5","stroke","Migraine","5/8/2020","2018-12-02","2019-05-26","","X",2,"",,"",,"",,"","","","","f"
101,131376,"SE-10100001","Events","Adverse Event",40,0,10,3,5,"Data Entered","3/31/2020 ","3/31/2020 ","AE-SE-10100001-37","Pulmonary Embolsm","Arm Pain","12/17/2018","2019-01-18","2019-02-12","12/28/2018","",1,"Grade 4 / Life Threatening",2,"Possibly Related to Study Drug",5,"Procedure performed or Therapy given",1,"Recovered","","","","f"
101,132808,"SE-10100011","Events","Adverse Event",40,0,10,1,5,"Data Entered","12/20/2019","12/20/2019","AE-101-006","Congestive Heart Failure","Chest pain precordial","5/5/2019","2018-12-02","2019-03-05","","X",3,"Grade 4 / Life Threatening",2,"Possibly Related to Study Drug",2,"Study Drug stopped",3,"Not Recovered, Event still ongoing","","","","f"
201,168056,"SE-20100061","Safety Visit","Adverse Event",140,1,10,0,10,"Complete","10/13/2020","10/13/2020","AE #19","Death","Headache","","2018-12-02","2019-03-04","10/13/2020","",1,"",,"",,"",,"","","","","f"
101,132778,"SE-10100004","Events","Adverse Event",40,0,10,1,10,"Complete","4/5/2021 1","2/19/2020 ","AE-101-009","Stubbed toe","Headache","11/5/2019","2019-09-18","2019-11-18","","X",1,"Grade 3 / Severe",2,"Possibly Related to Study Drug",4,"New Concomitant Medication given",3,"Not Recovered, Event still ongoing","","","","f"
101,142721,"SE-10100050","Events","Adverse Event",40,0,10,1,10,"Complete","7/22/2020 ","7/22/2020 ","AE-SE-10100050-29","Influenza with mod body aches and cough","Chest pain precordial","6/5/2019","2018-12-02","2019-03-04","","X",3,"Grade 3 / Severe",1,"Not Related to Study Drug",,"",,"","","","","f"
102,131499,"SE-10200001","Events","Adverse Event",40,0,10,1,5,"Data Entered","12/19/2019","12/19/2019","AE-102-001","Hand and Foot","Chest pain precordial","10/8/2019","2018-09-13","2019-03-11","","X",3,"Grade 3 / Severe",3,"Probably Related to Study Drug",2,"Study Drug stopped",3,"Not Recovered, Event still ongoing","","","","f"
102,131499,"SE-10200001","Events","Adverse Event",40,0,10,1,5,"Data Entered","12/19/2019","12/19/2019","AE-102-001","Hand and Foot","Congestive heart failure","10/8/2019","2018-09-13","2019-02-25","","X",3,"Grade 3 / Severe",3,"Probably Related to Study Drug",2,"Study Drug stopped",3,"Not Recovered, Event still ongoing","","","","f"
101,132778,"SE-10100004","Events","Adverse Event",40,0,10,1,10,"Complete","4/5/2021 1","2/19/2020 ","AE-101-009","Stubbed toe","Congestive heart failure","11/5/2019","2019-09-23","2019-09-24","","X",3,"Grade 3 / Severe",2,"Possibly Related to Study Drug",4,"New Concomitant Medication given",3,"Not Recovered, Event still ongoing","","","","f"
101,132778,"SE-10100004","Events","Adverse Event",40,0,10,1,10,"Complete","4/5/2021 1","2/19/2020 ","AE-101-009","Stubbed toe","Chest pain precordial","11/5/2019","2018-07-09","2019-07-06","","X",3,"Grade 3 / Severe",2,"Possibly Related to Study Drug",4,"New Concomitant Medication given",3,"Not Recovered, Event still ongoing","","","","f"
101,131376,"SE-10100001","Events","Adverse Event",40,0,10,3,5,"Data Entered","3/31/2020 ","3/31/2020 ","AE-SE-10100001-37","Pulmonary Embolsm","Myalgia","12/17/2018","2018-08-17","2019-11-15","12/28/2018","",2,"Grade 4 / Life Threatening",2,"Possibly Related to Study Drug",5,"Procedure performed or Therapy given",1,"Recovered","","","","f"
101,131376,"SE-10100001","Events","Adverse Event",40,0,10,3,5,"Data Entered","3/31/2020 ","3/31/2020 ","AE-SE-10100001-37","Pulmonary Embolsm","Palpitations","12/17/2018","2018-12-02","2019-05-26","12/28/2018","",2,"Grade 4 / Life Threatening",2,"Possibly Related to Study Drug",5,"Procedure performed or Therapy given",1,"Recovered","","","","f"
