"name","Address","Zip_Postal_Code","city","State_Province","country","AccuracyCode_QSAV","AddressQualityIndex_QSAV","Organization_QSAV","Department_QSAV","Function_QSAV","Contact_QSAV","Building_QSAV","Subbuilding_QSAV","HouseNumber_QSAV","Street_QSAV","DependentStreet_QSAV","POBOX_QSAV","Locality_QSAV","DependentLocality_QSAV","DoubleDependentLocality_QSAV","PostCode_QSAV","PostalCodePrimary_QSAV","PostalCodeSecondary_QSAV","SuperAdministrativeArea_QSAV","AdministrativeArea_QSAV","SubAdministrativeArea_QSAV","Country_QSAV","ISO3166_2_QSAV","ISO3166_3_QSAV","ISO3166_N_QSAV","Address_QSAV","Residue_QSAV","DeliveryAddress1_QSAV","DeliveryAddress2_QSAV","DeliveryAddress3_QSAV","DeliveryAddress4_QSAV","DeliveryAddress5_QSAV","DeliveryAddress6_QSAV","DeliveryAddress7_QSAV","DeliveryAddress8_QSAV","FormattedAddress1_QSAV","FormattedAddress2_QSAV","FormattedAddress3_QSAV","FormattedAddress4_QSAV","FormattedAddress5_QSAV","FormattedAddress6_QSAV","FormattedAddress7_QSAV","FormattedAddress8_QSAV","FormattedAddress9_QSAV","FormattedAddress10_QSAV","AddressFormat_QSAV","DeliveryAddress_QSAV","DeliveryAddressFormat_QSAV","LocalityExtra_QSAV","LocalitySpecial_QSAV","PremiseExtra_QSAV"
"Los Cauquenes Resort & Spa","","De la Ermita 3462","","","9410,Ushuaia,Tierra del Fuego,Argentina","U00-I02-P1-100","E","","","","","","","","","","","","","","DE ERMITA ","DE ERMITA ","","","","","Lao People's Democratic Republic","LA","LAO","418","DE ERMITA 3462","","","","","","","","","","DE ERMITA 3462","","","","","","","","","","","","","","",""
"Campanilla","El Recodo 825","","Ushuaia","Tierra del Fuego","Argentina","U00-I24-P0-100","E","","","","","","","825","El Recodo","","","Ushuaia","","","","","","","Tierra del Fuego","","Argentina","AR","ARG","032","El Recodo 825|Ushuaia","","El Recodo 825","","","","","","","","El Recodo 825","Ushuaia","","","","","","","","","","El Recodo 825","","","",""
"Fueguino","Gobernador Deloqui 1282","1665","Ushuaia","Tierra del Fuego","Argentina","U00-I24-P2-100","E","","","","","","","1282","Gobernador Deloqui","","","Ushuaia","","","1665","1665","","","Tierra del Fuego","","Argentina","AR","ARG","032","Gobernador Deloqui 1282|1665 Ushuaia","","Gobernador Deloqui 1282","","","","","","","","Gobernador Deloqui 1282","1665 Ushuaia","","","","","","","","","","Gobernador Deloqui 1282","","","",""
"Frai Toluca","Peron 1016 - 9405 El Calafate","","El Calafate","Santa Cruz Province","Argentina","U00-I25-P0-100","E","","","","","El Calafate","1016 - 9405","","Peron","","","El Calafate","","","","","","","Santa Cruz Province","","Argentina","AR","ARG","032","Peron|El Calafate 1016 - 9405|El Calafate","","Peron","El Calafate 1016 - 9405","","","","","","","Peron","El Calafate 1016 - 9405","El Calafate","","","","","","","","","Peron|El Calafate 1016 - 9405","","","",""
"Balmoral","","265 Tay Street","","","9810,Invercargill,Southland,New Zealand","U00-U00-P0-000","","","","","","","","","","","","","","","","","","","","","","","","","","","","","","","","","","","","","","","","","","","","","","","","","",""
"Via Rondine","","Hipolito Irigoyen 797","","","9410,Ushuaia,Tierra del Fuego,Argentina","U00-U00-P0-000","","","","","","","","","","","","","","","","","","","","","","","","","","","","","","","","","","","","","","","","","","","","","","","","","",""
"Hosteria Mirabeagle","","De Los Nires No. 3220","","","9410,Ushuaia,Tierra del Fuego,Argentina","U00-I02-P1-100","E","","","","","","","","","","","","","","DE LOS NIR","DE LOS NIR","","","","","Norway","NO","NOR","578","DE LOS NIRES 3220","","","","","","","","","","DE LOS NIRES 3220","","","","","","","","","","","","","","",""
"Hotel del Glaciar","Av. Luis Fernando Martial 2355","9410","Ushuaia","Tierra del Fuego","Argentina","U00-I44-P2-100","E","","","","","","","2355","Avenida Luis Fernando Martial","","","Ushuaia","","","9410","9410","","","Tierra del Fuego","","Argentina","AR","ARG","032","Avenida Luis Fernando Martial 2355|9410 Ushuaia","","Avenida Luis Fernando Martial 2355","","","","","","","","Avenida Luis Fernando Martial 2355","9410 Ushuaia","","","","","","","","","","Avenida Luis Fernando Martial 2355","","","",""
"Las Hayas","Luis Martial","1650","Ushuaia","Tierra del Fuego","Argentina","U00-I23-P2-100","E","","","","","","","","Luis Martial","","","Ushuaia","","","1650","1650","","","Tierra del Fuego","","Argentina","AR","ARG","032","Luis Martial|1650 Ushuaia","","Luis Martial","","","","","","","","Luis Martial","1650 Ushuaia","","","","","","","","","","Luis Martial","","","",""
"Cabo De Hornos","Plaza Numoz Gamero 1025","1025","Punta Arenas","Magallanes And Antartica Chilena Region","Chile","U00-I44-P1-100","E","","","","","","","1025","Plaza Numoz Gamero","","","Punta Arenas","","","1025","1025","","","Magallanes And Antartica Chilena Region","","Chile","CL","CHL","152","Plaza Numoz Gamero 1025|1025 Punta Arenas|Magallanes And Antartica Chilena Region","","Plaza Numoz Gamero 1025","","","","","","","","Plaza Numoz Gamero 1025","1025 Punta Arenas","Magallanes And Antartica Chilena Region","","","","","","","","","Plaza Numoz Gamero 1025","","","",""
"Comfort Inn Tayesta","343 Tay Street","9810","Invercargill","Southland","New Zealand","U00-I44-P2-100","E","","","","","","","343","Tay Street","","","Invercargill","","","9810","9810","","","Southland","","New Zealand","NZ","NZL","554","343 Tay Street|Invercargill 9810","","343 Tay Street","","","","","","","","343 Tay Street","Invercargill 9810","","","","","","","","","","343 Tay Street","","","",""
"Wam","Hipolito Yrigoyen 2196","9000","Comodoro Rivadavia","Chubut Province","Argentina","U00-I24-P2-100","E","","","","","","","2196","Yrigoyen","","","Comodoro Rivadavia","","","9000","9000","","","Chubut Province","","Argentina","AR","ARG","032","Yrigoyen 2196|9000 Comodoro Rivadavia","Hipolito","Yrigoyen 2196","","","","","","","","Yrigoyen 2196","9000 Comodoro Rivadavia","","","","","","","","","","Yrigoyen 2196","","","",""
"Abbey Lodge","","900 Cumberland Street","","","9001,Dunedin,Otago,New Zealand","U00-U00-P0-000","","","","","","","","","","","","","","","","","","","","","","","","","","","","","","","","","","","","","","","","","","","","","","","","","",""
"Mercure Leisure Lodge","30 Duke Street","9016","Dunedin","Otago","New Zealand","U00-I44-P2-100","E","","","","","","","30","Duke Street","","","Dunedin","","","9016","9016","","","Otago","","New Zealand","NZ","NZL","554","30 Duke Street|Dunedin 9016","","30 Duke Street","","","","","","","","30 Duke Street","Dunedin 9016","","","","","","","","","","30 Duke Street","","","",""
"Anchorage Motel","47 Quintin Drive","","Te Anau","Southland","New Zealand","U00-I44-P0-100","E","","","","","","","47","Quintin Drive","","","Te Anau","","","","","","","Southland","","New Zealand","NZ","NZL","554","47 Quintin Drive|Te Anau","","47 Quintin Drive","","","","","","","","47 Quintin Drive","Te Anau","","","","","","","","","","47 Quintin Drive","","","",""
"Diego de Almagro Punta Arenas","Avenida Colon 1290","6200000","Punta Arenas","Magallanes And Antartica Chilena Region","Chile","U00-I44-P2-100","E","","","","","","","1290","Avenida Colon","","","Punta Arenas","","","6200000","6200000","","","Magallanes And Antartica Chilena Region","","Chile","CL","CHL","152","Avenida Colon 1290|6200000 Punta Arenas|Magallanes And Antartica Chilena Region","","Avenida Colon 1290","","","","","","","","Avenida Colon 1290","6200000 Punta Arenas","Magallanes And Antartica Chilena Region","","","","","","","","","Avenida Colon 1290","","","",""
"Plaza","Jose Nogueira 1116","-","Punta Arenas","Magallanes And Antartica Chilena Region","Chile","U00-I24-P0-100","E","","","","","","","1116","Jose Nogueira","","","Punta Arenas","","","","","","","Magallanes And Antartica Chilena Region","","Chile","CL","CHL","152","Jose Nogueira 1116|Punta Arenas|Magallanes And Antartica Chilena Region","","Jose Nogueira 1116","","","","","","","","Jose Nogueira 1116","Punta Arenas","Magallanes And Antartica Chilena Region","","","","","","","","","Jose Nogueira 1116","","","",""
"Hosteria Los Hielos","Rene Favaloro 3698","9405","El Calafate","Santa Cruz Province","Argentina","U00-I24-P2-100","E","","","","","","","3698","Rene Favaloro","","","El Calafate","","","9405","9405","","","Santa Cruz Province","","Argentina","AR","ARG","032","Rene Favaloro 3698|9405 El Calafate","","Rene Favaloro 3698","","","","","","","","Rene Favaloro 3698","9405 El Calafate","","","","","","","","","","Rene Favaloro 3698","","","",""
"La Aldea Hotel","","Av. Guemes"," No 95"""","9301","El Chalten,Santa Cruz Province,Argentina","U00-I22-P2-100","E","","","","","","95","","","","","Av. Guemes","","","9301","9301","","","","","Norway","NO","NOR","578","95|9301 Av. Guemes","","95","","","","","","","","95","9301 Av. Guemes","","","","","","","","","","95","","","",""
"Livingspace","15 Tay Streetinvercargill","9810","Invercargill","Southland","New Zealand","U00-I24-P2-100","E","","","","","","","15","Tay Streetinvercargill","","","Invercargill","","","9810","9810","","","Southland","","New Zealand","NZ","NZL","554","15 Tay Streetinvercargill|Invercargill 9810","","15 Tay Streetinvercargill","","","","","","","","15 Tay Streetinvercargill","Invercargill 9810","","","","","","","","","","15 Tay Streetinvercargill","","","",""
"Alpine Motel","","285 Thames Street","","","9400,Oamaru,Otago,New Zealand","U00-U00-P0-000","","","","","","","","","","","","","","","","","","","","","","","","","","","","","","","","","","","","","","","","","","","","","","","","","",""
"Queenstown Lodge","","Sainsbury Road","Otago"""","9300","Fernhill,Otago,New Zealand","U00-U00-P0-000","","","","","","","","","","","","","","","","","","","","","","","","","","","","","","","","","","","","","","","","","","","","","","","","","",""
"St Moritz","","10-18 Brunswick street","","","9348,Queenstown,Otago,New Zealand","U00-U00-P0-000","","","","","","","","","","","","","","","","","","","","","","","","","","","","","","","","","","","","","","","","","","","","","","","","","",""
"Heartland Hotel Queenstown","27 Stanley Street","9348","Queenstown","Otago","New Zealand","U00-I44-P2-100","E","","","","","","","27","Stanley Street","","","Queenstown","","","9348","9348","","","Otago","","New Zealand","NZ","NZL","554","27 Stanley Street|Queenstown 9348","","27 Stanley Street","","","","","","","","27 Stanley Street","Queenstown 9348","","","","","","","","","","27 Stanley Street","","","",""
"DoubleTree by Hilton Hotel Queenstown","Kawarau Village 79 Peninsula Road","9300","Queenstown","Otago","New Zealand","U00-I33-P2-100","E","","","","","","","","Kawarau Village 79 Peninsula Road","","","Queenstown","","","9300","9300","","","Otago","","New Zealand","NZ","NZL","554","Kawarau Village 79 Peninsula Road|Queenstown 9300","","Kawarau Village 79 Peninsula Road","","","","","","","","Kawarau Village 79 Peninsula Road","Queenstown 9300","","","","","","","","","","Kawarau Village 79 Peninsula Road","","","",""
"Kelvin","","Cnr Kelvin & Esk Streets","","","9810,Invercargill,Southland,New Zealand","U00-U00-P0-000","","","","","","","","","","","","","","","","","","","","","","","","","","","","","","","","","","","","","","","","","","","","","","","","","",""
"ASURE Evergreen Motel","217 North Road","","Invercargill","Southland","New Zealand","U00-I44-P0-100","E","","","","","","","217","North Road","","","Invercargill","","","","","","","Southland","","New Zealand","NZ","NZL","554","217 North Road|Invercargill","","217 North Road","","","","","","","","217 North Road","Invercargill","","","","","","","","","","217 North Road","","","",""
"Lucania Palazzo Hotel","Moreno 676","9000","Comodoro Rivadavia","Chubut Province","Argentina","U00-I24-P2-100","E","","","","","","","676","Moreno","","","Comodoro Rivadavia","","","9000","9000","","","Chubut Province","","Argentina","AR","ARG","032","Moreno 676|9000 Comodoro Rivadavia","","Moreno 676","","","","","","","","Moreno 676","9000 Comodoro Rivadavia","","","","","","","","","","Moreno 676","","","",""
"Deacons Court","342 High Street","9016","Dunedin","Otago","New Zealand","U00-I44-P2-100","E","","","","","","","342","High Street","","","Dunedin","","","9016","9016","","","Otago","","New Zealand","NZ","NZL","554","342 High Street|Dunedin 9016","","342 High Street","","","","","","","","342 High Street","Dunedin 9016","","","","","","","","","","342 High Street","","","",""
"Scenic Hotel Dunedin City","Corner Of Princes And Dowling Streets","9054","Dunedin","Otago","New Zealand","U00-I33-P2-100","E","","","","","","","","Corner Of Princes And Dowling St","","","Dunedin","","","9054","9054","","","Otago","","New Zealand","NZ","NZL","554","Corner Of Princes And Dowling St|Dunedin 9054","","Corner Of Princes And Dowling St","","","","","","","","Corner Of Princes And Dowling St","Dunedin 9054","","","","","","","","","","Corner Of Princes And Dowling St","","","",""
"Goldridge","","594 Frankton Road","","","9384,Queenstown,Otago,New Zealand","U00-U00-P0-000","","","","","","","","","","","","","","","","","","","","","","","","","","","","","","","","","","","","","","","","","","","","","","","","","",""
"Copthorne Hotel and Apartments Queenstown Lakeview","88 Frankton Road","9300","Queenstown","Otago","New Zealand","U00-I44-P2-100","E","","","","","","","88","Frankton Road","","","Queenstown","","","9300","9300","","","Otago","","New Zealand","NZ","NZL","554","88 Frankton Road|Queenstown 9300","","88 Frankton Road","","","","","","","","88 Frankton Road","Queenstown 9300","","","","","","","","","","88 Frankton Road","","","",""
"Holiday Inn Queenstown Frankton Road","","594 Frankton Rd"," Queenstown"""","9348","Queenstown,Otago,New Zealand","U00-U00-P0-000","","","","","","","","","","","","","","","","","","","","","","","","","","","","","","","","","","","","","","","","","","","","","","","","","",""
"Shotover Lodge","157 Arthurs Point Road","9300","Queenstown","Otago","New Zealand","U00-I44-P2-100","E","","","","","","","157","Arthurs Point Road","","","Queenstown","","","9300","9300","","","Otago","","New Zealand","NZ","NZL","554","157 Arthurs Point Road|Queenstown 9300","","157 Arthurs Point Road","","","","","","","","157 Arthurs Point Road","Queenstown 9300","","","","","","","","","","157 Arthurs Point Road","","","",""
"Ramada Resort Wanaka","109 Mount Aspiring Road Lake Wanaka Otago","9305","Wanaka","","New Zealand","U00-I44-P0-100","E","","","","","","","109","Mount Aspiring Road","","","Lake Wanaka","","","","","","","Otago","","New Zealand","NZ","NZL","554","109 Mount Aspiring Road|Lake Wanaka","","109 Mount Aspiring Road","","","","","","","","109 Mount Aspiring Road","Lake Wanaka","","","","","","","","","","109 Mount Aspiring Road","","","",""
"Alhambra Oaks Motor Lodge","588 Great King Street","","Dunedin","Otago","New Zealand","U00-I44-P0-100","E","","","","","","","588","Great King Street","","","Dunedin","","","","","","","Otago","","New Zealand","NZ","NZL","554","588 Great King Street|Dunedin","","588 Great King Street","","","","","","","","588 Great King Street","Dunedin","","","","","","","","","","588 Great King Street","","","",""
"Bella Vista Dunedin Motel","704 Great King St North","","Dunedin","Otago","New Zealand","U00-I44-P0-100","E","","","","","","","704","Great King Street North","","","Dunedin","","","","","","","Otago","","New Zealand","NZ","NZL","554","704 Great King Street North|Dunedin","","704 Great King Street North","","","","","","","","704 Great King Street North","Dunedin","","","","","","","","","","704 Great King Street North","","","",""
"Azur","23 Mackinnon Terrace","9300","Queenstown","Otago","New Zealand","U00-I44-P2-100","E","","","","","","","23","Mackinnon Terrace","","","Queenstown","","","9300","9300","","","Otago","","New Zealand","NZ","NZL","554","23 Mackinnon Terrace|Queenstown 9300","","23 Mackinnon Terrace","","","","","","","","23 Mackinnon Terrace","Queenstown 9300","","","","","","","","","","23 Mackinnon Terrace","","","",""
"Oaks Club Resorts","","171-179 Frankton Road","","","9197,Queenstown,Otago,New Zealand","U00-U00-P0-000","","","","","","","","","","","","","","","","","","","","","","","","","","","","","","","","","","","","","","","","","","","","","","","","","",""
"Nomads Queenstown","","5-11 Church Street","","","9300,Queenstown,Otago,New Zealand","U00-U00-P0-000","","","","","","","","","","","","","","","","","","","","","","","","","","","","","","","","","","","","","","","","","","","","","","","","","",""
"Comfort Hotel Benvenue","Sh 1 / 16-22 Evans Street","7910","Timaru","Canterbury","New Zealand","U00-I44-P2-100","E","","","","","Evans Street","","16-22","State Highway 1","","","Timaru","","","7910","7910","","","Canterbury","","New Zealand","NZ","NZL","554","Evans Street|16-22 State Highway 1|Timaru 7910","","Evans Street","16-22 State Highway 1","","","","","","","Evans Street","16-22 State Highway 1","Timaru 7910","","","","","","","","","Evans Street|16-22 State Highway 1","","","",""
"Ramada Suites Christchurch City","264-266 Tuam Street","","Christchurch","Canterbury","New Zealand","U00-I44-P0-100","E","","","","","","","264-266","Tuam Street","","","Christchurch","","","","","","","Canterbury","","New Zealand","NZ","NZL","554","264-266 Tuam Street|Christchurch","","264-266 Tuam Street","","","","","","","","264-266 Tuam Street","Christchurch","","","","","","","","","","264-266 Tuam Street","","","",""
"Oaks On Cashel","187 CASHEL ROAD","8001","Christchurch","Canterbury","New Zealand","U00-I44-P2-100","E","","","","","","","187","Cashel Road","","","Christchurch","","","8001","8001","","","Canterbury","","New Zealand","NZ","NZL","554","187 Cashel Road|Christchurch 8001","","187 Cashel Road","","","","","","","","187 Cashel Road","Christchurch 8001","","","","","","","","","","187 Cashel Road","","","",""
"Heritage","","28 Cathedral Square","Canterbury"""","8011","Christchurch,Canterbury,New Zealand","U00-U00-P0-000","","","","","","","","","","","","","","","","","","","","","","","","","","","","","","","","","","","","","","","","","","","","","","","","","",""
"Hotel 115","115 Worchester Street","8011","Christchurch","Canterbury","New Zealand","U00-I44-P2-100","E","","","","","","","115","Worchester Street","","","Christchurch","","","8011","8011","","","Canterbury","","New Zealand","NZ","NZL","554","115 Worchester Street|Christchurch 8011","","115 Worchester Street","","","","","","","","115 Worchester Street","Christchurch 8011","","","","","","","","","","115 Worchester Street","","","",""
"Oaks Shores","","327-343 Frankton Road","","","9300,Queenstown,Otago,New Zealand","U00-U00-P0-000","","","","","","","","","","","","","","","","","","","","","","","","","","","","","","","","","","","","","","","","","","","","","","","","","",""
"Queenstown Park Boutique Hotel","21 ROBINS ROAD","","Queenstown","Otago","New Zealand","U00-I44-P0-100","E","","","","","","","21","Robins Road","","","Queenstown","","","","","","","Otago","","New Zealand","NZ","NZL","554","21 Robins Road|Queenstown","","21 Robins Road","","","","","","","","21 Robins Road","Queenstown","","","","","","","","","","21 Robins Road","","","",""
"Heritage","","91 Fernhill Road","","","9300,Queenstown,Otago,New Zealand","U00-U00-P0-000","","","","","","","","","","","","","","","","","","","","","","","","","","","","","","","","","","","","","","","","","","","","","","","","","",""
"Swiss-Belresort Coronet Peak","161 Arthurs Point Rd","","Queenstown","Otago","New Zealand","U00-I44-P0-100","E","","","","","","","161","Arthurs Point Road","","","Queenstown","","","","","","","Otago","","New Zealand","NZ","NZL","554","161 Arthurs Point Road|Queenstown","","161 Arthurs Point Road","","","","","","","","161 Arthurs Point Road","Queenstown","","","","","","","","","","161 Arthurs Point Road","","","",""
"Maple Lodge","Halliday Rd","9382","Wanaka","Otago","New Zealand","U00-I33-P2-100","E","","","","","","","","Halliday Road","","","Wanaka","","","9382","9382","","","Otago","","New Zealand","NZ","NZL","554","Halliday Road|Wanaka 9382","","Halliday Road","","","","","","","","Halliday Road","Wanaka 9382","","","","","","","","","","Halliday Road","","","",""
"Rendezvous Hotel Christchurch","166 Gloucester Street","8011","Christchurch","Canterbury","New Zealand","U00-I44-P2-100","E","","","","","","","166","Gloucester Street","","","Christchurch","","","8011","8011","","","Canterbury","","New Zealand","NZ","NZL","554","166 Gloucester Street|Christchurch 8011","","166 Gloucester Street","","","","","","","","166 Gloucester Street","Christchurch 8011","","","","","","","","","","166 Gloucester Street","","","",""
"Chateau on the Park","189 Deans Avenue","8011","Christchurch","Canterbury","New Zealand","U00-I44-P2-100","E","","","","","","","189","Deans Avenue","","","Christchurch","","","8011","8011","","","Canterbury","","New Zealand","NZ","NZL","554","189 Deans Avenue|Christchurch 8011","","189 Deans Avenue","","","","","","","","189 Deans Avenue","Christchurch 8011","","","","","","","","","","189 Deans Avenue","","","",""
"Aotea","302 Bealey Avenue","8013","Christchurch","Canterbury","New Zealand","U00-I44-P2-100","E","","","","","","","302","Bealey Avenue","","","Christchurch","","","8013","8013","","","Canterbury","","New Zealand","NZ","NZL","554","302 Bealey Avenue|Christchurch 8013","","302 Bealey Avenue","","","","","","","","302 Bealey Avenue","Christchurch 8013","","","","","","","","","","302 Bealey Avenue","","","",""
"Home Lea Bed & Breakfast","195 Bealey Avenue","8013","Christchurch","Canterbury","New Zealand","U00-I44-P2-100","E","","","","","","","195","Bealey Avenue","","","Christchurch","","","8013","8013","","","Canterbury","","New Zealand","NZ","NZL","554","195 Bealey Avenue|Christchurch 8013","","195 Bealey Avenue","","","","","","","","195 Bealey Avenue","Christchurch 8013","","","","","","","","","","195 Bealey Avenue","","","",""
"All Seasons","","72 Papanui Road Merivale","Canterbury"""","8014","Christchurch,Canterbury,New Zealand","U00-U00-P0-000","","","","","","","","","","","","","","","","","","","","","","","","","","","","","","","","","","","","","","","","","","","","","","","","","",""
"Hosteria Del Recodo","","Calle del Recodo 2361","","","9410,Ushuaia,Tierra del Fuego,Argentina","U00-U00-P0-000","","","","","","","","","","","","","","","","","","","","","","","","","","","","","","","","","","","","","","","","","","","","","","","","","",""
"Albatros","Av. Maipu 505","9410","Ushuaia","Tierra del Fuego","Argentina","U00-I44-P2-100","E","","","","","","","505","Avenida Maipu","","","Ushuaia","","","9410","9410","","","Tierra del Fuego","","Argentina","AR","ARG","032","Avenida Maipu 505|9410 Ushuaia","","Avenida Maipu 505","","","","","","","","Avenida Maipu 505","9410 Ushuaia","","","","","","","","","","Avenida Maipu 505","","","",""
"Hotel Rey Don Felipe","","Armando Sanhueza 965","","","6200729,Punta Arenas,Magallanes And Antartica Chilena Region,Chile","U00-U00-P0-000","","","","","","","","","","","","","","","","","","","","","","","","","","","","","","","","","","","","","","","","","","","","","","","","","",""
"Best Western Townsman Motor Lodge","195 Tay Street","9810","Invercargill","Southland","New Zealand","U00-I44-P2-100","E","","","","","","","195","Tay Street","","","Invercargill","","","9810","9810","","","Southland","","New Zealand","NZ","NZL","554","195 Tay Street|Invercargill 9810","","195 Tay Street","","","","","","","","195 Tay Street","Invercargill 9810","","","","","","","","","","195 Tay Street","","","",""
"Quest Invercargill Serviced Apartments","","10 Dee Street","Southland"""","9810","Invercargill,Southland,New Zealand","U00-U00-P0-000","","","","","","","","","","","","","","","","","","","","","","","","","","","","","","","","","","","","","","","","","","","","","","","","","",""
"Los Nires","Av. De Los Nires","3040","Ushuaia","Tierra del Fuego","Argentina","U00-I33-P2-100","E","","","","","","","","Avenida De Los Nires","","","Ushuaia","","","3040","3040","","","Tierra del Fuego","","Argentina","AR","ARG","032","Avenida De Los Nires|3040 Ushuaia","","Avenida De Los Nires","","","","","","","","Avenida De Los Nires","3040 Ushuaia","","","","","","","","","","Avenida De Los Nires","","","",""
"Cumbres del Martial","LUIS F. MARTIAL 3560","9410","Ushuaia","Tierra del Fuego","Argentina","U00-I44-P2-100","E","","","","","","","3560","Luis F. Martial","","","Ushuaia","","","9410","9410","","","Tierra del Fuego","","Argentina","AR","ARG","032","Luis F. Martial 3560|9410 Ushuaia","","Luis F. Martial 3560","","","","","","","","Luis F. Martial 3560","9410 Ushuaia","","","","","","","","","","Luis F. Martial 3560","","","",""
"Hotel Los Acebos","Luis F. Martial 1911","9410","Ushuaia","Tierra del Fuego","Argentina","U00-I44-P2-100","E","","","","","","","1911","Luis F. Martial","","","Ushuaia","","","9410","9410","","","Tierra del Fuego","","Argentina","AR","ARG","032","Luis F. Martial 1911|9410 Ushuaia","","Luis F. Martial 1911","","","","","","","","Luis F. Martial 1911","9410 Ushuaia","","","","","","","","","","Luis F. Martial 1911","","","",""
"Altos","Luis Fernando Martial 1441","9410","Ushuaia","Tierra del Fuego","Argentina","U00-I24-P2-100","E","","","","","","","1441","Luis Fernando Martial","","","Ushuaia","","","9410","9410","","","Tierra del Fuego","","Argentina","AR","ARG","032","Luis Fernando Martial 1441|9410 Ushuaia","","Luis Fernando Martial 1441","","","","","","","","Luis Fernando Martial 1441","9410 Ushuaia","","","","","","","","","","Luis Fernando Martial 1441","","","",""
"Best Western Finis Terrae","Av. Colon 766","","Punta Arenas","Magallanes And Antartica Chilena Region","Chile","U00-I44-P0-100","E","","","","","","","766","Avenida Colon","","","Punta Arenas","","","","","","","Magallanes And Antartica Chilena Region","","Chile","CL","CHL","152","Avenida Colon 766|Punta Arenas|Magallanes And Antartica Chilena Region","","Avenida Colon 766","","","","","","","","Avenida Colon 766","Punta Arenas","Magallanes And Antartica Chilena Region","","","","","","","","","Avenida Colon 766","","","",""
"Best Western 555 On Bayview","555 Andersons Bay Road","9012","Dunedin","Otago","New Zealand","U00-I44-P2-100","E","","","","","","","555","Andersons Bay Road","","","Dunedin","","","9012","9012","","","Otago","","New Zealand","NZ","NZL","554","555 Andersons Bay Road|Dunedin 9012","","555 Andersons Bay Road","","","","","","","","555 Andersons Bay Road","Dunedin 9012","","","","","","","","","","555 Andersons Bay Road","","","",""
"Wains Hotel Dunedin","310 Princes Street","9016","Dunedin","Otago","New Zealand","U00-I44-P2-100","E","","","","","","","310","Princes Street","","","Dunedin","","","9016","9016","","","Otago","","New Zealand","NZ","NZL","554","310 Princes Street|Dunedin 9016","","310 Princes Street","","","","","","","","310 Princes Street","Dunedin 9016","","","","","","","","","","310 Princes Street","","","",""
"Cable Court","833 Cumberland Street","9016","Dunedin","Otago","New Zealand","U00-I44-P2-100","E","","","","","","","833","Cumberland Street","","","Dunedin","","","9016","9016","","","Otago","","New Zealand","NZ","NZL","554","833 Cumberland Street|Dunedin 9016","","833 Cumberland Street","","","","","","","","833 Cumberland Street","Dunedin 9016","","","","","","","","","","833 Cumberland Street","","","",""
"Aden Motel","57-59 Quintin Drive","9600","Te Anau","Southland","New Zealand","U00-I44-P2-100","E","","","","","","","57-59","Quintin Drive","","","Te Anau","","","9600","9600","","","Southland","","New Zealand","NZ","NZL","554","57-59 Quintin Drive|Te Anau 9600","","57-59 Quintin Drive","","","","","","","","57-59 Quintin Drive","Te Anau 9600","","","","","","","","","","57-59 Quintin Drive","","","",""
"ASURE Amber Court Motel","68 Quintin Drive","","Te Anau","Southland","New Zealand","U00-I44-P0-100","E","","","","","","","68","Quintin Drive","","","Te Anau","","","","","","","Southland","","New Zealand","NZ","NZL","554","68 Quintin Drive|Te Anau","","68 Quintin Drive","","","","","","","","68 Quintin Drive","Te Anau","","","","","","","","","","68 Quintin Drive","","","",""
"Los Yamanas","Costa De Los Yamanas","3038","Ushuaia","Tierra del Fuego","Argentina","U00-I23-P2-100","E","","","","","","","","Costa De Los Yamanas","","","Ushuaia","","","3038","3038","","","Tierra del Fuego","","Argentina","AR","ARG","032","Costa De Los Yamanas|3038 Ushuaia","","Costa De Los Yamanas","","","","","","","","Costa De Los Yamanas","3038 Ushuaia","","","","","","","","","","Costa De Los Yamanas","","","",""
"Las Lengas","Goleta Florencia","1722","Ushuaia","Tierra del Fuego","Argentina","U00-I23-P2-100","E","","","","","","","","Goleta","","","Florencia","","","1722","1722","","","Tierra del Fuego","Ushuaia","Argentina","AR","ARG","032","Goleta|1722 Florencia","","Goleta","","","","","","","","Goleta","1722 Florencia","","","","","","","","","","Goleta","","","",""
"Eolo Lodge","","Provincial Route 11"," km.23"""","9405","El Calafate,Santa Cruz Province,Argentina","U00-I02-P1-100","E","","","","","","","","","","","23","","","PROVINCIAL","PROVINCIAL","","","9405","","Comoros","KM","COM","174","23","","","","","","","","","","23","","","","","","","","","","","","","","",""
"Te Anau Lodge","","52 Howden Street","Te Anau"""","9600","Te Anau,Southland,New Zealand","U00-U00-P0-000","","","","","","","","","","","","","","","","","","","","","","","","","","","","","","","","","","","","","","","","","","","","","","","","","",""
"Vatsiker House B&B","23 Wynyard Crescent Queenstown NZ","","Queenstown","Otago","New Zealand","U00-I44-P0-100","E","","","","","","","23","Wynyard Crescent","","","Queenstown","Queenstown Hill","","","","","","Otago","","New Zealand","NZ","NZL","554","23 Wynyard Crescent|Queenstown Hill|Queenstown","Nz","23 Wynyard Crescent","Queenstown Hill","","","","","","","23 Wynyard Crescent","Queenstown Hill","Queenstown","","","","","","","","","23 Wynyard Crescent|Queenstown Hill","","","",""
"Mercure Resort","Sainsbury Road","50071","Queenstown","Otago","New Zealand","U00-I33-P1-100","E","","","","","","","","Sainsbury Road","","","Queenstown","","","50071","50071","","","Otago","","New Zealand","NZ","NZL","554","Sainsbury Road|Queenstown 50071","","Sainsbury Road","","","","","","","","Sainsbury Road","Queenstown 50071","","","","","","","","","","Sainsbury Road","","","",""
"Peppers Beacon","","33 Lake Esplanade","","","9197,Queenstown,Otago,New Zealand","U00-U00-P0-000","","","","","","","","","","","","","","","","","","","","","","","","","","","","","","","","","","","","","","","","","","","","","","","","","",""
"Novotel Queenstown Lakeside","Corner Marine Parade And Earl Street","50073","Queenstown","Otago","New Zealand","U00-I33-P1-100","E","","","","","","","","Corner Marine Parade And Earl Street","","","Queenstown","","","50073","50073","","","Otago","","New Zealand","NZ","NZL","554","Corner Marine Parade And Earl Street|Queenstown 50073","","Corner Marine Parade And Earl Street","","","","","","","","Corner Marine Parade And Earl Street","Queenstown 50073","","","","","","","","","","Corner Marine Parade And Earl Street","","","",""
"Crowne Plaza","Beach Street","9300","Queenstown","Otago","New Zealand","U00-I33-P2-100","E","","","","","","","","Beach Street","","","Queenstown","","","9300","9300","","","Otago","","New Zealand","NZ","NZL","554","Beach Street|Queenstown 9300","","Beach Street","","","","","","","","Beach Street","Queenstown 9300","","","","","","","","","","Beach Street","","","",""
"The Rees Hotel & Luxury Apartments","","377 Frankton Road","","","9300,Queenstown,Otago,New Zealand","U00-U00-P0-000","","","","","","","","","","","","","","","","","","","","","","","","","","","","","","","","","","","","","","","","","","","","","","","","","",""
"Copthorne Hotel Christchurch Durham Street","Corner Durham & Kilmore Streets","8013","Christchurch","Canterbury","New Zealand","U00-I33-P2-100","E","","","","","","","","Corner Durham & Kilmore St","","","Christchurch","","","8013","8013","","","Canterbury","","New Zealand","NZ","NZL","554","Corner Durham & Kilmore St|Christchurch 8013","","Corner Durham & Kilmore St","","","","","","","","Corner Durham & Kilmore St","Christchurch 8013","","","","","","","","","","Corner Durham & Kilmore St","","","",""
"Scenic Hotel Franz Josef Glacier","","36 Main Road"," PO Box 47"""","7856","Franz Josef Glacier,West Coast,New Zealand","U00-U00-P0-000","","","","","","","","","","","","","","","","","","","","","","","","","","","","","","","","","","","","","","","","","","","","","","","","","",""
"The Lodge On Elizabeth","","249 Elizabeth Street","Tasmania"""","7000","Hobart,Tasmania,Australia","U00-U00-P0-000","","","","","","","","","","","","","","","","","","","","","","","","","","","","","","","","","","","","","","","","","","","","","","","","","",""
"Fountainside","40 Brooker Avenue","7000","Hobart","Tasmania","Australia","U00-I44-P2-100","E","","","","","","","40","Brooker Ave","","","Hobart","","","7000","7000","","","TAS","","Australia","AU","AUS","036","40 Brooker Ave|Hobart TAS 7000","","40 Brooker Ave","","","","","","","","40 Brooker Ave","Hobart TAS 7000","","","","","","","","","","40 Brooker Ave","","","",""
"Comfort Inn Riverfront","897 Brooker Highway","7011","Hobart","Tasmania","Australia","U00-I44-P2-100","E","","","","","","","897","Brooker Hwy","","","Hobart","","","7011","7011","","","TAS","","Australia","AU","AUS","036","897 Brooker Hwy|Hobart TAS 7011","","897 Brooker Hwy","","","","","","","","897 Brooker Hwy","Hobart TAS 7011","","","","","","","","","","897 Brooker Hwy","","","",""
"Millennium Hotel Queenstown","32 Frankton Road","9300","Queenstown","Otago","New Zealand","U00-I44-P2-100","E","","","","","","","32","Frankton Road","","","Queenstown","","","9300","9300","","","Otago","","New Zealand","NZ","NZL","554","32 Frankton Road|Queenstown 9300","","32 Frankton Road","","","","","","","","32 Frankton Road","Queenstown 9300","","","","","","","","","","32 Frankton Road","","","",""
"ASURE Queenstown Gateway Apartments","1066 Frankton Road","","Queenstown","Otago","New Zealand","U00-I44-P0-100","E","","","","","","","1066","Frankton Road","","","Queenstown","","","","","","","Otago","","New Zealand","NZ","NZL","554","1066 Frankton Road|Queenstown","","1066 Frankton Road","","","","","","","","1066 Frankton Road","Queenstown","","","","","","","","","","1066 Frankton Road","","","",""
"","Distinction Queenstown"," Nugget Point Boutique Hotel & Spa"""","","146 Arthurs Point Road"," Arthurs Point""",9371,Queenstown,Otago,New Zealand","U00-U00-P0-000","","","","","","","","","","","","","","","","","","","","","","","","","","","","","","","","","","","","","","","","","","","","","","","","","",""
"Millbrook","","Malaghans Road","","","9371,Queenstown,Otago,New Zealand","U00-U00-P0-000","","","","","","","","","","","","","","","","","","","","","","","","","","","","","","","","","","","","","","","","","","","","","","","","","",""
"Wanaka Hotel","71 Ardmore Street","9305","Wanaka","Otago","New Zealand","U00-I44-P2-100","E","","","","","","","71","Ardmore Street","","","Wanaka","","","9305","9305","","","Otago","","New Zealand","NZ","NZL","554","71 Ardmore Street|Wanaka 9305","","71 Ardmore Street","","","","","","","","71 Ardmore Street","Wanaka 9305","","","","","","","","","","71 Ardmore Street","","","",""
"Econo Lodge Alcala","704 George Street","9016","Dunedin","Otago","New Zealand","U00-I44-P2-100","E","","","","","","","704","George Street","","","Dunedin","","","9016","9016","","","Otago","","New Zealand","NZ","NZL","554","704 George Street|Dunedin 9016","","704 George Street","","","","","","","","704 George Street","Dunedin 9016","","","","","","","","","","704 George Street","","","",""
"Kingsgate","115 Thames Street","9400","Oamaru","Otago","New Zealand","U00-I44-P2-100","E","","","","","","","115","Thames Street","","","Oamaru","","","9400","9400","","","Otago","","New Zealand","NZ","NZL","554","115 Thames Street|Oamaru 9400","","115 Thames Street","","","","","","","","115 Thames Street","Oamaru 9400","","","","","","","","","","115 Thames Street","","","",""
"Sherwood Manor","Frankton Road","9300","Queenstown","Otago","New Zealand","U00-I33-P2-100","E","","","","","","","","Frankton Road","","","Queenstown","","","9300","9300","","","Otago","","New Zealand","NZ","NZL","554","Frankton Road|Queenstown 9300","","Frankton Road","","","","","","","","Frankton Road","Queenstown 9300","","","","","","","","","","Frankton Road","","","",""
"The Spire Hotel","3-5 Church Lane","9197","Queenstown","Otago","New Zealand","U00-I44-P2-100","E","","","","","","","3-5","Church Lane","","","Queenstown","","","9197","9197","","","Otago","","New Zealand","NZ","NZL","554","3-5 Church Lane|Queenstown 9197","","3-5 Church Lane","","","","","","","","3-5 Church Lane","Queenstown 9197","","","","","","","","","","3-5 Church Lane","","","",""
"Scenic Suites Queenstown","27 Stanley Street","9348","Queenstown","Otago","New Zealand","U00-I44-P2-100","E","","","","","","","27","Stanley Street","","","Queenstown","","","9348","9348","","","Otago","","New Zealand","NZ","NZL","554","27 Stanley Street|Queenstown 9348","","27 Stanley Street","","","","","","","","27 Stanley Street","Queenstown 9348","","","","","","","","","","27 Stanley Street","","","",""
"Ashburton","","11-35"," Racecourse Rd"," Canterbury"""","7700,Ashburton,Canterbury,New Zealand","U00-U00-P0-000","","","","","","","","","","","","","","","","","","","","","","","","","","","","","","","","","","","","","","","","","","","","","","","","","",""
"ASURE Bush Inn Court Motel","45 Main South Road","","Christchurch","Canterbury","New Zealand","U00-I44-P0-100","E","","","","","","","45","Main South Road","","","Christchurch","","","","","","","Canterbury","","New Zealand","NZ","NZL","554","45 Main South Road|Christchurch","","45 Main South Road","","","","","","","","45 Main South Road","Christchurch","","","","","","","","","","45 Main South Road","","","",""
"BreakFree on Cashel","","165 Cashel Street"," South Island"""","8011","Christchurch,Canterbury,New Zealand","U00-U00-P0-000","","","","","","","","","","","","","","","","","","","","","","","","","","","","","","","","","","","","","","","","","","","","","","","","","",""
"Base Christchurch","","56 Cathedral Square"," Canterbury"""","8011","Christchurch,Canterbury,New Zealand","U00-U00-P0-000","","","","","","","","","","","","","","","","","","","","","","","","","","","","","","","","","","","","","","","","","","","","","","","","","",""
"Novotel Christchurch Cathedral Square","","52 Cathedral Square","","","8011,Christchurch,Canterbury,New Zealand","U00-U00-P0-000","","","","","","","","","","","","","","","","","","","","","","","","","","","","","","","","","","","","","","","","","","","","","","","","","",""
"Hilton Queenstown Resort and Spa","","Kawarau Village"," 79 Peninsula Road"""","9300","Queenstown,Otago,New Zealand","U00-U00-P0-000","","","","","","","","","","","","","","","","","","","","","","","","","","","","","","","","","","","","","","","","","","","","","","","","","",""
"Aspen","139 Fernhill Road","9197","Queenstown","Otago","New Zealand","U00-I44-P2-100","E","","","","","","","139","Fernhill Road","","","Queenstown","","","9197","9197","","","Otago","","New Zealand","NZ","NZL","554","139 Fernhill Road|Queenstown 9197","","139 Fernhill Road","","","","","","","","139 Fernhill Road","Queenstown 9197","","","","","","","","","","139 Fernhill Road","","","",""
"Coronet Peak","161 Arthurs Point Road","9371","Queenstown","Otago","New Zealand","U00-I44-P2-100","E","","","","","","","161","Arthurs Point Road","","","Queenstown","","","9371","9371","","","Otago","","New Zealand","NZ","NZL","554","161 Arthurs Point Road|Queenstown 9371","","161 Arthurs Point Road","","","","","","","","161 Arthurs Point Road","Queenstown 9371","","","","","","","","","","161 Arthurs Point Road","","","",""
"Blanket Bay","","PO Box 35"," Glenorchy"""","9350","Queenstown,Otago,New Zealand","U00-U00-P0-000","","","","","","","","","","","","","","","","","","","","","","","","","","","","","","","","","","","","","","","","","","","","","","","","","",""
"River Run","86 Halliday Road.","9382","Wanaka","Otago","New Zealand","U00-I44-P2-100","E","","","","","","","86","Halliday Road","","","Wanaka","","","9382","9382","","","Otago","","New Zealand","NZ","NZL","554","86 Halliday Road|Wanaka 9382","","86 Halliday Road","","","","","","","","86 Halliday Road","Wanaka 9382","","","","","","","","","","86 Halliday Road","","","",""
"Argyle on the Park","145 Deans Avenue","8004","Christchurch","Canterbury","New Zealand","U00-I44-P2-100","E","","","","","","","145","Deans Avenue","","","Christchurch","","","8004","8004","","","Canterbury","","New Zealand","NZ","NZL","554","145 Deans Avenue|Christchurch 8004","","145 Deans Avenue","","","","","","","","145 Deans Avenue","Christchurch 8004","","","","","","","","","","145 Deans Avenue","","","",""
"CentrePoint Colombo","859 Colombo St","","Christchurch","Canterbury","New Zealand","U00-I44-P0-100","E","","","","","","","859","Colombo Street","","","Christchurch","","","","","","","Canterbury","","New Zealand","NZ","NZL","554","859 Colombo Street|Christchurch","","859 Colombo Street","","","","","","","","859 Colombo Street","Christchurch","","","","","","","","","","859 Colombo Street","","","",""
"Bealeys","263 Bealey Avenue","8013","Christchurch","Canterbury","New Zealand","U00-I44-P2-100","E","","","","","","","263","Bealey Avenue","","","Christchurch","","","8013","8013","","","Canterbury","","New Zealand","NZ","NZL","554","263 Bealey Avenue|Christchurch 8013","","263 Bealey Avenue","","","","","","","","263 Bealey Avenue","Christchurch 8013","","","","","","","","","","263 Bealey Avenue","","","",""
"Country Comfort Belmont Motor Inn","172 Bealey Ave","","Christchurch","Canterbury","New Zealand","U00-I44-P0-100","E","","","","","","","172","Bealey Avenue","","","Christchurch","","","","","","","Canterbury","","New Zealand","NZ","NZL","554","172 Bealey Avenue|Christchurch","","172 Bealey Avenue","","","","","","","","172 Bealey Avenue","Christchurch","","","","","","","","","","172 Bealey Avenue","","","",""
