"code","value","description","parent","reference data set","related terms","is_multi_mapped_to_c57cb90f-2126-3800-9c9f-9eab82021cdf"
"NZL","New Zealand","New Zealand",,"534561ac-1080-3714-b7aa-5a5809ff1f00",,
"NLD","Netherlands","Netherlands","EU",,,
"EU","European Union","European Union",,,,
"JPN","Japan","Japan",,,,"OSA,TOK"
"ITA","Italy","Italy","EU",,,
"HKG","Hong Kong","Hong Kong",,,,
"RUS","Russian Federation","Russian Federation",,,,
"TUR","Turkey","Turkey",,,,
"USA","United States of America","United States of America",,,,"DAL,WAS"
"ARG","Argentina","Argentina",,,,
"PRT","Portugal","Portugal","EU",,,
"FRA","France","France","EU",,,
"MEX","Mexico","Mexico",,,,
"BRA","Brazil","Brazil",,,,"SAO"
"DEU","Germany","Germany","EU",,,"FRA"
"AUS","Australia","Australia",,,,"SYD"
"CAN","Canada","Canada",,,,"TOR"
"BEL","Belgium","Belgium","EU",,,
"PRK","Korea (Democratic People's Republic of)","Korea (Democratic People's Republic of)",,,,
"CHN","China","China",,,,
"GBR","United Kingdom of Great Britain and Northern Ireland","United Kingdom of Great Britain and Northern Ireland",,,,"LON"
"CHL","Chile","Chile",,,,
