Name,Artifact Type,Category,Artifact ID,Description,Tags,Classifications,Stewards,Related Terms,Business Start,Business End,Part Of Terms,Type Of Terms,Abbreviations,Data Classes,Synonyms,Secondary Categories
Locality,glossary_term,,c05c2d42-af39-4455-9b92-a1e7bf1f7730,,,,,,2022-06-02 15:16:07,,,,,e8d6a387-9581-4385-ac05-38c11a98de96,,78b88f91-63e9-4af0-8770-568853f535f5
"",,,,,,,,,,,,,,8b8be0ad-69b1-4c04-8cba-5f4645669e30,,
"",,,,,,,,,,,,,,436884c8-01e5-40fe-bf12-799230c622f1,,
"",,,,,,,,,,,,,,948aa48d-ff3d-48c9-9275-1821761f83d4,,
Credit Card Number,glossary_term,78b88f91-63e9-4af0-8770-568853f535f5,21697799-4171-4cd2-a260-3ffadc5d6f25,"A credit card number is usually 15-16 digits long, but it could be as many as 19 digits or as few as 13 in some cases. Each of these individual credit card numbers has meaning. And understanding the significance of each makes it easier to spot fraud. The first number, known as the Major Industry identifier (MII), the first digit of a credit card number tells you what type of company a card is affiliated with. This could be an airline, a banking institution or a retailer, for example. It also helps indicate which major card network the card belongs to: American Express, Visa, Mastercard, Discover etc. Numbers 2-6, together with the first digit, represent the Issuer Identification Number (IIN), also called the Bank Identification Number (BIN). This clarifies which credit card company a card comes from. Numbers 7-18, the seventh and all subsequent digits in a credit card number, identify the individual account. The last digit serves as a final check for payment processors. It’s part of an algorithm to verify that a card number is genuine.",,48a9e072-58e2-451c-b76f-cc59dc23ffe0,,,2022-05-28 19:52:48,,,,,37df53dc-f09d-46be-a645-bde8e9f0fa27,,
"",,,,,,e4d7ddfa-e91c-44d3-849f-261d4567211c,,,,,,,,956ec22c-a1d8-4aad-b400-8aa8b022f0c0,,
"",,,,,,,,,,,,,,c3d1c30a-a428-44e7-99c4-021dffc28116,,
"",,,,,,,,,,,,,,4648dfa8-756a-447e-9945-8a7e1577105e,,
"",,,,,,,,,,,,,,b673a68c-7e98-403e-a3d5-a6951b6d7f94,,
"",,,,,,,,,,,,,,fff89c11-33f1-4c10-aa8b-c0460a33562c,,
Last Name,glossary_term,78b88f91-63e9-4af0-8770-568853f535f5,3924b15e-3ca5-4e65-92f3-a5f2d5225d2f,The last or family name of a person,,48a9e072-58e2-451c-b76f-cc59dc23ffe0,,,2022-05-28 19:52:48,,,,,36e8985c-5dac-4c0f-bd85-79d41cce37be,,
Date of Death,glossary_term,78b88f91-63e9-4af0-8770-568853f535f5,fc10e334-ea06-4b6b-b76a-012ab4d18ea8,The calendar date on which a person died.,,e4d7ddfa-e91c-44d3-849f-261d4567211c,,,2022-05-28 19:52:48,,,,,,,
"",,,,,,8f7ee2a7-1e11-483f-aacf-a3b3c4ecba6a,,,,,,,,,,
Gender,glossary_term,78b88f91-63e9-4af0-8770-568853f535f5,1edc6c35-477e-407a-a743-eb4ca124bc4f,The designation of a person as Female or Male.,,8f7ee2a7-1e11-483f-aacf-a3b3c4ecba6a,,,2022-05-28 19:52:48,,,,,0cc4204b-e8c9-4f78-80a5-c509e93a9d9f,,
Middle Name,glossary_term,78b88f91-63e9-4af0-8770-568853f535f5,61a6fa12-bb9c-45c9-9b49-3f0bf658512b,Any additional middle names of a person.,,48a9e072-58e2-451c-b76f-cc59dc23ffe0,,,2022-05-28 19:52:48,,,,,f4c3d00a-51e1-4abb-8b31-30eb10debb7f,,
Date of Birth,glossary_term,78b88f91-63e9-4af0-8770-568853f535f5,8df93a3d-172d-4b39-9368-05a33a097eff,The calendar date on which a person was born.,,48a9e072-58e2-451c-b76f-cc59dc23ffe0,,,2022-05-28 19:52:48,,,,DOB,5fbcef81-0d68-48dc-ac12-9c70081d25f8,,
"",,,,,,e4d7ddfa-e91c-44d3-849f-261d4567211c,,,,,,,,,,
"",,,,,,8f7ee2a7-1e11-483f-aacf-a3b3c4ecba6a,,,,,,,,,,
Customer,glossary_term,78b88f91-63e9-4af0-8770-568853f535f5,8f96b5b3-febb-4d5c-92c5-bab2eb4b39ba,A customer is a Person or Organization that buys products or receives services,CCPA,,,,2022-05-28 19:52:48,,,,,71feac4a-06a2-44fc-a495-1d40fb23c42f,,
Age,glossary_term,78b88f91-63e9-4af0-8770-568853f535f5,e0cb0a43-1a0b-43f7-b464-97178a13db58,The current age of a person based on the difference between the current calendar date and the date of birth.,,8f7ee2a7-1e11-483f-aacf-a3b3c4ecba6a,,,2022-05-28 19:52:48,,,,,,,
Maiden Name,glossary_term,78b88f91-63e9-4af0-8770-568853f535f5,fc3c0ba2-f4bd-4d47-bb41-a1f587fb4aaa,The last or family name of a person prior to marriage.,,,,,2022-05-28 19:52:48,,,,,,,
E-mail Address,glossary_term,78b88f91-63e9-4af0-8770-568853f535f5,1cd37bd4-091e-45fc-9c71-6df91da98808,"Identifies an Electronic Address which can be used to send and receive correspondence over a computer network; for example, jsmith@sampleinc.com",,48a9e072-58e2-451c-b76f-cc59dc23ffe0,,,2022-05-28 19:52:48,,,,,a855a579-a1c3-45b4-ac4b-b16b5334fac7,,
Patient Name,glossary_term,78b88f91-63e9-4af0-8770-568853f535f5,91fc8f1f-6266-49e0-ba89-c37558764c15,,,48a9e072-58e2-451c-b76f-cc59dc23ffe0,,,2022-05-28 19:52:48,,,,,,,
Social Security Number,glossary_term,78b88f91-63e9-4af0-8770-568853f535f5,feb50b0d-e421-4429-9737-e517f319b80b,Social Security Number is a 9 digit unique identifier used within the United States to identify a legally registered person.,,48a9e072-58e2-451c-b76f-cc59dc23ffe0,,,2022-05-28 19:52:48,,,,SSN,96ca71d4-b241-4ad4-a015-8ae5178f34d9,,
"",,,,,,e4d7ddfa-e91c-44d3-849f-261d4567211c,,,,,,,,,,
"",,,,,,8f7ee2a7-1e11-483f-aacf-a3b3c4ecba6a,,,,,,,,,,
First Name,glossary_term,78b88f91-63e9-4af0-8770-568853f535f5,4353c0a2-1232-407e-b24a-9a177bed7e02,The first or given name of a person.,,48a9e072-58e2-451c-b76f-cc59dc23ffe0,,,2022-05-28 19:52:48,,,,,c37eb0fc-fb15-436e-9c5a-e0c8350ba904,,
Sex,glossary_term,78b88f91-63e9-4af0-8770-568853f535f5,888e2604-5f8b-409b-9a23-a4ac8bf67bbd,The designation of a person as Female or Male.,,8f7ee2a7-1e11-483f-aacf-a3b3c4ecba6a,,,2022-05-28 19:52:48,,,,,0cc4204b-e8c9-4f78-80a5-c509e93a9d9f,,
Name,glossary_term,78b88f91-63e9-4af0-8770-568853f535f5,e1903ef5-d7d7-44b6-9a30-02b973bc082f,The complete name of a person.,,48a9e072-58e2-451c-b76f-cc59dc23ffe0,,,2022-05-28 19:52:48,,,,,6569ac4c-13fd-44f0-bedb-253c4ca78a09,,
Phone Number,glossary_term,78b88f91-63e9-4af0-8770-568853f535f5,4f4b5ad0-ea02-4299-9ee1-50b491145a95,"Identifies an Telephonic Address which can be used to communicate across a telephonic network, including Voice-over-Internet-Protocol",,48a9e072-58e2-451c-b76f-cc59dc23ffe0,,,2022-05-28 19:52:48,,,,,b0c61a85-b08e-406a-8516-93100bf007f5,,
Retention,glossary_term,67bf5cd7-aaf9-4c25-a4f2-bb4b125bef7c,a0dd2f23-87e9-43e0-9cdb-68876c31acb7,,,,,,2022-05-28 19:52:48,,,,,,,
Student,glossary_term,67bf5cd7-aaf9-4c25-a4f2-bb4b125bef7c,fc501053-f1da-4674-8536-5cd5c7f109d1,Data pertaining to a current or former student.,,,,,2022-05-28 19:52:48,,,,,,,
