{"metadata":{"asset_id":"dccaa028-621e-4610-b008-13022fb9016b","asset_attributes":["data_asset","column_info","discovered_asset"],"name":"CustomerAddress","asset_type":"data_asset","created_at":"2023-06-26T07:18:38Z","origin_country":"us","owner_id":"1000331009","project_id":"69db16b4-6ba3-40b4-a248-8ccc0de205eb","size":0,"tags":["SalesLT"],"usage":{"last_update_time":1687763918950,"last_updated_at":"2023-06-26T07:18:38Z"}},"entity":{"data_asset":{"mime_type":"application/x-ibm-rel-table","dataset":true,"columns":[{"name":"CustomerID","type":{"length":10,"nullable":false,"type":"integer","scale":0,"signed":true}},{"name":"AddressID","type":{"length":10,"nullable":false,"type":"integer","scale":0,"signed":true}},{"name":"AddressType","type":{"length":50,"nullable":false,"type":"varchar","scale":0,"signed":false}},{"name":"rowguid","type":{"length":36,"nullable":false,"type":"char","scale":0,"signed":false}},{"name":"ModifiedDate","type":{"length":23,"nullable":false,"type":"timestamp","scale":3,"signed":false}}],"properties":[{"name":"schema_name","value":"SalesLT"},{"name":"table_name","value":"CustomerAddress"}]},"column_info":{"CustomerID":{},"AddressType":{},"ModifiedDate":{},"AddressID":{},"rowguid":{}},"discovered_asset":{"properties":{},"connection_id":"d973d64a-0304-4afc-83bf-f9e75c1a4646","connection_path":"/SalesLT/CustomerAddress","discovery_id":"bacdb385-e5a4-4f6a-99c5-c26a0c0a9833","extended_metadata":[{"name":"num_columns","value":5},{"name":"parent_tables","value":["SalesLT.Address","SalesLT.Customer"]},{"name":"num_children","value":0},{"name":"table_schema","value":"SalesLT"},{"name":"foreign_keys","value":[]},{"name":"primary_key","value":{"name":"PK_CustomerAddress_CustomerID_AddressID","key_columns":["AddressID","CustomerID"],"schema_name":"SalesLT","table_name":"CustomerAddress"}},{"name":"num_parents","value":2},{"name":"child_tables","value":[]},{"name":"table_type","value":"TABLE"}],"metadata_import_id":"c8f62352-7aa2-4cc4-9499-1e216cc05ac6","first_imported_timestamp":1687763918858,"last_imported_timestamp":1687763918858,"outdated_timestamp":0,"last_discovered_timestamp":1687763918858,"outdated_reason":""}},"attachments":[{"id":"95a25f7a-a050-4bef-a6fc-fde58c1566cb","version":2,"asset_type":"data_asset","name":"reference_data","connection_id":"d973d64a-0304-4afc-83bf-f9e75c1a4646","connection_path":"/SalesLT/CustomerAddress","datasource_type":"e375c0ae-cba9-47fc-baf7-523bef88c09e","creator_id":"icp4d-dev","create_time":1687763918710,"size":0,"is_remote":true,"is_managed":false,"is_referenced":false,"is_object_key_read_only":false,"is_user_provided_path_key":true,"transfer_complete":true,"is_partitioned":false,"complete_time_ticks":1687763918710,"user_data":{},"test_doc":0,"usage":{"access_count":0,"last_accessor_id":"icp4d-dev","last_access_time":1687763918710}}]}