{"metadata":{"asset_id":"ec5574d5-8062-47bb-85e6-e1ae22840d21","asset_attributes":["data_asset","column_info","discovered_asset"],"name":"ProductDescription","asset_type":"data_asset","created_at":"2023-06-26T07:18:38Z","origin_country":"us","owner_id":"1000331009","project_id":"69db16b4-6ba3-40b4-a248-8ccc0de205eb","size":0,"tags":["SalesLT"],"usage":{"last_update_time":1687763919042,"last_updated_at":"2023-06-26T07:18:39Z"}},"entity":{"data_asset":{"mime_type":"application/x-ibm-rel-table","dataset":true,"columns":[{"name":"ProductDescriptionID","type":{"length":10,"nullable":false,"type":"integer","scale":0,"signed":true}},{"name":"Description","type":{"length":400,"nullable":false,"type":"varchar","scale":0,"signed":false}},{"name":"rowguid","type":{"length":36,"nullable":false,"type":"char","scale":0,"signed":false}},{"name":"ModifiedDate","type":{"length":23,"nullable":false,"type":"timestamp","scale":3,"signed":false}}],"properties":[{"name":"schema_name","value":"SalesLT"},{"name":"table_name","value":"ProductDescription"}]},"column_info":{"Description":{},"ModifiedDate":{},"ProductDescriptionID":{},"rowguid":{}},"discovered_asset":{"properties":{},"connection_id":"d973d64a-0304-4afc-83bf-f9e75c1a4646","connection_path":"/SalesLT/ProductDescription","discovery_id":"bacdb385-e5a4-4f6a-99c5-c26a0c0a9833","extended_metadata":[{"name":"num_columns","value":4},{"name":"parent_tables","value":[]},{"name":"num_children","value":1},{"name":"table_schema","value":"SalesLT"},{"name":"foreign_keys","value":[{"join_condition":"SalesLT.ProductDescription.ProductDescriptionID = SalesLT.ProductModelProductDescription.ProductDescriptionID","name":"FK_ProductModelProductDescription_ProductDescription_ProductDescriptionID","key_columns":["ProductDescriptionID"],"schema_name":"SalesLT","table_name":"ProductModelProductDescription"}]},{"name":"primary_key","value":{"name":"PK_ProductDescription_ProductDescriptionID","key_columns":["ProductDescriptionID"],"schema_name":"SalesLT","table_name":"ProductDescription"}},{"name":"num_parents","value":0},{"name":"child_tables","value":["SalesLT.ProductModelProductDescription"]},{"name":"table_type","value":"TABLE"}],"metadata_import_id":"c8f62352-7aa2-4cc4-9499-1e216cc05ac6","first_imported_timestamp":1687763918957,"last_imported_timestamp":1687763918957,"outdated_timestamp":0,"last_discovered_timestamp":1687763918957,"outdated_reason":""}},"attachments":[{"id":"2af8c45c-8c2a-4c15-9cf9-a99cf464a07d","version":2,"asset_type":"data_asset","name":"reference_data","connection_id":"d973d64a-0304-4afc-83bf-f9e75c1a4646","connection_path":"/SalesLT/ProductDescription","datasource_type":"e375c0ae-cba9-47fc-baf7-523bef88c09e","creator_id":"icp4d-dev","create_time":1687763918781,"size":0,"is_remote":true,"is_managed":false,"is_referenced":false,"is_object_key_read_only":false,"is_user_provided_path_key":true,"transfer_complete":true,"is_partitioned":false,"complete_time_ticks":1687763918781,"user_data":{},"test_doc":0,"usage":{"access_count":0,"last_accessor_id":"icp4d-dev","last_access_time":1687763918781}}]}