{"metadata":{"asset_id":"6c863a1c-9ea1-44df-a760-bcc24068d150","asset_attributes":["data_asset","column_info","discovered_asset"],"name":"SalesOrderHeader","asset_type":"data_asset","created_at":"2023-06-26T07:18:38Z","origin_country":"us","owner_id":"1000331009","project_id":"69db16b4-6ba3-40b4-a248-8ccc0de205eb","size":0,"tags":["SalesLT"],"usage":{"last_update_time":1687763919033,"last_updated_at":"2023-06-26T07:18:39Z"}},"entity":{"data_asset":{"mime_type":"application/x-ibm-rel-table","dataset":true,"columns":[{"name":"SalesOrderID","type":{"length":10,"nullable":false,"type":"integer","scale":0,"signed":true}},{"name":"RevisionNumber","type":{"length":3,"nullable":false,"type":"tinyint","scale":0,"signed":false}},{"name":"OrderDate","type":{"length":23,"nullable":false,"type":"timestamp","scale":3,"signed":false}},{"name":"DueDate","type":{"length":23,"nullable":false,"type":"timestamp","scale":3,"signed":false}},{"name":"ShipDate","type":{"length":23,"nullable":true,"type":"timestamp","scale":3,"signed":false}},{"name":"Status","type":{"length":3,"nullable":false,"type":"tinyint","scale":0,"signed":false}},{"name":"OnlineOrderFlag","type":{"length":1,"nullable":false,"type":"bit","scale":0,"signed":false}},{"name":"SalesOrderNumber","type":{"length":25,"nullable":false,"type":"varchar","scale":0,"signed":false}},{"name":"PurchaseOrderNumber","type":{"length":25,"nullable":true,"type":"varchar","scale":0,"signed":false}},{"name":"AccountNumber","type":{"length":15,"nullable":true,"type":"varchar","scale":0,"signed":false}},{"name":"CustomerID","type":{"length":10,"nullable":false,"type":"integer","scale":0,"signed":true}},{"name":"ShipToAddressID","type":{"length":10,"nullable":true,"type":"integer","scale":0,"signed":true}},{"name":"BillToAddressID","type":{"length":10,"nullable":true,"type":"integer","scale":0,"signed":true}},{"name":"ShipMethod","type":{"length":50,"nullable":false,"type":"varchar","scale":0,"signed":false}},{"name":"CreditCardApprovalCode","type":{"length":15,"nullable":true,"type":"varchar","scale":0,"signed":false}},{"name":"SubTotal","type":{"length":19,"nullable":false,"type":"decimal","scale":4,"signed":true}},{"name":"TaxAmt","type":{"length":19,"nullable":false,"type":"decimal","scale":4,"signed":true}},{"name":"Freight","type":{"length":19,"nullable":false,"type":"decimal","scale":4,"signed":true}},{"name":"TotalDue","type":{"length":19,"nullable":false,"type":"decimal","scale":4,"signed":true}},{"name":"Comment","type":{"length":1073741823,"nullable":true,"type":"longvarchar","scale":0,"signed":false}},{"name":"rowguid","type":{"length":36,"nullable":false,"type":"char","scale":0,"signed":false}},{"name":"ModifiedDate","type":{"length":23,"nullable":false,"type":"timestamp","scale":3,"signed":false}}],"properties":[{"name":"schema_name","value":"SalesLT"},{"name":"table_name","value":"SalesOrderHeader"}]},"column_info":{"Status":{},"ShipMethod":{},"TotalDue":{},"Comment":{},"PurchaseOrderNumber":{},"CreditCardApprovalCode":{},"ShipDate":{},"CustomerID":{},"RevisionNumber":{},"ModifiedDate":{},"SubTotal":{},"rowguid":{},"OrderDate":{},"AccountNumber":{},"SalesOrderNumber":{},"ShipToAddressID":{},"SalesOrderID":{},"TaxAmt":{},"BillToAddressID":{},"DueDate":{},"OnlineOrderFlag":{},"Freight":{}},"discovered_asset":{"properties":{},"connection_id":"d973d64a-0304-4afc-83bf-f9e75c1a4646","connection_path":"/SalesLT/SalesOrderHeader","discovery_id":"bacdb385-e5a4-4f6a-99c5-c26a0c0a9833","extended_metadata":[{"name":"num_columns","value":22},{"name":"parent_tables","value":["SalesLT.Address","SalesLT.Customer"]},{"name":"num_children","value":1},{"name":"table_schema","value":"SalesLT"},{"name":"foreign_keys","value":[{"join_condition":"SalesLT.SalesOrderHeader.SalesOrderID = SalesLT.SalesOrderDetail.SalesOrderID","name":"FK_SalesOrderDetail_SalesOrderHeader_SalesOrderID","key_columns":["SalesOrderID"],"schema_name":"SalesLT","table_name":"SalesOrderDetail"}]},{"name":"primary_key","value":{"name":"PK_SalesOrderHeader_SalesOrderID","key_columns":["SalesOrderID"],"schema_name":"SalesLT","table_name":"SalesOrderHeader"}},{"name":"num_parents","value":2},{"name":"child_tables","value":["SalesLT.SalesOrderDetail"]},{"name":"table_type","value":"TABLE"}],"metadata_import_id":"c8f62352-7aa2-4cc4-9499-1e216cc05ac6","first_imported_timestamp":1687763918880,"last_imported_timestamp":1687763918880,"outdated_timestamp":0,"last_discovered_timestamp":1687763918880,"outdated_reason":""}},"attachments":[{"id":"8dbff1e2-a686-4842-8654-d04c43def8b7","version":2,"asset_type":"data_asset","name":"reference_data","connection_id":"d973d64a-0304-4afc-83bf-f9e75c1a4646","connection_path":"/SalesLT/SalesOrderHeader","datasource_type":"e375c0ae-cba9-47fc-baf7-523bef88c09e","creator_id":"icp4d-dev","create_time":1687763918781,"size":0,"is_remote":true,"is_managed":false,"is_referenced":false,"is_object_key_read_only":false,"is_user_provided_path_key":true,"transfer_complete":true,"is_partitioned":false,"complete_time_ticks":1687763918781,"user_data":{},"test_doc":0,"usage":{"access_count":0,"last_accessor_id":"icp4d-dev","last_access_time":1687763918781}}]}