{"metadata":{"asset_id":"c276bfec-98c2-4f3f-a22d-480406072cd2","asset_attributes":["data_asset","column_info","discovered_asset"],"name":"vGetAllCategories","asset_type":"data_asset","created_at":"2023-06-26T07:18:38Z","origin_country":"us","owner_id":"1000331009","project_id":"69db16b4-6ba3-40b4-a248-8ccc0de205eb","size":0,"tags":["SalesLT"],"usage":{"last_update_time":1687763918950,"last_updated_at":"2023-06-26T07:18:38Z"}},"entity":{"data_asset":{"mime_type":"application/x-ibm-rel-table","dataset":true,"columns":[{"name":"ParentProductCategoryName","type":{"length":50,"nullable":false,"type":"varchar","scale":0,"signed":false}},{"name":"ProductCategoryName","type":{"length":50,"nullable":true,"type":"varchar","scale":0,"signed":false}},{"name":"ProductCategoryID","type":{"length":10,"nullable":true,"type":"integer","scale":0,"signed":true}}],"properties":[{"name":"schema_name","value":"SalesLT"},{"name":"table_name","value":"vGetAllCategories"}]},"column_info":{"ParentProductCategoryName":{},"ProductCategoryID":{},"ProductCategoryName":{}},"discovered_asset":{"properties":{},"connection_id":"d973d64a-0304-4afc-83bf-f9e75c1a4646","connection_path":"/SalesLT/vGetAllCategories","discovery_id":"bacdb385-e5a4-4f6a-99c5-c26a0c0a9833","extended_metadata":[{"name":"num_columns","value":3},{"name":"parent_tables","value":[]},{"name":"num_children","value":0},{"name":"table_schema","value":"SalesLT"},{"name":"foreign_keys","value":[]},{"name":"primary_key","value":{"key_columns":[]}},{"name":"num_parents","value":0},{"name":"child_tables","value":[]},{"name":"table_type","value":"VIEW"}],"metadata_import_id":"c8f62352-7aa2-4cc4-9499-1e216cc05ac6","first_imported_timestamp":1687763918855,"last_imported_timestamp":1687763918855,"outdated_timestamp":0,"last_discovered_timestamp":1687763918855,"outdated_reason":""}},"attachments":[{"id":"b5edfd70-c834-4560-8a91-aae9181ecc4b","version":2,"asset_type":"data_asset","name":"reference_data","connection_id":"d973d64a-0304-4afc-83bf-f9e75c1a4646","connection_path":"/SalesLT/vGetAllCategories","datasource_type":"e375c0ae-cba9-47fc-baf7-523bef88c09e","creator_id":"icp4d-dev","create_time":1687763918723,"size":0,"is_remote":true,"is_managed":false,"is_referenced":false,"is_object_key_read_only":false,"is_user_provided_path_key":true,"transfer_complete":true,"is_partitioned":false,"complete_time_ticks":1687763918723,"user_data":{},"test_doc":0,"usage":{"access_count":0,"last_accessor_id":"icp4d-dev","last_access_time":1687763918723}}]}