{"metadata":{"asset_id":"83c4f40f-75df-4855-b609-d95de052c4e3","asset_attributes":["data_asset","column_info","discovered_asset"],"name":"vProductModelCatalogDescription","asset_type":"data_asset","created_at":"2023-06-26T07:18:38Z","origin_country":"us","owner_id":"1000331009","project_id":"69db16b4-6ba3-40b4-a248-8ccc0de205eb","size":0,"tags":["SalesLT"],"usage":{"last_update_time":1687763919110,"last_updated_at":"2023-06-26T07:18:39Z"}},"entity":{"data_asset":{"mime_type":"application/x-ibm-rel-table","dataset":true,"columns":[{"name":"ProductModelID","type":{"length":10,"nullable":false,"type":"integer","scale":0,"signed":true}},{"name":"Name","type":{"length":50,"nullable":false,"type":"varchar","scale":0,"signed":false}},{"name":"Summary","type":{"length":1073741823,"nullable":true,"type":"longvarchar","scale":0,"signed":false}},{"name":"Manufacturer","type":{"length":1073741823,"nullable":true,"type":"longvarchar","scale":0,"signed":false}},{"name":"Copyright","type":{"length":30,"nullable":true,"type":"varchar","scale":0,"signed":false}},{"name":"ProductURL","type":{"length":256,"nullable":true,"type":"varchar","scale":0,"signed":false}},{"name":"WarrantyPeriod","type":{"length":256,"nullable":true,"type":"varchar","scale":0,"signed":false}},{"name":"WarrantyDescription","type":{"length":256,"nullable":true,"type":"varchar","scale":0,"signed":false}},{"name":"NoOfYears","type":{"length":256,"nullable":true,"type":"varchar","scale":0,"signed":false}},{"name":"MaintenanceDescription","type":{"length":256,"nullable":true,"type":"varchar","scale":0,"signed":false}},{"name":"Wheel","type":{"length":256,"nullable":true,"type":"varchar","scale":0,"signed":false}},{"name":"Saddle","type":{"length":256,"nullable":true,"type":"varchar","scale":0,"signed":false}},{"name":"Pedal","type":{"length":256,"nullable":true,"type":"varchar","scale":0,"signed":false}},{"name":"BikeFrame","type":{"length":1073741823,"nullable":true,"type":"longvarchar","scale":0,"signed":false}},{"name":"Crankset","type":{"length":256,"nullable":true,"type":"varchar","scale":0,"signed":false}},{"name":"PictureAngle","type":{"length":256,"nullable":true,"type":"varchar","scale":0,"signed":false}},{"name":"PictureSize","type":{"length":256,"nullable":true,"type":"varchar","scale":0,"signed":false}},{"name":"ProductPhotoID","type":{"length":256,"nullable":true,"type":"varchar","scale":0,"signed":false}},{"name":"Material","type":{"length":256,"nullable":true,"type":"varchar","scale":0,"signed":false}},{"name":"Color","type":{"length":256,"nullable":true,"type":"varchar","scale":0,"signed":false}},{"name":"ProductLine","type":{"length":256,"nullable":true,"type":"varchar","scale":0,"signed":false}},{"name":"Style","type":{"length":256,"nullable":true,"type":"varchar","scale":0,"signed":false}},{"name":"RiderExperience","type":{"length":1024,"nullable":true,"type":"varchar","scale":0,"signed":false}},{"name":"rowguid","type":{"length":36,"nullable":false,"type":"char","scale":0,"signed":false}},{"name":"ModifiedDate","type":{"length":23,"nullable":false,"type":"timestamp","scale":3,"signed":false}}],"properties":[{"name":"schema_name","value":"SalesLT"},{"name":"table_name","value":"vProductModelCatalogDescription"}]},"column_info":{"Wheel":{},"Pedal":{},"ModifiedDate":{},"rowguid":{},"Name":{},"Saddle":{},"BikeFrame":{},"Copyright":{},"Manufacturer":{},"Style":{},"ProductModelID":{},"ProductLine":{},"PictureAngle":{},"Color":{},"Crankset":{},"Material":{},"WarrantyPeriod":{},"MaintenanceDescription":{},"WarrantyDescription":{},"ProductURL":{},"ProductPhotoID":{},"RiderExperience":{},"PictureSize":{},"NoOfYears":{},"Summary":{}},"discovered_asset":{"properties":{},"connection_id":"d973d64a-0304-4afc-83bf-f9e75c1a4646","connection_path":"/SalesLT/vProductModelCatalogDescription","discovery_id":"bacdb385-e5a4-4f6a-99c5-c26a0c0a9833","extended_metadata":[{"name":"num_columns","value":25},{"name":"parent_tables","value":[]},{"name":"num_children","value":0},{"name":"table_schema","value":"SalesLT"},{"name":"foreign_keys","value":[]},{"name":"primary_key","value":{"key_columns":[]}},{"name":"num_parents","value":0},{"name":"child_tables","value":[]},{"name":"table_type","value":"VIEW"}],"metadata_import_id":"c8f62352-7aa2-4cc4-9499-1e216cc05ac6","first_imported_timestamp":1687763919014,"last_imported_timestamp":1687763919014,"outdated_timestamp":0,"last_discovered_timestamp":1687763919014,"outdated_reason":""}},"attachments":[{"id":"219ec346-d735-452e-9eeb-21259f4933f4","version":2,"asset_type":"data_asset","name":"reference_data","connection_id":"d973d64a-0304-4afc-83bf-f9e75c1a4646","connection_path":"/SalesLT/vProductModelCatalogDescription","datasource_type":"e375c0ae-cba9-47fc-baf7-523bef88c09e","creator_id":"icp4d-dev","create_time":1687763918824,"size":0,"is_remote":true,"is_managed":false,"is_referenced":false,"is_object_key_read_only":false,"is_user_provided_path_key":true,"transfer_complete":true,"is_partitioned":false,"complete_time_ticks":1687763918824,"user_data":{},"test_doc":0,"usage":{"access_count":0,"last_accessor_id":"icp4d-dev","last_access_time":1687763918824}}]}