{"metadata":{"asset_id":"990df5c1-e144-4517-9469-203de126306e","asset_attributes":["data_asset","column_info","discovered_asset"],"name":"ProductModel","asset_type":"data_asset","created_at":"2023-06-26T07:18:38Z","origin_country":"us","owner_id":"1000331009","project_id":"69db16b4-6ba3-40b4-a248-8ccc0de205eb","size":0,"tags":["SalesLT"],"usage":{"last_update_time":1687763919122,"last_updated_at":"2023-06-26T07:18:39Z"}},"entity":{"data_asset":{"mime_type":"application/x-ibm-rel-table","dataset":true,"columns":[{"name":"ProductModelID","type":{"length":10,"nullable":false,"type":"integer","scale":0,"signed":true}},{"name":"Name","type":{"length":50,"nullable":false,"type":"varchar","scale":0,"signed":false}},{"name":"CatalogDescription","type":{"length":1073741823,"nullable":true,"type":"longvarchar","scale":0,"signed":false}},{"name":"rowguid","type":{"length":36,"nullable":false,"type":"char","scale":0,"signed":false}},{"name":"ModifiedDate","type":{"length":23,"nullable":false,"type":"timestamp","scale":3,"signed":false}}],"properties":[{"name":"schema_name","value":"SalesLT"},{"name":"table_name","value":"ProductModel"}]},"column_info":{"CatalogDescription":{},"ProductModelID":{},"ModifiedDate":{},"rowguid":{},"Name":{}},"discovered_asset":{"properties":{},"connection_id":"d973d64a-0304-4afc-83bf-f9e75c1a4646","connection_path":"/SalesLT/ProductModel","discovery_id":"bacdb385-e5a4-4f6a-99c5-c26a0c0a9833","extended_metadata":[{"name":"num_columns","value":5},{"name":"parent_tables","value":[]},{"name":"num_children","value":2},{"name":"table_schema","value":"SalesLT"},{"name":"foreign_keys","value":[{"join_condition":"SalesLT.ProductModel.ProductModelID = SalesLT.ProductModelProductDescription.ProductModelID","name":"FK_ProductModelProductDescription_ProductModel_ProductModelID","key_columns":["ProductModelID"],"schema_name":"SalesLT","table_name":"ProductModelProductDescription"},{"join_condition":"SalesLT.ProductModel.ProductModelID = SalesLT.Product.ProductModelID","name":"FK_Product_ProductModel_ProductModelID","key_columns":["ProductModelID"],"schema_name":"SalesLT","table_name":"Product"}]},{"name":"primary_key","value":{"name":"PK_ProductModel_ProductModelID","key_columns":["ProductModelID"],"schema_name":"SalesLT","table_name":"ProductModel"}},{"name":"num_parents","value":0},{"name":"child_tables","value":["SalesLT.Product","SalesLT.ProductModelProductDescription"]},{"name":"table_type","value":"TABLE"}],"metadata_import_id":"c8f62352-7aa2-4cc4-9499-1e216cc05ac6","first_imported_timestamp":1687763919022,"last_imported_timestamp":1687763919022,"outdated_timestamp":0,"last_discovered_timestamp":1687763919022,"outdated_reason":""}},"attachments":[{"id":"924e5e13-e868-44ba-a78a-5666626719f7","version":2,"asset_type":"data_asset","name":"reference_data","connection_id":"d973d64a-0304-4afc-83bf-f9e75c1a4646","connection_path":"/SalesLT/ProductModel","datasource_type":"e375c0ae-cba9-47fc-baf7-523bef88c09e","creator_id":"icp4d-dev","create_time":1687763918828,"size":0,"is_remote":true,"is_managed":false,"is_referenced":false,"is_object_key_read_only":false,"is_user_provided_path_key":true,"transfer_complete":true,"is_partitioned":false,"complete_time_ticks":1687763918828,"user_data":{},"test_doc":0,"usage":{"access_count":0,"last_accessor_id":"icp4d-dev","last_access_time":1687763918828}}]}