{"metadata":{"asset_id":"0577c54c-d0b8-4624-be62-90d7588d0485","asset_attributes":["data_asset"],"name":"DimDate","asset_type":"data_asset","created_at":"2023-07-03T09:21:11Z","origin_country":"none","owner_id":"1000331009","project_id":"69db16b4-6ba3-40b4-a248-8ccc0de205eb","size":0,"tags":["connected-data"],"usage":{"last_update_time":1688376072431,"last_updated_at":"2023-07-03T09:21:12Z"}},"entity":{"data_asset":{"dataset":true,"mime_type":"application/x-ibm-rel-table","columns":[{"name":"DateKey","type":{"type":"integer","length":10,"scale":0,"nullable":false,"signed":true,"native_type":"int"}},{"name":"FullDateAlternateKey","type":{"type":"date","length":10,"scale":0,"nullable":false,"signed":false,"native_type":"date"}},{"name":"DayNumberOfWeek","type":{"type":"tinyint","length":3,"scale":0,"nullable":false,"signed":false,"native_type":"tinyint"}},{"name":"EnglishDayNameOfWeek","type":{"type":"nvarchar","length":10,"scale":0,"nullable":false,"signed":false,"native_type":"nvarchar"}},{"name":"SpanishDayNameOfWeek","type":{"type":"nvarchar","length":10,"scale":0,"nullable":false,"signed":false,"native_type":"nvarchar"}},{"name":"FrenchDayNameOfWeek","type":{"type":"nvarchar","length":10,"scale":0,"nullable":false,"signed":false,"native_type":"nvarchar"}},{"name":"DayNumberOfMonth","type":{"type":"tinyint","length":3,"scale":0,"nullable":false,"signed":false,"native_type":"tinyint"}},{"name":"DayNumberOfYear","type":{"type":"smallint","length":5,"scale":0,"nullable":false,"signed":true,"native_type":"smallint"}},{"name":"WeekNumberOfYear","type":{"type":"tinyint","length":3,"scale":0,"nullable":false,"signed":false,"native_type":"tinyint"}},{"name":"EnglishMonthName","type":{"type":"nvarchar","length":10,"scale":0,"nullable":false,"signed":false,"native_type":"nvarchar"}},{"name":"SpanishMonthName","type":{"type":"nvarchar","length":10,"scale":0,"nullable":false,"signed":false,"native_type":"nvarchar"}},{"name":"FrenchMonthName","type":{"type":"nvarchar","length":10,"scale":0,"nullable":false,"signed":false,"native_type":"nvarchar"}},{"name":"MonthNumberOfYear","type":{"type":"tinyint","length":3,"scale":0,"nullable":false,"signed":false,"native_type":"tinyint"}},{"name":"CalendarQuarter","type":{"type":"tinyint","length":3,"scale":0,"nullable":false,"signed":false,"native_type":"tinyint"}},{"name":"CalendarYear","type":{"type":"smallint","length":5,"scale":0,"nullable":false,"signed":true,"native_type":"smallint"}},{"name":"CalendarSemester","type":{"type":"tinyint","length":3,"scale":0,"nullable":false,"signed":false,"native_type":"tinyint"}},{"name":"FiscalQuarter","type":{"type":"tinyint","length":3,"scale":0,"nullable":false,"signed":false,"native_type":"tinyint"}},{"name":"FiscalYear","type":{"type":"smallint","length":5,"scale":0,"nullable":false,"signed":true,"native_type":"smallint"}},{"name":"FiscalSemester","type":{"type":"tinyint","length":3,"scale":0,"nullable":false,"signed":false,"native_type":"tinyint"}}]}},"attachments":[{"id":"847a174b-3214-4697-a6ca-1674d20611d5","version":2,"asset_type":"data_asset","name":"DimDate","description":"remote","mime":"application/x-ibm-rel-table","connection_id":"e632a8ef-3071-4433-880c-b78de3c51d2b","connection_path":"/dbo/DimDate","datasource_type":"48695e79-6279-474a-b539-342625d3dfc2","creator_id":"1000331009","create_time":1688376072429,"size":0,"is_remote":true,"is_managed":false,"is_referenced":false,"is_object_key_read_only":false,"is_user_provided_path_key":true,"transfer_complete":true,"is_partitioned":false,"complete_time_ticks":1688376072429,"user_data":{},"test_doc":0,"usage":{"access_count":0,"last_accessor_id":"1000331009","last_access_time":1688376072429}}]}