{"metadata":{"asset_id":"590b0238-bd4d-49f7-aa33-a8356ebb876b","asset_attributes":["data_asset","column_info","discovered_asset"],"name":"Address","asset_type":"data_asset","created_at":"2023-06-26T07:18:39Z","origin_country":"us","owner_id":"1000331009","project_id":"69db16b4-6ba3-40b4-a248-8ccc0de205eb","size":0,"tags":["SalesLT"],"usage":{"last_update_time":1687763919511,"last_updated_at":"2023-06-26T07:18:39Z"}},"entity":{"data_asset":{"mime_type":"application/x-ibm-rel-table","dataset":true,"columns":[{"name":"AddressID","type":{"length":10,"nullable":false,"type":"integer","scale":0,"signed":true}},{"name":"AddressLine1","type":{"length":60,"nullable":false,"type":"varchar","scale":0,"signed":false}},{"name":"AddressLine2","type":{"length":60,"nullable":true,"type":"varchar","scale":0,"signed":false}},{"name":"City","type":{"length":30,"nullable":false,"type":"varchar","scale":0,"signed":false}},{"name":"StateProvince","type":{"length":50,"nullable":false,"type":"varchar","scale":0,"signed":false}},{"name":"CountryRegion","type":{"length":50,"nullable":false,"type":"varchar","scale":0,"signed":false}},{"name":"PostalCode","type":{"length":15,"nullable":false,"type":"varchar","scale":0,"signed":false}},{"name":"rowguid","type":{"length":36,"nullable":false,"type":"char","scale":0,"signed":false}},{"name":"ModifiedDate","type":{"length":23,"nullable":false,"type":"timestamp","scale":3,"signed":false}}],"properties":[{"name":"schema_name","value":"SalesLT"},{"name":"table_name","value":"Address"}]},"column_info":{"AddressLine2":{},"AddressLine1":{},"StateProvince":{},"CountryRegion":{},"PostalCode":{},"City":{},"ModifiedDate":{},"AddressID":{},"rowguid":{}},"discovered_asset":{"properties":{},"connection_id":"d973d64a-0304-4afc-83bf-f9e75c1a4646","connection_path":"/SalesLT/Address","discovery_id":"bacdb385-e5a4-4f6a-99c5-c26a0c0a9833","extended_metadata":[{"name":"num_columns","value":9},{"name":"parent_tables","value":[]},{"name":"num_children","value":3},{"name":"table_schema","value":"SalesLT"},{"name":"foreign_keys","value":[{"join_condition":"SalesLT.Address.AddressID = SalesLT.CustomerAddress.AddressID","name":"FK_CustomerAddress_Address_AddressID","key_columns":["AddressID"],"schema_name":"SalesLT","table_name":"CustomerAddress"},{"join_condition":"SalesLT.Address.AddressID = SalesLT.SalesOrderHeader.BillToAddressID","name":"FK_SalesOrderHeader_Address_BillTo_AddressID","key_columns":["BillToAddressID"],"schema_name":"SalesLT","table_name":"SalesOrderHeader"},{"join_condition":"SalesLT.Address.AddressID = SalesLT.SalesOrderHeader.ShipToAddressID","name":"FK_SalesOrderHeader_Address_ShipTo_AddressID","key_columns":["ShipToAddressID"],"schema_name":"SalesLT","table_name":"SalesOrderHeader"}]},{"name":"primary_key","value":{"name":"PK_Address_AddressID","key_columns":["AddressID"],"schema_name":"SalesLT","table_name":"Address"}},{"name":"num_parents","value":0},{"name":"child_tables","value":["SalesLT.CustomerAddress","SalesLT.SalesOrderHeader","SalesLT.SalesOrderHeader"]},{"name":"table_type","value":"TABLE"}],"metadata_import_id":"c8f62352-7aa2-4cc4-9499-1e216cc05ac6","first_imported_timestamp":1687763919439,"last_imported_timestamp":1687763919439,"outdated_timestamp":0,"last_discovered_timestamp":1687763919439,"outdated_reason":""}},"attachments":[{"id":"c4920265-a1e5-4cee-957d-7f004bcd2f70","version":2,"asset_type":"data_asset","name":"reference_data","connection_id":"d973d64a-0304-4afc-83bf-f9e75c1a4646","connection_path":"/SalesLT/Address","datasource_type":"e375c0ae-cba9-47fc-baf7-523bef88c09e","creator_id":"icp4d-dev","create_time":1687763919346,"size":0,"is_remote":true,"is_managed":false,"is_referenced":false,"is_object_key_read_only":false,"is_user_provided_path_key":true,"transfer_complete":true,"is_partitioned":false,"complete_time_ticks":1687763919346,"user_data":{},"test_doc":0,"usage":{"access_count":0,"last_accessor_id":"icp4d-dev","last_access_time":1687763919346}}]}