{"metadata":{"asset_id":"16363a2c-d19c-4cd4-8be0-3dcb0970c845","asset_attributes":["job"],"name":"mantaImport58 job","asset_type":"job","created_at":"2023-07-11T06:15:10Z","description":"","origin_country":"us","owner_id":"1000331009","project_id":"69db16b4-6ba3-40b4-a248-8ccc0de205eb","size":0,"usage":{"last_update_time":1689056110519,"last_updated_at":"2023-07-11T06:15:10Z"}},"entity":{"job":{"asset_ref_type":"metadata_import","configuration":{"env_type":"","env_variables":[]},"last_run_initiator":"deprecated field","last_run_time":"deprecated field","last_run_status":"deprecated field","last_run_status_timestamp":0,"future_scheduled_runs":[],"enable_notifications":true,"project_name":"test_proj","asset_ref":"4947ecd2-ebb4-423a-90b2-9700f1c8c0dc","schedule_id":"","schedule_creator_id":""}}}