{"metadata":{"asset_id":"240a9dc1-e486-42b9-87b3-e42102e59a49","asset_attributes":["job"],"name":"azureVMServer job","asset_type":"job","created_at":"2023-07-03T09:22:47Z","description":"","origin_country":"us","owner_id":"1000331009","project_id":"69db16b4-6ba3-40b4-a248-8ccc0de205eb","size":0,"usage":{"last_update_time":1688376167114,"last_updated_at":"2023-07-03T09:22:47Z"}},"entity":{"job":{"asset_ref_type":"metadata_import","configuration":{"env_type":"","env_variables":[]},"last_run_initiator":"deprecated field","last_run_time":"deprecated field","last_run_status":"deprecated field","last_run_status_timestamp":0,"future_scheduled_runs":[],"enable_notifications":true,"project_name":"test_proj","asset_ref":"80b81971-8436-4a85-990a-42b4f8744b22","schedule_id":"","schedule_creator_id":""}}}