{"metadata":{"asset_id":"c9f6c72c-f053-4f61-98a4-4ca9823e8cf1","asset_attributes":["job"],"name":"mantaAzureTest job","asset_type":"job","created_at":"2023-06-26T07:18:21Z","description":"","origin_country":"us","owner_id":"1000331009","project_id":"69db16b4-6ba3-40b4-a248-8ccc0de205eb","size":0,"usage":{"last_update_time":1687763901278,"last_updated_at":"2023-06-26T07:18:21Z"}},"entity":{"job":{"asset_ref_type":"metadata_import","configuration":{"env_type":"","env_variables":[]},"last_run_initiator":"deprecated field","last_run_time":"deprecated field","last_run_status":"deprecated field","last_run_status_timestamp":0,"future_scheduled_runs":[],"enable_notifications":true,"project_name":"test_proj","asset_ref":"c8f62352-7aa2-4cc4-9499-1e216cc05ac6","schedule_id":"","schedule_creator_id":""}}}