{"metadata":{"asset_id":"fa468622-fc2c-4d7a-a909-7dd2e4f96d34","asset_attributes":["job"],"name":"MDI_LIN_MSQL01 job","asset_type":"job","created_at":"2023-07-13T12:28:39Z","description":"","origin_country":"us","owner_id":"1000330999","project_id":"69db16b4-6ba3-40b4-a248-8ccc0de205eb","size":0,"usage":{"last_update_time":1689251319051,"last_updated_at":"2023-07-13T12:28:39Z"}},"entity":{"job":{"asset_ref_type":"metadata_import","configuration":{"env_type":"","env_variables":[]},"last_run_initiator":"deprecated field","last_run_time":"deprecated field","last_run_status":"deprecated field","last_run_status_timestamp":0,"future_scheduled_runs":[],"enable_notifications":true,"project_name":"test_proj","asset_ref":"ecc9b0c5-9cef-470f-b916-fa81b913736e","schedule_id":"","schedule_creator_id":""}}}