{"metadata":{"asset_id":"4f8b4572-51e7-4891-934c-7a89f57165cf","asset_attributes":["job_run"],"name":"job run","asset_type":"job_run","created_at":"2023-07-14T06:16:13Z","origin_country":"us","owner_id":"1000331009","project_id":"69db16b4-6ba3-40b4-a248-8ccc0de205eb","size":0,"usage":{"last_update_time":1689315707610,"last_updated_at":"2023-07-14T06:21:47Z"}},"entity":{"job_run":{"job_ref":"985177b8-6bf2-45a1-90ff-e4782ff99584","job_name":"test60 job","job_type":"metadata_import","state":"Completed","isScheduledRun":false,"configuration":{"env_type":"","env_variables":[],"discovery":{"metadata":{"id":"6d377931-d15b-44cc-ad77-955faf66d3be","invoked_by":"1000331009","bss_account_id":"999","created_at":1689315679964,"started_at":1689315373145,"discovered_at":1689315687671,"processed_at":1689315687671,"finished_at":1689315703559},"entity":{"statistics":{"discovered":65,"discovered_with_children":65,"submit_succ":65,"create_succ":65,"create_succ_with_children":65,"number_of_new_assets":18,"number_of_updated_assets":29,"number_of_removed_assets":0},"status":"COMPLETED","connection_id":"aaaaaaaa-bbbb-cccc-dddd-eeeeeeeeeeee","catalog_id":"a8f23939-948b-4632-a7b3-835fd368a3de","connection_id_list":["0e6bb9d7-1d00-4a93-baad-535e071c8515"],"target_catalog_id":"a8f23939-948b-4632-a7b3-835fd368a3de","project_id":"69db16b4-6ba3-40b4-a248-8ccc0de205eb","job_id":"985177b8-6bf2-45a1-90ff-e4782ff99584","job_run_id":"4f8b4572-51e7-4891-934c-7a89f57165cf","metadata_import_id":"dd07a96f-7ca1-45b6-99cf-4ab56fe1cf2a","import_type":"lineage","extra_properties":{"workflow_executionid":"35","connection_id_reference_map":"{\"0e6bb9d7-1d00-4a93-baad-535e071c8515\":\"74859c1f-c20b-47a3-ae8d-14eca2f6a3f7\"}"}}}},"project_name":"test_proj","last_state_change_timestamp":"2023-07-14T06:21:47Z","runtime_job_id":"6d377931-d15b-44cc-ad77-955faf66d3be","duration":332}},"attachments":[{"id":"7ff82609-305a-4360-a072-ea3aa2bd7cd3","version":2,"asset_type":"job_run","name":"4f8b4572-51e7-4891-934c-7a89f57165cf","description":"log for job run 4f8b4572-51e7-4891-934c-7a89f57165cf","mime":"application/json","datasource_type":"81bafdbd-b7c6-45c5-a4fd-6ec135f66f4e","object_key":"job_run/log/4f8b4572-51e7-4891-934c-7a89f57165cf","creator_id":"icp4d-dev","create_time":1689315691252,"size":0,"is_remote":false,"is_managed":false,"is_referenced":true,"is_object_key_read_only":false,"is_user_provided_path_key":true,"transfer_complete":true,"is_partitioned":true,"complete_time_ticks":1689315691252,"user_data":{},"test_doc":0,"handle":{"type":"assetfiles","key":"job_run/log/4f8b4572-51e7-4891-934c-7a89f57165cf","upload_id":"done","max_part_num":1},"usage":{"access_count":0,"last_accessor_id":"icp4d-dev","last_access_time":1689315691252}},{"id":"1da11fd0-f1a7-41ef-8b66-1c34f5a1d1d6","version":2,"asset_type":"job_run","name":"4f8b4572-51e7-4891-934c-7a89f57165cf","description":"log for job run 4f8b4572-51e7-4891-934c-7a89f57165cf","mime":"application/json","datasource_type":"81bafdbd-b7c6-45c5-a4fd-6ec135f66f4e","object_key":"job_run/log/4f8b4572-51e7-4891-934c-7a89f57165cf","creator_id":"icp4d-dev","create_time":1689315706820,"size":0,"is_remote":false,"is_managed":false,"is_referenced":true,"is_object_key_read_only":false,"is_user_provided_path_key":true,"transfer_complete":true,"is_partitioned":true,"complete_time_ticks":1689315706820,"user_data":{},"test_doc":0,"handle":{"type":"assetfiles","key":"job_run/log/4f8b4572-51e7-4891-934c-7a89f57165cf","upload_id":"done","max_part_num":1},"usage":{"access_count":0,"last_accessor_id":"icp4d-dev","last_access_time":1689315706820}},{"id":"ebf2af12-dca5-4ff3-823a-1a592a154712","version":2,"asset_type":"job_run","name":"4f8b4572-51e7-4891-934c-7a89f57165cf","description":"log for job run 4f8b4572-51e7-4891-934c-7a89f57165cf","mime":"application/json","datasource_type":"81bafdbd-b7c6-45c5-a4fd-6ec135f66f4e","object_key":"job_run/log/4f8b4572-51e7-4891-934c-7a89f57165cf","creator_id":"icp4d-dev","create_time":1689315707469,"size":0,"is_remote":false,"is_managed":false,"is_referenced":true,"is_object_key_read_only":false,"is_user_provided_path_key":true,"transfer_complete":true,"is_partitioned":true,"complete_time_ticks":1689315707469,"user_data":{},"test_doc":0,"handle":{"type":"assetfiles","key":"job_run/log/4f8b4572-51e7-4891-934c-7a89f57165cf","upload_id":"done","max_part_num":1},"usage":{"access_count":0,"last_accessor_id":"icp4d-dev","last_access_time":1689315707469}}]}