{"metadata":{"asset_id":"5cc853d9-358c-4232-87df-183b2ef7210a","asset_attributes":["job_run"],"name":"job run","asset_type":"job_run","created_at":"2023-07-11T06:15:13Z","origin_country":"us","owner_id":"1000331009","project_id":"69db16b4-6ba3-40b4-a248-8ccc0de205eb","size":0,"usage":{"last_update_time":1689056160834,"last_updated_at":"2023-07-11T06:16:00Z"}},"entity":{"job_run":{"job_ref":"16363a2c-d19c-4cd4-8be0-3dcb0970c845","job_name":"mantaImport58 job","job_type":"metadata_import","state":"Completed","isScheduledRun":false,"configuration":{"env_type":"","env_variables":[],"discovery":{"metadata":{"id":"4706cf64-dc5e-4640-9dd1-7629f70e513a","invoked_by":"1000331009","bss_account_id":"999","created_at":1689056114601,"started_at":1689056115949,"discovered_at":1689056124844,"processed_at":1689056141954,"finished_at":1689056157730},"entity":{"statistics":{"discovered":29,"discovered_with_children":29,"submit_succ":29,"create_succ":29,"create_succ_with_children":29,"number_of_new_assets":29,"number_of_updated_assets":0,"number_of_removed_assets":0},"status":"COMPLETED","connection_id":"74859c1f-c20b-47a3-ae8d-14eca2f6a3f7","catalog_id":"a8f23939-948b-4632-a7b3-835fd368a3de","target_catalog_id":"a8f23939-948b-4632-a7b3-835fd368a3de","project_id":"69db16b4-6ba3-40b4-a248-8ccc0de205eb","job_id":"16363a2c-d19c-4cd4-8be0-3dcb0970c845","job_run_id":"5cc853d9-358c-4232-87df-183b2ef7210a","metadata_import_id":"4947ecd2-ebb4-423a-90b2-9700f1c8c0dc","import_type":"metadata","scope":{"paths":["/Dimension","/Fact","/Integration"]},"extra_properties":{"connection_id_reference_map":"{\"0e6bb9d7-1d00-4a93-baad-535e071c8515\":\"74859c1f-c20b-47a3-ae8d-14eca2f6a3f7\"}"}}}},"project_name":"test_proj","runtime_job_id":"4706cf64-dc5e-4640-9dd1-7629f70e513a","last_state_change_timestamp":"2023-07-11T06:16:00Z","duration":43}},"attachments":[{"id":"3aa7762f-3fdd-44e6-8d41-d399bce92c88","version":2,"asset_type":"job_run","name":"5cc853d9-358c-4232-87df-183b2ef7210a","description":"log for job run 5cc853d9-358c-4232-87df-183b2ef7210a","mime":"application/json","datasource_type":"81bafdbd-b7c6-45c5-a4fd-6ec135f66f4e","object_key":"job_run/log/5cc853d9-358c-4232-87df-183b2ef7210a","creator_id":"icp4d-dev","create_time":1689056134574,"size":0,"is_remote":false,"is_managed":false,"is_referenced":true,"is_object_key_read_only":false,"is_user_provided_path_key":true,"transfer_complete":true,"is_partitioned":true,"complete_time_ticks":1689056134574,"user_data":{},"test_doc":0,"handle":{"type":"assetfiles","key":"job_run/log/5cc853d9-358c-4232-87df-183b2ef7210a","upload_id":"done","max_part_num":1},"usage":{"access_count":0,"last_accessor_id":"icp4d-dev","last_access_time":1689056134574}},{"id":"3ccb784b-c45b-46c9-bd6a-b45646bb4c2c","version":2,"asset_type":"job_run","name":"5cc853d9-358c-4232-87df-183b2ef7210a","description":"log for job run 5cc853d9-358c-4232-87df-183b2ef7210a","mime":"application/json","datasource_type":"81bafdbd-b7c6-45c5-a4fd-6ec135f66f4e","object_key":"job_run/log/5cc853d9-358c-4232-87df-183b2ef7210a","creator_id":"icp4d-dev","create_time":1689056159980,"size":0,"is_remote":false,"is_managed":false,"is_referenced":true,"is_object_key_read_only":false,"is_user_provided_path_key":true,"transfer_complete":true,"is_partitioned":true,"complete_time_ticks":1689056159980,"user_data":{},"test_doc":0,"handle":{"type":"assetfiles","key":"job_run/log/5cc853d9-358c-4232-87df-183b2ef7210a","upload_id":"done","max_part_num":1},"usage":{"access_count":0,"last_accessor_id":"icp4d-dev","last_access_time":1689056159980}},{"id":"e36182e9-da14-43be-b296-cd766b5858ad","version":2,"asset_type":"job_run","name":"5cc853d9-358c-4232-87df-183b2ef7210a","description":"log for job run 5cc853d9-358c-4232-87df-183b2ef7210a","mime":"application/json","datasource_type":"81bafdbd-b7c6-45c5-a4fd-6ec135f66f4e","object_key":"job_run/log/5cc853d9-358c-4232-87df-183b2ef7210a","creator_id":"icp4d-dev","create_time":1689056160706,"size":0,"is_remote":false,"is_managed":false,"is_referenced":true,"is_object_key_read_only":false,"is_user_provided_path_key":true,"transfer_complete":true,"is_partitioned":true,"complete_time_ticks":1689056160706,"user_data":{},"test_doc":0,"handle":{"type":"assetfiles","key":"job_run/log/5cc853d9-358c-4232-87df-183b2ef7210a","upload_id":"done","max_part_num":1},"usage":{"access_count":0,"last_accessor_id":"icp4d-dev","last_access_time":1689056160706}}]}