{"metadata":{"asset_id":"bda1c8aa-537b-4189-bf6b-40660e4c4870","asset_attributes":["job_run"],"name":"job run","asset_type":"job_run","created_at":"2023-07-03T09:22:51Z","origin_country":"us","owner_id":"1000331009","project_id":"69db16b4-6ba3-40b4-a248-8ccc0de205eb","size":0,"usage":{"last_update_time":1688376217044,"last_updated_at":"2023-07-03T09:23:37Z"}},"entity":{"job_run":{"job_ref":"240a9dc1-e486-42b9-87b3-e42102e59a49","job_name":"azureVMServer job","job_type":"metadata_import","state":"Completed","isScheduledRun":false,"configuration":{"env_type":"","env_variables":[],"discovery":{"metadata":{"id":"9ae68502-9a04-452c-a9ee-214228625d7a","invoked_by":"1000331009","bss_account_id":"999","created_at":1688376174588,"started_at":1688376176965,"discovered_at":1688376187514,"processed_at":1688376192670,"finished_at":1688376213555},"entity":{"statistics":{"discovered":36,"discovered_with_children":36,"submit_succ":36,"create_succ":36,"create_succ_with_children":36,"number_of_new_assets":36,"number_of_updated_assets":0,"number_of_removed_assets":0},"status":"COMPLETED","connection_id":"2fd4a9c9-9b65-45cf-946f-c9ac524f52ff","catalog_id":"44602b8f-620d-41f1-aa64-e6511512e394","target_catalog_id":"44602b8f-620d-41f1-aa64-e6511512e394","project_id":"69db16b4-6ba3-40b4-a248-8ccc0de205eb","job_id":"240a9dc1-e486-42b9-87b3-e42102e59a49","job_run_id":"bda1c8aa-537b-4189-bf6b-40660e4c4870","metadata_import_id":"80b81971-8436-4a85-990a-42b4f8744b22","import_type":"metadata","scope":{"paths":["/dbo"]},"extra_properties":{"connection_id_reference_map":"{\"e632a8ef-3071-4433-880c-b78de3c51d2b\":\"2fd4a9c9-9b65-45cf-946f-c9ac524f52ff\"}"}}}},"project_name":"test_proj","runtime_job_id":"9ae68502-9a04-452c-a9ee-214228625d7a","last_state_change_timestamp":"2023-07-03T09:23:36Z","duration":38}},"attachments":[{"id":"528d3a96-6c3e-4001-9961-1872335cdf93","version":2,"asset_type":"job_run","name":"bda1c8aa-537b-4189-bf6b-40660e4c4870","description":"log for job run bda1c8aa-537b-4189-bf6b-40660e4c4870","mime":"application/json","datasource_type":"81bafdbd-b7c6-45c5-a4fd-6ec135f66f4e","object_key":"job_run/log/bda1c8aa-537b-4189-bf6b-40660e4c4870","creator_id":"icp4d-dev","create_time":1688376199927,"size":0,"is_remote":false,"is_managed":false,"is_referenced":true,"is_object_key_read_only":false,"is_user_provided_path_key":true,"transfer_complete":true,"is_partitioned":true,"complete_time_ticks":1688376199927,"user_data":{},"test_doc":0,"handle":{"type":"assetfiles","key":"job_run/log/bda1c8aa-537b-4189-bf6b-40660e4c4870","upload_id":"done","max_part_num":1},"usage":{"access_count":0,"last_accessor_id":"icp4d-dev","last_access_time":1688376199927}},{"id":"aee6bdfe-d2dc-4bc2-bf47-9a3a5c5385ee","version":2,"asset_type":"job_run","name":"bda1c8aa-537b-4189-bf6b-40660e4c4870","description":"log for job run bda1c8aa-537b-4189-bf6b-40660e4c4870","mime":"application/json","datasource_type":"81bafdbd-b7c6-45c5-a4fd-6ec135f66f4e","object_key":"job_run/log/bda1c8aa-537b-4189-bf6b-40660e4c4870","creator_id":"icp4d-dev","create_time":1688376216037,"size":0,"is_remote":false,"is_managed":false,"is_referenced":true,"is_object_key_read_only":false,"is_user_provided_path_key":true,"transfer_complete":true,"is_partitioned":true,"complete_time_ticks":1688376216037,"user_data":{},"test_doc":0,"handle":{"type":"assetfiles","key":"job_run/log/bda1c8aa-537b-4189-bf6b-40660e4c4870","upload_id":"done","max_part_num":1},"usage":{"access_count":0,"last_accessor_id":"icp4d-dev","last_access_time":1688376216037}},{"id":"de82a70d-bd17-4ca5-8cc4-dcfcbb6d7e9b","version":2,"asset_type":"job_run","name":"bda1c8aa-537b-4189-bf6b-40660e4c4870","description":"log for job run bda1c8aa-537b-4189-bf6b-40660e4c4870","mime":"application/json","datasource_type":"81bafdbd-b7c6-45c5-a4fd-6ec135f66f4e","object_key":"job_run/log/bda1c8aa-537b-4189-bf6b-40660e4c4870","creator_id":"icp4d-dev","create_time":1688376216886,"size":0,"is_remote":false,"is_managed":false,"is_referenced":true,"is_object_key_read_only":false,"is_user_provided_path_key":true,"transfer_complete":true,"is_partitioned":true,"complete_time_ticks":1688376216886,"user_data":{},"test_doc":0,"handle":{"type":"assetfiles","key":"job_run/log/bda1c8aa-537b-4189-bf6b-40660e4c4870","upload_id":"done","max_part_num":1},"usage":{"access_count":0,"last_accessor_id":"icp4d-dev","last_access_time":1688376216886}}]}