{"metadata":{"asset_id":"e8641bfe-f411-4773-a1de-ff817f40d143","asset_attributes":["notebook"],"name":"test","asset_type":"notebook","created_at":"2022-11-03T20:53:01Z","description":"","origin_country":"us","owner_id":"1000330999","project_id":"3ab992d2-ea65-429a-b8ea-92a98b4593ea","size":3908,"tags":["notebook"],"usage":{"last_update_time":1667508938520,"last_updated_at":"2022-11-03T20:55:38Z"}},"entity":{"notebook":{"kernel":{"name":"python3","display_name":"Python 3.9","language":"python"},"originates_from":{"type":"blank"},"runtime":{"environment":"jupconda221-3ab992d2-ea65-429a-b8ea-92a98b4593ea"}}},"attachments":[{"id":"4dd9d1d1-3d12-4a22-86f0-65d2f209f923","version":2,"asset_type":"notebook","name":"attachment for notebook e8641bfe-f411-4773-a1de-ff817f40d143","description":"attachment for notebook e8641bfe-f411-4773-a1de-ff817f40d143","mime":"application/json","datasource_type":"81bafdbd-b7c6-45c5-a4fd-6ec135f66f4e","object_key":"notebook/test_gCYArLwe-.ipynb","creator_id":"1000330999","create_time":1667508782136,"size":3908,"is_remote":false,"is_managed":false,"is_referenced":true,"is_object_key_read_only":false,"is_user_provided_path_key":true,"transfer_complete":true,"is_partitioned":false,"complete_time_ticks":1667508782136,"user_data":{},"test_doc":0,"handle":{"key":"notebook/test_gCYArLwe-.ipynb","upload_id":"done","max_part_num":1},"usage":{"access_count":1,"last_accessor_id":"1000330999","last_access_time":1667508938519,"last_updater_id":"1000330999","last_update_time":1667508938519}}]}