[{"metadata":{"asset_id":"da76d72d-da78-4ff1-9edd-a5cc48bc2e38","asset_type":"data_intg_flow","catalog_id":"ce2924b0-75a8-4f8f-afc8-f41c401f8b5d","create_time":"2022-07-11T12:42:27.000Z","creator_id":"1000330999","name":"testJob2a","origin_country":"us","size":3674,"project_id":"81c14761-5d61-478d-a46a-aea30882a1dd","resource_key":"81c14761-5d61-478d-a46a-aea30882a1dd/data_intg_flow/testJob2a","usage":{"last_access_time":"2022-07-11T12:42:31.907Z","last_accessor_id":"icp4d-dev","access_count":0}},"entity":{"data_intg_flow":{"mime_type":"application/json","dataset":false}},"attachments":[{"test_doc":0,"object_key":"data_intg_flow/5c73006a-fd64-4be4-bd94-c45ae5d9010273ae065e-c9be-46d4-878b-0feb5318dc8c","create_time":1657543351339,"complete_time_ticks":1657543351339,"mime":"application/json","usage":{"access_count":0,"last_accessor_id":"icp4d-dev","last_access_time":1657543351339},"is_remote":false,"description":"","handle":{"max_part_num":1,"upload_id":"done","key":"data_intg_flow/5c73006a-fd64-4be4-bd94-c45ae5d9010273ae065e-c9be-46d4-878b-0feb5318dc8c"},"is_user_provided_path_key":true,"user_data":{},"version":2,"size":2983,"is_partitioned":false,"datasource_type":"81bafdbd-b7c6-45c5-a4fd-6ec135f66f4e","transfer_complete":true,"asset_type":"data_intg_flow","name":"data_intg_flows","creator_id":"icp4d-dev","id":"a38a2a01-c8e5-425c-bcf4-57613c477323","is_referenced":true,"is_managed":false,"is_object_key_read_only":false},{"test_doc":0,"object_key":"data_intg_flow/5c73006a-fd64-4be4-bd94-c45ae5d9010273ae065e-c9be-46d4-878b-0feb5318dc8cpx_executables","create_time":1657543351586,"complete_time_ticks":1657543351586,"mime":"application/octet-stream","usage":{"access_count":0,"last_accessor_id":"icp4d-dev","last_access_time":1657543351586},"is_remote":false,"description":"","handle":{"max_part_num":1,"upload_id":"done","key":"data_intg_flow/5c73006a-fd64-4be4-bd94-c45ae5d9010273ae065e-c9be-46d4-878b-0feb5318dc8cpx_executables"},"is_user_provided_path_key":true,"user_data":{},"version":2,"size":691,"is_partitioned":false,"datasource_type":"81bafdbd-b7c6-45c5-a4fd-6ec135f66f4e","transfer_complete":true,"asset_type":"data_intg_flow","name":"px_executables","creator_id":"icp4d-dev","id":"007879d3-4390-4c7e-a47e-decba600dd0a","is_referenced":true,"is_managed":false,"is_object_key_read_only":false}]}]