[{"metadata":{"asset_id":"ca15234e-9a80-4727-854a-02e85227dce8","asset_type":"data_intg_flow","catalog_id":"ce2924b0-75a8-4f8f-afc8-f41c401f8b5d","create_time":"2022-07-11T12:42:22.000Z","creator_id":"1000330999","name":"testJobStatus1a","origin_country":"us","size":3676,"project_id":"81c14761-5d61-478d-a46a-aea30882a1dd","resource_key":"81c14761-5d61-478d-a46a-aea30882a1dd/data_intg_flow/testJobStatus1a","usage":{"last_access_time":"2022-07-11T12:42:25.841Z","last_accessor_id":"icp4d-dev","access_count":0}},"entity":{"data_intg_flow":{"mime_type":"application/json","dataset":false}},"attachments":[{"test_doc":0,"object_key":"data_intg_flow/5c73006a-fd64-4be4-bd94-c45ae5d90102d926427a-f96a-4775-b05e-1851a8aba5a4","create_time":1657543344564,"complete_time_ticks":1657543344564,"mime":"application/json","usage":{"access_count":0,"last_accessor_id":"icp4d-dev","last_access_time":1657543344564},"is_remote":false,"description":"","handle":{"max_part_num":1,"upload_id":"done","key":"data_intg_flow/5c73006a-fd64-4be4-bd94-c45ae5d90102d926427a-f96a-4775-b05e-1851a8aba5a4"},"is_user_provided_path_key":true,"user_data":{},"version":2,"size":2983,"is_partitioned":false,"datasource_type":"81bafdbd-b7c6-45c5-a4fd-6ec135f66f4e","transfer_complete":true,"asset_type":"data_intg_flow","name":"data_intg_flows","creator_id":"icp4d-dev","id":"ae6833b0-a0b1-42d9-8fdc-d9edecc92a9b","is_referenced":true,"is_managed":false,"is_object_key_read_only":false},{"test_doc":0,"object_key":"data_intg_flow/5c73006a-fd64-4be4-bd94-c45ae5d90102d926427a-f96a-4775-b05e-1851a8aba5a4px_executables","create_time":1657543345333,"complete_time_ticks":1657543345333,"mime":"application/octet-stream","usage":{"access_count":0,"last_accessor_id":"icp4d-dev","last_access_time":1657543345333},"is_remote":false,"description":"","handle":{"max_part_num":1,"upload_id":"done","key":"data_intg_flow/5c73006a-fd64-4be4-bd94-c45ae5d90102d926427a-f96a-4775-b05e-1851a8aba5a4px_executables"},"is_user_provided_path_key":true,"user_data":{},"version":2,"size":693,"is_partitioned":false,"datasource_type":"81bafdbd-b7c6-45c5-a4fd-6ec135f66f4e","transfer_complete":true,"asset_type":"data_intg_flow","name":"px_executables","creator_id":"icp4d-dev","id":"395bf5a1-c787-4932-9709-d5c54967bbac","is_referenced":true,"is_managed":false,"is_object_key_read_only":false}]}]