[{"metadata":{"asset_id":"be471e96-f62d-4e61-a61f-bc5a0bf811a8","asset_type":"data_intg_flow","catalog_id":"ce2924b0-75a8-4f8f-afc8-f41c401f8b5d","create_time":"2022-07-11T12:42:23.000Z","creator_id":"1000330999","name":"testJob3a","origin_country":"us","size":3674,"project_id":"81c14761-5d61-478d-a46a-aea30882a1dd","resource_key":"81c14761-5d61-478d-a46a-aea30882a1dd/data_intg_flow/testJob3a","usage":{"last_access_time":"2022-07-11T12:42:25.341Z","last_accessor_id":"icp4d-dev","access_count":0}},"entity":{"data_intg_flow":{"mime_type":"application/json","dataset":false}},"attachments":[{"test_doc":0,"object_key":"data_intg_flow/5c73006a-fd64-4be4-bd94-c45ae5d90102c2cc2bff-545a-4f79-a005-8d4e65d900f7","create_time":1657543344316,"complete_time_ticks":1657543344316,"mime":"application/json","usage":{"access_count":0,"last_accessor_id":"icp4d-dev","last_access_time":1657543344316},"is_remote":false,"description":"","handle":{"max_part_num":1,"upload_id":"done","key":"data_intg_flow/5c73006a-fd64-4be4-bd94-c45ae5d90102c2cc2bff-545a-4f79-a005-8d4e65d900f7"},"is_user_provided_path_key":true,"user_data":{},"version":2,"size":2983,"is_partitioned":false,"datasource_type":"81bafdbd-b7c6-45c5-a4fd-6ec135f66f4e","transfer_complete":true,"asset_type":"data_intg_flow","name":"data_intg_flows","creator_id":"icp4d-dev","id":"ca76343a-81f8-46dc-a38f-0e1c97824992","is_referenced":true,"is_managed":false,"is_object_key_read_only":false},{"test_doc":0,"object_key":"data_intg_flow/5c73006a-fd64-4be4-bd94-c45ae5d90102c2cc2bff-545a-4f79-a005-8d4e65d900f7px_executables","create_time":1657543344818,"complete_time_ticks":1657543344818,"mime":"application/octet-stream","usage":{"access_count":0,"last_accessor_id":"icp4d-dev","last_access_time":1657543344818},"is_remote":false,"description":"","handle":{"max_part_num":1,"upload_id":"done","key":"data_intg_flow/5c73006a-fd64-4be4-bd94-c45ae5d90102c2cc2bff-545a-4f79-a005-8d4e65d900f7px_executables"},"is_user_provided_path_key":true,"user_data":{},"version":2,"size":691,"is_partitioned":false,"datasource_type":"81bafdbd-b7c6-45c5-a4fd-6ec135f66f4e","transfer_complete":true,"asset_type":"data_intg_flow","name":"px_executables","creator_id":"icp4d-dev","id":"bac31ec8-e888-452f-9642-b54b8fce8a08","is_referenced":true,"is_managed":false,"is_object_key_read_only":false}]}]