{"metadata":{"asset_id":"fe1fe855-a1c2-4c16-a13e-29e7753a92d4","asset_attributes":["job"],"name":"JSON Parsing Demo.DataStage job","asset_type":"job","created_at":"2022-07-14T13:11:54Z","origin_country":"us","owner_id":"1000330999","project_id":"81c14761-5d61-478d-a46a-aea30882a1dd","size":0,"usage":{"last_update_time":1657804333901,"last_updated_at":"2022-07-14T13:12:13Z"}},"entity":{"job":{"asset_ref_type":"data_intg_flow","configuration":{"env_variables":[],"flow_limits":{"warn_limit":100},"job_parameters":["bucket=sciamusdemo-donotdelete-pr-15pfgoxgrvwzju","bucketfilepath=DataStage/files/","jsonfile=ContactsParsingExample.json"],"env_id":"6c9e233d-2ae0-4e8b-96b9-5c6036d480b2","env_type":"datastage"},"last_run_initiator":"None","last_run_time":"","last_run_status":"None","last_run_status_timestamp":0,"future_scheduled_runs":[],"enable_notifications":true,"project_name":"Datastage Demo Assets","asset_ref":"fef28c49-a88e-4d91-a57c-d8f2f72dde79","schedule_id":"","schedule_creator_id":"","data_assets_array":["ContactsParsing.csv=="]}}}