"code","value","description","parent","reference data set","SEQ_NO","related terms"
"23","Construction",,,"84a9438b-c478-475d-9b1f-b617dc896ee0",,
"11131","Orange Groves",,,,,
"23821","Electrical Contractors and Other Wiring Installation Contractors",,,,,
"31142","Fruit and Vegetable Canning, Pickling, and Drying",,,,,
"11132","Citrus (except Orange) Groves",,,,,
"115115","Farm Labor Contractors and Crew Leaders ",,,,,
"311930","Flavoring Syrup and Concentrate Manufacturing",,,,,
"2383","Building Finishing Contractors",,,,,
"11","Agriculture, Forestry, Fishing and Hunting",,,,,
"213113","Support Activities for Coal Mining ",,,,,
"115","Support Activities for Agriculture and Forestry",,,,,
"1151","Support Activities for Crop Production",,,,,
"31152","Ice Cream and Frozen Dessert Manufacturing",,,,,
"115112","Soil Preparation, Planting, and Cultivating ",,,,,
"111421","Nursery and Tree Production ",,,,,
"112910","Apiculture",,,,,
"111910","Tobacco Farming",,,,,
"238910","Site Preparation Contractors",,,,,
"311119","Other Animal Food Manufacturing ",,,,,
"11112","Oilseed (except Soybean) Farming",,,,,
"2381","Foundation, Structure, and Building Exterior Contractors",,,,,
"3149","Other Textile Product Mills",,,,,
"238130","Framing Contractors ",,,,,
"3131","Fiber, Yarn, and Thread Mills",,,,,
"311911","Roasted Nuts and Peanut Butter Manufacturing ",,,,,
"212311","Dimension Stone Mining and Quarrying ",,,,,
"11531","Support Activities for Forestry",,,,,
"11232","Broilers and Other Meat Type Chicken Production",,,,,
"238340","Tile and Terrazzo Contractors",,,,,
"212112","Bituminous Coal Underground Mining ",,,,,
"23835","Finish Carpentry Contractors",,,,,
"238110","Poured Concrete Foundation and Structure Contractors ",,,,,
"11299","All Other Animal Production",,,,,
"31331","Textile and Fabric Finishing Mills",,,,,
"22121","Natural Gas Distribution ",,,,,
"312","Beverage and Tobacco Product Manufacturing",,,,,
"1131","Timber Tract Operations",,,,,
"3151","Apparel Knitting Mills",,,,,
"111930","Sugarcane Farming",,,,,
"111130","Dry Pea and Bean Farming ",,,,,
"238120","Structural Steel and Precast Concrete Contractors ",,,,,
"22","Utilities",,,,,
"311612","Meat Processed from Carcasses ",,,,,
"314910","Textile Bag and Canvas Mills ",,,,,
"311314","Cane Sugar Manufacturing ",,,,,
"3112","Grain and Oilseed Milling",,,,,
"311511","Fluid Milk Manufacturing ",,,,,
"1112","Vegetable and Melon Farming",,,,,
"111335","Tree Nut Farming ",,,,,
"111331","Apple Orchards ",,,,,
"11233","Turkey Production",,,,,
"238140","Masonry Contractors ",,,,,
"115113","Crop Harvesting, Primarily by Machine ",,,,,
"311","Food Manufacturing",,,,,
"112410","Sheep Farming",,,,,
"312113","Ice Manufacturing ",,,,,
"23712","Oil and Gas Pipeline and Related Structures Construction",,,,,
"111334","Berry (except Strawberry) Farming ",,,,,
"311821","Cookie and Cracker Manufacturing ",,,,,
"313220","Narrow Fabric Mills and Schiffli Machine Embroidery",,,,,
"221320","Sewage Treatment Facilities ",,,,,
"31322","Narrow Fabric Mills and Schiffli Machine Embroidery",,,,,
"31411","Carpet and Rug Mills",,,,,
"31135","Chocolate and Confectionery Manufacturing",,,,,
"221330","Steam and Air-Conditioning Supply ",,,,,
"23839","Other Building Finishing Contractors",,,,,
"31111","Animal Food Manufacturing",,,,,
"213115","Support Activities for Nonmetallic Minerals (except Fuels) Mining ",,,,,
"221122","Electric Power Distribution ",,,,,
"311830","Tortilla Manufacturing",,,,,
"221111","Hydroelectric Power Generation ",,,,,
"21221","Iron Ore Mining",,,,,
"221116","Geothermal Electric Power Generation ",,,,,
"23713","Power and Communication Line and Related Structures Construction",,,,,
"238350","Finish Carpentry Contractors",,,,,
"112320","Broilers and Other Meat Type Chicken Production ",,,,,
"111333","Strawberry Farming ",,,,,
"213114","Support Activities for Metal Mining ",,,,,
"311615","Poultry Processing ",,,,,
"111940","Hay Farming ",,,,,
"21223","Copper, Nickel, Lead, and Zinc Mining",,,,,
"23711","Water and Sewer Line and Related Structures Construction",,,,,
"11213","Dual-Purpose Cattle Ranching and Farming",,,,,
"311412","Frozen Specialty Food Manufacturing ",,,,,
"23721","Land Subdivision",,,,,
"2212","Natural Gas Distribution ",,,,,
"31193","Flavoring Syrup and Concentrate Manufacturing",,,,,
"221113","Nuclear Electric Power Generation ",,,,,
"311340","Nonchocolate Confectionery Manufacturing",,,,,
"111160","Rice Farming",,,,,
"11119","Other Grain Farming",,,,,
"311812","Commercial Bakeries ",,,,,
"2382","Building Equipment Contractors",,,,,
"311941","Mayonnaise, Dressing, and Other Prepared Sauce Manufacturing ",,,,,
"31-33","Manufacturing",,,,,
"111339","Other Noncitrus Fruit Farming ",,,,,
"21239","Other Nonmetallic Mineral Mining and Quarrying",,,,,
"11141","Food Crops Grown Under Cover",,,,,
"221112","Fossil Fuel Electric Power Generation ",,,,,
"2122","Metal Ore Mining",,,,,
"3113","Sugar and Confectionery Product Manufacturing",,,,,
"238330","Flooring Contractors",,,,,
"3122","Tobacco Manufacturing",,,,,
"311710","Seafood Product Preparation and Packaging",,,,,
"2373","Highway, Street, and Bridge Construction",,,,,
"23815","Glass and Glazing Contractors ",,,,,
"11194","Hay Farming",,,,,
"23621","Industrial Building Construction",,,,,
"1119","Other Crop Farming",,,,,
"212322","Industrial Sand Mining ",,,,,
"311111","Dog and Cat Food Manufacturing ",,,,,
"212113","Anthracite Mining ",,,,,
"31213","Wineries",,,,,
"2362","Nonresidential Building Construction",,,,,
"22133","Steam and Air-Conditioning Supply ",,,,,
"31131","Sugar Manufacturing",,,,,
"23899","All Other Specialty Trade Contractors",,,,,
"236116","New Multifamily Housing Construction (except For-Sale Builders) ",,,,,
"2123","Nonmetallic Mineral Mining and Quarrying",,,,,
"2361","Residential Building Construction",,,,,
"2111","Oil and Gas Extraction",,,,,
"23829","Other Building Equipment Contractors",,,,,
"112930","Fur-Bearing Animal and Rabbit Production",,,,,
"1121","Cattle Ranching and Farming",,,,,
"11116","Rice Farming",,,,,
"111219","Other Vegetable (except Potato) and Melon Farming ",,,,,
"314120","Curtain and Linen Mills",,,,,
"212392","Phosphate Rock Mining ",,,,,
"23891","Site Preparation Contractors",,,,,
"114119","Other Marine Fishing ",,,,,
"11192","Cotton Farming",,,,,
"211","Oil and Gas Extraction",,,,,
"237120","Oil and Gas Pipeline and Related Structures Construction ",,,,,
"22112","Electric Power Transmission, Control, and Distribution ",,,,,
"2389","Other Specialty Trade Contractors",,,,,
"115114","Postharvest Crop Activities (except Cotton Ginning) ",,,,,
"238990","All Other Specialty Trade Contractors",,,,,
"212313","Crushed and Broken Granite Mining and Quarrying ",,,,,
"212210","Iron Ore Mining",,,,,
"23833","Flooring Contractors",,,,,
"31491","Textile Bag and Canvas Mills",,,,,
"212","Mining (except Oil and Gas)",,,,,
"31134","Nonchocolate Confectionery Manufacturing",,,,,
"111199","All Other Grain Farming ",,,,,
"3133","Textile and Fabric Finishing and Fabric Coating Mills",,,,,
"312111","Soft Drink Manufacturing ",,,,,
"3115","Dairy Product Manufacturing",,,,,
"115111","Cotton Ginning ",,,,,
"31211","Soft Drink and Ice Manufacturing",,,,,
"21113","Natural Gas Extraction ",,,,,
"311423","Dried and Dehydrated Food Manufacturing ",,,,,
"311213","Malt Manufacturing ",,,,,
"11241","Sheep Farming",,,,,
"311919","Other Snack Food Manufacturing ",,,,,
"23822","Plumbing, Heating, and Air-Conditioning Contractors",,,,,
"2121","Coal Mining",,,,,
"22132","Sewage Treatment Facilities ",,,,,
"113210","Forest Nurseries and Gathering of Forest Products ",,,,,
"111422","Floriculture Production ",,,,,
"1123","Poultry and Egg Production",,,,,
"221","Utilities ",,,,,
"238220","Plumbing, Heating, and Air-Conditioning Contractors ",,,,,
"31171","Seafood Product Preparation and Packaging",,,,,
"11321","Forest Nurseries and Gathering of Forest Products",,,,,
"213","Support Activities for Mining",,,,,
"3111","Animal Food Manufacturing",,,,,
"11511","Support Activities for Crop Production",,,,,
"23814","Masonry Contractors ",,,,,
"212221","Gold Ore Mining ",,,,,
"23622","Commercial and Institutional Building Construction",,,,,
"1114","Greenhouse, Nursery, and Floriculture Production",,,,,
"113310","Logging ",,,,,
"115210","Support Activities for Animal Production",,,,,
"31121","Flour Milling and Malt Manufacturing",,,,,
"112111","Beef Cattle Ranching and Farming ",,,,,
"111991","Sugar Beet Farming ",,,,,
"311313","Beet Sugar Manufacturing ",,,,,
"113","Forestry and Logging",,,,,
"236220","Commercial and Institutional Building Construction ",,,,,
"11234","Poultry Hatcheries",,,,,
"11239","Other Poultry Production",,,,,
"312120","Breweries",,,,,
"23731","Highway, Street, and Bridge Construction",,,,,
"111332","Grape Vineyards ",,,,,
"111920","Cotton Farming",,,,,
"237210","Land Subdivision ",,,,,
"312140","Distilleries ",,,,,
"112420","Goat Farming",,,,,
"31122","Starch and Vegetable Fats and Oils Manufacturing",,,,,
"23816","Roofing Contractors ",,,,,
"213111","Drilling Oil and Gas Wells",,,,,
"313110","Fiber, Yarn, and Thread Mills ",,,,,
"212230","Copper, Nickel, Lead, and Zinc Mining ",,,,,
"211120","Crude Petroleum Extraction ",,,,,
"1141","Fishing",,,,,
"237990","Other Heavy and Civil Engineering Construction ",,,,,
"23832","Painting and Wall Covering Contractors",,,,,
"111411","Mushroom Production ",,,,,
"1122","Hog and Pig Farming",,,,,
"21232","Sand, Gravel, Clay, and Ceramic and Refractory Minerals Mining and Quarrying",,,,,
"31182","Cookie, Cracker, and Pasta Manufacturing",,,,,
"3117","Seafood Product Preparation and Packaging",,,,,
"221118","Other Electric Power Generation ",,,,,
"31181","Bread and Bakery Product Manufacturing",,,,,
"311225","Fats and Oils Refining and Blending ",,,,,
"11231","Chicken Egg Production",,,,,
"3116","Animal Slaughtering and Processing",,,,,
"31223","Tobacco Manufacturing",,,,,
"1124","Sheep and Goat Farming",,,,,
"23813","Framing Contractors ",,,,,
"11291","Apiculture",,,,,
"11142","Nursery and Floriculture Production",,,,,
"31192","Coffee and Tea Manufacturing",,,,,
"21311","Support Activities for Mining",,,,,
"311421","Fruit and Vegetable Canning ",,,,,
"21211","Coal Mining",,,,,
"212324","Kaolin and Ball Clay Mining ",,,,,
"238150","Glass and Glazing Contractors ",,,,,
"11212","Dairy Cattle and Milk Production",,,,,
"212111","Bituminous Coal and Lignite Surface Mining ",,,,,
"23819","Other Foundation, Structure, and Building Exterior Contractors ",,,,,
"11251","Aquaculture",,,,,
"114210","Hunting and Trapping",,,,,
"212312","Crushed and Broken Limestone Mining and Quarrying ",,,,,
"237310","Highway, Street, and Bridge Construction ",,,,,
"311813","Frozen Cakes, Pies, and Other Pastries Manufacturing ",,,,,
"2371","Utility System Construction",,,,,
"314","Textile Product Mills",,,,,
"114111","Finfish Fishing ",,,,,
"314110","Carpet and Rug Mills",,,,,
"3118","Bakeries and Tortilla Manufacturing",,,,,
"313240","Knit Fabric Mills",,,,,
"221115","Wind Electric Power Generation ",,,,,
"1142","Hunting and Trapping",,,,,
"111211","Potato Farming ",,,,,
"2213","Water, Sewage and Other Systems ",,,,,
"112519","Other Aquaculture ",,,,,
"112210","Hog and Pig Farming ",,,,,
"11293","Fur-Bearing Animal and Rabbit Production",,,,,
"31324","Knit Fabric Mills",,,,,
"313","Textile Mills",,,,,
"3114","Fruit and Vegetable Preserving and Specialty Food Manufacturing",,,,,
"212299","All Other Metal Ore Mining ",,,,,
"11121","Vegetable and Melon Farming",,,,,
"31321","Broadwoven Fabric Mills",,,,,
"237130","Power and Communication Line and Related Structures Construction ",,,,,
"112","Animal Production and Aquaculture",,,,,
"111320","Citrus (except Orange) Groves ",,,,,
"238290","Other Building Equipment Contractors ",,,,,
"236210","Industrial Building Construction ",,,,,
"11193","Sugarcane Farming",,,,,
"114","Fishing, Hunting and Trapping",,,,,
"212393","Other Chemical and Fertilizer Mineral Mining ",,,,,
"112990","All Other Animal Production ",,,,,
"31212","Breweries",,,,,
"313320","Fabric Coating Mills",,,,,
"311991","Perishable Prepared Food Manufacturing ",,,,,
"11521","Support Activities for Animal Production",,,,,
"315","Apparel Manufacturing",,,,,
"311999","All Other Miscellaneous Food Manufacturing ",,,,,
"1113","Fruit and Tree Nut Farming",,,,,
"1111","Oilseed and Grain Farming",,,,,
"21231","Stone Mining and Quarrying",,,,,
"212321","Construction Sand and Gravel Mining ",,,,,
"221117","Biomass Electric Power Generation ",,,,,
"31311","Fiber, Yarn, and Thread Mills",,,,,
"312112","Bottled Water Manufacturing ",,,,,
"211130","Natural Gas Extraction ",,,,,
"23611","Residential Building Construction",,,,,
"112120","Dairy Cattle and Milk Production",,,,,
"1153","Support Activities for Forestry",,,,,
"112511","Finfish Farming and Fish Hatcheries ",,,,,
"237","Heavy and Civil Engineering Construction",,,,,
"112310","Chicken Egg Production ",,,,,
"23817","Siding Contractors ",,,,,
"311221","Wet Corn Milling ",,,,,
"314999","All Other Miscellaneous Textile Product Mills ",,,,,
"238170","Siding Contractors ",,,,,
"236118","Residential Remodelers ",,,,,
"3121","Beverage Manufacturing",,,,,
"311352","Confectionery Manufacturing from Purchased Chocolate ",,,,,
"221114","Solar Electric Power Generation ",,,,,
"2372","Land Subdivision",,,,,
"22111","Electric Power Generation ",,,,,
"31214","Distilleries",,,,,
"312230","Tobacco Manufacturing ",,,,,
"311411","Frozen Fruit, Juice, and Vegetable Manufacturing ",,,,,
"238190","Other Foundation, Structure, and Building Exterior Contractors ",,,,,
"1132","Forest Nurseries and Gathering of Forest Products",,,,,
"3119","Other Food Manufacturing",,,,,
"221310","Water Supply and Irrigation Systems ",,,,,
"111310","Orange Groves",,,,,
"238","Specialty Trade Contractors",,,,,
"112512","Shellfish Farming ",,,,,
"238160","Roofing Contractors ",,,,,
"21112","Crude Petroleum Extraction ",,,,,
"238320","Painting and Wall Covering Contractors",,,,,
"111150","Corn Farming ",,,,,
"311942","Spice and Extract Manufacturing ",,,,,
"111110","Soybean Farming",,,,,
"311422","Specialty Canning ",,,,,
"314994","Rope, Cordage, Twine, Tire Cord, and Tire Fabric Mills ",,,,,
"11331","Logging",,,,,
"212325","Clay and Ceramic and Refractory Minerals Mining ",,,,,
"312130","Wineries ",,,,,
"11191","Tobacco Farming",,,,,
"21229","Other Metal Ore Mining",,,,,
"111992","Peanut Farming ",,,,,
"311613","Rendering and Meat Byproduct Processing ",,,,,
"111419","Other Food Crops Grown Under Cover ",,,,,
"112920","Horses and Other Equine Production",,,,,
"311920","Coffee and Tea Manufacturing ",,,,,
"111336","Fruit and Tree Nut Combination Farming ",,,,,
"311520","Ice Cream and Frozen Dessert Manufacturing",,,,,
"23812","Structural Steel and Precast Concrete Contractors ",,,,,
"311512","Creamery Butter Manufacturing ",,,,,
"311212","Rice Milling ",,,,,
"236115","New Single-Family Housing Construction (except For-Sale Builders) ",,,,,
"236","Construction of Buildings",,,,,
"311230","Breakfast Cereal Manufacturing",,,,,
"212399","All Other Nonmetallic Mineral Mining ",,,,,
"11133","Noncitrus Fruit and Tree Nut Farming",,,,,
"212391","Potash, Soda, and Borate Mineral Mining ",,,,,
"3132","Fabric Mills",,,,,
"311351","Chocolate and Confectionery Manufacturing from Cacao Beans ",,,,,
"1129","Other Animal Production",,,,,
"21","Mining, Quarrying, and Oil and Gas Extraction",,,,,
"2211","Electric Power Generation, Transmission and Distribution",,,,,
"31123","Breakfast Cereal Manufacturing",,,,,
"23834","Tile and Terrazzo Contractors",,,,,
"114112","Shellfish Fishing ",,,,,
"11113","Dry Pea and Bean Farming",,,,,
"11421","Hunting and Trapping",,,,,
"31323","Nonwoven Fabric Mills",,,,,
"11114","Wheat Farming",,,,,
"311611","Animal (except Poultry) Slaughtering ",,,,,
"11115","Corn Farming",,,,,
"115116","Farm Management Services ",,,,,
"212222","Silver Ore Mining ",,,,,
"111","Crop Production",,,,,
"31194","Seasoning and Dressing Manufacturing",,,,,
"31499","All Other Textile Product Mills",,,,,
"112112","Cattle Feedlots ",,,,,
"11221","Hog and Pig Farming",,,,,
"31151","Dairy Product (except Frozen) Manufacturing",,,,,
"31191","Snack Food Manufacturing",,,,,
"311824","Dry Pasta, Dough, and Flour Mixes Manufacturing from Purchased Flour ",,,,,
"236117","New Housing For-Sale Builders ",,,,,
"111191","Oilseed and Grain Combination Farming ",,,,,
"31141","Frozen Food Manufacturing",,,,,
"213112","Support Activities for Oil and Gas Operations ",,,,,
"313230","Nonwoven Fabric Mills",,,,,
"115310","Support Activities for Forestry",,,,,
"112390","Other Poultry Production ",,,,,
"111140","Wheat Farming",,,,,
"31161","Animal Slaughtering and Processing",,,,,
"22131","Water Supply and Irrigation Systems ",,,,,
"23831","Drywall and Insulation Contractors",,,,,
"111998","All Other Miscellaneous Crop Farming ",,,,,
"311211","Flour Milling ",,,,,
"221121","Electric Bulk Power Transmission and Control ",,,,,
"112340","Poultry Hatcheries",,,,,
"23799","Other Heavy and Civil Engineering Construction",,,,,
"11292","Horses and Other Equine Production",,,,,
"238390","Other Building Finishing Contractors",,,,,
"11311","Timber Tract Operations",,,,,
"2379","Other Heavy and Civil Engineering Construction",,,,,
"112330","Turkey Production",,,,,
"311811","Retail Bakeries ",,,,,
"238310","Drywall and Insulation Contractors ",,,,,
"11199","All Other Crop Farming",,,,,
"111120","Oilseed (except Soybean) Farming ",,,,,
"311513","Cheese Manufacturing ",,,,,
"11242","Goat Farming",,,,,
"11211","Beef Cattle Ranching and Farming, including Feedlots",,,,,
"311514","Dry, Condensed, and Evaporated Dairy Product Manufacturing ",,,,,
"31332","Fabric Coating Mills",,,,,
"3141","Textile Furnishings Mills",,,,,
"238210","Electrical Contractors and Other Wiring Installation Contractors",,,,,
"313210","Broadwoven Fabric Mills",,,,,
"113110","Timber Tract Operations",,,,,
"237110","Water and Sewer Line and Related Structures Construction ",,,,,
"221210","Natural Gas Distribution ",,,,,
"31199","All Other Food Manufacturing",,,,,
"31412","Curtain and Linen Mills",,,,,
"21222","Gold Ore and Silver Ore Mining",,,,,
"313310","Textile and Fabric Finishing Mills ",,,,,
"212291","Uranium-Radium-Vanadium Ore Mining ",,,,,
"11411","Fishing",,,,,
"1125","Aquaculture",,,,,
"31183","Tortilla Manufacturing",,,,,
"1152","Support Activities for Animal Production",,,,,
"23811","Poured Concrete Foundation and Structure Contractors ",,,,,
"212319","Other Crushed and Broken Stone Mining and Quarrying ",,,,,
"11111","Soybean Farming",,,,,
"2131","Support Activities for Mining",,,,,
"311224","Soybean and Other Oilseed Processing ",,,,,
"1133","Logging",,,,,
"112130","Dual-Purpose Cattle Ranching and Farming ",,,,,
